ncrna_id,drug_id,disease_id,label,split_role,source_dataset
0,21,22,1,positive,dataset2
0,21,26,2,positive,dataset2
0,73,2,2,positive,dataset1;dataset2
1,58,12,1,positive,dataset1
2,32,24,1,positive,dataset1
3,21,21,2,positive,dataset1
3,39,6,1,positive,dataset1
3,60,15,1,positive,dataset1
4,21,22,2,positive,dataset2
4,21,26,1,positive,dataset2
4,60,22,1,positive,dataset1
4,60,22,2,positive,dataset2
5,21,22,1,positive,dataset1
6,58,12,1,positive,dataset1
7,3,6,1,positive,dataset2
7,21,22,2,positive,dataset2
7,37,6,2,positive,dataset1
7,71,12,1,positive,dataset2
7,86,12,1,positive,dataset2
8,49,2,2,positive,dataset1
8,60,36,1,positive,dataset2
8,73,2,1,positive,dataset1
9,9,6,2,positive,dataset1
9,21,3,2,positive,dataset1
9,21,12,2,positive,dataset2
9,21,26,1,positive,dataset1
9,21,26,2,positive,dataset2
9,31,24,2,positive,dataset1;dataset2
9,41,17,1,positive,dataset2
9,60,2,1,positive,dataset2
9,75,10,2,positive,dataset1;dataset2
9,75,28,1,positive,dataset2
10,3,2,1,positive,dataset1;dataset2
10,3,26,1,positive,dataset2
10,41,17,1,positive,dataset2
10,60,26,1,positive,dataset2
10,75,28,2,positive,dataset2
11,13,5,2,positive,dataset1
11,21,17,1,positive,dataset1
11,21,22,1,positive,dataset2
11,31,15,1,positive,dataset1
11,31,17,1,positive,dataset2
11,39,5,1,positive,dataset2
11,60,5,1,positive,dataset2
11,60,24,1,positive,dataset2
12,21,22,2,positive,dataset2
12,60,22,1,positive,dataset1
12,60,22,2,positive,dataset2
13,3,0,1,positive,dataset2
13,3,12,1,positive,dataset2
13,3,14,1,positive,dataset1
13,4,17,1,positive,dataset2
13,21,12,1,positive,dataset2
13,21,14,1,positive,dataset1
13,21,22,1,positive,dataset2
13,21,31,2,positive,dataset2
13,39,6,1,positive,dataset2
13,39,12,1,positive,dataset2
13,39,14,1,positive,dataset1
13,39,26,2,positive,dataset2
13,57,17,1,positive,dataset2
13,58,6,1,positive,dataset2
13,58,26,2,positive,dataset2
13,60,6,1,positive,dataset2
13,60,31,2,positive,dataset2
13,71,12,1,positive,dataset2
13,75,10,1,positive,dataset2
13,85,12,1,positive,dataset2
14,58,12,1,positive,dataset1
15,32,24,1,positive,dataset1
16,21,22,2,positive,dataset2
16,60,22,1,positive,dataset1
16,60,22,2,positive,dataset2
17,21,22,2,positive,dataset2
17,60,22,1,positive,dataset1
17,60,22,2,positive,dataset2
18,14,20,1,positive,dataset1
19,58,12,1,positive,dataset1
20,3,2,2,positive,dataset2
20,3,21,1,positive,dataset1
20,3,21,2,positive,dataset2
20,3,26,1,positive,dataset2
20,60,36,2,positive,dataset2
20,75,10,1,positive,dataset2
20,75,28,2,positive,dataset2
20,84,26,1,positive,dataset2
20,85,12,1,positive,dataset2
21,3,21,1,positive,dataset1
22,3,2,1,positive,dataset2
22,21,17,1,positive,dataset2
22,21,21,1,positive,dataset2
22,42,1,2,positive,dataset1
22,71,12,2,positive,dataset2
22,75,10,1,positive,dataset2
22,85,12,1,positive,dataset2
23,23,26,1,positive,dataset1
24,2,24,2,positive,dataset1
24,3,2,2,positive,dataset2
24,3,12,2,positive,dataset2
24,3,26,2,positive,dataset2
24,3,37,2,positive,dataset2
24,7,24,2,positive,dataset1
24,21,3,1,positive,dataset1
24,21,10,2,positive,dataset2
24,21,12,2,positive,dataset2
24,21,17,1,positive,dataset1
24,21,17,2,positive,dataset2
24,21,22,2,positive,dataset2
24,21,37,2,positive,dataset2
24,31,24,1,positive,dataset1
24,31,24,2,positive,dataset2
24,36,24,2,positive,dataset1
24,39,23,1,positive,dataset1
24,39,23,2,positive,dataset2
24,41,15,2,positive,dataset1
24,42,23,2,positive,dataset1;dataset2
24,54,24,1,positive,dataset1
24,58,12,1,positive,dataset1
24,60,36,2,positive,dataset2
24,60,37,2,positive,dataset2
24,68,24,2,positive,dataset1
24,71,12,2,positive,dataset2
24,73,2,2,positive,dataset1
24,75,28,2,positive,dataset2
24,76,24,2,positive,dataset1
24,85,12,1,positive,dataset2
25,39,6,1,positive,dataset1;dataset2
25,58,6,1,positive,dataset1;dataset2
26,0,5,1,positive,dataset1
26,3,2,1,positive,dataset1;dataset2
26,3,12,1,positive,dataset1
26,3,13,1,positive,dataset1;dataset2
26,12,19,1,positive,dataset1;dataset2
26,21,2,1,positive,dataset1
26,21,15,1,positive,dataset2
26,21,18,1,positive,dataset2
26,21,22,1,positive,dataset2
26,21,22,2,positive,dataset1
26,21,26,1,positive,dataset1
26,21,43,1,positive,dataset2
26,22,17,2,positive,dataset2
26,31,12,2,positive,dataset2
26,32,24,1,positive,dataset2
26,34,17,1,positive,dataset2
26,34,17,2,positive,dataset2
26,39,6,1,positive,dataset2
26,39,6,2,positive,dataset2
26,39,12,2,positive,dataset2
26,40,2,1,positive,dataset2
26,40,2,2,positive,dataset1
26,41,15,1,positive,dataset2
26,41,17,1,positive,dataset2
26,41,17,2,positive,dataset1;dataset2
26,52,6,1,positive,dataset1
26,58,6,1,positive,dataset1;dataset2
26,58,12,1,positive,dataset2
26,60,2,1,positive,dataset1;dataset2
26,60,2,2,positive,dataset1
26,60,12,2,positive,dataset2
26,60,36,1,positive,dataset2
26,60,37,1,positive,dataset2
26,63,2,1,positive,dataset1
26,71,12,1,positive,dataset2
26,73,2,1,positive,dataset2
26,73,2,2,positive,dataset1
26,75,10,2,positive,dataset1
26,75,28,1,positive,dataset2
26,75,28,2,positive,dataset2
26,84,13,1,positive,dataset1
26,84,19,1,positive,dataset2
26,84,26,1,positive,dataset2
26,90,12,2,positive,dataset2
26,91,44,2,positive,dataset2
26,92,44,2,positive,dataset2
27,21,22,1,positive,dataset2
27,60,22,1,positive,dataset1;dataset2
28,3,30,1,positive,dataset2
28,21,1,1,positive,dataset1
28,57,15,1,positive,dataset2
29,3,0,1,positive,dataset2
29,3,2,1,positive,dataset2
29,3,2,2,positive,dataset1
29,3,26,1,positive,dataset2
29,18,22,1,positive,dataset1
29,21,6,1,positive,dataset2
29,21,12,2,positive,dataset1
29,21,15,1,positive,dataset2
29,21,15,2,positive,dataset1
29,21,16,2,positive,dataset1
29,21,17,1,positive,dataset1;dataset2
29,21,21,1,positive,dataset2
29,21,22,1,positive,dataset1;dataset2
29,21,26,1,positive,dataset2
29,21,26,2,positive,dataset1
29,21,36,2,positive,dataset2
29,22,17,1,positive,dataset2
29,22,17,2,positive,dataset1
29,30,19,1,positive,dataset2
29,39,8,1,positive,dataset2
29,39,26,1,positive,dataset2
29,39,26,2,positive,dataset1;dataset2
29,41,16,1,positive,dataset1
29,41,17,1,positive,dataset2
29,41,17,2,positive,dataset2
29,42,23,1,positive,dataset1;dataset2
29,43,24,2,positive,dataset1
29,47,38,1,positive,dataset2
29,53,26,1,positive,dataset2
29,58,26,2,positive,dataset2
29,60,6,1,positive,dataset2
29,60,12,1,positive,dataset2
29,60,22,1,positive,dataset2
29,60,24,1,positive,dataset2
29,66,3,2,positive,dataset1
29,71,12,1,positive,dataset2
29,72,25,1,positive,dataset2
29,73,2,1,positive,dataset1
29,73,2,2,positive,dataset2
29,75,28,1,positive,dataset2
29,75,28,2,positive,dataset2
29,84,26,1,positive,dataset2
29,94,36,1,positive,dataset2
30,3,8,1,positive,dataset2
30,3,30,1,positive,dataset2
30,21,22,1,positive,dataset2
30,21,23,1,positive,dataset2
30,21,24,1,positive,dataset2
30,21,26,1,positive,dataset2
30,21,30,1,positive,dataset2
30,35,30,1,positive,dataset2
30,53,6,1,positive,dataset2
30,60,15,1,positive,dataset1;dataset2
30,71,12,1,positive,dataset2
30,75,28,2,positive,dataset2
31,3,26,2,positive,dataset1
31,21,26,1,positive,dataset2
31,21,26,2,positive,dataset1
31,39,12,1,positive,dataset1
31,39,26,2,positive,dataset1
31,58,12,1,positive,dataset1;dataset2
31,58,12,2,positive,dataset2
31,60,36,1,positive,dataset2
31,63,12,1,positive,dataset1
32,3,0,1,positive,dataset1;dataset2
32,3,2,1,positive,dataset2
32,65,45,1,positive,dataset2
32,71,12,1,positive,dataset2
33,21,22,2,positive,dataset2
33,60,22,1,positive,dataset1
33,60,22,2,positive,dataset2
33,75,28,1,positive,dataset2
34,21,21,2,positive,dataset1;dataset2
34,21,22,1,positive,dataset2
35,3,0,1,positive,dataset1;dataset2
36,21,5,2,positive,dataset1;dataset2
36,39,8,2,positive,dataset1
36,42,23,2,positive,dataset2
36,52,6,1,positive,dataset2
36,60,36,2,positive,dataset2
37,41,15,1,positive,dataset2
37,41,17,1,positive,dataset1;dataset2
37,75,28,1,positive,dataset2
38,3,0,1,positive,dataset2
38,39,6,1,positive,dataset2
38,58,12,1,positive,dataset1
38,75,28,2,positive,dataset2
39,21,21,2,positive,dataset2
39,21,22,1,positive,dataset2
39,60,6,1,positive,dataset2
39,60,6,2,positive,dataset1
39,75,28,2,positive,dataset2
40,21,31,1,positive,dataset2
40,60,2,1,positive,dataset2
40,60,2,2,positive,dataset1
40,60,3,2,positive,dataset1
40,60,31,1,positive,dataset2
40,75,28,1,positive,dataset2
41,51,19,1,positive,dataset1;dataset2
42,21,22,2,positive,dataset2
42,60,22,1,positive,dataset1
42,60,22,2,positive,dataset2
43,3,2,1,positive,dataset1;dataset2
43,39,2,1,positive,dataset1;dataset2
43,73,2,1,positive,dataset2
44,21,9,1,positive,dataset1
44,39,9,1,positive,dataset1
45,3,2,2,positive,dataset2
45,3,6,1,positive,dataset2
45,15,6,1,positive,dataset2
45,21,17,1,positive,dataset2
45,39,6,1,positive,dataset2
45,52,21,1,positive,dataset1;dataset2
45,58,6,1,positive,dataset2
46,39,26,1,positive,dataset1;dataset2
46,58,26,1,positive,dataset1;dataset2
47,3,2,1,positive,dataset2
47,3,12,1,positive,dataset2
47,3,17,1,positive,dataset1;dataset2
47,3,19,1,positive,dataset2
47,6,0,1,positive,dataset2
47,12,19,1,positive,dataset2
47,21,16,1,positive,dataset1
47,21,17,1,positive,dataset1;dataset2
47,21,17,2,positive,dataset2
47,21,22,1,positive,dataset2
47,21,26,1,positive,dataset1;dataset2
47,21,31,1,positive,dataset2
47,32,24,1,positive,dataset2
47,39,6,1,positive,dataset2
47,39,12,1,positive,dataset2
47,39,14,2,positive,dataset1
47,39,26,1,positive,dataset1;dataset2
47,41,15,1,positive,dataset2
47,41,16,1,positive,dataset1
47,41,17,1,positive,dataset1;dataset2
47,41,17,2,positive,dataset1
47,47,4,2,positive,dataset1
47,53,12,1,positive,dataset2
47,57,17,1,positive,dataset2
47,58,6,1,positive,dataset2
47,58,6,2,positive,dataset1
47,58,26,1,positive,dataset2
47,59,6,1,positive,dataset1
47,60,17,1,positive,dataset1;dataset2
47,60,31,1,positive,dataset2
47,71,12,1,positive,dataset2
47,72,25,1,positive,dataset2
47,73,2,2,positive,dataset2
47,74,2,1,positive,dataset2
47,75,28,1,positive,dataset2
47,84,26,1,positive,dataset2
47,84,26,2,positive,dataset1
47,85,12,1,positive,dataset2
48,3,0,2,positive,dataset2
48,3,2,2,positive,dataset2
48,21,10,1,positive,dataset2
48,21,10,2,positive,dataset1
48,21,15,1,positive,dataset1
48,21,17,2,positive,dataset1;dataset2
48,21,22,1,positive,dataset2
48,21,30,1,positive,dataset2
48,22,17,1,positive,dataset2
48,39,2,2,positive,dataset2
48,42,17,2,positive,dataset2
48,42,23,1,positive,dataset1
48,42,23,2,positive,dataset2
48,47,4,2,positive,dataset1
48,58,6,2,positive,dataset1;dataset2
48,60,2,1,positive,dataset2
48,60,2,2,positive,dataset2
48,60,16,2,positive,dataset1
48,60,36,2,positive,dataset2
48,75,10,2,positive,dataset1
48,75,28,2,positive,dataset2
48,84,0,2,positive,dataset2
48,84,17,2,positive,dataset2
48,90,2,2,positive,dataset2
48,95,17,1,positive,dataset2
49,21,22,1,positive,dataset1
50,41,17,1,positive,dataset1
50,42,23,2,positive,dataset2
51,3,12,1,positive,dataset2
51,3,26,1,positive,dataset2
51,3,26,2,positive,dataset1
51,3,49,1,positive,dataset2
51,12,19,1,positive,dataset2
51,21,2,1,positive,dataset1;dataset2
51,21,16,2,positive,dataset1
51,21,17,2,positive,dataset2
51,21,20,2,positive,dataset1
51,21,21,1,positive,dataset1;dataset2
51,21,22,1,positive,dataset2
51,21,37,1,positive,dataset2
51,30,19,1,positive,dataset2
51,30,19,2,positive,dataset1
51,31,24,1,positive,dataset2
51,39,2,1,positive,dataset2
51,39,2,2,positive,dataset1
51,39,6,1,positive,dataset2
51,39,12,1,positive,dataset2
51,41,17,1,positive,dataset2
51,42,23,1,positive,dataset2
51,47,4,2,positive,dataset1
51,58,26,1,positive,dataset2
51,60,2,1,positive,dataset1;dataset2
51,60,17,1,positive,dataset2
51,60,17,2,positive,dataset1
51,60,22,1,positive,dataset1
51,60,36,1,positive,dataset2
51,60,37,1,positive,dataset2
51,71,12,1,positive,dataset2
51,71,12,2,positive,dataset1
51,73,2,1,positive,dataset2
51,75,28,1,positive,dataset2
51,84,5,1,positive,dataset1
51,84,26,1,positive,dataset2
51,85,12,1,positive,dataset2
51,120,17,1,positive,dataset2
51,148,17,1,positive,dataset2
52,8,12,2,positive,dataset1
53,21,22,1,positive,dataset2
53,58,12,1,positive,dataset1;dataset2
54,21,12,1,positive,dataset1;dataset2
55,21,22,2,positive,dataset2
55,60,22,1,positive,dataset1
55,60,22,2,positive,dataset2
56,3,21,1,positive,dataset2
56,21,21,1,positive,dataset1;dataset2
56,21,22,2,positive,dataset2
56,58,5,1,positive,dataset2
56,60,22,1,positive,dataset1
56,60,22,2,positive,dataset2
56,75,28,1,positive,dataset2
57,21,2,1,positive,dataset2
57,21,22,1,positive,dataset2
57,41,9,1,positive,dataset1
58,12,19,1,positive,dataset2
58,21,26,1,positive,dataset2
58,39,6,1,positive,dataset2
58,41,17,1,positive,dataset2
58,56,24,2,positive,dataset1
58,82,24,2,positive,dataset1
59,3,24,1,positive,dataset1
59,8,24,1,positive,dataset2
59,21,15,1,positive,dataset2
59,58,12,1,positive,dataset2
60,3,2,1,positive,dataset2
60,3,21,1,positive,dataset1
60,18,22,2,positive,dataset1
60,21,3,2,positive,dataset1
60,21,6,1,positive,dataset1;dataset2
60,21,22,1,positive,dataset1;dataset2
60,21,26,1,positive,dataset1;dataset2
60,31,22,2,positive,dataset1
60,39,6,1,positive,dataset1;dataset2
60,39,26,1,positive,dataset1;dataset2
60,39,26,2,positive,dataset2
60,42,21,1,positive,dataset1;dataset2
60,42,23,1,positive,dataset2
60,42,23,2,positive,dataset1
60,58,26,2,positive,dataset2
60,60,3,2,positive,dataset1
60,60,10,1,positive,dataset2
60,60,10,2,positive,dataset1
60,60,26,1,positive,dataset1;dataset2
60,60,36,1,positive,dataset2
60,75,28,2,positive,dataset2
61,21,15,2,positive,dataset2
61,21,22,2,positive,dataset2
61,60,22,1,positive,dataset1
61,60,22,2,positive,dataset2
62,21,22,2,positive,dataset2
62,60,22,1,positive,dataset1
62,60,22,2,positive,dataset2
63,3,0,1,positive,dataset2
63,21,22,2,positive,dataset2
63,21,26,1,positive,dataset1;dataset2
63,39,26,2,positive,dataset2
63,41,15,2,positive,dataset1;dataset2
63,47,4,1,positive,dataset1
63,58,12,1,positive,dataset1
63,58,26,2,positive,dataset2
63,60,22,1,positive,dataset1
63,60,22,2,positive,dataset2
63,75,28,2,positive,dataset2
64,84,5,1,positive,dataset1
65,31,24,1,positive,dataset2
65,31,24,2,positive,dataset1
65,75,28,1,positive,dataset2
66,3,2,1,positive,dataset2
66,3,13,1,positive,dataset2
66,21,17,2,positive,dataset1;dataset2
66,21,22,2,positive,dataset2
66,60,22,1,positive,dataset1
66,60,22,2,positive,dataset2
66,75,28,1,positive,dataset2
66,75,28,2,positive,dataset2
67,21,12,2,positive,dataset1
68,21,17,1,positive,dataset2
68,21,17,2,positive,dataset1
68,21,22,1,positive,dataset2
69,3,0,1,positive,dataset1;dataset2
69,3,21,1,positive,dataset2
69,3,30,1,positive,dataset2
69,6,0,1,positive,dataset2
69,21,2,2,positive,dataset1
69,21,6,1,positive,dataset2
69,21,9,1,positive,dataset1
69,21,17,2,positive,dataset2
69,21,21,1,positive,dataset2
69,21,30,1,positive,dataset2
69,21,37,2,positive,dataset2
69,35,30,1,positive,dataset2
69,39,29,1,positive,dataset2
69,42,29,1,positive,dataset2
69,52,6,1,positive,dataset2
69,52,6,2,positive,dataset1
69,73,2,1,positive,dataset2
69,75,10,2,positive,dataset2
70,21,9,2,positive,dataset1
70,21,36,2,positive,dataset2
70,39,9,2,positive,dataset1
70,60,36,2,positive,dataset2
70,75,28,2,positive,dataset2
71,3,0,1,positive,dataset2
71,3,0,2,positive,dataset1
71,3,26,1,positive,dataset1;dataset2
71,18,34,1,positive,dataset2
71,21,1,1,positive,dataset1
71,21,3,1,positive,dataset1
71,21,15,1,positive,dataset1;dataset2
71,21,17,1,positive,dataset2
71,21,17,2,positive,dataset1
71,21,22,1,positive,dataset2
71,21,26,1,positive,dataset1;dataset2
71,21,34,1,positive,dataset2
71,24,16,1,positive,dataset1
71,31,24,2,positive,dataset1
71,35,34,1,positive,dataset2
71,39,6,1,positive,dataset1;dataset2
71,39,6,2,positive,dataset2
71,39,26,1,positive,dataset1;dataset2
71,39,34,1,positive,dataset2
71,41,17,1,positive,dataset2
71,42,1,1,positive,dataset1
71,42,23,1,positive,dataset2
71,47,4,1,positive,dataset1
71,58,12,1,positive,dataset2
71,60,2,1,positive,dataset2
71,60,6,1,positive,dataset2
71,60,22,1,positive,dataset1;dataset2
71,60,36,1,positive,dataset2
71,68,1,1,positive,dataset1
71,73,2,1,positive,dataset1;dataset2
71,84,34,1,positive,dataset2
72,21,15,1,positive,dataset1
73,3,6,1,positive,dataset1
73,21,15,1,positive,dataset1
73,21,17,2,positive,dataset1
73,21,20,2,positive,dataset1
73,60,22,1,positive,dataset1
73,75,10,2,positive,dataset1
74,21,26,1,positive,dataset1
74,39,26,1,positive,dataset1
75,42,23,1,positive,dataset1
76,3,13,1,positive,dataset2
76,3,37,1,positive,dataset2
76,21,15,2,positive,dataset2
76,21,22,2,positive,dataset2
76,60,22,1,positive,dataset1
76,60,22,2,positive,dataset2
76,149,37,1,positive,dataset2
77,21,3,2,positive,dataset1
77,21,22,1,positive,dataset2
77,21,26,1,positive,dataset2
77,21,26,2,positive,dataset1
77,22,17,2,positive,dataset2
77,58,12,1,positive,dataset1
77,60,22,1,positive,dataset2
77,60,26,1,positive,dataset2
77,60,26,2,positive,dataset1
78,21,22,2,positive,dataset2
78,60,22,1,positive,dataset1
78,60,22,2,positive,dataset2
78,75,28,1,positive,dataset2
79,84,5,1,positive,dataset1
80,3,21,1,positive,dataset1
80,3,21,2,positive,dataset2
80,21,21,1,positive,dataset1
80,21,21,2,positive,dataset2
80,52,21,1,positive,dataset1
80,52,21,2,positive,dataset2
81,39,6,1,positive,dataset1
82,21,1,1,positive,dataset1
83,3,21,1,positive,dataset1;dataset2
83,21,21,1,positive,dataset1;dataset2
83,52,21,1,positive,dataset1;dataset2
84,39,6,1,positive,dataset1
85,3,21,2,positive,dataset1
86,60,17,1,positive,dataset1
87,3,2,1,positive,dataset1
88,3,21,1,positive,dataset1
88,21,21,1,positive,dataset1
88,52,21,1,positive,dataset1
89,3,2,1,positive,dataset1;dataset2
90,57,15,1,positive,dataset2
90,57,17,1,positive,dataset1
91,3,2,1,positive,dataset1;dataset2
92,3,21,1,positive,dataset1
92,3,21,2,positive,dataset2
92,21,21,1,positive,dataset1
92,21,21,2,positive,dataset2
92,52,21,1,positive,dataset1
92,52,21,2,positive,dataset2
93,60,17,1,positive,dataset1
93,60,17,2,positive,dataset2
94,3,21,1,positive,dataset1
94,21,21,1,positive,dataset1
94,52,21,1,positive,dataset1
95,3,2,1,positive,dataset1;dataset2
96,3,2,1,positive,dataset1;dataset2
97,3,2,1,positive,dataset1
97,3,2,2,positive,dataset2
98,41,17,1,positive,dataset1
99,3,21,1,positive,dataset1
99,21,21,1,positive,dataset1
99,52,21,1,positive,dataset1
100,3,21,1,positive,dataset1;dataset2
100,21,21,1,positive,dataset1;dataset2
100,46,21,1,positive,dataset1
100,52,21,1,positive,dataset1;dataset2
101,60,17,1,positive,dataset1;dataset2
102,3,2,1,positive,dataset1
102,3,2,2,positive,dataset2
103,3,21,1,positive,dataset1
103,3,21,2,positive,dataset2
103,21,21,1,positive,dataset1
103,21,21,2,positive,dataset2
103,52,21,1,positive,dataset1
103,52,21,2,positive,dataset2
104,60,17,1,positive,dataset1;dataset2
105,3,21,1,positive,dataset1;dataset2
105,21,21,1,positive,dataset1;dataset2
105,21,35,2,positive,dataset2
105,52,21,1,positive,dataset1;dataset2
106,39,6,1,positive,dataset1
107,3,21,1,positive,dataset1
107,21,21,1,positive,dataset1
107,52,21,1,positive,dataset1
108,39,6,1,positive,dataset1
109,3,21,1,positive,dataset1
109,3,21,2,positive,dataset2
109,21,21,1,positive,dataset1
109,21,21,2,positive,dataset2
109,52,21,1,positive,dataset1
109,52,21,2,positive,dataset2
110,3,2,1,positive,dataset1;dataset2
111,60,17,1,positive,dataset1
111,60,17,2,positive,dataset2
112,3,21,1,positive,dataset1
112,21,21,1,positive,dataset1
112,52,21,1,positive,dataset1
113,3,2,1,positive,dataset1
113,3,2,2,positive,dataset2
114,39,6,1,positive,dataset1
115,39,6,1,positive,dataset1
116,3,2,1,positive,dataset1
116,3,2,2,positive,dataset2
116,21,30,1,positive,dataset2
117,3,2,1,positive,dataset1
118,3,2,1,positive,dataset1
119,39,6,1,positive,dataset1
120,39,6,1,positive,dataset1
121,60,17,1,positive,dataset1
122,60,17,1,positive,dataset1
123,60,17,1,positive,dataset1
124,60,17,1,positive,dataset1
125,60,17,1,positive,dataset1
126,3,21,1,positive,dataset1
126,21,21,1,positive,dataset1
126,52,21,1,positive,dataset1
127,3,2,1,positive,dataset1
128,57,17,1,positive,dataset1
129,60,17,1,positive,dataset1
130,39,6,1,positive,dataset1
131,60,17,1,positive,dataset1
132,60,17,1,positive,dataset1
133,57,17,1,positive,dataset1
134,60,17,1,positive,dataset1
135,73,2,1,positive,dataset1
136,60,17,1,positive,dataset1
137,60,17,1,positive,dataset1
138,60,17,1,positive,dataset1
139,60,17,1,positive,dataset1
140,60,17,1,positive,dataset1
141,60,17,1,positive,dataset1
142,60,17,1,positive,dataset1
143,60,17,1,positive,dataset1
144,57,17,1,positive,dataset1
145,57,17,1,positive,dataset1
146,60,17,1,positive,dataset1
147,60,17,1,positive,dataset1
148,3,2,1,positive,dataset1
149,39,6,1,positive,dataset1
150,57,17,1,positive,dataset1
151,57,17,1,positive,dataset1
152,57,17,1,positive,dataset1
153,60,17,1,positive,dataset1
154,60,17,1,positive,dataset1
155,60,17,1,positive,dataset1
156,3,21,1,positive,dataset1
156,21,21,1,positive,dataset1
156,52,21,1,positive,dataset1
157,60,17,1,positive,dataset1
158,60,17,1,positive,dataset1
159,3,21,1,positive,dataset1
159,21,21,1,positive,dataset1
159,52,21,1,positive,dataset1
160,60,17,1,positive,dataset1
161,60,17,1,positive,dataset1
162,60,17,1,positive,dataset1
163,3,21,1,positive,dataset1
163,21,21,1,positive,dataset1
163,46,21,1,positive,dataset1
163,52,21,1,positive,dataset1
164,57,17,1,positive,dataset1
165,57,17,1,positive,dataset1
166,60,17,1,positive,dataset1
167,60,17,1,positive,dataset1
168,60,17,1,positive,dataset1
169,39,6,1,positive,dataset1
170,39,6,1,positive,dataset1
171,60,17,1,positive,dataset1
172,3,21,1,positive,dataset1
172,21,21,1,positive,dataset1
172,52,21,1,positive,dataset1
173,3,21,1,positive,dataset1
173,21,21,1,positive,dataset1
173,52,21,1,positive,dataset1
174,39,6,1,positive,dataset1
175,39,6,1,positive,dataset1
176,3,2,1,positive,dataset1
177,3,2,1,positive,dataset1
178,3,2,1,positive,dataset1
179,39,6,1,positive,dataset1
180,60,17,1,positive,dataset1
181,60,17,1,positive,dataset1
182,60,17,1,positive,dataset1
183,60,17,1,positive,dataset1
184,3,2,1,positive,dataset1
185,3,2,2,positive,dataset1
185,6,0,2,positive,dataset1
186,41,17,1,positive,dataset1
186,42,23,2,positive,dataset1
187,21,22,1,positive,dataset1
187,34,15,2,positive,dataset1
187,41,17,2,positive,dataset1
187,42,23,2,positive,dataset1
188,3,11,2,positive,dataset1
188,21,11,2,positive,dataset1
188,39,11,2,positive,dataset1
188,42,23,2,positive,dataset1
188,60,11,2,positive,dataset1
189,3,2,1,positive,dataset1
189,21,22,1,positive,dataset1
189,42,23,2,positive,dataset1
189,60,22,1,positive,dataset1
190,3,13,1,positive,dataset1
191,1,26,1,positive,dataset1
191,3,13,1,positive,dataset1
191,39,12,2,positive,dataset1
192,21,15,2,positive,dataset1
192,39,26,1,positive,dataset1
192,47,4,1,positive,dataset1
192,58,26,1,positive,dataset1
192,73,2,2,positive,dataset1
193,3,8,1,positive,dataset1
194,3,26,2,positive,dataset1
194,84,26,2,positive,dataset1
195,3,26,1,positive,dataset1
195,21,17,2,positive,dataset1
195,41,9,2,positive,dataset1
195,84,26,1,positive,dataset1
196,3,11,1,positive,dataset1
196,3,21,2,positive,dataset1
196,21,2,2,positive,dataset1
196,21,11,1,positive,dataset1
196,21,22,2,positive,dataset1
196,21,23,2,positive,dataset1
196,31,15,2,positive,dataset1
196,39,11,1,positive,dataset1
196,42,23,1,positive,dataset1
196,52,11,1,positive,dataset1
196,60,2,2,positive,dataset1
196,60,11,1,positive,dataset1
196,83,18,2,positive,dataset1
197,84,5,1,positive,dataset1
198,3,26,1,positive,dataset1
198,21,16,1,positive,dataset1
198,84,5,1,positive,dataset1
198,84,26,1,positive,dataset1
199,3,11,1,positive,dataset1
199,3,12,2,positive,dataset1
199,3,14,1,positive,dataset1
199,3,21,2,positive,dataset1
199,21,1,2,positive,dataset1
199,21,5,2,positive,dataset1
199,21,11,1,positive,dataset1
199,21,17,2,positive,dataset1
199,21,26,2,positive,dataset1
199,39,5,2,positive,dataset1
199,39,11,1,positive,dataset1
199,39,12,2,positive,dataset1
199,42,23,2,positive,dataset1
199,47,4,2,positive,dataset1
199,52,11,1,positive,dataset1
199,60,11,1,positive,dataset1
199,84,26,2,positive,dataset1
200,42,23,2,positive,dataset1
200,54,2,1,positive,dataset1
201,84,5,1,positive,dataset1
202,3,13,1,positive,dataset1
203,21,2,1,positive,dataset1
204,3,26,1,positive,dataset1
204,21,17,1,positive,dataset1
204,21,17,2,positive,dataset1
204,21,22,1,positive,dataset1
204,21,26,1,positive,dataset1
204,28,16,2,positive,dataset1
204,39,6,1,positive,dataset1
204,42,17,2,positive,dataset1
204,60,22,1,positive,dataset1
204,69,16,2,positive,dataset1
204,84,26,1,positive,dataset1
205,21,2,1,positive,dataset1
205,31,2,1,positive,dataset1
205,60,2,1,positive,dataset1
206,21,17,1,positive,dataset1
207,3,26,2,positive,dataset1
207,21,17,2,positive,dataset1
207,39,26,2,positive,dataset1
207,58,26,2,positive,dataset1
207,60,2,2,positive,dataset1
207,60,17,2,positive,dataset1
207,60,22,1,positive,dataset1
207,60,26,2,positive,dataset1
207,62,17,2,positive,dataset1
208,21,16,2,positive,dataset1
208,42,23,1,positive,dataset1
209,39,6,1,positive,dataset1
209,39,26,1,positive,dataset1
209,42,23,1,positive,dataset1
209,73,2,1,positive,dataset1
210,21,1,2,positive,dataset1
211,41,17,1,positive,dataset1
212,60,20,2,positive,dataset1
213,42,23,2,positive,dataset1
214,42,23,2,positive,dataset1
215,3,12,2,positive,dataset1
215,39,5,2,positive,dataset1
215,58,6,2,positive,dataset1
215,58,12,2,positive,dataset1
215,71,12,2,positive,dataset1
215,84,12,2,positive,dataset1
216,39,26,1,positive,dataset1
217,3,14,2,positive,dataset1
218,39,8,1,positive,dataset1
219,39,26,1,positive,dataset1
220,39,6,1,positive,dataset1
220,58,6,1,positive,dataset1
221,3,7,1,positive,dataset1
221,25,7,1,positive,dataset1
221,65,7,1,positive,dataset1
221,84,7,1,positive,dataset1
222,21,16,1,positive,dataset1
223,39,26,1,positive,dataset1
224,3,2,2,positive,dataset1
224,3,6,1,positive,dataset1
224,3,14,2,positive,dataset1
224,3,21,2,positive,dataset1
224,15,2,2,positive,dataset1
224,15,21,2,positive,dataset1
224,34,23,2,positive,dataset1
224,35,2,2,positive,dataset1
224,35,21,2,positive,dataset1
224,41,17,2,positive,dataset1
224,42,23,2,positive,dataset1
225,3,2,2,positive,dataset1
226,42,23,2,positive,dataset1
227,21,17,2,positive,dataset1
228,3,26,1,positive,dataset1
228,21,17,1,positive,dataset1
228,31,2,1,positive,dataset1
228,39,6,1,positive,dataset1
228,39,23,1,positive,dataset1
228,42,2,1,positive,dataset1
228,42,23,1,positive,dataset1
228,58,6,1,positive,dataset1
228,84,26,1,positive,dataset1
229,42,23,1,positive,dataset1
230,84,5,1,positive,dataset1
231,3,14,1,positive,dataset1
232,3,0,2,positive,dataset1
232,21,20,2,positive,dataset1
232,29,13,1,positive,dataset1
232,42,23,1,positive,dataset1
232,60,5,2,positive,dataset1
233,31,2,2,positive,dataset1
233,31,24,1,positive,dataset1
234,3,26,1,positive,dataset1
234,21,8,1,positive,dataset1
234,21,9,2,positive,dataset1
234,39,8,1,positive,dataset1
234,84,26,1,positive,dataset1
235,3,2,1,positive,dataset1
236,3,7,1,positive,dataset1
236,25,7,1,positive,dataset1
236,65,7,1,positive,dataset1
236,84,5,1,positive,dataset1
236,84,7,1,positive,dataset1
237,1,26,1,positive,dataset1
237,3,17,2,positive,dataset1
237,3,26,2,positive,dataset1
237,11,3,2,positive,dataset1
237,42,23,1,positive,dataset1
237,58,5,1,positive,dataset1
237,60,22,1,positive,dataset1
237,84,17,2,positive,dataset1
237,84,26,2,positive,dataset1
238,26,18,1,positive,dataset1
239,6,0,1,positive,dataset1
239,84,5,1,positive,dataset1
240,42,23,1,positive,dataset1
241,42,23,1,positive,dataset1
242,39,8,1,positive,dataset1
243,3,2,2,positive,dataset1
244,3,10,2,positive,dataset1
245,3,14,2,positive,dataset1
245,35,2,1,positive,dataset1
246,21,6,1,positive,dataset1
246,21,26,1,positive,dataset1
247,39,26,1,positive,dataset1
248,3,26,1,positive,dataset1
248,84,26,1,positive,dataset1
249,39,8,1,positive,dataset1
250,21,3,2,positive,dataset1
250,84,26,2,positive,dataset1
251,42,23,2,positive,dataset1
252,3,2,2,positive,dataset1
253,39,8,1,positive,dataset1
254,21,22,2,positive,dataset1
255,21,22,1,positive,dataset1
256,42,23,1,positive,dataset1
256,47,4,2,positive,dataset1
257,21,2,2,positive,dataset1
257,60,22,1,positive,dataset1
258,3,2,1,positive,dataset1
258,3,11,1,positive,dataset1
258,21,11,1,positive,dataset1
258,21,12,1,positive,dataset1
258,21,22,1,positive,dataset1
258,39,11,1,positive,dataset1
258,41,17,2,positive,dataset1
258,47,4,2,positive,dataset1
258,52,11,1,positive,dataset1
258,60,11,1,positive,dataset1
258,60,22,1,positive,dataset1
258,60,24,1,positive,dataset1
259,3,2,2,positive,dataset1
259,21,8,1,positive,dataset1
259,21,9,2,positive,dataset1
259,21,17,1,positive,dataset1
259,39,9,2,positive,dataset1
260,73,2,2,positive,dataset1
261,3,2,1,positive,dataset1
261,21,16,1,positive,dataset1
261,21,22,1,positive,dataset1
261,21,22,2,positive,dataset1
261,60,22,1,positive,dataset1
261,60,22,2,positive,dataset1
261,72,25,1,positive,dataset1
262,1,26,1,positive,dataset1
262,3,2,1,positive,dataset1
262,21,20,2,positive,dataset1
262,21,26,1,positive,dataset1
262,42,22,1,positive,dataset1
263,21,16,2,positive,dataset1
263,21,22,2,positive,dataset1
263,39,26,1,positive,dataset1
263,41,17,2,positive,dataset1
263,60,9,2,positive,dataset1
263,60,22,2,positive,dataset1
264,3,2,2,positive,dataset1
264,21,2,2,positive,dataset1
264,41,15,1,positive,dataset1
264,42,23,1,positive,dataset1
264,60,22,1,positive,dataset1
265,21,3,2,positive,dataset1
266,3,26,1,positive,dataset1
267,21,16,2,positive,dataset1
267,21,17,2,positive,dataset1
267,39,6,1,positive,dataset1
267,58,6,2,positive,dataset1
268,3,2,2,positive,dataset1
268,21,26,1,positive,dataset1
268,60,15,1,positive,dataset1
269,21,10,2,positive,dataset1
269,60,22,2,positive,dataset1
270,3,2,1,positive,dataset1
270,3,14,1,positive,dataset1
270,12,19,2,positive,dataset1
270,21,16,2,positive,dataset1
270,21,22,1,positive,dataset1
270,30,19,2,positive,dataset1
270,33,19,2,positive,dataset1
270,58,5,2,positive,dataset1
270,60,2,1,positive,dataset1
270,60,16,2,positive,dataset1
270,71,12,2,positive,dataset1
270,84,2,1,positive,dataset1
271,21,26,1,positive,dataset1
271,41,17,2,positive,dataset1
272,21,22,2,positive,dataset1
273,3,14,1,positive,dataset1
274,21,20,2,positive,dataset1
274,21,22,2,positive,dataset1
274,31,2,2,positive,dataset1
274,39,6,2,positive,dataset1
274,58,6,2,positive,dataset1
275,39,5,2,positive,dataset1
275,39,21,2,positive,dataset1
275,52,5,2,positive,dataset1
275,52,21,2,positive,dataset1
276,3,14,1,positive,dataset1
277,3,14,1,positive,dataset1
277,3,21,1,positive,dataset1
277,51,19,2,positive,dataset1
278,1,26,1,positive,dataset1
278,3,2,1,positive,dataset1
278,21,9,1,positive,dataset1
278,21,17,1,positive,dataset1
278,21,22,1,positive,dataset1
278,21,26,2,positive,dataset1
278,31,2,1,positive,dataset1
278,31,17,2,positive,dataset1
278,39,6,2,positive,dataset1
278,39,12,2,positive,dataset1
278,42,23,2,positive,dataset1
278,58,6,2,positive,dataset1
279,39,8,1,positive,dataset1
279,58,8,1,positive,dataset1
280,3,17,2,positive,dataset1
280,21,17,2,positive,dataset1
280,39,5,2,positive,dataset1
281,3,23,2,positive,dataset1
281,21,22,2,positive,dataset1
281,42,23,2,positive,dataset1
281,81,22,1,positive,dataset1
282,3,21,1,positive,dataset1
282,21,26,2,positive,dataset1
282,31,24,2,positive,dataset1
282,39,6,2,positive,dataset1
282,42,1,2,positive,dataset1
282,42,23,1,positive,dataset1
282,58,6,2,positive,dataset1
282,60,2,2,positive,dataset1
282,60,6,2,positive,dataset1
283,21,24,1,positive,dataset1
283,47,4,2,positive,dataset1
284,21,16,1,positive,dataset1
285,3,2,1,positive,dataset1
285,3,2,2,positive,dataset1
285,21,26,1,positive,dataset1
285,31,15,1,positive,dataset1
285,39,6,1,positive,dataset1
285,39,6,2,positive,dataset1
285,39,26,1,positive,dataset1
285,53,3,2,positive,dataset1
285,58,6,1,positive,dataset1
285,58,6,2,positive,dataset1
285,60,22,2,positive,dataset1
285,83,6,2,positive,dataset1
286,84,5,1,positive,dataset1
287,42,23,1,positive,dataset1
288,3,12,1,positive,dataset1
288,18,12,1,positive,dataset1
288,21,12,1,positive,dataset1
288,21,16,1,positive,dataset1
288,21,16,2,positive,dataset1
288,21,17,2,positive,dataset1
288,21,22,1,positive,dataset1
288,42,23,1,positive,dataset1
288,42,23,2,positive,dataset1
288,53,12,1,positive,dataset1
288,60,22,2,positive,dataset1
288,84,12,1,positive,dataset1
289,21,17,1,positive,dataset1
289,21,22,2,positive,dataset1
289,84,5,1,positive,dataset1
290,3,12,1,positive,dataset1
290,3,21,1,positive,dataset1
290,18,12,1,positive,dataset1
290,21,12,1,positive,dataset1
290,21,21,1,positive,dataset1
290,52,21,1,positive,dataset1
290,53,12,1,positive,dataset1
290,84,12,1,positive,dataset1
291,21,17,1,positive,dataset1
292,3,14,2,positive,dataset1
292,21,6,2,positive,dataset1
292,60,24,2,positive,dataset1
292,73,2,2,positive,dataset1
293,3,26,1,positive,dataset1
293,21,9,2,positive,dataset1
293,21,26,1,positive,dataset1
293,39,9,2,positive,dataset1
293,84,26,1,positive,dataset1
294,3,7,1,positive,dataset1
294,21,17,2,positive,dataset1
294,25,7,1,positive,dataset1
294,65,7,1,positive,dataset1
294,84,7,1,positive,dataset1
295,3,2,1,positive,dataset1
295,21,26,2,positive,dataset1
295,39,2,1,positive,dataset1
295,39,6,2,positive,dataset1
295,60,2,1,positive,dataset1
295,60,22,1,positive,dataset1
296,21,22,1,positive,dataset1
297,21,1,2,positive,dataset1
297,21,22,1,positive,dataset1
297,35,2,1,positive,dataset1
297,47,4,1,positive,dataset1
298,3,21,1,positive,dataset1
298,21,22,2,positive,dataset1
298,42,21,1,positive,dataset1
298,42,23,1,positive,dataset1
298,73,2,2,positive,dataset1
299,21,6,1,positive,dataset1
299,42,23,2,positive,dataset1
299,58,6,1,positive,dataset1
300,3,0,1,positive,dataset1
301,3,14,1,positive,dataset1
302,3,14,1,positive,dataset1
303,3,2,1,positive,dataset1
303,3,13,1,positive,dataset1
303,3,16,2,positive,dataset1
303,3,19,2,positive,dataset1
303,3,21,1,positive,dataset1
303,21,3,2,positive,dataset1
303,21,5,1,positive,dataset1
303,21,16,2,positive,dataset1
303,21,22,2,positive,dataset1
303,35,2,1,positive,dataset1
303,60,2,1,positive,dataset1
303,73,2,1,positive,dataset1
303,73,2,2,positive,dataset1
303,84,7,2,positive,dataset1
304,60,2,1,positive,dataset1
305,60,15,1,positive,dataset1
305,60,26,2,positive,dataset1
306,3,26,2,positive,dataset1
306,21,26,2,positive,dataset1
306,35,26,2,positive,dataset1
306,42,23,2,positive,dataset1
306,84,26,2,positive,dataset1
307,39,5,2,positive,dataset1
308,3,12,1,positive,dataset1
308,3,26,2,positive,dataset1
308,18,12,1,positive,dataset1
308,21,26,2,positive,dataset1
308,30,19,1,positive,dataset1
308,35,26,2,positive,dataset1
308,53,12,1,positive,dataset1
308,60,2,2,positive,dataset1
308,60,12,1,positive,dataset1
308,60,16,2,positive,dataset1
308,75,10,1,positive,dataset1
308,84,5,2,positive,dataset1
308,84,26,2,positive,dataset1
309,21,17,1,positive,dataset1
309,21,17,2,positive,dataset1
309,21,26,2,positive,dataset1
309,35,2,2,positive,dataset1
309,39,26,2,positive,dataset1
309,60,2,1,positive,dataset1
310,21,26,2,positive,dataset1
310,34,17,1,positive,dataset1
310,39,6,1,positive,dataset1
310,39,8,1,positive,dataset1
310,41,17,1,positive,dataset1
310,48,6,1,positive,dataset1
310,58,6,1,positive,dataset1
310,60,2,2,positive,dataset1
310,60,16,1,positive,dataset1
311,16,26,2,positive,dataset1
311,21,24,1,positive,dataset1
311,58,26,2,positive,dataset1
311,60,22,1,positive,dataset1
312,21,17,1,positive,dataset1
313,3,2,1,positive,dataset1
313,3,12,1,positive,dataset1
313,3,13,1,positive,dataset1
313,3,22,1,positive,dataset1
313,6,13,2,positive,dataset1
313,18,12,1,positive,dataset1
313,21,12,1,positive,dataset1
313,21,17,1,positive,dataset1
313,21,26,2,positive,dataset1
313,29,13,2,positive,dataset1
313,31,24,1,positive,dataset1
313,41,17,1,positive,dataset1
313,42,22,1,positive,dataset1
313,53,12,1,positive,dataset1
313,54,2,1,positive,dataset1
313,60,22,1,positive,dataset1
313,71,12,2,positive,dataset1
313,75,10,2,positive,dataset1
313,84,12,1,positive,dataset1
314,3,26,1,positive,dataset1
314,21,8,1,positive,dataset1
314,60,15,1,positive,dataset1
314,84,26,1,positive,dataset1
315,3,0,2,positive,dataset1
315,3,2,1,positive,dataset1
315,3,11,1,positive,dataset1
315,3,12,1,positive,dataset1
315,3,16,2,positive,dataset1
315,3,22,1,positive,dataset1
315,6,0,2,positive,dataset1
315,21,11,1,positive,dataset1
315,21,16,2,positive,dataset1
315,21,17,2,positive,dataset1
315,35,16,2,positive,dataset1
315,39,11,1,positive,dataset1
315,39,16,2,positive,dataset1
315,42,22,1,positive,dataset1
315,42,23,1,positive,dataset1
315,52,11,1,positive,dataset1
315,60,11,1,positive,dataset1
315,75,10,2,positive,dataset1
315,77,10,2,positive,dataset1
315,84,16,2,positive,dataset1
316,3,26,1,positive,dataset1
316,21,8,1,positive,dataset1
316,60,15,1,positive,dataset1
316,75,10,2,positive,dataset1
316,84,26,1,positive,dataset1
317,3,2,2,positive,dataset1
317,21,17,1,positive,dataset1
317,39,23,1,positive,dataset1
317,42,23,1,positive,dataset1
317,47,4,1,positive,dataset1
317,60,23,1,positive,dataset1
318,39,23,2,positive,dataset1
318,60,15,1,positive,dataset1
319,3,11,1,positive,dataset1
319,3,12,1,positive,dataset1
319,18,12,1,positive,dataset1
319,21,11,1,positive,dataset1
319,21,12,1,positive,dataset1
319,39,11,1,positive,dataset1
319,52,11,1,positive,dataset1
319,53,12,1,positive,dataset1
319,60,11,1,positive,dataset1
319,84,12,1,positive,dataset1
320,21,12,1,positive,dataset1
320,21,17,1,positive,dataset1
320,39,6,1,positive,dataset1
320,56,2,2,positive,dataset1
321,70,2,1,positive,dataset1
321,73,2,1,positive,dataset1
321,82,2,1,positive,dataset1
322,3,14,2,positive,dataset1
322,21,20,2,positive,dataset1
323,3,0,1,positive,dataset1
324,3,21,1,positive,dataset1
324,35,2,1,positive,dataset1
325,3,14,2,positive,dataset1
325,3,26,2,positive,dataset1
325,21,22,1,positive,dataset1
325,21,22,2,positive,dataset1
325,21,26,2,positive,dataset1
326,61,2,2,positive,dataset1
327,21,17,2,positive,dataset1
328,21,22,2,positive,dataset1
328,52,6,1,positive,dataset1
328,60,17,2,positive,dataset1
328,60,22,2,positive,dataset1
329,35,2,2,positive,dataset1
329,60,22,1,positive,dataset1
330,31,2,1,positive,dataset1
330,60,2,1,positive,dataset1
331,42,23,1,positive,dataset1
332,21,17,2,positive,dataset1
332,73,2,2,positive,dataset1
333,21,8,1,positive,dataset1
333,39,8,1,positive,dataset1
334,80,2,2,positive,dataset1
335,3,14,2,positive,dataset1
335,21,22,1,positive,dataset1
336,21,8,1,positive,dataset1
336,60,15,1,positive,dataset1
337,3,14,2,positive,dataset1
338,3,14,1,positive,dataset1
338,39,6,2,positive,dataset1
338,58,6,2,positive,dataset1
339,21,16,1,positive,dataset1
339,31,15,1,positive,dataset1
339,42,23,2,positive,dataset1
340,39,8,1,positive,dataset1
341,30,19,2,positive,dataset1
341,42,23,2,positive,dataset1
342,3,1,1,positive,dataset1
342,21,1,1,positive,dataset1
342,21,26,1,positive,dataset1
342,39,12,2,positive,dataset1
342,60,1,1,positive,dataset1
342,63,1,1,positive,dataset1
343,31,24,2,positive,dataset1
343,75,10,2,positive,dataset1
344,3,2,2,positive,dataset1
344,21,22,1,positive,dataset1
345,21,8,1,positive,dataset1
345,39,8,1,positive,dataset1
346,39,8,1,positive,dataset1
346,60,22,1,positive,dataset1
347,3,2,2,positive,dataset1
347,3,5,2,positive,dataset1
347,3,11,1,positive,dataset1
347,21,11,1,positive,dataset1
347,31,24,1,positive,dataset1
347,39,5,1,positive,dataset1
347,39,11,1,positive,dataset1
347,39,12,2,positive,dataset1
347,52,11,1,positive,dataset1
347,60,3,1,positive,dataset1
347,60,11,1,positive,dataset1
347,60,22,1,positive,dataset1
347,75,10,1,positive,dataset1
348,39,6,2,positive,dataset1
348,39,26,2,positive,dataset1
348,58,26,2,positive,dataset1
349,21,1,1,positive,dataset1
349,42,1,1,positive,dataset1
350,1,26,1,positive,dataset1
350,35,12,2,positive,dataset1
350,75,10,2,positive,dataset1
351,39,6,2,positive,dataset1
351,39,8,1,positive,dataset1
352,3,11,1,positive,dataset1
352,21,2,2,positive,dataset1
352,21,11,1,positive,dataset1
352,35,2,2,positive,dataset1
352,39,11,1,positive,dataset1
352,39,26,1,positive,dataset1
352,52,11,1,positive,dataset1
352,60,11,1,positive,dataset1
352,60,22,1,positive,dataset1
353,3,17,1,positive,dataset1
353,21,17,1,positive,dataset1
353,41,17,1,positive,dataset1
353,60,17,1,positive,dataset1
354,35,2,1,positive,dataset1
355,3,12,2,positive,dataset1
355,3,21,1,positive,dataset1
355,3,21,2,positive,dataset1
355,18,21,1,positive,dataset1
355,21,2,2,positive,dataset1
355,21,21,1,positive,dataset1
355,21,22,1,positive,dataset1
355,21,22,2,positive,dataset1
355,31,2,2,positive,dataset1
356,21,12,1,positive,dataset1
356,21,21,2,positive,dataset1
356,21,22,1,positive,dataset1
356,47,4,2,positive,dataset1
356,84,6,2,positive,dataset1
357,21,6,1,positive,dataset1
357,47,4,1,positive,dataset1
358,21,22,1,positive,dataset1
359,21,22,1,positive,dataset1
359,47,4,2,positive,dataset1
360,60,15,1,positive,dataset1
360,71,12,1,positive,dataset1
361,58,5,1,positive,dataset1
361,69,2,2,positive,dataset1
362,1,26,1,positive,dataset1
362,3,2,1,positive,dataset1
362,24,12,1,positive,dataset1
362,31,2,1,positive,dataset1
362,41,17,2,positive,dataset1
362,42,2,2,positive,dataset1
362,60,22,2,positive,dataset1
363,21,8,1,positive,dataset1
363,39,12,1,positive,dataset1
364,1,26,1,positive,dataset1
364,3,2,1,positive,dataset1
364,3,2,2,positive,dataset1
364,20,18,2,positive,dataset1
364,21,16,1,positive,dataset1
364,21,22,1,positive,dataset1
364,24,12,1,positive,dataset1
364,31,15,1,positive,dataset1
364,31,15,2,positive,dataset1
364,31,24,2,positive,dataset1
364,34,15,2,positive,dataset1
364,42,23,2,positive,dataset1
364,60,18,2,positive,dataset1
364,84,16,1,positive,dataset1
365,21,8,1,positive,dataset1
366,21,8,1,positive,dataset1
367,1,26,1,positive,dataset1
367,3,2,1,positive,dataset1
367,3,2,2,positive,dataset1
367,3,8,2,positive,dataset1
367,3,26,2,positive,dataset1
367,21,8,1,positive,dataset1
367,21,8,2,positive,dataset1
367,21,16,1,positive,dataset1
367,21,17,2,positive,dataset1
367,21,21,2,positive,dataset1
367,21,22,1,positive,dataset1
367,21,26,1,positive,dataset1
367,21,26,2,positive,dataset1
367,22,16,2,positive,dataset1
367,31,8,2,positive,dataset1
367,31,24,1,positive,dataset1
367,39,2,2,positive,dataset1
367,39,6,2,positive,dataset1
367,39,8,2,positive,dataset1
367,39,26,2,positive,dataset1
367,41,17,2,positive,dataset1
367,42,23,2,positive,dataset1
367,47,25,2,positive,dataset1
367,52,16,2,positive,dataset1
367,52,21,1,positive,dataset1
367,60,16,2,positive,dataset1
367,60,22,2,positive,dataset1
367,60,26,2,positive,dataset1
367,71,25,2,positive,dataset1
367,84,16,1,positive,dataset1
368,60,2,1,positive,dataset1
368,60,15,1,positive,dataset1
369,3,21,1,positive,dataset1
369,12,19,2,positive,dataset1
369,21,17,2,positive,dataset1
369,30,19,2,positive,dataset1
369,35,2,1,positive,dataset1
369,47,4,2,positive,dataset1
369,78,19,2,positive,dataset1
370,21,8,1,positive,dataset1
370,39,8,1,positive,dataset1
371,3,21,1,positive,dataset1
371,21,21,1,positive,dataset1
371,46,21,1,positive,dataset1
371,52,21,1,positive,dataset1
372,21,10,2,positive,dataset1
372,25,2,1,positive,dataset1
372,31,24,2,positive,dataset1
372,33,2,1,positive,dataset1
372,39,2,1,positive,dataset1
372,39,26,2,positive,dataset1
372,58,26,2,positive,dataset1
373,39,6,1,positive,dataset1
373,58,6,2,positive,dataset1
373,83,18,1,positive,dataset1
374,3,2,2,positive,dataset1
374,21,17,1,positive,dataset1
374,21,24,1,positive,dataset1
374,21,24,2,positive,dataset1
374,25,2,2,positive,dataset1
374,31,2,2,positive,dataset1
374,31,24,1,positive,dataset1
374,41,2,2,positive,dataset1
374,42,23,1,positive,dataset1
374,42,23,2,positive,dataset1
374,49,2,2,positive,dataset1
374,60,2,1,positive,dataset1
374,73,2,2,positive,dataset1
375,60,15,1,positive,dataset1
376,21,15,1,positive,dataset1
376,21,15,2,positive,dataset1
376,21,26,1,positive,dataset1
376,39,5,1,positive,dataset1
376,39,22,2,positive,dataset1
377,3,14,2,positive,dataset1
377,3,26,1,positive,dataset1
377,21,6,2,positive,dataset1
377,21,26,1,positive,dataset1
377,31,26,1,positive,dataset1
377,58,6,1,positive,dataset1
377,84,26,1,positive,dataset1
378,3,21,1,positive,dataset1
378,35,21,1,positive,dataset1
378,42,23,2,positive,dataset1
379,3,14,2,positive,dataset1
379,21,22,1,positive,dataset1
379,39,5,2,positive,dataset1
379,60,2,1,positive,dataset1
380,3,1,1,positive,dataset1
380,3,2,1,positive,dataset1
380,3,2,2,positive,dataset1
380,3,4,1,positive,dataset1
380,3,7,2,positive,dataset1
380,3,13,2,positive,dataset1
380,3,22,1,positive,dataset1
380,6,0,2,positive,dataset1
380,10,12,1,positive,dataset1
380,19,10,1,positive,dataset1
380,21,3,1,positive,dataset1
380,21,3,2,positive,dataset1
380,21,16,1,positive,dataset1
380,21,17,1,positive,dataset1
380,21,17,2,positive,dataset1
380,21,18,2,positive,dataset1
380,21,21,1,positive,dataset1
380,21,21,2,positive,dataset1
380,21,22,1,positive,dataset1
380,21,26,1,positive,dataset1
380,24,2,1,positive,dataset1
380,25,7,2,positive,dataset1
380,29,13,1,positive,dataset1
380,31,17,1,positive,dataset1
380,31,24,1,positive,dataset1
380,35,13,2,positive,dataset1
380,39,5,1,positive,dataset1
380,39,6,1,positive,dataset1
380,39,12,1,positive,dataset1
380,39,23,1,positive,dataset1
380,39,23,2,positive,dataset1
380,40,2,2,positive,dataset1
380,41,17,1,positive,dataset1
380,42,2,1,positive,dataset1
380,42,23,1,positive,dataset1
380,42,23,2,positive,dataset1
380,47,4,2,positive,dataset1
380,58,6,1,positive,dataset1
380,60,2,2,positive,dataset1
380,60,3,2,positive,dataset1
380,60,22,1,positive,dataset1
380,60,26,2,positive,dataset1
380,65,7,2,positive,dataset1
380,71,12,1,positive,dataset1
380,73,2,2,positive,dataset1
380,81,25,2,positive,dataset1
380,84,7,2,positive,dataset1
381,21,22,1,positive,dataset1
381,39,8,1,positive,dataset1
382,3,26,2,positive,dataset1
382,39,6,1,positive,dataset1
382,58,6,1,positive,dataset1
383,3,14,1,positive,dataset1
383,3,21,2,positive,dataset1
383,31,2,1,positive,dataset1
383,39,26,1,positive,dataset1
383,42,23,2,positive,dataset1
384,21,22,2,positive,dataset1
384,39,8,1,positive,dataset1
385,3,14,1,positive,dataset1
385,21,18,1,positive,dataset1
385,42,23,2,positive,dataset1
386,83,18,1,positive,dataset1
387,42,23,1,positive,dataset1
388,3,2,1,positive,dataset1
388,31,15,1,positive,dataset1
389,3,2,2,positive,dataset1
389,3,9,1,positive,dataset1
389,3,14,1,positive,dataset1
389,21,1,2,positive,dataset1
389,21,3,2,positive,dataset1
389,21,21,1,positive,dataset1
389,21,22,1,positive,dataset1
389,34,17,2,positive,dataset1
389,39,5,2,positive,dataset1
389,40,2,2,positive,dataset1
389,41,17,1,positive,dataset1
389,41,17,2,positive,dataset1
389,42,23,1,positive,dataset1
389,44,24,2,positive,dataset1
389,73,2,2,positive,dataset1
390,3,14,1,positive,dataset1
390,21,22,1,positive,dataset1
390,52,5,1,positive,dataset1
390,52,21,1,positive,dataset1
391,84,5,1,positive,dataset1
392,21,22,1,positive,dataset1
392,71,14,1,positive,dataset1
393,21,17,2,positive,dataset1
393,21,22,2,positive,dataset1
393,58,6,1,positive,dataset1
393,83,18,2,positive,dataset1
394,60,24,1,positive,dataset1
395,3,0,2,positive,dataset1
395,20,18,2,positive,dataset1
395,21,16,2,positive,dataset1
395,28,4,2,positive,dataset1
395,60,18,2,positive,dataset1
395,71,14,1,positive,dataset1
396,84,5,1,positive,dataset1
397,21,17,1,positive,dataset1
398,21,21,2,positive,dataset1
398,39,6,2,positive,dataset1
398,39,26,1,positive,dataset1
398,60,2,2,positive,dataset1
398,60,5,2,positive,dataset1
399,1,1,1,positive,dataset1
399,3,1,1,positive,dataset1
399,21,1,1,positive,dataset1
399,42,1,1,positive,dataset1
399,60,1,1,positive,dataset1
399,63,1,1,positive,dataset1
400,3,2,1,positive,dataset1
400,3,12,2,positive,dataset1
400,3,13,1,positive,dataset1
400,21,16,1,positive,dataset1
400,21,21,1,positive,dataset1
400,41,16,1,positive,dataset1
400,41,16,2,positive,dataset1
400,42,23,1,positive,dataset1
400,51,19,1,positive,dataset1
400,60,2,1,positive,dataset1
400,71,12,1,positive,dataset1
400,73,2,1,positive,dataset1
400,73,2,2,positive,dataset1
400,75,10,2,positive,dataset1
401,39,23,1,positive,dataset1
402,3,2,1,positive,dataset1
402,3,2,2,positive,dataset1
402,31,2,1,positive,dataset1
402,41,16,2,positive,dataset1
402,60,2,1,positive,dataset1
402,71,12,1,positive,dataset1
402,73,2,1,positive,dataset1
402,73,2,2,positive,dataset1
403,39,8,1,positive,dataset1
404,3,2,2,positive,dataset1
404,3,6,1,positive,dataset1
404,3,12,2,positive,dataset1
404,21,2,2,positive,dataset1
404,21,21,2,positive,dataset1
404,34,17,1,positive,dataset1
404,34,17,2,positive,dataset1
404,42,23,2,positive,dataset1
404,60,2,2,positive,dataset1
404,60,12,2,positive,dataset1
405,31,24,1,positive,dataset1
406,1,26,1,positive,dataset1
406,3,6,1,positive,dataset1
406,3,7,1,positive,dataset1
406,21,9,2,positive,dataset1
406,21,15,1,positive,dataset1
406,21,17,2,positive,dataset1
406,21,21,2,positive,dataset1
406,25,7,1,positive,dataset1
406,39,6,2,positive,dataset1
406,39,9,2,positive,dataset1
406,42,23,2,positive,dataset1
406,47,4,1,positive,dataset1
406,52,5,1,positive,dataset1
406,60,3,2,positive,dataset1
406,65,7,1,positive,dataset1
406,84,7,1,positive,dataset1
407,3,2,2,positive,dataset1
408,47,4,2,positive,dataset1
409,21,22,2,positive,dataset1
409,34,16,2,positive,dataset1
409,35,12,2,positive,dataset1
409,39,6,2,positive,dataset1
410,21,8,1,positive,dataset1
410,68,2,1,positive,dataset1
411,21,22,1,positive,dataset1
411,35,2,1,positive,dataset1
411,35,2,2,positive,dataset1
411,75,10,2,positive,dataset1
412,21,26,1,positive,dataset1
412,21,26,2,positive,dataset1
412,39,26,1,positive,dataset1
412,39,26,2,positive,dataset1
412,60,15,1,positive,dataset1
412,84,26,2,positive,dataset1
413,39,11,2,positive,dataset1
414,21,17,2,positive,dataset1
414,21,26,1,positive,dataset1
415,60,15,1,positive,dataset1
416,21,8,1,positive,dataset1
416,39,8,1,positive,dataset1
417,3,12,2,positive,dataset1
417,35,2,2,positive,dataset1
417,73,2,2,positive,dataset1
417,75,10,2,positive,dataset1
418,1,26,1,positive,dataset1
418,3,9,2,positive,dataset1
418,3,13,1,positive,dataset1
418,3,26,2,positive,dataset1
418,21,1,2,positive,dataset1
418,21,2,2,positive,dataset1
418,21,8,2,positive,dataset1
418,21,9,2,positive,dataset1
418,21,22,1,positive,dataset1
418,31,22,1,positive,dataset1
418,39,9,2,positive,dataset1
418,39,26,2,positive,dataset1
418,60,22,1,positive,dataset1
418,84,9,2,positive,dataset1
418,84,26,2,positive,dataset1
419,67,2,1,positive,dataset1
420,3,12,1,positive,dataset1
420,3,14,2,positive,dataset1
420,3,26,1,positive,dataset1
420,18,12,1,positive,dataset1
420,21,8,2,positive,dataset1
420,21,12,1,positive,dataset1
420,21,14,2,positive,dataset1
420,21,17,2,positive,dataset1
420,21,26,1,positive,dataset1
420,31,17,1,positive,dataset1
420,31,24,2,positive,dataset1
420,33,14,2,positive,dataset1
420,35,14,2,positive,dataset1
420,39,26,1,positive,dataset1
420,41,14,2,positive,dataset1
420,53,12,1,positive,dataset1
420,71,14,2,positive,dataset1
420,73,2,1,positive,dataset1
420,84,12,1,positive,dataset1
421,39,8,1,positive,dataset1
421,60,2,2,positive,dataset1
421,73,2,1,positive,dataset1
422,3,14,2,positive,dataset1
423,3,9,2,positive,dataset1
423,16,5,1,positive,dataset1
423,21,9,2,positive,dataset1
423,39,9,2,positive,dataset1
423,72,5,1,positive,dataset1
423,84,9,2,positive,dataset1
424,21,8,1,positive,dataset1
425,3,2,1,positive,dataset1
425,35,2,1,positive,dataset1
426,3,16,1,positive,dataset1
427,3,2,1,positive,dataset1
427,3,2,2,positive,dataset1
427,21,16,2,positive,dataset1
427,21,17,2,positive,dataset1
427,31,2,1,positive,dataset1
427,35,2,2,positive,dataset1
427,38,4,1,positive,dataset1
427,42,23,2,positive,dataset1
427,52,21,2,positive,dataset1
427,60,20,1,positive,dataset1
428,47,4,1,positive,dataset1
429,21,21,2,positive,dataset1
430,12,19,1,positive,dataset1
431,21,20,2,positive,dataset1
431,31,26,2,positive,dataset1
431,35,2,2,positive,dataset1
431,42,23,2,positive,dataset1
431,52,21,2,positive,dataset1
431,60,2,2,positive,dataset1
431,60,22,1,positive,dataset1
431,75,10,2,positive,dataset1
432,21,22,1,positive,dataset1
433,3,18,1,positive,dataset1
433,3,21,1,positive,dataset1
433,21,18,1,positive,dataset1
433,42,23,1,positive,dataset1
434,60,15,1,positive,dataset1
435,21,17,2,positive,dataset1
435,41,17,2,positive,dataset1
436,3,2,2,positive,dataset1
436,39,5,2,positive,dataset1
436,54,2,2,positive,dataset1
437,3,2,2,positive,dataset1
437,21,2,2,positive,dataset1
437,54,2,2,positive,dataset1
438,3,2,2,positive,dataset1
438,54,2,2,positive,dataset1
439,3,2,2,positive,dataset1
439,54,2,2,positive,dataset1
440,3,21,1,positive,dataset1
440,21,26,2,positive,dataset1
440,39,26,2,positive,dataset1
440,42,23,2,positive,dataset1
440,47,4,2,positive,dataset1
440,71,25,2,positive,dataset1
441,21,18,1,positive,dataset1
441,21,22,1,positive,dataset1
441,21,22,2,positive,dataset1
441,34,17,2,positive,dataset1
441,41,17,2,positive,dataset1
441,60,17,2,positive,dataset1
442,3,12,1,positive,dataset1
442,18,12,1,positive,dataset1
442,21,26,2,positive,dataset1
442,41,16,2,positive,dataset1
442,53,12,1,positive,dataset1
443,21,22,2,positive,dataset1
444,35,2,2,positive,dataset1
445,47,4,2,positive,dataset1
445,60,2,2,positive,dataset1
446,1,26,1,positive,dataset1
446,3,2,1,positive,dataset1
446,3,2,2,positive,dataset1
446,21,17,1,positive,dataset1
446,21,24,1,positive,dataset1
446,27,18,2,positive,dataset1
446,31,24,1,positive,dataset1
446,35,2,1,positive,dataset1
446,39,6,1,positive,dataset1
446,39,26,1,positive,dataset1
446,39,26,2,positive,dataset1
447,21,8,1,positive,dataset1
447,39,8,1,positive,dataset1
447,58,12,2,positive,dataset1
448,28,17,1,positive,dataset1
449,39,26,1,positive,dataset1
450,42,23,2,positive,dataset1
451,84,5,1,positive,dataset1
452,39,26,1,positive,dataset1
453,39,26,1,positive,dataset1
454,39,20,2,positive,dataset1
455,39,6,2,positive,dataset1
456,39,26,1,positive,dataset1
456,42,23,1,positive,dataset1
457,39,12,1,positive,dataset1
458,3,21,1,positive,dataset1
458,21,8,1,positive,dataset1
458,21,26,2,positive,dataset1
458,39,2,2,positive,dataset1
458,39,23,1,positive,dataset1
458,60,2,2,positive,dataset1
458,73,2,1,positive,dataset1
459,3,2,2,positive,dataset1
459,60,2,2,positive,dataset1
460,12,19,2,positive,dataset1
461,21,1,2,positive,dataset1
462,3,2,2,positive,dataset1
462,3,12,2,positive,dataset1
462,3,14,2,positive,dataset1
462,21,12,2,positive,dataset1
462,21,15,2,positive,dataset1
462,35,2,2,positive,dataset1
462,39,12,2,positive,dataset1
463,1,6,2,positive,dataset1
463,21,17,2,positive,dataset1
463,47,4,1,positive,dataset1
463,54,2,1,positive,dataset1
464,42,5,2,positive,dataset1
464,42,16,2,positive,dataset1
464,42,22,1,positive,dataset1
465,35,2,1,positive,dataset1
466,21,22,1,positive,dataset1
467,39,8,1,positive,dataset1
468,3,13,1,positive,dataset1
469,6,0,1,positive,dataset1
469,20,18,2,positive,dataset1
469,21,22,1,positive,dataset1
469,60,18,2,positive,dataset1
469,60,22,1,positive,dataset1
469,71,12,2,positive,dataset1
470,73,2,1,positive,dataset1
471,73,2,1,positive,dataset1
472,3,21,1,positive,dataset1
472,21,21,1,positive,dataset1
472,46,21,1,positive,dataset1
472,52,21,1,positive,dataset1
472,60,17,2,positive,dataset1
472,74,17,2,positive,dataset1
473,1,26,1,positive,dataset1
473,31,2,1,positive,dataset1
473,39,5,2,positive,dataset1
474,3,14,2,positive,dataset1
475,42,22,1,positive,dataset1
476,21,8,1,positive,dataset1
477,3,7,2,positive,dataset1
477,21,21,1,positive,dataset1
477,25,7,2,positive,dataset1
477,65,7,2,positive,dataset1
477,84,7,2,positive,dataset1
478,20,15,2,positive,dataset1
478,21,12,2,positive,dataset1
479,12,19,1,positive,dataset1
479,29,0,2,positive,dataset1
479,42,23,2,positive,dataset1
480,21,16,2,positive,dataset1
481,21,26,2,positive,dataset1
481,31,26,2,positive,dataset1
482,21,12,2,positive,dataset1
482,21,21,1,positive,dataset1
482,21,22,1,positive,dataset1
482,58,6,2,positive,dataset1
483,21,21,2,positive,dataset1
483,31,2,2,positive,dataset1
484,3,14,1,positive,dataset1
484,3,26,1,positive,dataset1
484,6,0,1,positive,dataset1
484,21,2,2,positive,dataset1
484,45,0,1,positive,dataset1
484,60,2,2,positive,dataset1
484,84,26,1,positive,dataset1
485,35,2,1,positive,dataset1
486,31,2,2,positive,dataset1
487,3,0,1,positive,dataset1
487,3,2,2,positive,dataset1
487,3,7,2,positive,dataset1
487,15,24,2,positive,dataset1
487,21,1,2,positive,dataset1
487,21,16,2,positive,dataset1
487,21,17,1,positive,dataset1
487,21,21,2,positive,dataset1
487,21,22,2,positive,dataset1
487,21,26,2,positive,dataset1
487,31,2,2,positive,dataset1
487,31,24,1,positive,dataset1
487,31,24,2,positive,dataset1
487,34,17,2,positive,dataset1
487,39,5,1,positive,dataset1
487,39,5,2,positive,dataset1
487,41,16,2,positive,dataset1
487,42,23,1,positive,dataset1
487,50,26,2,positive,dataset1
487,58,5,1,positive,dataset1
487,60,2,2,positive,dataset1
487,60,10,2,positive,dataset1
487,60,24,2,positive,dataset1
487,71,12,2,positive,dataset1
487,83,18,2,positive,dataset1
488,3,21,1,positive,dataset1
488,18,21,1,positive,dataset1
488,21,21,1,positive,dataset1
488,35,21,1,positive,dataset1
488,52,21,1,positive,dataset1
489,81,22,1,positive,dataset1
490,21,21,1,positive,dataset1
490,21,21,2,positive,dataset1
490,42,23,1,positive,dataset1
491,3,14,1,positive,dataset1
492,18,22,2,positive,dataset1
492,31,22,2,positive,dataset1
492,60,16,1,positive,dataset1
492,60,26,2,positive,dataset1
492,63,3,2,positive,dataset1
493,3,2,1,positive,dataset1
494,58,26,1,positive,dataset1
495,42,23,1,positive,dataset1
496,21,2,2,positive,dataset1
496,21,12,1,positive,dataset1
496,21,22,1,positive,dataset1
496,21,26,1,positive,dataset1
496,31,26,1,positive,dataset1
496,39,26,1,positive,dataset1
496,45,0,1,positive,dataset1
496,60,22,1,positive,dataset1
497,31,2,1,positive,dataset1
498,3,14,2,positive,dataset1
499,71,12,2,positive,dataset1
500,21,17,2,positive,dataset1
501,3,2,1,positive,dataset1
502,3,7,2,positive,dataset1
503,42,23,1,positive,dataset1
504,42,23,1,positive,dataset1
505,1,26,1,positive,dataset1
505,3,14,2,positive,dataset1
505,42,23,1,positive,dataset1
505,58,6,1,positive,dataset1
506,1,26,1,positive,dataset1
506,42,23,1,positive,dataset1
507,21,22,1,positive,dataset1
507,41,16,2,positive,dataset1
508,21,23,1,positive,dataset1
508,71,12,1,positive,dataset1
509,3,2,2,positive,dataset1
509,3,21,1,positive,dataset1
509,31,24,1,positive,dataset1
509,52,21,1,positive,dataset1
509,60,2,2,positive,dataset1
509,60,3,1,positive,dataset1
509,73,2,1,positive,dataset1
509,73,2,2,positive,dataset1
510,21,22,1,positive,dataset1
511,21,21,1,positive,dataset1
511,41,15,2,positive,dataset1
512,42,23,2,positive,dataset1
512,71,14,2,positive,dataset1
513,3,26,1,positive,dataset1
513,21,22,2,positive,dataset1
513,39,8,1,positive,dataset1
513,84,26,1,positive,dataset1
514,42,23,2,positive,dataset1
515,3,12,2,positive,dataset1
515,3,14,1,positive,dataset1
515,21,17,2,positive,dataset1
515,39,12,2,positive,dataset1
515,60,12,2,positive,dataset1
516,3,14,2,positive,dataset1
517,3,2,1,positive,dataset1
517,21,2,2,positive,dataset1
517,21,17,2,positive,dataset1
517,21,21,2,positive,dataset1
517,21,22,1,positive,dataset1
518,3,7,2,positive,dataset1
519,3,21,1,positive,dataset1
519,21,21,1,positive,dataset1
519,35,2,1,positive,dataset1
519,52,21,1,positive,dataset1
520,3,12,2,positive,dataset1
521,60,22,2,positive,dataset1
522,42,23,1,positive,dataset1
523,3,7,2,positive,dataset1
523,3,14,2,positive,dataset1
523,58,5,2,positive,dataset1
524,3,21,2,positive,dataset1
524,21,21,2,positive,dataset1
524,68,21,2,positive,dataset1
525,39,8,1,positive,dataset1
526,60,22,1,positive,dataset1
527,3,2,1,positive,dataset1
527,21,26,1,positive,dataset1
528,3,26,2,positive,dataset1
528,21,21,2,positive,dataset1
528,60,21,2,positive,dataset1
529,5,10,2,positive,dataset1
530,1,26,1,positive,dataset1
530,3,5,1,positive,dataset1
530,3,13,1,positive,dataset1
530,3,18,1,positive,dataset1
530,31,15,1,positive,dataset1
530,35,5,1,positive,dataset1
530,35,18,1,positive,dataset1
531,60,17,2,positive,dataset1
532,71,12,2,positive,dataset1
533,3,26,1,positive,dataset1
533,39,6,2,positive,dataset1
533,58,6,2,positive,dataset1
533,84,26,1,positive,dataset1
534,1,26,1,positive,dataset1
534,21,16,1,positive,dataset1
534,21,22,2,positive,dataset1
534,35,2,2,positive,dataset1
534,42,23,2,positive,dataset1
534,84,16,1,positive,dataset1
535,81,22,1,positive,dataset1
536,75,10,2,positive,dataset1
537,3,26,1,positive,dataset1
537,84,26,1,positive,dataset1
538,42,23,2,positive,dataset1
539,42,23,2,positive,dataset1
540,42,23,2,positive,dataset1
541,21,22,2,positive,dataset1
541,73,2,1,positive,dataset1
542,42,23,1,positive,dataset1
543,39,6,1,positive,dataset1
544,42,23,1,positive,dataset1
545,3,2,2,positive,dataset1
545,73,2,2,positive,dataset1
546,1,26,1,positive,dataset1
546,31,2,1,positive,dataset1
546,42,23,2,positive,dataset1
547,42,23,2,positive,dataset1
548,21,15,1,positive,dataset1
549,3,7,2,positive,dataset1
549,3,14,2,positive,dataset1
549,21,8,1,positive,dataset1
549,21,9,1,positive,dataset1
549,25,7,2,positive,dataset1
549,31,9,1,positive,dataset1
549,35,2,1,positive,dataset1
549,42,23,1,positive,dataset1
549,65,7,2,positive,dataset1
549,84,7,2,positive,dataset1
550,39,8,1,positive,dataset1
551,42,23,2,positive,dataset1
552,39,26,1,positive,dataset1
553,39,26,1,positive,dataset1
554,42,23,1,positive,dataset1
555,39,26,1,positive,dataset1
556,42,23,2,positive,dataset1
557,42,23,1,positive,dataset1
558,3,9,1,positive,dataset1
558,42,23,1,positive,dataset1
559,41,17,2,positive,dataset1
560,35,2,1,positive,dataset1
560,72,25,1,positive,dataset1
561,3,14,2,positive,dataset1
562,3,2,2,positive,dataset1
562,60,2,2,positive,dataset1
563,39,26,1,positive,dataset1
564,54,2,2,positive,dataset1
565,35,2,1,positive,dataset1
565,41,15,1,positive,dataset1
566,75,16,1,positive,dataset1
567,21,18,2,positive,dataset1
568,3,2,2,positive,dataset1
568,21,22,1,positive,dataset1
569,21,22,2,positive,dataset1
569,60,22,1,positive,dataset1
570,21,21,2,positive,dataset1
570,21,26,1,positive,dataset1
571,35,2,1,positive,dataset1
572,21,16,2,positive,dataset1
572,21,26,1,positive,dataset1
573,3,26,1,positive,dataset1
573,39,5,2,positive,dataset1
573,49,26,2,positive,dataset1
573,54,0,2,positive,dataset1
573,71,12,1,positive,dataset1
573,84,26,1,positive,dataset1
574,64,4,1,positive,dataset1
575,3,14,2,positive,dataset1
575,3,26,2,positive,dataset1
575,21,17,1,positive,dataset1
575,21,26,2,positive,dataset1
575,39,26,2,positive,dataset1
575,53,26,2,positive,dataset1
576,3,7,2,positive,dataset1
576,12,19,2,positive,dataset1
576,21,6,2,positive,dataset1
576,21,16,2,positive,dataset1
576,21,26,2,positive,dataset1
576,34,23,2,positive,dataset1
576,39,6,2,positive,dataset1
576,42,23,2,positive,dataset1
576,60,22,1,positive,dataset1
576,75,10,1,positive,dataset1
576,84,7,2,positive,dataset1
576,84,16,2,positive,dataset1
576,84,26,2,positive,dataset1
577,54,2,2,positive,dataset1
578,39,26,1,positive,dataset1
579,21,10,2,positive,dataset1
580,39,26,1,positive,dataset1
581,31,22,1,positive,dataset1
582,3,2,2,positive,dataset1
582,3,12,2,positive,dataset1
582,3,14,2,positive,dataset1
582,21,12,2,positive,dataset1
582,21,16,2,positive,dataset1
582,21,17,1,positive,dataset1
582,21,22,1,positive,dataset1
582,21,26,2,positive,dataset1
582,35,2,1,positive,dataset1
582,39,12,1,positive,dataset1
582,60,2,2,positive,dataset1
582,73,2,2,positive,dataset1
583,52,6,1,positive,dataset1
584,1,5,1,positive,dataset1
584,58,6,2,positive,dataset1
585,41,17,2,positive,dataset1
586,3,26,2,positive,dataset1
586,21,26,2,positive,dataset1
586,39,26,2,positive,dataset1
586,84,26,2,positive,dataset1
587,21,22,1,positive,dataset1
587,21,22,2,positive,dataset1
588,42,23,2,positive,dataset1
589,39,26,1,positive,dataset1
590,21,16,1,positive,dataset1
591,3,14,1,positive,dataset1
591,21,15,2,positive,dataset1
592,3,14,1,positive,dataset1
593,3,14,1,positive,dataset1
594,31,22,1,positive,dataset1
595,3,22,1,positive,dataset1
596,35,2,1,positive,dataset1
597,35,2,1,positive,dataset1
598,39,6,2,positive,dataset1
599,21,2,2,positive,dataset1
600,21,26,2,positive,dataset1
600,39,26,2,positive,dataset1
601,17,4,2,positive,dataset1
602,3,0,1,positive,dataset1
603,3,14,2,positive,dataset1
604,3,7,1,positive,dataset1
604,25,7,1,positive,dataset1
604,65,7,1,positive,dataset1
604,84,7,1,positive,dataset1
605,3,22,1,positive,dataset1
605,21,22,1,positive,dataset1
606,39,6,1,positive,dataset1
606,58,6,1,positive,dataset1
607,3,26,2,positive,dataset1
607,60,2,1,positive,dataset1
608,3,5,2,positive,dataset1
609,54,2,1,positive,dataset1
609,60,2,1,positive,dataset1
610,35,2,1,positive,dataset1
611,21,26,2,positive,dataset1
612,39,26,1,positive,dataset1
613,21,8,1,positive,dataset1
613,45,0,1,positive,dataset1
614,21,17,1,positive,dataset1
615,42,23,1,positive,dataset1
616,21,22,1,positive,dataset1
616,35,2,1,positive,dataset1
617,39,6,2,positive,dataset1
618,41,16,2,positive,dataset1
619,35,2,1,positive,dataset1
620,39,8,1,positive,dataset1
621,39,8,1,positive,dataset1
622,21,22,2,positive,dataset1
623,60,2,2,positive,dataset1
624,3,13,1,positive,dataset1
625,3,2,1,positive,dataset1
626,73,2,1,positive,dataset1
627,42,23,2,positive,dataset1
628,3,2,1,positive,dataset1
629,39,6,2,positive,dataset1
630,84,5,1,positive,dataset1
631,68,1,1,positive,dataset1
631,84,5,1,positive,dataset1
632,31,2,1,positive,dataset1
632,60,2,1,positive,dataset1
632,79,2,1,positive,dataset1
633,39,6,2,positive,dataset1
634,42,23,1,positive,dataset1
634,60,22,1,positive,dataset1
635,3,12,1,positive,dataset1
635,72,2,2,positive,dataset1
636,3,12,1,positive,dataset1
636,21,26,1,positive,dataset1
636,60,26,1,positive,dataset1
637,60,22,1,positive,dataset1
638,21,22,2,positive,dataset1
639,3,14,2,positive,dataset1
640,21,14,1,positive,dataset1
640,21,26,1,positive,dataset1
640,71,14,1,positive,dataset1
641,42,23,2,positive,dataset1
642,39,26,1,positive,dataset1
643,39,26,1,positive,dataset1
644,3,14,2,positive,dataset1
645,3,14,1,positive,dataset1
646,60,22,1,positive,dataset1
647,39,26,2,positive,dataset1
648,3,14,2,positive,dataset1
648,21,22,1,positive,dataset1
649,58,6,1,positive,dataset1
650,72,25,1,positive,dataset1
651,79,2,1,positive,dataset1
652,4,2,2,positive,dataset1
652,21,17,1,positive,dataset1
652,41,15,1,positive,dataset1
652,49,2,2,positive,dataset1
652,55,2,2,positive,dataset1
652,60,22,2,positive,dataset1
653,12,19,2,positive,dataset1
654,3,26,1,positive,dataset1
654,21,26,1,positive,dataset1
655,3,14,2,positive,dataset1
655,3,22,2,positive,dataset1
655,18,22,2,positive,dataset1
655,21,22,2,positive,dataset1
655,60,20,2,positive,dataset1
655,75,10,1,positive,dataset1
656,3,14,2,positive,dataset1
657,80,2,1,positive,dataset1
658,21,2,2,positive,dataset1
658,21,8,1,positive,dataset1
658,21,17,1,positive,dataset1
658,31,2,2,positive,dataset1
659,3,14,2,positive,dataset1
660,54,2,1,positive,dataset1
661,3,14,2,positive,dataset1
662,42,23,1,positive,dataset1
663,3,2,2,positive,dataset1
663,21,2,2,positive,dataset1
664,21,21,1,positive,dataset1
664,21,22,1,positive,dataset1
665,60,22,1,positive,dataset1
665,84,26,2,positive,dataset1
666,31,15,2,positive,dataset1
667,60,22,1,positive,dataset1
668,28,4,1,positive,dataset1
669,21,8,1,positive,dataset1
669,39,8,1,positive,dataset1
670,73,2,1,positive,dataset1
671,84,5,1,positive,dataset1
672,0,5,1,positive,dataset1
672,84,5,1,positive,dataset1
673,39,12,1,positive,dataset1
673,58,12,1,positive,dataset1
673,63,12,1,positive,dataset1
674,39,12,1,positive,dataset1
674,58,12,1,positive,dataset1
674,63,12,1,positive,dataset1
675,39,12,1,positive,dataset1
675,58,12,1,positive,dataset1
675,63,12,1,positive,dataset1
676,3,26,1,positive,dataset1
676,21,3,1,positive,dataset1
676,58,12,1,positive,dataset1
676,84,26,1,positive,dataset1
677,3,14,2,positive,dataset1
677,21,22,2,positive,dataset1
678,3,2,2,positive,dataset1
679,21,8,1,positive,dataset1
680,35,2,1,positive,dataset1
681,3,2,1,positive,dataset1
681,3,2,2,positive,dataset1
681,3,12,2,positive,dataset1
682,39,6,2,positive,dataset1
683,3,2,1,positive,dataset1
684,39,26,1,positive,dataset1
685,3,14,1,positive,dataset1
686,41,17,1,positive,dataset1
687,3,2,2,positive,dataset1
688,21,22,1,positive,dataset1
689,3,14,1,positive,dataset1
690,21,10,2,positive,dataset1
690,21,22,2,positive,dataset1
690,41,17,1,positive,dataset1
690,60,22,2,positive,dataset1
690,73,2,1,positive,dataset1
691,21,26,2,positive,dataset1
691,39,6,2,positive,dataset1
692,39,6,2,positive,dataset1
693,21,26,1,positive,dataset1
694,39,26,1,positive,dataset1
695,3,14,1,positive,dataset1
696,35,2,1,positive,dataset1
697,3,14,1,positive,dataset1
698,3,14,1,positive,dataset1
699,3,14,1,positive,dataset1
700,3,14,1,positive,dataset1
701,3,14,1,positive,dataset1
702,21,8,1,positive,dataset1
702,73,2,1,positive,dataset1
703,21,17,2,positive,dataset1
703,42,23,1,positive,dataset1
704,84,5,1,positive,dataset1
705,21,8,1,positive,dataset1
706,3,2,1,positive,dataset1
706,21,22,1,positive,dataset1
706,21,22,2,positive,dataset1
707,21,2,1,positive,dataset1
708,3,14,1,positive,dataset1
709,3,14,1,positive,dataset1
710,3,14,1,positive,dataset1
710,39,8,1,positive,dataset1
710,60,17,2,positive,dataset1
711,39,26,1,positive,dataset1
712,72,25,1,positive,dataset1
713,21,8,2,positive,dataset1
713,39,6,2,positive,dataset1
714,39,6,1,positive,dataset1
714,58,6,1,positive,dataset1
714,60,15,1,positive,dataset1
715,1,26,1,positive,dataset1
715,3,1,1,positive,dataset1
715,3,13,1,positive,dataset1
715,3,13,2,positive,dataset1
715,3,14,1,positive,dataset1
715,21,1,1,positive,dataset1
715,21,15,2,positive,dataset1
715,31,15,1,positive,dataset1
716,21,16,2,positive,dataset1
717,21,26,1,positive,dataset1
718,3,7,1,positive,dataset1
718,25,7,1,positive,dataset1
718,65,7,1,positive,dataset1
718,84,7,1,positive,dataset1
719,1,26,1,positive,dataset1
719,31,22,1,positive,dataset1
719,60,22,1,positive,dataset1
720,3,26,1,positive,dataset1
720,21,8,1,positive,dataset1
720,39,8,1,positive,dataset1
720,84,26,1,positive,dataset1
721,3,2,2,positive,dataset2
721,3,22,1,positive,dataset2
721,3,26,2,positive,dataset2
721,21,17,2,positive,dataset2
721,21,22,1,positive,dataset2
721,21,22,2,positive,dataset2
721,21,47,2,positive,dataset2
721,29,48,1,positive,dataset2
721,39,5,1,positive,dataset2
721,39,6,2,positive,dataset2
721,40,2,1,positive,dataset2
721,41,6,2,positive,dataset2
721,41,15,2,positive,dataset2
721,41,17,2,positive,dataset2
721,47,38,1,positive,dataset2
721,58,6,1,positive,dataset2
721,60,17,2,positive,dataset2
721,73,2,1,positive,dataset2
721,83,18,2,positive,dataset2
721,84,26,2,positive,dataset2
721,89,2,2,positive,dataset2
721,96,6,2,positive,dataset2
722,1,26,1,positive,dataset2
722,3,2,1,positive,dataset2
722,3,2,2,positive,dataset2
722,3,13,2,positive,dataset2
722,21,8,2,positive,dataset2
722,21,22,1,positive,dataset2
722,21,22,2,positive,dataset2
722,21,31,2,positive,dataset2
722,39,5,1,positive,dataset2
722,41,17,2,positive,dataset2
722,58,6,2,positive,dataset2
722,60,15,2,positive,dataset2
722,89,2,2,positive,dataset2
723,3,2,1,positive,dataset2
723,3,2,2,positive,dataset2
723,21,8,2,positive,dataset2
723,21,17,1,positive,dataset2
723,21,22,1,positive,dataset2
723,21,22,2,positive,dataset2
723,26,18,2,positive,dataset2
723,39,23,1,positive,dataset2
723,41,17,2,positive,dataset2
723,42,23,1,positive,dataset2
723,47,38,1,positive,dataset2
723,56,22,2,positive,dataset2
723,58,6,2,positive,dataset2
723,60,17,2,positive,dataset2
723,60,22,2,positive,dataset2
723,73,2,1,positive,dataset2
723,73,2,2,positive,dataset2
723,74,24,2,positive,dataset2
723,89,2,2,positive,dataset2
724,21,22,1,positive,dataset2
724,31,24,2,positive,dataset2
724,74,24,2,positive,dataset2
725,3,2,1,positive,dataset2
725,3,2,2,positive,dataset2
725,3,6,2,positive,dataset2
725,3,21,2,positive,dataset2
725,3,26,2,positive,dataset2
725,3,30,1,positive,dataset2
725,21,2,1,positive,dataset2
725,21,17,1,positive,dataset2
725,21,17,2,positive,dataset2
725,21,21,2,positive,dataset2
725,21,22,1,positive,dataset2
725,21,22,2,positive,dataset2
725,21,23,2,positive,dataset2
725,21,30,1,positive,dataset2
725,21,30,2,positive,dataset2
725,21,31,2,positive,dataset2
725,21,35,1,positive,dataset2
725,21,49,2,positive,dataset2
725,21,50,2,positive,dataset2
725,22,17,1,positive,dataset2
725,26,18,1,positive,dataset2
725,31,2,1,positive,dataset2
725,31,15,2,positive,dataset2
725,31,24,1,positive,dataset2
725,31,24,2,positive,dataset2
725,35,6,2,positive,dataset2
725,35,30,1,positive,dataset2
725,39,6,1,positive,dataset2
725,39,26,2,positive,dataset2
725,40,2,1,positive,dataset2
725,41,15,2,positive,dataset2
725,41,17,2,positive,dataset2
725,42,23,2,positive,dataset2
725,42,29,1,positive,dataset2
725,42,49,2,positive,dataset2
725,52,41,2,positive,dataset2
725,54,2,2,positive,dataset2
725,58,6,1,positive,dataset2
725,58,6,2,positive,dataset2
725,60,2,1,positive,dataset2
725,60,2,2,positive,dataset2
725,60,6,2,positive,dataset2
725,60,17,2,positive,dataset2
725,60,22,2,positive,dataset2
725,60,24,1,positive,dataset2
725,71,12,1,positive,dataset2
725,73,2,2,positive,dataset2
725,83,18,1,positive,dataset2
725,83,18,2,positive,dataset2
725,84,5,1,positive,dataset2
725,84,6,2,positive,dataset2
725,84,26,2,positive,dataset2
725,89,2,2,positive,dataset2
725,90,6,2,positive,dataset2
725,98,18,1,positive,dataset2
725,98,18,2,positive,dataset2
725,100,17,1,positive,dataset2
726,3,12,1,positive,dataset2
726,3,12,2,positive,dataset2
726,3,21,1,positive,dataset2
726,12,19,2,positive,dataset2
726,12,21,2,positive,dataset2
726,21,17,2,positive,dataset2
726,21,22,2,positive,dataset2
726,21,25,1,positive,dataset2
726,21,26,2,positive,dataset2
726,21,49,2,positive,dataset2
726,21,51,1,positive,dataset2
726,31,24,2,positive,dataset2
726,39,5,2,positive,dataset2
726,39,12,2,positive,dataset2
726,39,23,2,positive,dataset2
726,41,17,2,positive,dataset2
726,42,23,2,positive,dataset2
726,42,29,2,positive,dataset2
726,42,49,2,positive,dataset2
726,54,2,1,positive,dataset2
726,58,6,2,positive,dataset2
726,58,12,2,positive,dataset2
726,60,15,2,positive,dataset2
726,60,17,2,positive,dataset2
726,60,24,2,positive,dataset2
726,68,21,1,positive,dataset2
726,71,12,2,positive,dataset2
726,73,2,2,positive,dataset2
726,75,28,2,positive,dataset2
726,84,5,1,positive,dataset2
726,84,26,2,positive,dataset2
726,97,0,1,positive,dataset2
726,101,6,2,positive,dataset2
727,3,2,2,positive,dataset2
727,89,2,2,positive,dataset2
728,21,26,1,positive,dataset2
728,73,2,1,positive,dataset2
729,21,22,2,positive,dataset2
730,31,2,1,positive,dataset2
731,21,17,2,positive,dataset2
731,21,22,2,positive,dataset2
731,21,26,2,positive,dataset2
731,21,42,1,positive,dataset2
731,26,18,1,positive,dataset2
731,31,2,1,positive,dataset2
731,31,24,1,positive,dataset2
731,39,6,1,positive,dataset2
731,39,26,2,positive,dataset2
731,41,17,2,positive,dataset2
731,60,22,2,positive,dataset2
731,66,12,2,positive,dataset2
731,71,12,1,positive,dataset2
731,73,2,1,positive,dataset2
731,83,18,1,positive,dataset2
731,101,6,2,positive,dataset2
732,31,2,1,positive,dataset2
732,60,2,1,positive,dataset2
732,103,26,1,positive,dataset2
733,3,2,1,positive,dataset2
733,3,2,2,positive,dataset2
733,3,22,1,positive,dataset2
733,3,26,1,positive,dataset2
733,21,2,1,positive,dataset2
733,21,10,2,positive,dataset2
733,21,12,2,positive,dataset2
733,21,17,1,positive,dataset2
733,21,17,2,positive,dataset2
733,21,22,1,positive,dataset2
733,21,22,2,positive,dataset2
733,21,26,1,positive,dataset2
733,28,17,2,positive,dataset2
733,29,48,1,positive,dataset2
733,35,2,2,positive,dataset2
733,39,6,1,positive,dataset2
733,39,23,1,positive,dataset2
733,39,26,1,positive,dataset2
733,41,10,2,positive,dataset2
733,41,17,1,positive,dataset2
733,41,17,2,positive,dataset2
733,42,23,1,positive,dataset2
733,58,6,1,positive,dataset2
733,58,6,2,positive,dataset2
733,60,15,2,positive,dataset2
733,60,17,2,positive,dataset2
733,60,22,1,positive,dataset2
733,73,2,2,positive,dataset2
733,75,28,2,positive,dataset2
733,84,26,1,positive,dataset2
734,21,15,2,positive,dataset2
734,95,17,2,positive,dataset2
735,18,22,2,positive,dataset2
735,75,28,1,positive,dataset2
735,95,17,2,positive,dataset2
736,3,2,1,positive,dataset2
736,21,5,1,positive,dataset2
736,21,17,1,positive,dataset2
736,21,17,2,positive,dataset2
736,21,22,1,positive,dataset2
736,21,52,2,positive,dataset2
736,29,48,1,positive,dataset2
736,39,5,1,positive,dataset2
736,39,6,2,positive,dataset2
736,41,17,1,positive,dataset2
736,41,17,2,positive,dataset2
736,42,23,1,positive,dataset2
736,58,6,2,positive,dataset2
736,60,2,1,positive,dataset2
736,60,2,2,positive,dataset2
736,60,17,2,positive,dataset2
736,60,24,2,positive,dataset2
736,71,5,1,positive,dataset2
736,71,12,1,positive,dataset2
736,73,2,2,positive,dataset2
736,75,28,2,positive,dataset2
736,104,5,1,positive,dataset2
737,3,2,2,positive,dataset2
737,3,26,2,positive,dataset2
737,15,21,2,positive,dataset2
737,21,6,1,positive,dataset2
737,21,8,2,positive,dataset2
737,21,17,1,positive,dataset2
737,21,17,2,positive,dataset2
737,21,22,2,positive,dataset2
737,21,26,2,positive,dataset2
737,21,42,2,positive,dataset2
737,35,21,2,positive,dataset2
737,39,5,1,positive,dataset2
737,39,26,2,positive,dataset2
737,47,38,1,positive,dataset2
737,56,22,2,positive,dataset2
737,58,6,1,positive,dataset2
737,60,2,2,positive,dataset2
737,60,17,2,positive,dataset2
737,60,22,2,positive,dataset2
737,60,26,2,positive,dataset2
737,62,17,2,positive,dataset2
737,71,12,1,positive,dataset2
737,73,2,1,positive,dataset2
737,83,18,2,positive,dataset2
737,95,17,1,positive,dataset2
737,98,18,2,positive,dataset2
737,105,12,2,positive,dataset2
737,106,12,2,positive,dataset2
738,21,26,1,positive,dataset2
738,95,17,2,positive,dataset2
739,3,12,1,positive,dataset2
739,21,15,2,positive,dataset2
739,21,42,2,positive,dataset2
739,42,23,1,positive,dataset2
739,58,6,1,positive,dataset2
739,75,28,2,positive,dataset2
739,95,17,2,positive,dataset2
740,3,0,1,positive,dataset2
740,3,2,1,positive,dataset2
740,3,2,2,positive,dataset2
740,3,26,1,positive,dataset2
740,6,0,2,positive,dataset2
740,21,2,1,positive,dataset2
740,21,12,2,positive,dataset2
740,21,17,1,positive,dataset2
740,21,17,2,positive,dataset2
740,21,22,1,positive,dataset2
740,21,23,2,positive,dataset2
740,21,30,1,positive,dataset2
740,21,35,1,positive,dataset2
740,39,6,2,positive,dataset2
740,41,17,2,positive,dataset2
740,42,23,1,positive,dataset2
740,42,23,2,positive,dataset2
740,58,6,1,positive,dataset2
740,60,17,2,positive,dataset2
740,60,22,1,positive,dataset2
740,60,22,2,positive,dataset2
740,60,24,2,positive,dataset2
740,71,12,1,positive,dataset2
740,73,2,2,positive,dataset2
740,75,28,1,positive,dataset2
740,89,2,2,positive,dataset2
740,90,17,1,positive,dataset2
740,95,17,2,positive,dataset2
740,99,24,2,positive,dataset2
741,95,17,2,positive,dataset2
742,3,6,1,positive,dataset2
742,35,6,1,positive,dataset2
742,42,23,1,positive,dataset2
742,60,6,1,positive,dataset2
742,84,6,1,positive,dataset2
742,90,6,1,positive,dataset2
742,95,17,2,positive,dataset2
742,97,0,2,positive,dataset2
743,3,2,2,positive,dataset2
743,3,6,1,positive,dataset2
743,6,0,2,positive,dataset2
743,21,2,1,positive,dataset2
743,21,10,1,positive,dataset2
743,21,17,1,positive,dataset2
743,21,22,2,positive,dataset2
743,21,26,2,positive,dataset2
743,21,35,1,positive,dataset2
743,21,49,1,positive,dataset2
743,35,6,1,positive,dataset2
743,39,6,1,positive,dataset2
743,39,6,2,positive,dataset2
743,39,26,1,positive,dataset2
743,41,17,1,positive,dataset2
743,42,23,1,positive,dataset2
743,42,23,2,positive,dataset2
743,42,49,1,positive,dataset2
743,58,6,1,positive,dataset2
743,60,2,1,positive,dataset2
743,60,6,1,positive,dataset2
743,60,17,2,positive,dataset2
743,60,22,1,positive,dataset2
743,60,24,2,positive,dataset2
743,71,12,1,positive,dataset2
743,73,2,1,positive,dataset2
743,74,24,2,positive,dataset2
743,83,18,1,positive,dataset2
743,83,18,2,positive,dataset2
743,84,6,1,positive,dataset2
743,89,2,2,positive,dataset2
743,90,6,1,positive,dataset2
743,95,17,2,positive,dataset2
743,97,0,1,positive,dataset2
743,98,18,1,positive,dataset2
743,98,18,2,positive,dataset2
743,99,24,2,positive,dataset2
744,58,6,2,positive,dataset2
744,83,18,2,positive,dataset2
744,98,18,2,positive,dataset2
745,58,6,2,positive,dataset2
746,21,26,1,positive,dataset2
747,21,22,1,positive,dataset2
747,21,26,1,positive,dataset2
747,26,18,2,positive,dataset2
747,39,6,2,positive,dataset2
747,39,26,1,positive,dataset2
747,42,23,1,positive,dataset2
747,60,17,2,positive,dataset2
748,21,22,1,positive,dataset2
748,21,35,1,positive,dataset2
748,58,6,2,positive,dataset2
748,60,17,1,positive,dataset2
748,71,12,1,positive,dataset2
749,21,26,2,positive,dataset2
749,21,49,2,positive,dataset2
749,31,24,2,positive,dataset2
749,42,49,2,positive,dataset2
749,58,6,1,positive,dataset2
749,58,6,2,positive,dataset2
749,83,18,1,positive,dataset2
749,98,18,1,positive,dataset2
750,21,26,2,positive,dataset2
750,58,6,1,positive,dataset2
750,58,6,2,positive,dataset2
750,83,18,1,positive,dataset2
750,98,18,1,positive,dataset2
751,95,17,1,positive,dataset2
752,60,32,1,positive,dataset2
753,58,6,2,positive,dataset2
753,60,32,1,positive,dataset2
753,75,28,2,positive,dataset2
754,12,19,1,positive,dataset2
754,21,6,2,positive,dataset2
754,39,23,1,positive,dataset2
754,40,2,1,positive,dataset2
754,42,23,1,positive,dataset2
754,54,2,1,positive,dataset2
754,58,6,1,positive,dataset2
754,58,6,2,positive,dataset2
754,60,17,1,positive,dataset2
754,71,12,2,positive,dataset2
754,73,2,1,positive,dataset2
754,97,0,2,positive,dataset2
755,75,28,2,positive,dataset2
756,42,23,2,positive,dataset2
756,60,17,2,positive,dataset2
756,60,24,1,positive,dataset2
756,83,18,2,positive,dataset2
756,98,18,2,positive,dataset2
757,31,37,2,positive,dataset2
758,42,23,1,positive,dataset2
758,58,6,2,positive,dataset2
759,12,19,1,positive,dataset2
759,21,26,2,positive,dataset2
759,47,38,2,positive,dataset2
759,58,6,1,positive,dataset2
759,58,6,2,positive,dataset2
759,84,6,1,positive,dataset2
760,42,23,2,positive,dataset2
760,83,18,1,positive,dataset2
760,98,18,1,positive,dataset2
761,21,23,1,positive,dataset2
761,40,2,2,positive,dataset2
761,42,23,2,positive,dataset2
761,60,37,1,positive,dataset2
761,71,12,2,positive,dataset2
762,21,25,2,positive,dataset2
762,40,2,1,positive,dataset2
762,72,25,2,positive,dataset2
763,42,23,1,positive,dataset2
763,58,6,2,positive,dataset2
764,3,12,2,positive,dataset2
764,3,53,1,positive,dataset2
764,12,19,1,positive,dataset2
764,12,53,1,positive,dataset2
764,21,12,1,positive,dataset2
764,21,12,2,positive,dataset2
764,39,5,2,positive,dataset2
764,39,6,1,positive,dataset2
764,39,12,1,positive,dataset2
764,39,12,2,positive,dataset2
764,39,26,2,positive,dataset2
764,40,2,1,positive,dataset2
764,41,15,2,positive,dataset2
764,58,6,1,positive,dataset2
764,58,6,2,positive,dataset2
764,58,12,2,positive,dataset2
764,60,12,2,positive,dataset2
764,71,12,1,positive,dataset2
764,71,12,2,positive,dataset2
764,84,12,2,positive,dataset2
765,3,26,2,positive,dataset2
765,21,26,2,positive,dataset2
765,39,26,2,positive,dataset2
765,47,38,2,positive,dataset2
765,58,6,1,positive,dataset2
765,84,26,2,positive,dataset2
766,12,19,2,positive,dataset2
766,60,24,2,positive,dataset2
767,21,17,2,positive,dataset2
767,21,23,1,positive,dataset2
767,21,35,1,positive,dataset2
767,26,18,2,positive,dataset2
767,41,17,2,positive,dataset2
767,60,17,1,positive,dataset2
767,73,2,2,positive,dataset2
767,83,18,2,positive,dataset2
768,47,38,2,positive,dataset2
768,58,5,2,positive,dataset2
768,58,6,1,positive,dataset2
768,71,12,2,positive,dataset2
769,95,17,1,positive,dataset2
770,26,18,1,positive,dataset2
770,40,2,1,positive,dataset2
770,42,23,2,positive,dataset2
770,54,2,1,positive,dataset2
770,60,17,1,positive,dataset2
770,71,12,2,positive,dataset2
770,83,18,1,positive,dataset2
771,71,12,2,positive,dataset2
772,3,12,2,positive,dataset2
772,39,23,1,positive,dataset2
772,42,23,1,positive,dataset2
772,58,6,2,positive,dataset2
772,71,12,2,positive,dataset2
772,73,2,2,positive,dataset2
773,3,12,1,positive,dataset2
774,3,2,2,positive,dataset2
774,24,2,2,positive,dataset2
774,26,18,1,positive,dataset2
774,60,17,1,positive,dataset2
774,83,18,1,positive,dataset2
775,21,26,2,positive,dataset2
776,21,35,1,positive,dataset2
776,39,23,1,positive,dataset2
776,40,2,2,positive,dataset2
776,41,17,2,positive,dataset2
776,42,23,1,positive,dataset2
776,47,38,2,positive,dataset2
776,73,2,1,positive,dataset2
777,3,12,1,positive,dataset2
777,21,17,1,positive,dataset2
777,26,18,1,positive,dataset2
777,39,23,1,positive,dataset2
777,42,23,1,positive,dataset2
777,60,17,1,positive,dataset2
777,83,18,1,positive,dataset2
778,3,26,2,positive,dataset2
778,21,26,2,positive,dataset2
778,39,26,1,positive,dataset2
778,39,26,2,positive,dataset2
778,58,6,1,positive,dataset2
778,58,6,2,positive,dataset2
778,71,12,2,positive,dataset2
778,83,18,1,positive,dataset2
778,84,26,2,positive,dataset2
778,98,18,1,positive,dataset2
779,21,35,1,positive,dataset2
779,39,6,1,positive,dataset2
779,60,17,1,positive,dataset2
780,21,17,1,positive,dataset2
781,3,37,2,positive,dataset2
781,21,15,2,positive,dataset2
781,21,22,1,positive,dataset2
781,26,18,1,positive,dataset2
781,40,2,2,positive,dataset2
781,42,23,2,positive,dataset2
781,60,17,1,positive,dataset2
781,73,2,1,positive,dataset2
781,83,18,1,positive,dataset2
782,3,12,1,positive,dataset2
782,40,2,1,positive,dataset2
782,58,6,2,positive,dataset2
782,73,2,1,positive,dataset2
782,101,6,2,positive,dataset2
783,21,35,1,positive,dataset2
783,25,2,2,positive,dataset2
783,39,2,2,positive,dataset2
783,52,2,2,positive,dataset2
783,60,2,2,positive,dataset2
783,60,17,1,positive,dataset2
783,102,2,2,positive,dataset2
784,95,17,1,positive,dataset2
785,3,12,1,positive,dataset2
785,21,22,1,positive,dataset2
785,21,35,1,positive,dataset2
785,39,23,1,positive,dataset2
785,42,23,1,positive,dataset2
785,73,2,1,positive,dataset2
785,83,18,1,positive,dataset2
785,95,17,1,positive,dataset2
785,98,18,1,positive,dataset2
786,3,2,2,positive,dataset2
786,21,2,2,positive,dataset2
786,21,17,2,positive,dataset2
786,31,2,2,positive,dataset2
786,39,23,1,positive,dataset2
786,42,23,1,positive,dataset2
786,58,6,1,positive,dataset2
786,58,6,2,positive,dataset2
787,21,35,1,positive,dataset2
788,21,35,1,positive,dataset2
788,39,23,1,positive,dataset2
788,42,23,1,positive,dataset2
789,26,18,1,positive,dataset2
789,60,17,1,positive,dataset2
789,83,18,1,positive,dataset2
790,3,26,2,positive,dataset2
790,21,26,2,positive,dataset2
790,39,26,2,positive,dataset2
790,58,6,2,positive,dataset2
790,75,28,1,positive,dataset2
790,84,26,2,positive,dataset2
790,107,2,1,positive,dataset2
791,21,6,2,positive,dataset2
792,3,2,1,positive,dataset2
792,3,2,2,positive,dataset2
792,3,12,2,positive,dataset2
792,3,21,2,positive,dataset2
792,3,25,2,positive,dataset2
792,15,2,2,positive,dataset2
792,15,21,2,positive,dataset2
792,18,22,2,positive,dataset2
792,21,6,2,positive,dataset2
792,21,12,2,positive,dataset2
792,21,17,1,positive,dataset2
792,21,17,2,positive,dataset2
792,21,25,1,positive,dataset2
792,21,26,2,positive,dataset2
792,21,39,2,positive,dataset2
792,21,49,2,positive,dataset2
792,31,2,1,positive,dataset2
792,32,24,2,positive,dataset2
792,34,23,2,positive,dataset2
792,35,2,2,positive,dataset2
792,35,21,2,positive,dataset2
792,35,39,2,positive,dataset2
792,39,2,2,positive,dataset2
792,41,17,1,positive,dataset2
792,41,17,2,positive,dataset2
792,42,49,2,positive,dataset2
792,65,45,1,positive,dataset2
792,71,12,2,positive,dataset2
792,75,2,2,positive,dataset2
792,75,28,2,positive,dataset2
793,21,26,2,positive,dataset2
793,60,32,1,positive,dataset2
794,42,23,2,positive,dataset2
794,107,2,1,positive,dataset2
795,21,17,2,positive,dataset2
795,21,26,2,positive,dataset2
795,21,42,2,positive,dataset2
795,40,2,1,positive,dataset2
795,42,23,1,positive,dataset2
795,73,2,2,positive,dataset2
796,83,18,1,positive,dataset2
796,98,18,1,positive,dataset2
797,83,18,1,positive,dataset2
797,98,18,1,positive,dataset2
798,60,2,2,positive,dataset2
799,3,13,1,positive,dataset2
799,3,26,1,positive,dataset2
799,12,19,1,positive,dataset2
799,21,12,1,positive,dataset2
799,21,17,1,positive,dataset2
799,21,26,1,positive,dataset2
799,21,42,1,positive,dataset2
799,26,18,2,positive,dataset2
799,31,2,1,positive,dataset2
799,31,2,2,positive,dataset2
799,33,2,1,positive,dataset2
799,39,6,1,positive,dataset2
799,39,12,1,positive,dataset2
799,39,18,1,positive,dataset2
799,39,23,1,positive,dataset2
799,42,2,1,positive,dataset2
799,42,23,1,positive,dataset2
799,42,29,2,positive,dataset2
799,54,2,2,positive,dataset2
799,58,6,1,positive,dataset2
799,60,2,1,positive,dataset2
799,60,15,1,positive,dataset2
799,60,17,1,positive,dataset2
799,60,22,1,positive,dataset2
799,71,12,1,positive,dataset2
799,75,28,2,positive,dataset2
799,83,18,1,positive,dataset2
799,83,18,2,positive,dataset2
799,84,26,1,positive,dataset2
799,90,2,1,positive,dataset2
799,98,18,1,positive,dataset2
799,98,18,2,positive,dataset2
800,21,22,2,positive,dataset2
800,71,12,2,positive,dataset2
800,95,17,1,positive,dataset2
801,21,17,2,positive,dataset2
801,41,17,1,positive,dataset2
801,41,17,2,positive,dataset2
801,42,23,2,positive,dataset2
801,58,6,2,positive,dataset2
801,108,17,1,positive,dataset2
802,21,17,2,positive,dataset2
802,41,17,2,positive,dataset2
802,42,23,1,positive,dataset2
802,42,23,2,positive,dataset2
802,58,6,2,positive,dataset2
802,72,25,1,positive,dataset2
802,84,5,1,positive,dataset2
802,95,17,1,positive,dataset2
803,31,2,1,positive,dataset2
803,39,21,1,positive,dataset2
803,42,23,1,positive,dataset2
803,73,2,2,positive,dataset2
803,107,2,1,positive,dataset2
804,21,22,1,positive,dataset2
804,21,35,1,positive,dataset2
804,39,23,2,positive,dataset2
804,42,23,2,positive,dataset2
804,47,38,2,positive,dataset2
805,58,6,2,positive,dataset2
805,60,32,1,positive,dataset2
805,72,25,2,positive,dataset2
806,95,17,1,positive,dataset2
807,26,18,2,positive,dataset2
807,83,18,2,positive,dataset2
807,95,17,1,positive,dataset2
807,98,18,2,positive,dataset2
808,3,12,1,positive,dataset2
808,60,2,2,positive,dataset2
808,83,18,1,positive,dataset2
808,83,18,2,positive,dataset2
808,98,18,1,positive,dataset2
808,98,18,2,positive,dataset2
809,3,26,1,positive,dataset2
809,58,6,1,positive,dataset2
809,73,2,2,positive,dataset2
810,3,12,1,positive,dataset2
810,83,18,2,positive,dataset2
810,98,18,2,positive,dataset2
810,107,2,2,positive,dataset2
811,3,37,1,positive,dataset2
812,26,18,2,positive,dataset2
812,42,23,1,positive,dataset2
812,58,6,1,positive,dataset2
812,83,18,2,positive,dataset2
812,98,18,2,positive,dataset2
812,107,2,2,positive,dataset2
813,3,37,1,positive,dataset2
814,58,6,1,positive,dataset2
814,58,6,2,positive,dataset2
815,21,12,1,positive,dataset2
815,21,22,1,positive,dataset2
815,47,38,2,positive,dataset2
815,58,6,1,positive,dataset2
815,58,6,2,positive,dataset2
816,21,35,1,positive,dataset2
816,31,2,2,positive,dataset2
816,31,24,2,positive,dataset2
816,39,6,2,positive,dataset2
816,42,23,2,positive,dataset2
816,42,29,2,positive,dataset2
816,58,6,2,positive,dataset2
816,72,25,1,positive,dataset2
816,73,2,2,positive,dataset2
816,74,24,1,positive,dataset2
817,3,0,2,positive,dataset2
817,3,2,1,positive,dataset2
817,3,2,2,positive,dataset2
817,3,26,2,positive,dataset2
817,3,30,2,positive,dataset2
817,21,2,2,positive,dataset2
817,21,15,2,positive,dataset2
817,21,17,2,positive,dataset2
817,21,22,2,positive,dataset2
817,21,26,1,positive,dataset2
817,21,32,2,positive,dataset2
817,21,47,2,positive,dataset2
817,29,13,1,positive,dataset2
817,31,2,2,positive,dataset2
817,31,24,1,positive,dataset2
817,39,26,1,positive,dataset2
817,42,17,1,positive,dataset2
817,42,23,1,positive,dataset2
817,42,23,2,positive,dataset2
817,47,38,1,positive,dataset2
817,60,5,2,positive,dataset2
817,60,17,2,positive,dataset2
817,60,22,2,positive,dataset2
817,71,12,2,positive,dataset2
817,73,2,1,positive,dataset2
817,73,2,2,positive,dataset2
817,83,18,1,positive,dataset2
817,84,26,2,positive,dataset2
817,97,0,2,positive,dataset2
817,109,17,2,positive,dataset2
818,3,12,2,positive,dataset2
818,3,39,2,positive,dataset2
818,26,18,1,positive,dataset2
818,35,39,2,positive,dataset2
818,84,5,2,positive,dataset2
819,3,2,2,positive,dataset2
819,21,42,2,positive,dataset2
819,24,2,2,positive,dataset2
819,42,23,2,positive,dataset2
819,54,2,2,positive,dataset2
819,89,2,2,positive,dataset2
820,3,12,2,positive,dataset2
820,26,18,1,positive,dataset2
820,52,41,1,positive,dataset2
820,95,17,1,positive,dataset2
821,21,15,1,positive,dataset2
821,21,22,1,positive,dataset2
821,21,26,1,positive,dataset2
821,26,18,2,positive,dataset2
821,39,26,1,positive,dataset2
821,58,6,2,positive,dataset2
821,83,18,2,positive,dataset2
821,95,17,1,positive,dataset2
822,0,2,2,positive,dataset2
822,3,2,1,positive,dataset2
822,3,2,2,positive,dataset2
822,3,13,1,positive,dataset2
822,3,25,1,positive,dataset2
822,3,33,1,positive,dataset2
822,3,50,2,positive,dataset2
822,12,19,2,positive,dataset2
822,12,53,1,positive,dataset2
822,21,17,1,positive,dataset2
822,21,17,2,positive,dataset2
822,21,21,2,positive,dataset2
822,21,22,1,positive,dataset2
822,21,26,2,positive,dataset2
822,21,30,2,positive,dataset2
822,21,31,1,positive,dataset2
822,21,40,2,positive,dataset2
822,21,42,2,positive,dataset2
822,21,49,2,positive,dataset2
822,26,18,1,positive,dataset2
822,29,13,1,positive,dataset2
822,30,19,1,positive,dataset2
822,31,2,2,positive,dataset2
822,35,33,1,positive,dataset2
822,39,2,1,positive,dataset2
822,39,5,2,positive,dataset2
822,39,6,1,positive,dataset2
822,39,6,2,positive,dataset2
822,39,12,2,positive,dataset2
822,39,26,2,positive,dataset2
822,41,15,1,positive,dataset2
822,41,17,1,positive,dataset2
822,41,17,2,positive,dataset2
822,42,2,1,positive,dataset2
822,42,23,1,positive,dataset2
822,42,23,2,positive,dataset2
822,42,29,1,positive,dataset2
822,42,49,2,positive,dataset2
822,58,5,2,positive,dataset2
822,58,6,2,positive,dataset2
822,60,2,1,positive,dataset2
822,60,5,2,positive,dataset2
822,60,17,2,positive,dataset2
822,60,22,2,positive,dataset2
822,60,24,1,positive,dataset2
822,60,24,2,positive,dataset2
822,71,12,1,positive,dataset2
822,71,40,2,positive,dataset2
822,72,25,1,positive,dataset2
822,73,2,2,positive,dataset2
822,75,28,1,positive,dataset2
822,75,28,2,positive,dataset2
822,75,55,1,positive,dataset2
822,83,18,1,positive,dataset2
822,84,5,1,positive,dataset2
822,84,33,1,positive,dataset2
822,98,18,1,positive,dataset2
822,99,24,2,positive,dataset2
822,111,2,2,positive,dataset2
823,1,26,1,positive,dataset2
823,3,6,1,positive,dataset2
823,3,17,2,positive,dataset2
823,3,22,1,positive,dataset2
823,3,26,2,positive,dataset2
823,6,0,1,positive,dataset2
823,21,2,1,positive,dataset2
823,21,22,2,positive,dataset2
823,21,23,2,positive,dataset2
823,21,25,2,positive,dataset2
823,21,35,1,positive,dataset2
823,21,42,1,positive,dataset2
823,26,18,2,positive,dataset2
823,31,2,2,positive,dataset2
823,35,6,1,positive,dataset2
823,39,6,2,positive,dataset2
823,41,15,2,positive,dataset2
823,42,23,1,positive,dataset2
823,42,23,2,positive,dataset2
823,58,5,2,positive,dataset2
823,58,6,2,positive,dataset2
823,60,6,1,positive,dataset2
823,60,17,2,positive,dataset2
823,60,22,2,positive,dataset2
823,60,24,2,positive,dataset2
823,71,12,1,positive,dataset2
823,71,12,2,positive,dataset2
823,73,2,1,positive,dataset2
823,73,2,2,positive,dataset2
823,75,28,2,positive,dataset2
823,83,18,2,positive,dataset2
823,84,5,1,positive,dataset2
823,84,6,1,positive,dataset2
823,84,17,2,positive,dataset2
823,84,26,2,positive,dataset2
823,90,6,1,positive,dataset2
823,97,0,2,positive,dataset2
823,98,18,2,positive,dataset2
823,99,24,2,positive,dataset2
823,100,17,1,positive,dataset2
823,112,2,2,positive,dataset2
823,113,2,2,positive,dataset2
824,3,6,1,positive,dataset2
824,6,0,1,positive,dataset2
824,21,17,2,positive,dataset2
824,21,31,1,positive,dataset2
824,35,6,1,positive,dataset2
824,42,23,2,positive,dataset2
824,58,6,1,positive,dataset2
824,58,6,2,positive,dataset2
824,60,6,1,positive,dataset2
824,71,12,1,positive,dataset2
824,73,2,2,positive,dataset2
824,84,6,1,positive,dataset2
824,90,6,1,positive,dataset2
824,97,0,2,positive,dataset2
825,3,6,2,positive,dataset2
825,21,42,2,positive,dataset2
825,35,6,2,positive,dataset2
825,39,23,1,positive,dataset2
825,40,2,1,positive,dataset2
825,42,23,1,positive,dataset2
825,60,6,2,positive,dataset2
825,60,17,2,positive,dataset2
825,71,12,1,positive,dataset2
825,73,2,1,positive,dataset2
825,84,6,2,positive,dataset2
825,90,6,2,positive,dataset2
825,95,17,1,positive,dataset2
825,97,0,2,positive,dataset2
826,31,15,1,positive,dataset2
826,39,23,1,positive,dataset2
826,42,23,1,positive,dataset2
826,42,23,2,positive,dataset2
826,47,38,1,positive,dataset2
826,60,2,1,positive,dataset2
826,60,15,1,positive,dataset2
826,60,17,2,positive,dataset2
826,75,10,1,positive,dataset2
826,75,28,2,positive,dataset2
826,107,2,2,positive,dataset2
827,42,23,1,positive,dataset2
827,42,23,2,positive,dataset2
828,41,17,2,positive,dataset2
829,58,6,1,positive,dataset2
829,58,6,2,positive,dataset2
829,60,32,1,positive,dataset2
830,3,12,1,positive,dataset2
830,39,23,2,positive,dataset2
830,58,6,1,positive,dataset2
830,58,6,2,positive,dataset2
830,60,32,1,positive,dataset2
831,95,17,2,positive,dataset2
832,26,18,2,positive,dataset2
832,42,23,1,positive,dataset2
832,95,17,2,positive,dataset2
833,31,24,2,positive,dataset2
833,58,6,2,positive,dataset2
834,3,6,2,positive,dataset2
834,21,17,2,positive,dataset2
834,31,2,1,positive,dataset2
834,35,6,2,positive,dataset2
834,39,23,1,positive,dataset2
834,39,23,2,positive,dataset2
834,39,47,1,positive,dataset2
834,42,23,1,positive,dataset2
834,47,38,2,positive,dataset2
834,58,6,2,positive,dataset2
834,60,2,2,positive,dataset2
834,60,6,2,positive,dataset2
834,60,17,1,positive,dataset2
834,60,32,1,positive,dataset2
834,75,28,2,positive,dataset2
834,83,18,1,positive,dataset2
834,84,6,2,positive,dataset2
834,90,2,1,positive,dataset2
834,90,6,2,positive,dataset2
834,98,18,1,positive,dataset2
835,3,2,2,positive,dataset2
835,3,6,2,positive,dataset2
835,21,23,1,positive,dataset2
835,21,35,1,positive,dataset2
835,25,2,2,positive,dataset2
835,35,6,2,positive,dataset2
835,39,2,2,positive,dataset2
835,52,2,2,positive,dataset2
835,60,2,2,positive,dataset2
835,60,6,2,positive,dataset2
835,84,6,2,positive,dataset2
835,90,6,2,positive,dataset2
835,102,2,2,positive,dataset2
836,21,17,1,positive,dataset2
836,26,18,1,positive,dataset2
836,72,25,2,positive,dataset2
836,83,18,1,positive,dataset2
837,3,12,1,positive,dataset2
837,21,17,1,positive,dataset2
837,83,18,2,positive,dataset2
837,98,18,2,positive,dataset2
838,3,2,2,positive,dataset2
838,3,10,1,positive,dataset2
838,3,12,2,positive,dataset2
838,3,30,2,positive,dataset2
838,21,2,1,positive,dataset2
838,21,17,1,positive,dataset2
838,21,26,2,positive,dataset2
838,22,17,1,positive,dataset2
838,26,18,1,positive,dataset2
838,40,2,2,positive,dataset2
838,41,15,1,positive,dataset2
838,58,6,1,positive,dataset2
838,60,17,2,positive,dataset2
838,83,18,1,positive,dataset2
839,26,18,1,positive,dataset2
839,58,6,1,positive,dataset2
839,58,6,2,positive,dataset2
840,95,17,1,positive,dataset2
841,31,2,2,positive,dataset2
842,21,6,2,positive,dataset2
842,21,22,1,positive,dataset2
842,21,22,2,positive,dataset2
842,21,26,2,positive,dataset2
842,60,22,1,positive,dataset2
842,61,17,1,positive,dataset2
842,73,2,1,positive,dataset2
842,75,28,2,positive,dataset2
842,81,22,1,positive,dataset2
842,95,17,1,positive,dataset2
843,21,17,1,positive,dataset2
844,39,23,2,positive,dataset2
844,42,23,2,positive,dataset2
845,21,35,2,positive,dataset2
845,39,6,1,positive,dataset2
846,83,18,2,positive,dataset2
846,98,18,2,positive,dataset2
847,60,22,2,positive,dataset2
848,21,22,2,positive,dataset2
848,21,35,1,positive,dataset2
848,39,47,1,positive,dataset2
848,40,2,2,positive,dataset2
848,58,6,2,positive,dataset2
848,60,15,1,positive,dataset2
849,40,2,2,positive,dataset2
850,3,12,1,positive,dataset2
850,60,32,1,positive,dataset2
851,83,18,1,positive,dataset2
851,98,18,1,positive,dataset2
852,83,18,2,positive,dataset2
852,98,18,2,positive,dataset2
853,3,17,1,positive,dataset2
853,21,17,1,positive,dataset2
853,39,17,1,positive,dataset2
853,95,17,1,positive,dataset2
854,3,2,1,positive,dataset2
854,3,2,2,positive,dataset2
854,21,10,2,positive,dataset2
854,21,17,1,positive,dataset2
854,21,22,1,positive,dataset2
854,21,22,2,positive,dataset2
854,21,24,2,positive,dataset2
854,21,26,1,positive,dataset2
854,21,26,2,positive,dataset2
854,21,32,2,positive,dataset2
854,21,35,1,positive,dataset2
854,21,49,2,positive,dataset2
854,35,2,1,positive,dataset2
854,39,6,2,positive,dataset2
854,41,17,2,positive,dataset2
854,42,17,1,positive,dataset2
854,42,17,2,positive,dataset2
854,42,23,1,positive,dataset2
854,42,49,2,positive,dataset2
854,58,6,1,positive,dataset2
854,58,6,2,positive,dataset2
854,60,15,2,positive,dataset2
854,60,17,1,positive,dataset2
854,60,17,2,positive,dataset2
854,60,22,1,positive,dataset2
854,60,22,2,positive,dataset2
854,60,24,2,positive,dataset2
854,60,32,2,positive,dataset2
854,71,12,2,positive,dataset2
854,73,2,1,positive,dataset2
854,75,28,2,positive,dataset2
854,89,2,2,positive,dataset2
854,97,0,1,positive,dataset2
854,114,2,1,positive,dataset2
854,115,2,1,positive,dataset2
854,116,2,1,positive,dataset2
855,3,2,2,positive,dataset2
855,21,35,1,positive,dataset2
855,24,2,2,positive,dataset2
855,58,6,2,positive,dataset2
855,73,2,1,positive,dataset2
855,73,2,2,positive,dataset2
856,21,26,1,positive,dataset2
857,95,17,1,positive,dataset2
858,71,12,2,positive,dataset2
858,84,26,2,positive,dataset2
858,95,17,1,positive,dataset2
859,58,6,1,positive,dataset2
859,58,6,2,positive,dataset2
860,39,23,1,positive,dataset2
860,42,23,1,positive,dataset2
860,42,23,2,positive,dataset2
860,58,6,2,positive,dataset2
860,60,22,1,positive,dataset2
860,107,2,1,positive,dataset2
861,21,26,2,positive,dataset2
862,26,18,2,positive,dataset2
862,41,17,2,positive,dataset2
862,42,23,1,positive,dataset2
862,42,23,2,positive,dataset2
862,54,2,1,positive,dataset2
862,58,6,2,positive,dataset2
862,60,26,1,positive,dataset2
862,83,18,2,positive,dataset2
862,108,17,2,positive,dataset2
863,21,35,1,positive,dataset2
863,39,23,1,positive,dataset2
863,42,23,1,positive,dataset2
863,71,12,2,positive,dataset2
863,95,17,2,positive,dataset2
864,83,18,2,positive,dataset2
864,98,18,2,positive,dataset2
865,95,17,1,positive,dataset2
866,21,17,2,positive,dataset2
866,42,23,2,positive,dataset2
866,58,6,1,positive,dataset2
866,83,18,1,positive,dataset2
866,95,17,1,positive,dataset2
867,95,17,1,positive,dataset2
868,21,35,1,positive,dataset2
868,31,2,1,positive,dataset2
868,60,17,2,positive,dataset2
868,95,17,1,positive,dataset2
869,3,2,2,positive,dataset2
869,3,12,1,positive,dataset2
869,3,26,1,positive,dataset2
869,3,26,2,positive,dataset2
869,12,19,1,positive,dataset2
869,12,19,2,positive,dataset2
869,21,2,1,positive,dataset2
869,21,6,2,positive,dataset2
869,21,10,2,positive,dataset2
869,21,17,2,positive,dataset2
869,21,26,1,positive,dataset2
869,21,26,2,positive,dataset2
869,21,49,2,positive,dataset2
869,25,39,2,positive,dataset2
869,31,2,2,positive,dataset2
869,31,24,1,positive,dataset2
869,35,2,1,positive,dataset2
869,39,6,2,positive,dataset2
869,39,21,2,positive,dataset2
869,39,26,1,positive,dataset2
869,42,23,2,positive,dataset2
869,42,49,2,positive,dataset2
869,57,17,2,positive,dataset2
869,58,6,2,positive,dataset2
869,58,12,2,positive,dataset2
869,60,2,2,positive,dataset2
869,60,17,2,positive,dataset2
869,71,12,2,positive,dataset2
869,75,28,1,positive,dataset2
869,75,28,2,positive,dataset2
869,83,18,2,positive,dataset2
869,84,2,2,positive,dataset2
869,84,26,1,positive,dataset2
869,84,26,2,positive,dataset2
869,103,26,2,positive,dataset2
869,117,26,2,positive,dataset2
870,3,37,1,positive,dataset2
870,12,19,1,positive,dataset2
870,21,22,1,positive,dataset2
870,33,2,1,positive,dataset2
870,39,6,2,positive,dataset2
870,39,23,1,positive,dataset2
870,40,2,1,positive,dataset2
870,42,23,1,positive,dataset2
870,58,6,1,positive,dataset2
870,60,2,1,positive,dataset2
870,60,15,1,positive,dataset2
870,60,17,1,positive,dataset2
870,71,12,1,positive,dataset2
870,71,12,2,positive,dataset2
870,88,10,1,positive,dataset2
871,3,2,2,positive,dataset2
871,3,23,2,positive,dataset2
871,39,23,1,positive,dataset2
871,60,32,1,positive,dataset2
871,71,12,1,positive,dataset2
872,95,17,2,positive,dataset2
873,21,17,2,positive,dataset2
873,40,2,1,positive,dataset2
873,58,6,2,positive,dataset2
873,95,17,2,positive,dataset2
874,3,12,1,positive,dataset2
874,21,17,1,positive,dataset2
874,21,23,2,positive,dataset2
874,47,38,2,positive,dataset2
874,58,6,1,positive,dataset2
874,58,6,2,positive,dataset2
874,83,18,2,positive,dataset2
874,95,17,2,positive,dataset2
874,98,18,2,positive,dataset2
875,21,22,2,positive,dataset2
875,75,10,2,positive,dataset2
876,71,12,2,positive,dataset2
877,75,10,2,positive,dataset2
878,21,26,1,positive,dataset2
879,21,2,2,positive,dataset2
879,21,37,2,positive,dataset2
879,39,2,2,positive,dataset2
879,40,2,1,positive,dataset2
879,42,23,1,positive,dataset2
879,60,17,2,positive,dataset2
879,73,2,1,positive,dataset2
880,21,22,1,positive,dataset2
880,21,26,2,positive,dataset2
880,58,6,1,positive,dataset2
880,58,6,2,positive,dataset2
881,21,26,1,positive,dataset2
882,3,12,1,positive,dataset2
882,21,22,1,positive,dataset2
882,58,6,1,positive,dataset2
883,21,26,1,positive,dataset2
884,21,17,1,positive,dataset2
884,21,22,1,positive,dataset2
884,21,23,2,positive,dataset2
884,21,26,1,positive,dataset2
884,21,31,2,positive,dataset2
884,26,18,2,positive,dataset2
884,33,21,2,positive,dataset2
884,39,26,1,positive,dataset2
884,42,23,1,positive,dataset2
884,42,23,2,positive,dataset2
884,58,6,2,positive,dataset2
884,83,18,2,positive,dataset2
884,98,18,2,positive,dataset2
885,83,18,1,positive,dataset2
885,98,18,1,positive,dataset2
886,3,6,1,positive,dataset2
886,35,6,1,positive,dataset2
886,40,2,2,positive,dataset2
886,47,38,2,positive,dataset2
886,58,6,1,positive,dataset2
886,58,6,2,positive,dataset2
886,60,6,1,positive,dataset2
886,84,6,1,positive,dataset2
886,90,6,1,positive,dataset2
887,21,35,1,positive,dataset2
888,42,23,1,positive,dataset2
888,58,6,1,positive,dataset2
888,83,18,2,positive,dataset2
888,95,17,1,positive,dataset2
888,98,18,2,positive,dataset2
889,72,25,2,positive,dataset2
889,95,17,1,positive,dataset2
890,21,26,1,positive,dataset2
890,58,6,1,positive,dataset2
890,58,6,2,positive,dataset2
891,21,26,1,positive,dataset2
892,16,5,2,positive,dataset2
892,21,2,2,positive,dataset2
892,21,12,1,positive,dataset2
892,21,30,1,positive,dataset2
892,26,18,1,positive,dataset2
892,39,23,1,positive,dataset2
892,42,23,1,positive,dataset2
892,60,2,2,positive,dataset2
892,60,22,1,positive,dataset2
892,73,2,2,positive,dataset2
893,73,2,2,positive,dataset2
894,3,0,2,positive,dataset2
894,3,2,1,positive,dataset2
894,3,2,2,positive,dataset2
894,12,19,2,positive,dataset2
894,21,12,1,positive,dataset2
894,21,17,1,positive,dataset2
894,21,17,2,positive,dataset2
894,21,22,1,positive,dataset2
894,21,22,2,positive,dataset2
894,21,31,2,positive,dataset2
894,26,18,1,positive,dataset2
894,26,18,2,positive,dataset2
894,33,2,2,positive,dataset2
894,39,23,1,positive,dataset2
894,39,23,2,positive,dataset2
894,41,15,1,positive,dataset2
894,41,17,2,positive,dataset2
894,42,12,2,positive,dataset2
894,42,17,1,positive,dataset2
894,42,23,1,positive,dataset2
894,42,23,2,positive,dataset2
894,52,41,1,positive,dataset2
894,58,6,1,positive,dataset2
894,58,6,2,positive,dataset2
894,60,22,2,positive,dataset2
894,60,24,2,positive,dataset2
894,60,26,2,positive,dataset2
894,60,32,1,positive,dataset2
894,71,12,1,positive,dataset2
894,74,24,2,positive,dataset2
894,75,28,2,positive,dataset2
894,83,18,2,positive,dataset2
894,84,34,2,positive,dataset2
894,98,18,2,positive,dataset2
895,95,17,1,positive,dataset2
896,21,26,1,positive,dataset2
897,3,2,1,positive,dataset2
897,21,17,1,positive,dataset2
897,21,22,1,positive,dataset2
897,21,22,2,positive,dataset2
897,21,26,2,positive,dataset2
897,30,19,1,positive,dataset2
897,39,5,1,positive,dataset2
897,39,26,2,positive,dataset2
897,42,23,1,positive,dataset2
897,47,38,1,positive,dataset2
897,54,2,2,positive,dataset2
897,58,6,1,positive,dataset2
897,60,17,2,positive,dataset2
897,60,22,1,positive,dataset2
897,60,22,2,positive,dataset2
897,71,12,1,positive,dataset2
897,71,12,2,positive,dataset2
897,72,25,2,positive,dataset2
897,73,2,1,positive,dataset2
897,83,18,2,positive,dataset2
897,98,18,2,positive,dataset2
898,3,2,2,positive,dataset2
898,42,23,1,positive,dataset2
898,60,17,1,positive,dataset2
898,60,17,2,positive,dataset2
898,60,32,1,positive,dataset2
898,89,2,2,positive,dataset2
899,21,22,1,positive,dataset2
900,1,26,1,positive,dataset2
900,3,2,1,positive,dataset2
900,3,2,2,positive,dataset2
900,3,22,1,positive,dataset2
900,21,2,1,positive,dataset2
900,21,17,2,positive,dataset2
900,21,22,1,positive,dataset2
900,21,26,1,positive,dataset2
900,21,35,1,positive,dataset2
900,35,2,2,positive,dataset2
900,39,23,2,positive,dataset2
900,39,26,1,positive,dataset2
900,41,15,1,positive,dataset2
900,41,17,1,positive,dataset2
900,42,23,2,positive,dataset2
900,60,17,1,positive,dataset2
900,60,17,2,positive,dataset2
900,60,22,1,positive,dataset2
900,61,17,1,positive,dataset2
900,71,12,2,positive,dataset2
900,73,2,1,positive,dataset2
900,75,28,1,positive,dataset2
900,83,18,1,positive,dataset2
900,89,2,2,positive,dataset2
900,95,17,1,positive,dataset2
900,98,18,1,positive,dataset2
901,21,6,2,positive,dataset2
901,21,15,2,positive,dataset2
902,21,22,2,positive,dataset2
902,58,6,2,positive,dataset2
903,26,18,2,positive,dataset2
903,42,23,1,positive,dataset2
903,58,6,2,positive,dataset2
903,83,18,2,positive,dataset2
904,3,2,1,positive,dataset2
904,3,2,2,positive,dataset2
904,3,6,2,positive,dataset2
904,3,12,2,positive,dataset2
904,21,2,2,positive,dataset2
904,21,12,2,positive,dataset2
904,21,17,2,positive,dataset2
904,21,22,1,positive,dataset2
904,21,22,2,positive,dataset2
904,21,49,2,positive,dataset2
904,35,6,2,positive,dataset2
904,39,12,2,positive,dataset2
904,39,26,1,positive,dataset2
904,41,17,2,positive,dataset2
904,42,49,2,positive,dataset2
904,60,6,2,positive,dataset2
904,60,17,1,positive,dataset2
904,60,24,1,positive,dataset2
904,84,6,2,positive,dataset2
904,90,6,2,positive,dataset2
905,72,25,2,positive,dataset2
906,3,2,1,positive,dataset2
906,3,25,2,positive,dataset2
906,3,26,2,positive,dataset2
906,21,17,2,positive,dataset2
906,21,22,1,positive,dataset2
906,21,22,2,positive,dataset2
906,21,25,2,positive,dataset2
906,21,26,2,positive,dataset2
906,21,49,2,positive,dataset2
906,31,24,2,positive,dataset2
906,31,25,2,positive,dataset2
906,34,17,2,positive,dataset2
906,39,6,2,positive,dataset2
906,39,26,2,positive,dataset2
906,41,17,2,positive,dataset2
906,42,49,2,positive,dataset2
906,58,6,2,positive,dataset2
906,60,17,1,positive,dataset2
906,60,22,2,positive,dataset2
906,71,12,2,positive,dataset2
906,84,6,2,positive,dataset2
906,84,26,2,positive,dataset2
907,95,17,1,positive,dataset2
908,3,2,2,positive,dataset2
908,3,21,2,positive,dataset2
908,3,22,1,positive,dataset2
908,3,30,2,positive,dataset2
908,21,2,2,positive,dataset2
908,21,17,1,positive,dataset2
908,21,26,1,positive,dataset2
908,39,26,1,positive,dataset2
908,41,15,1,positive,dataset2
908,41,17,1,positive,dataset2
908,42,23,1,positive,dataset2
908,42,23,2,positive,dataset2
908,47,38,2,positive,dataset2
908,57,17,1,positive,dataset2
908,60,17,1,positive,dataset2
908,60,22,2,positive,dataset2
908,83,18,2,positive,dataset2
908,95,17,1,positive,dataset2
908,98,18,2,positive,dataset2
908,118,2,2,positive,dataset2
908,118,37,2,positive,dataset2
909,39,23,1,positive,dataset2
909,42,23,1,positive,dataset2
910,26,18,1,positive,dataset2
910,60,17,1,positive,dataset2
910,83,18,1,positive,dataset2
911,21,22,2,positive,dataset2
911,26,18,1,positive,dataset2
911,60,22,2,positive,dataset2
911,83,18,1,positive,dataset2
912,3,2,2,positive,dataset2
912,3,12,1,positive,dataset2
912,3,26,1,positive,dataset2
912,12,19,1,positive,dataset2
912,21,17,2,positive,dataset2
912,21,26,2,positive,dataset2
912,21,49,2,positive,dataset2
912,31,24,2,positive,dataset2
912,35,2,1,positive,dataset2
912,39,6,2,positive,dataset2
912,41,17,1,positive,dataset2
912,42,49,2,positive,dataset2
912,54,2,2,positive,dataset2
912,58,6,2,positive,dataset2
912,58,26,1,positive,dataset2
912,60,17,1,positive,dataset2
912,60,24,2,positive,dataset2
912,71,12,1,positive,dataset2
912,73,2,2,positive,dataset2
912,89,2,2,positive,dataset2
913,21,22,2,positive,dataset2
913,58,6,2,positive,dataset2
914,3,2,2,positive,dataset2
914,21,17,1,positive,dataset2
914,21,17,2,positive,dataset2
914,21,26,1,positive,dataset2
914,21,35,1,positive,dataset2
914,22,17,1,positive,dataset2
914,31,24,2,positive,dataset2
914,35,13,1,positive,dataset2
914,39,6,1,positive,dataset2
914,41,17,2,positive,dataset2
914,42,23,1,positive,dataset2
914,47,38,2,positive,dataset2
914,54,2,1,positive,dataset2
914,58,6,1,positive,dataset2
914,60,15,1,positive,dataset2
914,60,24,1,positive,dataset2
914,73,2,2,positive,dataset2
914,74,24,1,positive,dataset2
914,77,13,1,positive,dataset2
914,89,2,2,positive,dataset2
915,21,22,2,positive,dataset2
916,21,10,2,positive,dataset2
916,21,15,2,positive,dataset2
916,21,22,2,positive,dataset2
916,31,17,2,positive,dataset2
916,60,22,2,positive,dataset2
916,71,12,1,positive,dataset2
917,21,2,2,positive,dataset2
917,95,17,1,positive,dataset2
918,3,2,2,positive,dataset2
918,3,12,1,positive,dataset2
918,3,12,2,positive,dataset2
918,3,23,2,positive,dataset2
918,3,39,2,positive,dataset2
918,12,19,2,positive,dataset2
918,21,17,1,positive,dataset2
918,21,17,2,positive,dataset2
918,21,21,2,positive,dataset2
918,21,22,2,positive,dataset2
918,21,23,2,positive,dataset2
918,21,30,2,positive,dataset2
918,26,18,1,positive,dataset2
918,30,19,2,positive,dataset2
918,33,19,2,positive,dataset2
918,40,2,2,positive,dataset2
918,41,17,1,positive,dataset2
918,58,5,2,positive,dataset2
918,60,2,2,positive,dataset2
918,60,17,2,positive,dataset2
918,60,22,2,positive,dataset2
918,71,12,2,positive,dataset2
918,73,2,2,positive,dataset2
918,75,10,2,positive,dataset2
918,83,18,1,positive,dataset2
918,84,2,2,positive,dataset2
918,98,18,1,positive,dataset2
918,120,18,1,positive,dataset2
919,40,2,1,positive,dataset2
919,73,2,1,positive,dataset2
919,74,2,2,positive,dataset2
919,95,17,1,positive,dataset2
920,21,15,1,positive,dataset2
920,42,23,1,positive,dataset2
920,58,6,2,positive,dataset2
920,71,12,2,positive,dataset2
920,95,17,1,positive,dataset2
921,74,2,2,positive,dataset2
921,95,17,1,positive,dataset2
922,21,17,2,positive,dataset2
922,34,17,2,positive,dataset2
922,41,17,2,positive,dataset2
922,47,38,1,positive,dataset2
923,3,12,1,positive,dataset2
923,3,17,2,positive,dataset2
923,12,19,2,positive,dataset2
923,21,12,2,positive,dataset2
923,21,15,1,positive,dataset2
923,21,17,2,positive,dataset2
923,21,21,2,positive,dataset2
923,21,22,1,positive,dataset2
923,21,22,2,positive,dataset2
923,21,26,1,positive,dataset2
923,21,26,2,positive,dataset2
923,21,49,2,positive,dataset2
923,24,25,2,positive,dataset2
923,31,2,1,positive,dataset2
923,31,2,2,positive,dataset2
923,31,24,2,positive,dataset2
923,33,2,1,positive,dataset2
923,35,34,1,positive,dataset2
923,39,23,1,positive,dataset2
923,39,23,2,positive,dataset2
923,41,17,1,positive,dataset2
923,41,17,2,positive,dataset2
923,42,23,1,positive,dataset2
923,42,29,1,positive,dataset2
923,42,49,2,positive,dataset2
923,58,6,2,positive,dataset2
923,60,22,2,positive,dataset2
923,60,24,2,positive,dataset2
923,75,28,1,positive,dataset2
923,76,25,2,positive,dataset2
923,84,13,2,positive,dataset2
923,90,2,1,positive,dataset2
923,95,17,1,positive,dataset2
923,99,24,2,positive,dataset2
924,21,26,2,positive,dataset2
925,21,17,1,positive,dataset2
925,41,17,2,positive,dataset2
925,42,23,1,positive,dataset2
925,58,6,2,positive,dataset2
925,83,18,2,positive,dataset2
925,98,18,2,positive,dataset2
926,3,6,2,positive,dataset2
926,3,12,1,positive,dataset2
926,21,10,2,positive,dataset2
926,21,17,2,positive,dataset2
926,21,22,2,positive,dataset2
926,21,26,2,positive,dataset2
926,21,42,1,positive,dataset2
926,26,18,1,positive,dataset2
926,29,48,1,positive,dataset2
926,31,2,1,positive,dataset2
926,31,2,2,positive,dataset2
926,33,2,1,positive,dataset2
926,35,6,2,positive,dataset2
926,39,6,2,positive,dataset2
926,39,17,2,positive,dataset2
926,39,26,2,positive,dataset2
926,41,17,1,positive,dataset2
926,41,17,2,positive,dataset2
926,42,23,1,positive,dataset2
926,42,23,2,positive,dataset2
926,47,38,2,positive,dataset2
926,58,6,2,positive,dataset2
926,60,6,2,positive,dataset2
926,60,17,1,positive,dataset2
926,60,17,2,positive,dataset2
926,72,25,1,positive,dataset2
926,83,18,1,positive,dataset2
926,84,6,2,positive,dataset2
926,90,6,2,positive,dataset2
926,108,17,1,positive,dataset2
927,21,26,2,positive,dataset2
928,21,17,2,positive,dataset2
928,21,35,1,positive,dataset2
928,33,2,1,positive,dataset2
928,39,6,2,positive,dataset2
928,41,17,1,positive,dataset2
928,58,6,2,positive,dataset2
928,71,12,1,positive,dataset2
928,71,12,2,positive,dataset2
928,90,2,1,positive,dataset2
929,3,2,1,positive,dataset2
929,3,2,2,positive,dataset2
929,3,12,1,positive,dataset2
929,3,21,2,positive,dataset2
929,3,26,2,positive,dataset2
929,15,2,2,positive,dataset2
929,21,2,2,positive,dataset2
929,21,17,2,positive,dataset2
929,21,21,2,positive,dataset2
929,21,35,1,positive,dataset2
929,26,18,2,positive,dataset2
929,29,48,1,positive,dataset2
929,39,5,1,positive,dataset2
929,39,23,1,positive,dataset2
929,40,2,1,positive,dataset2
929,41,15,1,positive,dataset2
929,42,23,1,positive,dataset2
929,47,38,2,positive,dataset2
929,52,5,1,positive,dataset2
929,54,2,2,positive,dataset2
929,60,2,1,positive,dataset2
929,60,2,2,positive,dataset2
929,60,32,1,positive,dataset2
929,71,12,1,positive,dataset2
929,75,28,2,positive,dataset2
929,83,18,2,positive,dataset2
929,89,2,1,positive,dataset2
930,1,26,1,positive,dataset2
930,3,2,1,positive,dataset2
930,3,2,2,positive,dataset2
930,18,22,2,positive,dataset2
930,21,2,1,positive,dataset2
930,21,17,1,positive,dataset2
930,21,22,1,positive,dataset2
930,21,22,2,positive,dataset2
930,21,26,1,positive,dataset2
930,21,39,2,positive,dataset2
930,25,2,1,positive,dataset2
930,31,2,1,positive,dataset2
930,31,2,2,positive,dataset2
930,31,17,1,positive,dataset2
930,39,2,1,positive,dataset2
930,39,5,1,positive,dataset2
930,39,6,2,positive,dataset2
930,41,17,2,positive,dataset2
930,42,23,1,positive,dataset2
930,42,23,2,positive,dataset2
930,52,2,1,positive,dataset2
930,58,6,1,positive,dataset2
930,58,6,2,positive,dataset2
930,60,2,1,positive,dataset2
930,60,17,1,positive,dataset2
930,60,22,2,positive,dataset2
930,60,24,2,positive,dataset2
930,72,25,1,positive,dataset2
930,73,2,1,positive,dataset2
930,73,2,2,positive,dataset2
930,84,6,2,positive,dataset2
930,89,2,1,positive,dataset2
930,102,2,1,positive,dataset2
930,121,36,2,positive,dataset2
930,122,6,2,positive,dataset2
931,3,2,1,positive,dataset2
931,21,22,2,positive,dataset2
931,39,23,2,positive,dataset2
931,41,17,2,positive,dataset2
931,42,23,1,positive,dataset2
931,42,23,2,positive,dataset2
931,73,2,2,positive,dataset2
931,89,2,1,positive,dataset2
932,3,2,1,positive,dataset2
932,3,21,2,positive,dataset2
932,3,22,1,positive,dataset2
932,30,19,2,positive,dataset2
932,39,5,2,positive,dataset2
932,41,15,2,positive,dataset2
932,42,23,1,positive,dataset2
932,58,6,2,positive,dataset2
932,60,2,2,positive,dataset2
932,89,2,1,positive,dataset2
932,95,17,2,positive,dataset2
933,3,0,2,positive,dataset2
933,3,2,2,positive,dataset2
933,3,17,2,positive,dataset2
933,21,17,2,positive,dataset2
933,29,48,1,positive,dataset2
933,30,45,1,positive,dataset2
933,39,6,2,positive,dataset2
933,54,2,1,positive,dataset2
933,61,17,1,positive,dataset2
933,71,12,2,positive,dataset2
933,73,2,1,positive,dataset2
933,95,17,1,positive,dataset2
933,95,17,2,positive,dataset2
933,110,0,2,positive,dataset2
934,9,56,2,positive,dataset2
934,21,22,2,positive,dataset2
934,22,17,2,positive,dataset2
934,25,2,2,positive,dataset2
934,39,2,2,positive,dataset2
934,41,17,2,positive,dataset2
934,47,38,1,positive,dataset2
934,52,2,2,positive,dataset2
934,58,6,2,positive,dataset2
934,60,2,2,positive,dataset2
934,60,22,2,positive,dataset2
934,71,12,1,positive,dataset2
934,75,10,2,positive,dataset2
934,95,17,2,positive,dataset2
934,102,2,2,positive,dataset2
935,3,6,2,positive,dataset2
935,3,21,2,positive,dataset2
935,3,30,2,positive,dataset2
935,3,39,2,positive,dataset2
935,6,0,2,positive,dataset2
935,12,19,1,positive,dataset2
935,21,2,2,positive,dataset2
935,21,22,2,positive,dataset2
935,21,26,2,positive,dataset2
935,21,49,2,positive,dataset2
935,31,24,2,positive,dataset2
935,34,17,2,positive,dataset2
935,35,6,2,positive,dataset2
935,39,6,2,positive,dataset2
935,39,26,2,positive,dataset2
935,41,15,1,positive,dataset2
935,42,23,2,positive,dataset2
935,42,49,2,positive,dataset2
935,47,38,1,positive,dataset2
935,58,6,2,positive,dataset2
935,60,2,1,positive,dataset2
935,60,2,2,positive,dataset2
935,60,6,2,positive,dataset2
935,60,17,1,positive,dataset2
935,60,22,1,positive,dataset2
935,71,12,2,positive,dataset2
935,73,2,2,positive,dataset2
935,83,18,1,positive,dataset2
935,83,18,2,positive,dataset2
935,84,6,2,positive,dataset2
935,90,6,2,positive,dataset2
935,98,18,1,positive,dataset2
935,98,18,2,positive,dataset2
935,123,54,1,positive,dataset2
935,124,26,2,positive,dataset2
936,3,2,1,positive,dataset2
936,40,2,2,positive,dataset2
936,60,17,1,positive,dataset2
936,89,2,1,positive,dataset2
937,3,2,2,positive,dataset2
937,3,39,2,positive,dataset2
937,21,2,2,positive,dataset2
937,21,12,2,positive,dataset2
937,21,17,2,positive,dataset2
937,21,24,2,positive,dataset2
937,21,39,2,positive,dataset2
937,21,49,2,positive,dataset2
937,39,26,2,positive,dataset2
937,42,49,2,positive,dataset2
937,58,6,2,positive,dataset2
937,60,24,2,positive,dataset2
937,61,17,1,positive,dataset2
937,72,25,1,positive,dataset2
937,75,28,2,positive,dataset2
937,95,17,1,positive,dataset2
937,99,24,2,positive,dataset2
937,125,25,2,positive,dataset2
938,21,49,2,positive,dataset2
938,42,49,2,positive,dataset2
938,58,6,2,positive,dataset2
939,60,17,1,positive,dataset2
940,3,2,1,positive,dataset2
940,3,2,2,positive,dataset2
940,3,8,1,positive,dataset2
940,3,13,2,positive,dataset2
940,3,26,1,positive,dataset2
940,3,30,2,positive,dataset2
940,21,8,1,positive,dataset2
940,21,15,2,positive,dataset2
940,21,17,1,positive,dataset2
940,21,17,2,positive,dataset2
940,21,22,2,positive,dataset2
940,21,26,2,positive,dataset2
940,21,28,2,positive,dataset2
940,21,42,2,positive,dataset2
940,21,47,1,positive,dataset2
940,21,47,2,positive,dataset2
940,21,49,2,positive,dataset2
940,30,45,2,positive,dataset2
940,31,2,2,positive,dataset2
940,31,24,2,positive,dataset2
940,39,5,1,positive,dataset2
940,39,6,1,positive,dataset2
940,39,6,2,positive,dataset2
940,39,8,1,positive,dataset2
940,39,12,2,positive,dataset2
940,39,26,2,positive,dataset2
940,40,2,2,positive,dataset2
940,41,15,1,positive,dataset2
940,41,17,1,positive,dataset2
940,41,17,2,positive,dataset2
940,42,49,2,positive,dataset2
940,52,21,2,positive,dataset2
940,58,6,1,positive,dataset2
940,58,6,2,positive,dataset2
940,60,2,1,positive,dataset2
940,60,2,2,positive,dataset2
940,60,22,1,positive,dataset2
940,60,22,2,positive,dataset2
940,71,12,1,positive,dataset2
940,71,12,2,positive,dataset2
940,72,25,1,positive,dataset2
940,73,2,1,positive,dataset2
940,75,28,2,positive,dataset2
940,81,22,1,positive,dataset2
940,83,6,2,positive,dataset2
940,83,18,2,positive,dataset2
940,84,5,1,positive,dataset2
940,87,15,2,positive,dataset2
940,89,2,1,positive,dataset2
940,98,18,2,positive,dataset2
940,107,2,1,positive,dataset2
940,123,54,1,positive,dataset2
941,95,17,1,positive,dataset2
942,57,17,1,positive,dataset2
943,31,2,2,positive,dataset2
943,42,23,1,positive,dataset2
943,42,23,2,positive,dataset2
943,58,6,1,positive,dataset2
943,58,6,2,positive,dataset2
943,75,10,2,positive,dataset2
943,95,17,1,positive,dataset2
944,3,2,2,positive,dataset2
944,12,19,1,positive,dataset2
944,21,15,2,positive,dataset2
944,21,17,1,positive,dataset2
944,24,2,2,positive,dataset2
944,26,18,1,positive,dataset2
944,34,17,2,positive,dataset2
944,39,23,1,positive,dataset2
944,40,2,1,positive,dataset2
944,41,17,2,positive,dataset2
944,42,23,1,positive,dataset2
944,43,32,2,positive,dataset2
944,60,17,1,positive,dataset2
944,83,18,1,positive,dataset2
945,21,15,2,positive,dataset2
945,95,17,2,positive,dataset2
946,42,23,1,positive,dataset2
947,3,2,1,positive,dataset2
947,3,12,1,positive,dataset2
947,3,12,2,positive,dataset2
947,4,17,2,positive,dataset2
947,16,57,1,positive,dataset2
947,18,12,1,positive,dataset2
947,18,12,2,positive,dataset2
947,21,2,1,positive,dataset2
947,21,12,2,positive,dataset2
947,21,17,1,positive,dataset2
947,21,17,2,positive,dataset2
947,21,22,1,positive,dataset2
947,21,22,2,positive,dataset2
947,21,26,2,positive,dataset2
947,21,31,1,positive,dataset2
947,21,42,1,positive,dataset2
947,26,18,2,positive,dataset2
947,29,0,2,positive,dataset2
947,31,22,2,positive,dataset2
947,31,24,1,positive,dataset2
947,31,24,2,positive,dataset2
947,34,17,2,positive,dataset2
947,39,6,1,positive,dataset2
947,39,23,2,positive,dataset2
947,39,57,1,positive,dataset2
947,40,2,2,positive,dataset2
947,41,15,2,positive,dataset2
947,41,17,1,positive,dataset2
947,41,17,2,positive,dataset2
947,42,23,2,positive,dataset2
947,48,6,1,positive,dataset2
947,53,12,1,positive,dataset2
947,53,12,2,positive,dataset2
947,54,2,1,positive,dataset2
947,57,17,1,positive,dataset2
947,60,2,1,positive,dataset2
947,60,2,2,positive,dataset2
947,60,22,2,positive,dataset2
947,60,24,1,positive,dataset2
947,60,31,1,positive,dataset2
947,60,31,2,positive,dataset2
947,71,12,1,positive,dataset2
947,73,2,2,positive,dataset2
947,74,22,2,positive,dataset2
947,74,24,1,positive,dataset2
947,83,18,2,positive,dataset2
947,84,5,1,positive,dataset2
947,84,12,2,positive,dataset2
947,89,2,1,positive,dataset2
947,95,17,2,positive,dataset2
947,98,18,2,positive,dataset2
947,99,24,1,positive,dataset2
948,3,2,1,positive,dataset2
948,3,12,1,positive,dataset2
948,3,21,1,positive,dataset2
948,3,22,2,positive,dataset2
948,18,12,1,positive,dataset2
948,21,12,1,positive,dataset2
948,21,15,2,positive,dataset2
948,21,21,1,positive,dataset2
948,21,22,1,positive,dataset2
948,21,22,2,positive,dataset2
948,21,26,1,positive,dataset2
948,21,42,1,positive,dataset2
948,21,51,1,positive,dataset2
948,26,18,1,positive,dataset2
948,29,48,1,positive,dataset2
948,31,24,1,positive,dataset2
948,35,13,1,positive,dataset2
948,40,2,1,positive,dataset2
948,41,17,2,positive,dataset2
948,42,23,1,positive,dataset2
948,47,38,1,positive,dataset2
948,52,21,1,positive,dataset2
948,53,12,1,positive,dataset2
948,60,2,1,positive,dataset2
948,60,22,1,positive,dataset2
948,60,22,2,positive,dataset2
948,71,12,1,positive,dataset2
948,71,12,2,positive,dataset2
948,73,2,2,positive,dataset2
948,75,28,2,positive,dataset2
948,77,13,1,positive,dataset2
948,84,12,1,positive,dataset2
948,89,2,1,positive,dataset2
949,21,17,1,positive,dataset2
949,83,18,2,positive,dataset2
949,98,18,2,positive,dataset2
950,21,15,2,positive,dataset2
950,41,6,2,positive,dataset2
950,58,6,2,positive,dataset2
950,60,22,1,positive,dataset2
951,39,23,2,positive,dataset2
951,41,17,2,positive,dataset2
951,42,23,2,positive,dataset2
951,42,29,1,positive,dataset2
951,95,17,1,positive,dataset2
952,21,26,2,positive,dataset2
952,39,26,2,positive,dataset2
953,3,2,1,positive,dataset2
953,3,2,2,positive,dataset2
953,3,12,2,positive,dataset2
953,3,26,2,positive,dataset2
953,21,6,2,positive,dataset2
953,21,25,2,positive,dataset2
953,21,26,2,positive,dataset2
953,21,35,2,positive,dataset2
953,21,42,1,positive,dataset2
953,21,47,2,positive,dataset2
953,21,51,1,positive,dataset2
953,21,51,2,positive,dataset2
953,26,18,2,positive,dataset2
953,31,24,2,positive,dataset2
953,39,47,2,positive,dataset2
953,39,51,2,positive,dataset2
953,40,2,1,positive,dataset2
953,41,15,1,positive,dataset2
953,41,17,2,positive,dataset2
953,42,23,1,positive,dataset2
953,42,29,1,positive,dataset2
953,60,17,2,positive,dataset2
953,60,22,1,positive,dataset2
953,60,24,1,positive,dataset2
953,60,24,2,positive,dataset2
953,73,2,2,positive,dataset2
953,74,24,2,positive,dataset2
953,83,18,2,positive,dataset2
953,84,26,2,positive,dataset2
953,89,2,1,positive,dataset2
953,98,18,2,positive,dataset2
953,126,12,2,positive,dataset2
954,3,6,1,positive,dataset2
954,35,6,1,positive,dataset2
954,41,17,2,positive,dataset2
954,42,23,1,positive,dataset2
954,58,6,1,positive,dataset2
954,60,6,1,positive,dataset2
954,84,6,1,positive,dataset2
954,90,6,1,positive,dataset2
955,3,2,2,positive,dataset2
955,21,17,1,positive,dataset2
955,21,17,2,positive,dataset2
955,21,22,1,positive,dataset2
955,39,6,1,positive,dataset2
955,39,6,2,positive,dataset2
955,39,23,1,positive,dataset2
955,42,23,1,positive,dataset2
955,54,2,2,positive,dataset2
955,60,17,2,positive,dataset2
955,71,12,1,positive,dataset2
955,73,2,1,positive,dataset2
955,73,2,2,positive,dataset2
955,97,0,1,positive,dataset2
956,58,6,2,positive,dataset2
956,101,6,2,positive,dataset2
957,21,26,1,positive,dataset2
957,21,26,2,positive,dataset2
957,39,26,2,positive,dataset2
957,73,2,1,positive,dataset2
958,12,19,1,positive,dataset2
958,21,5,2,positive,dataset2
958,21,17,1,positive,dataset2
958,21,22,1,positive,dataset2
958,21,23,1,positive,dataset2
958,26,18,1,positive,dataset2
958,31,2,1,positive,dataset2
958,42,23,2,positive,dataset2
958,60,17,1,positive,dataset2
958,83,18,1,positive,dataset2
958,83,18,2,positive,dataset2
958,90,2,1,positive,dataset2
959,3,2,1,positive,dataset2
959,3,2,2,positive,dataset2
959,21,22,1,positive,dataset2
959,21,26,2,positive,dataset2
959,21,35,1,positive,dataset2
959,21,42,2,positive,dataset2
959,30,19,2,positive,dataset2
959,31,2,1,positive,dataset2
959,31,2,2,positive,dataset2
959,31,24,2,positive,dataset2
959,39,6,2,positive,dataset2
959,39,23,1,positive,dataset2
959,39,26,1,positive,dataset2
959,40,2,1,positive,dataset2
959,40,2,2,positive,dataset2
959,41,17,1,positive,dataset2
959,42,23,1,positive,dataset2
959,48,6,2,positive,dataset2
959,52,5,1,positive,dataset2
959,52,6,1,positive,dataset2
959,52,41,1,positive,dataset2
959,60,2,2,positive,dataset2
959,60,17,1,positive,dataset2
959,60,17,2,positive,dataset2
959,60,22,1,positive,dataset2
959,60,22,2,positive,dataset2
959,73,2,1,positive,dataset2
959,75,10,2,positive,dataset2
959,75,28,2,positive,dataset2
959,100,17,1,positive,dataset2
959,127,19,2,positive,dataset2
960,26,18,1,positive,dataset2
960,60,17,1,positive,dataset2
960,83,18,1,positive,dataset2
961,3,39,1,positive,dataset2
961,21,22,1,positive,dataset2
961,21,22,2,positive,dataset2
961,21,31,1,positive,dataset2
961,21,49,1,positive,dataset2
961,25,2,2,positive,dataset2
961,35,2,1,positive,dataset2
961,35,39,1,positive,dataset2
961,39,2,2,positive,dataset2
961,40,2,1,positive,dataset2
961,41,15,2,positive,dataset2
961,42,23,2,positive,dataset2
961,42,49,1,positive,dataset2
961,47,38,2,positive,dataset2
961,52,2,2,positive,dataset2
961,58,6,1,positive,dataset2
961,60,2,2,positive,dataset2
961,60,22,2,positive,dataset2
961,72,25,1,positive,dataset2
961,102,2,2,positive,dataset2
962,21,26,1,positive,dataset2
962,75,28,2,positive,dataset2
963,3,2,1,positive,dataset2
963,12,19,2,positive,dataset2
963,21,17,1,positive,dataset2
963,31,2,2,positive,dataset2
963,31,24,1,positive,dataset2
963,47,38,1,positive,dataset2
963,52,21,2,positive,dataset2
963,58,6,1,positive,dataset2
963,60,17,2,positive,dataset2
963,73,2,1,positive,dataset2
963,89,2,1,positive,dataset2
964,21,17,1,positive,dataset2
964,21,22,2,positive,dataset2
964,31,2,2,positive,dataset2
964,39,6,2,positive,dataset2
964,58,6,2,positive,dataset2
964,71,12,1,positive,dataset2
964,95,17,1,positive,dataset2
965,60,17,2,positive,dataset2
965,83,18,1,positive,dataset2
965,83,18,2,positive,dataset2
965,98,18,1,positive,dataset2
965,98,18,2,positive,dataset2
966,21,15,2,positive,dataset2
966,21,26,1,positive,dataset2
967,3,2,2,positive,dataset2
967,21,17,2,positive,dataset2
967,21,22,1,positive,dataset2
967,21,22,2,positive,dataset2
967,21,26,2,positive,dataset2
967,21,42,2,positive,dataset2
967,31,2,2,positive,dataset2
967,31,24,1,positive,dataset2
967,41,17,1,positive,dataset2
967,42,23,1,positive,dataset2
967,42,23,2,positive,dataset2
967,60,2,2,positive,dataset2
967,60,17,2,positive,dataset2
967,60,22,1,positive,dataset2
967,73,2,1,positive,dataset2
967,83,18,1,positive,dataset2
967,83,18,2,positive,dataset2
967,98,18,1,positive,dataset2
967,98,18,2,positive,dataset2
968,75,10,2,positive,dataset2
969,95,17,2,positive,dataset2
970,58,6,2,positive,dataset2
971,3,2,1,positive,dataset2
971,21,6,1,positive,dataset2
971,21,12,2,positive,dataset2
971,27,18,2,positive,dataset2
971,41,17,2,positive,dataset2
971,42,23,2,positive,dataset2
971,58,6,1,positive,dataset2
971,89,2,1,positive,dataset2
971,93,24,2,positive,dataset2
971,101,6,2,positive,dataset2
972,58,6,2,positive,dataset2
973,95,17,1,positive,dataset2
974,3,12,1,positive,dataset2
974,42,23,2,positive,dataset2
975,3,12,1,positive,dataset2
975,21,35,1,positive,dataset2
975,60,17,2,positive,dataset2
976,3,2,1,positive,dataset2
976,58,6,1,positive,dataset2
976,89,2,1,positive,dataset2
977,3,2,2,positive,dataset2
977,42,29,1,positive,dataset2
977,60,22,2,positive,dataset2
978,21,15,2,positive,dataset2
978,58,6,2,positive,dataset2
978,60,2,2,positive,dataset2
978,60,17,1,positive,dataset2
978,75,28,1,positive,dataset2
979,3,0,1,positive,dataset2
979,3,2,1,positive,dataset2
979,3,2,2,positive,dataset2
979,3,6,2,positive,dataset2
979,3,12,2,positive,dataset2
979,3,13,1,positive,dataset2
979,3,17,1,positive,dataset2
979,3,21,2,positive,dataset2
979,3,45,1,positive,dataset2
979,12,19,2,positive,dataset2
979,21,5,1,positive,dataset2
979,21,5,2,positive,dataset2
979,21,17,1,positive,dataset2
979,21,17,2,positive,dataset2
979,21,22,2,positive,dataset2
979,21,26,2,positive,dataset2
979,21,35,1,positive,dataset2
979,21,39,1,positive,dataset2
979,21,49,1,positive,dataset2
979,21,51,1,positive,dataset2
979,26,18,2,positive,dataset2
979,31,2,2,positive,dataset2
979,35,2,1,positive,dataset2
979,39,6,2,positive,dataset2
979,39,23,1,positive,dataset2
979,39,23,2,positive,dataset2
979,40,2,2,positive,dataset2
979,41,15,1,positive,dataset2
979,41,15,2,positive,dataset2
979,41,17,1,positive,dataset2
979,41,17,2,positive,dataset2
979,42,23,1,positive,dataset2
979,42,23,2,positive,dataset2
979,42,29,1,positive,dataset2
979,42,49,1,positive,dataset2
979,52,41,2,positive,dataset2
979,58,6,1,positive,dataset2
979,58,6,2,positive,dataset2
979,60,2,1,positive,dataset2
979,60,15,1,positive,dataset2
979,60,22,2,positive,dataset2
979,60,24,1,positive,dataset2
979,60,26,1,positive,dataset2
979,72,25,2,positive,dataset2
979,73,2,1,positive,dataset2
979,73,2,2,positive,dataset2
979,75,10,1,positive,dataset2
979,75,28,1,positive,dataset2
979,84,0,1,positive,dataset2
979,84,6,1,positive,dataset2
979,89,2,1,positive,dataset2
979,99,24,1,positive,dataset2
979,117,37,1,positive,dataset2
979,128,37,1,positive,dataset2
979,129,2,1,positive,dataset2
980,21,22,2,positive,dataset2
980,26,18,1,positive,dataset2
980,40,2,1,positive,dataset2
980,60,17,1,positive,dataset2
980,73,2,1,positive,dataset2
980,83,18,1,positive,dataset2
981,3,2,1,positive,dataset2
981,3,12,1,positive,dataset2
981,39,6,2,positive,dataset2
981,89,2,1,positive,dataset2
982,3,2,2,positive,dataset2
982,3,6,2,positive,dataset2
982,3,12,1,positive,dataset2
982,12,19,2,positive,dataset2
982,18,12,1,positive,dataset2
982,21,2,2,positive,dataset2
982,21,17,2,positive,dataset2
982,21,22,1,positive,dataset2
982,21,26,1,positive,dataset2
982,21,26,2,positive,dataset2
982,21,35,1,positive,dataset2
982,21,42,2,positive,dataset2
982,26,18,2,positive,dataset2
982,29,0,1,positive,dataset2
982,31,24,1,positive,dataset2
982,35,6,2,positive,dataset2
982,39,5,1,positive,dataset2
982,39,6,2,positive,dataset2
982,42,23,1,positive,dataset2
982,47,38,1,positive,dataset2
982,53,12,1,positive,dataset2
982,58,6,1,positive,dataset2
982,58,6,2,positive,dataset2
982,60,6,2,positive,dataset2
982,60,17,2,positive,dataset2
982,60,22,1,positive,dataset2
982,60,24,2,positive,dataset2
982,60,32,1,positive,dataset2
982,63,12,1,positive,dataset2
982,73,2,2,positive,dataset2
982,83,18,2,positive,dataset2
982,84,5,2,positive,dataset2
982,84,6,2,positive,dataset2
982,90,6,2,positive,dataset2
982,98,18,2,positive,dataset2
983,3,2,1,positive,dataset2
983,42,23,1,positive,dataset2
983,89,2,1,positive,dataset2
984,3,2,2,positive,dataset2
984,3,21,2,positive,dataset2
984,21,17,1,positive,dataset2
984,21,22,1,positive,dataset2
984,21,26,2,positive,dataset2
984,21,31,1,positive,dataset2
984,21,58,2,positive,dataset2
984,26,18,1,positive,dataset2
984,39,5,1,positive,dataset2
984,39,6,2,positive,dataset2
984,39,23,1,positive,dataset2
984,41,17,1,positive,dataset2
984,42,23,1,positive,dataset2
984,42,23,2,positive,dataset2
984,42,29,1,positive,dataset2
984,47,38,1,positive,dataset2
984,58,5,1,positive,dataset2
984,58,6,1,positive,dataset2
984,58,6,2,positive,dataset2
984,60,2,1,positive,dataset2
984,60,24,2,positive,dataset2
984,73,2,1,positive,dataset2
984,73,2,2,positive,dataset2
984,83,18,2,positive,dataset2
984,84,26,2,positive,dataset2
984,97,0,1,positive,dataset2
984,98,18,2,positive,dataset2
984,130,17,2,positive,dataset2
985,3,26,2,positive,dataset2
986,3,6,2,positive,dataset2
986,34,17,2,positive,dataset2
986,35,6,2,positive,dataset2
986,41,17,2,positive,dataset2
986,60,6,2,positive,dataset2
986,84,6,2,positive,dataset2
986,90,6,2,positive,dataset2
987,3,21,2,positive,dataset2
987,12,19,1,positive,dataset2
987,21,21,2,positive,dataset2
987,54,2,2,positive,dataset2
987,58,6,1,positive,dataset2
987,60,17,2,positive,dataset2
988,3,2,1,positive,dataset2
988,3,2,2,positive,dataset2
988,3,6,2,positive,dataset2
988,3,12,1,positive,dataset2
988,3,15,2,positive,dataset2
988,3,26,2,positive,dataset2
988,12,19,2,positive,dataset2
988,18,12,1,positive,dataset2
988,21,8,2,positive,dataset2
988,21,15,2,positive,dataset2
988,21,17,1,positive,dataset2
988,21,22,1,positive,dataset2
988,21,22,2,positive,dataset2
988,21,31,1,positive,dataset2
988,21,49,2,positive,dataset2
988,21,59,2,positive,dataset2
988,29,48,1,positive,dataset2
988,31,2,2,positive,dataset2
988,35,6,2,positive,dataset2
988,39,6,2,positive,dataset2
988,39,26,2,positive,dataset2
988,42,49,2,positive,dataset2
988,42,59,2,positive,dataset2
988,47,38,1,positive,dataset2
988,49,2,2,positive,dataset2
988,53,12,1,positive,dataset2
988,58,6,1,positive,dataset2
988,58,6,2,positive,dataset2
988,60,2,1,positive,dataset2
988,60,2,2,positive,dataset2
988,60,6,2,positive,dataset2
988,60,12,2,positive,dataset2
988,60,15,2,positive,dataset2
988,60,17,2,positive,dataset2
988,60,24,1,positive,dataset2
988,60,24,2,positive,dataset2
988,73,2,2,positive,dataset2
988,75,10,1,positive,dataset2
988,75,10,2,positive,dataset2
988,83,18,2,positive,dataset2
988,84,5,2,positive,dataset2
988,84,6,2,positive,dataset2
988,84,26,2,positive,dataset2
988,87,59,2,positive,dataset2
988,89,2,1,positive,dataset2
988,90,6,2,positive,dataset2
988,98,18,2,positive,dataset2
989,21,22,2,positive,dataset2
990,3,12,1,positive,dataset2
990,26,18,2,positive,dataset2
990,39,6,2,positive,dataset2
990,39,23,1,positive,dataset2
990,42,23,1,positive,dataset2
990,60,17,2,positive,dataset2
990,60,22,2,positive,dataset2
990,60,24,2,positive,dataset2
990,72,25,2,positive,dataset2
990,74,24,1,positive,dataset2
991,3,2,1,positive,dataset2
991,3,2,2,positive,dataset2
991,3,26,1,positive,dataset2
991,12,19,2,positive,dataset2
991,21,5,1,positive,dataset2
991,21,17,2,positive,dataset2
991,21,22,1,positive,dataset2
991,21,22,2,positive,dataset2
991,21,26,1,positive,dataset2
991,21,26,2,positive,dataset2
991,21,37,2,positive,dataset2
991,29,48,1,positive,dataset2
991,30,45,1,positive,dataset2
991,31,2,1,positive,dataset2
991,31,28,1,positive,dataset2
991,34,17,2,positive,dataset2
991,35,2,1,positive,dataset2
991,35,13,1,positive,dataset2
991,39,6,1,positive,dataset2
991,39,6,2,positive,dataset2
991,39,23,1,positive,dataset2
991,39,26,1,positive,dataset2
991,39,47,2,positive,dataset2
991,40,2,1,positive,dataset2
991,41,17,1,positive,dataset2
991,41,17,2,positive,dataset2
991,42,23,1,positive,dataset2
991,42,29,1,positive,dataset2
991,48,6,1,positive,dataset2
991,58,6,1,positive,dataset2
991,58,6,2,positive,dataset2
991,60,2,1,positive,dataset2
991,60,2,2,positive,dataset2
991,60,17,2,positive,dataset2
991,60,22,1,positive,dataset2
991,60,24,1,positive,dataset2
991,60,24,2,positive,dataset2
991,68,46,1,positive,dataset2
991,71,5,1,positive,dataset2
991,71,12,2,positive,dataset2
991,73,2,2,positive,dataset2
991,74,24,1,positive,dataset2
991,75,10,1,positive,dataset2
991,75,28,1,positive,dataset2
991,75,28,2,positive,dataset2
991,83,18,2,positive,dataset2
991,99,24,1,positive,dataset2
991,104,5,1,positive,dataset2
991,130,17,1,positive,dataset2
991,131,17,1,positive,dataset2
992,26,18,2,positive,dataset2
993,21,30,2,positive,dataset2
993,42,23,1,positive,dataset2
993,95,17,1,positive,dataset2
994,3,6,1,positive,dataset2
994,21,26,1,positive,dataset2
994,21,26,2,positive,dataset2
994,35,6,1,positive,dataset2
994,39,23,2,positive,dataset2
994,42,23,2,positive,dataset2
994,58,6,1,positive,dataset2
994,58,6,2,positive,dataset2
994,60,6,1,positive,dataset2
994,60,22,2,positive,dataset2
994,60,26,2,positive,dataset2
994,84,6,1,positive,dataset2
994,90,6,1,positive,dataset2
994,95,17,1,positive,dataset2
995,3,2,1,positive,dataset2
995,21,17,1,positive,dataset2
995,39,23,1,positive,dataset2
995,41,17,1,positive,dataset2
995,42,23,1,positive,dataset2
995,42,29,2,positive,dataset2
995,58,6,1,positive,dataset2
995,60,22,1,positive,dataset2
995,72,25,1,positive,dataset2
995,73,2,1,positive,dataset2
995,73,2,2,positive,dataset2
995,89,2,1,positive,dataset2
995,108,17,1,positive,dataset2
996,3,2,1,positive,dataset2
996,3,2,2,positive,dataset2
996,3,6,1,positive,dataset2
996,3,12,1,positive,dataset2
996,3,13,2,positive,dataset2
996,3,22,1,positive,dataset2
996,3,22,2,positive,dataset2
996,3,26,2,positive,dataset2
996,6,13,2,positive,dataset2
996,12,19,2,positive,dataset2
996,18,12,1,positive,dataset2
996,19,28,2,positive,dataset2
996,21,2,2,positive,dataset2
996,21,12,1,positive,dataset2
996,21,15,1,positive,dataset2
996,21,17,1,positive,dataset2
996,21,22,1,positive,dataset2
996,21,22,2,positive,dataset2
996,21,26,2,positive,dataset2
996,21,31,1,positive,dataset2
996,21,47,2,positive,dataset2
996,21,51,1,positive,dataset2
996,29,0,2,positive,dataset2
996,29,13,2,positive,dataset2
996,30,19,2,positive,dataset2
996,31,2,2,positive,dataset2
996,31,24,1,positive,dataset2
996,35,6,1,positive,dataset2
996,39,5,1,positive,dataset2
996,39,6,2,positive,dataset2
996,41,17,1,positive,dataset2
996,42,23,2,positive,dataset2
996,53,12,1,positive,dataset2
996,54,2,2,positive,dataset2
996,58,6,1,positive,dataset2
996,58,6,2,positive,dataset2
996,60,2,2,positive,dataset2
996,60,6,1,positive,dataset2
996,60,15,1,positive,dataset2
996,60,22,1,positive,dataset2
996,68,2,1,positive,dataset2
996,71,12,1,positive,dataset2
996,73,2,2,positive,dataset2
996,74,24,1,positive,dataset2
996,75,10,1,positive,dataset2
996,75,28,2,positive,dataset2
996,81,22,2,positive,dataset2
996,84,5,1,positive,dataset2
996,84,6,1,positive,dataset2
996,84,12,1,positive,dataset2
996,84,26,2,positive,dataset2
996,89,2,1,positive,dataset2
996,90,6,1,positive,dataset2
996,107,2,1,positive,dataset2
996,122,2,1,positive,dataset2
997,26,18,2,positive,dataset2
998,3,2,2,positive,dataset2
999,3,0,2,positive,dataset2
999,3,2,1,positive,dataset2
999,3,2,2,positive,dataset2
999,3,6,1,positive,dataset2
999,3,12,1,positive,dataset2
999,3,26,2,positive,dataset2
999,6,0,2,positive,dataset2
999,20,26,2,positive,dataset2
999,21,2,1,positive,dataset2
999,21,17,1,positive,dataset2
999,21,17,2,positive,dataset2
999,21,26,1,positive,dataset2
999,21,26,2,positive,dataset2
999,21,35,1,positive,dataset2
999,21,47,2,positive,dataset2
999,31,24,2,positive,dataset2
999,31,26,2,positive,dataset2
999,35,6,1,positive,dataset2
999,39,26,1,positive,dataset2
999,42,22,1,positive,dataset2
999,42,23,1,positive,dataset2
999,42,29,2,positive,dataset2
999,54,2,2,positive,dataset2
999,58,6,1,positive,dataset2
999,60,2,1,positive,dataset2
999,60,6,1,positive,dataset2
999,60,15,1,positive,dataset2
999,60,17,2,positive,dataset2
999,60,24,2,positive,dataset2
999,60,26,2,positive,dataset2
999,68,2,1,positive,dataset2
999,71,12,1,positive,dataset2
999,73,2,1,positive,dataset2
999,73,2,2,positive,dataset2
999,74,24,1,positive,dataset2
999,75,10,2,positive,dataset2
999,75,28,2,positive,dataset2
999,77,10,2,positive,dataset2
999,81,22,2,positive,dataset2
999,84,6,1,positive,dataset2
999,84,26,2,positive,dataset2
999,90,6,1,positive,dataset2
999,107,2,1,positive,dataset2
999,122,2,1,positive,dataset2
1000,21,26,2,positive,dataset2
1000,39,26,2,positive,dataset2
1001,21,22,1,positive,dataset2
1001,68,2,1,positive,dataset2
1001,72,25,2,positive,dataset2
1001,73,2,1,positive,dataset2
1001,122,2,1,positive,dataset2
1002,3,2,1,positive,dataset2
1002,3,2,2,positive,dataset2
1002,21,17,1,positive,dataset2
1002,21,22,2,positive,dataset2
1002,22,17,1,positive,dataset2
1002,24,2,2,positive,dataset2
1002,39,23,1,positive,dataset2
1002,40,2,1,positive,dataset2
1002,41,17,1,positive,dataset2
1002,42,23,1,positive,dataset2
1002,60,15,1,positive,dataset2
1002,60,22,1,positive,dataset2
1002,60,22,2,positive,dataset2
1002,60,23,1,positive,dataset2
1002,73,2,2,positive,dataset2
1002,89,2,1,positive,dataset2
1003,21,26,2,positive,dataset2
1004,3,2,1,positive,dataset2
1004,3,2,2,positive,dataset2
1004,3,6,1,positive,dataset2
1004,3,12,1,positive,dataset2
1004,18,12,1,positive,dataset2
1004,21,12,1,positive,dataset2
1004,21,15,2,positive,dataset2
1004,21,17,2,positive,dataset2
1004,21,22,1,positive,dataset2
1004,21,35,1,positive,dataset2
1004,35,6,1,positive,dataset2
1004,39,23,1,positive,dataset2
1004,41,17,2,positive,dataset2
1004,42,23,1,positive,dataset2
1004,53,12,1,positive,dataset2
1004,58,6,1,positive,dataset2
1004,60,6,1,positive,dataset2
1004,60,17,2,positive,dataset2
1004,73,2,1,positive,dataset2
1004,84,6,1,positive,dataset2
1004,84,12,1,positive,dataset2
1004,89,2,1,positive,dataset2
1004,90,6,1,positive,dataset2
1005,3,2,1,positive,dataset2
1005,89,2,1,positive,dataset2
1006,3,2,2,positive,dataset2
1006,21,0,1,positive,dataset2
1006,21,2,1,positive,dataset2
1006,21,12,1,positive,dataset2
1006,21,15,2,positive,dataset2
1006,21,17,1,positive,dataset2
1006,21,22,1,positive,dataset2
1006,21,22,2,positive,dataset2
1006,21,31,2,positive,dataset2
1006,21,35,1,positive,dataset2
1006,21,49,1,positive,dataset2
1006,25,2,1,positive,dataset2
1006,26,18,1,positive,dataset2
1006,26,18,2,positive,dataset2
1006,39,2,1,positive,dataset2
1006,39,6,1,positive,dataset2
1006,40,2,1,positive,dataset2
1006,42,49,1,positive,dataset2
1006,52,2,1,positive,dataset2
1006,56,2,2,positive,dataset2
1006,58,6,1,positive,dataset2
1006,60,2,1,positive,dataset2
1006,60,2,2,positive,dataset2
1006,60,17,1,positive,dataset2
1006,60,17,2,positive,dataset2
1006,60,22,1,positive,dataset2
1006,60,22,2,positive,dataset2
1006,60,24,1,positive,dataset2
1006,70,2,1,positive,dataset2
1006,73,2,1,positive,dataset2
1006,75,28,1,positive,dataset2
1006,75,28,2,positive,dataset2
1006,82,2,1,positive,dataset2
1006,83,18,1,positive,dataset2
1006,83,18,2,positive,dataset2
1006,98,18,1,positive,dataset2
1006,102,2,1,positive,dataset2
1006,119,17,1,positive,dataset2
1006,132,60,1,positive,dataset2
1007,21,22,1,positive,dataset2
1007,25,2,1,positive,dataset2
1007,39,2,1,positive,dataset2
1007,39,23,1,positive,dataset2
1007,40,2,1,positive,dataset2
1007,42,23,1,positive,dataset2
1007,52,2,1,positive,dataset2
1007,60,2,1,positive,dataset2
1007,72,25,1,positive,dataset2
1007,73,2,2,positive,dataset2
1007,102,2,1,positive,dataset2
1008,21,26,1,positive,dataset2
1009,21,22,1,positive,dataset2
1009,39,6,2,positive,dataset2
1010,3,2,1,positive,dataset2
1010,3,12,2,positive,dataset2
1010,21,2,2,positive,dataset2
1010,21,15,2,positive,dataset2
1010,21,17,1,positive,dataset2
1010,21,22,1,positive,dataset2
1010,21,23,2,positive,dataset2
1010,21,35,1,positive,dataset2
1010,21,51,1,positive,dataset2
1010,26,18,1,positive,dataset2
1010,26,18,2,positive,dataset2
1010,39,6,2,positive,dataset2
1010,39,12,1,positive,dataset2
1010,39,32,2,positive,dataset2
1010,42,29,2,positive,dataset2
1010,60,17,2,positive,dataset2
1010,60,22,1,positive,dataset2
1010,60,22,2,positive,dataset2
1010,60,24,2,positive,dataset2
1010,73,2,1,positive,dataset2
1010,73,2,2,positive,dataset2
1010,83,18,1,positive,dataset2
1010,83,18,2,positive,dataset2
1010,133,2,2,positive,dataset2
1011,3,21,1,positive,dataset2
1011,21,17,1,positive,dataset2
1011,21,17,2,positive,dataset2
1011,26,18,1,positive,dataset2
1011,35,2,1,positive,dataset2
1011,35,34,2,positive,dataset2
1011,57,17,1,positive,dataset2
1011,58,6,1,positive,dataset2
1011,58,6,2,positive,dataset2
1011,61,17,1,positive,dataset2
1011,83,18,1,positive,dataset2
1011,95,17,1,positive,dataset2
1012,39,6,2,positive,dataset2
1012,61,2,2,positive,dataset2
1012,73,2,2,positive,dataset2
1013,3,2,2,positive,dataset2
1013,3,12,2,positive,dataset2
1013,3,26,2,positive,dataset2
1013,21,2,1,positive,dataset2
1013,21,17,2,positive,dataset2
1013,21,22,1,positive,dataset2
1013,21,22,2,positive,dataset2
1013,21,26,2,positive,dataset2
1013,21,35,1,positive,dataset2
1013,21,51,2,positive,dataset2
1013,39,6,1,positive,dataset2
1013,39,6,2,positive,dataset2
1013,39,26,1,positive,dataset2
1013,39,26,2,positive,dataset2
1013,42,22,1,positive,dataset2
1013,58,6,1,positive,dataset2
1013,58,6,2,positive,dataset2
1013,58,26,2,positive,dataset2
1013,60,17,2,positive,dataset2
1013,73,2,2,positive,dataset2
1013,83,18,1,positive,dataset2
1013,98,18,1,positive,dataset2
1014,3,12,1,positive,dataset2
1014,18,12,1,positive,dataset2
1014,21,12,1,positive,dataset2
1014,21,15,1,positive,dataset2
1014,21,15,2,positive,dataset2
1014,21,17,1,positive,dataset2
1014,21,22,2,positive,dataset2
1014,53,12,1,positive,dataset2
1014,58,6,1,positive,dataset2
1014,84,12,1,positive,dataset2
1015,3,2,1,positive,dataset2
1015,21,5,2,positive,dataset2
1015,21,17,2,positive,dataset2
1015,21,22,1,positive,dataset2
1015,21,22,2,positive,dataset2
1015,21,28,2,positive,dataset2
1015,21,35,1,positive,dataset2
1015,21,49,2,positive,dataset2
1015,29,48,1,positive,dataset2
1015,39,6,2,positive,dataset2
1015,42,49,2,positive,dataset2
1015,52,6,2,positive,dataset2
1015,60,17,2,positive,dataset2
1015,60,22,2,positive,dataset2
1015,60,24,2,positive,dataset2
1015,71,12,1,positive,dataset2
1015,73,2,2,positive,dataset2
1015,75,10,2,positive,dataset2
1015,89,2,1,positive,dataset2
1015,107,2,2,positive,dataset2
1015,117,13,2,positive,dataset2
1016,95,17,2,positive,dataset2
1017,3,2,1,positive,dataset2
1017,3,21,2,positive,dataset2
1017,3,61,1,positive,dataset2
1017,12,61,2,positive,dataset2
1017,21,26,2,positive,dataset2
1017,21,47,2,positive,dataset2
1017,21,61,1,positive,dataset2
1017,25,61,1,positive,dataset2
1017,26,18,1,positive,dataset2
1017,35,2,2,positive,dataset2
1017,42,61,1,positive,dataset2
1017,60,17,1,positive,dataset2
1017,60,17,2,positive,dataset2
1017,60,22,2,positive,dataset2
1017,83,18,1,positive,dataset2
1017,95,17,2,positive,dataset2
1017,98,18,1,positive,dataset2
1018,26,18,1,positive,dataset2
1018,31,2,1,positive,dataset2
1018,39,23,1,positive,dataset2
1018,42,23,1,positive,dataset2
1018,42,23,2,positive,dataset2
1018,60,2,1,positive,dataset2
1018,83,18,1,positive,dataset2
1019,21,26,1,positive,dataset2
1020,71,12,1,positive,dataset2
1021,3,2,2,positive,dataset2
1021,3,39,1,positive,dataset2
1021,21,35,1,positive,dataset2
1021,26,18,2,positive,dataset2
1021,35,39,1,positive,dataset2
1021,39,23,1,positive,dataset2
1021,39,26,2,positive,dataset2
1021,42,23,1,positive,dataset2
1021,47,38,2,positive,dataset2
1021,60,32,1,positive,dataset2
1021,71,12,2,positive,dataset2
1021,83,18,2,positive,dataset2
1022,26,18,2,positive,dataset2
1022,42,23,1,positive,dataset2
1022,60,17,1,positive,dataset2
1022,83,18,2,positive,dataset2
1023,3,2,1,positive,dataset2
1023,3,2,2,positive,dataset2
1023,21,17,1,positive,dataset2
1023,21,22,2,positive,dataset2
1023,21,31,2,positive,dataset2
1023,21,35,1,positive,dataset2
1023,21,51,1,positive,dataset2
1023,26,18,2,positive,dataset2
1023,30,45,1,positive,dataset2
1023,39,6,2,positive,dataset2
1023,39,23,1,positive,dataset2
1023,39,47,2,positive,dataset2
1023,40,2,2,positive,dataset2
1023,41,17,2,positive,dataset2
1023,42,23,1,positive,dataset2
1023,60,2,2,positive,dataset2
1023,60,24,1,positive,dataset2
1023,60,37,1,positive,dataset2
1023,71,12,2,positive,dataset2
1023,72,25,2,positive,dataset2
1023,73,2,1,positive,dataset2
1023,73,2,2,positive,dataset2
1023,80,2,2,positive,dataset2
1023,83,18,2,positive,dataset2
1023,89,2,1,positive,dataset2
1023,98,18,2,positive,dataset2
1023,99,24,1,positive,dataset2
1023,123,54,1,positive,dataset2
1023,134,62,1,positive,dataset2
1024,3,2,1,positive,dataset2
1024,3,12,2,positive,dataset2
1024,21,18,2,positive,dataset2
1024,21,22,1,positive,dataset2
1024,21,22,2,positive,dataset2
1024,26,18,2,positive,dataset2
1024,39,6,2,positive,dataset2
1024,39,23,1,positive,dataset2
1024,42,23,1,positive,dataset2
1024,58,6,2,positive,dataset2
1024,60,17,2,positive,dataset2
1024,60,22,2,positive,dataset2
1024,71,12,2,positive,dataset2
1024,73,2,1,positive,dataset2
1024,73,2,2,positive,dataset2
1024,83,18,2,positive,dataset2
1024,98,18,2,positive,dataset2
1025,3,12,1,positive,dataset2
1025,12,19,1,positive,dataset2
1025,18,12,1,positive,dataset2
1025,21,12,1,positive,dataset2
1025,21,17,1,positive,dataset2
1025,26,18,1,positive,dataset2
1025,39,23,1,positive,dataset2
1025,40,2,1,positive,dataset2
1025,42,23,1,positive,dataset2
1025,53,12,1,positive,dataset2
1025,58,6,1,positive,dataset2
1025,58,6,2,positive,dataset2
1025,60,17,1,positive,dataset2
1025,73,2,1,positive,dataset2
1025,83,18,1,positive,dataset2
1025,84,12,1,positive,dataset2
1025,90,17,2,positive,dataset2
1026,95,17,2,positive,dataset2
1027,21,26,2,positive,dataset2
1027,26,18,1,positive,dataset2
1027,40,2,1,positive,dataset2
1027,40,2,2,positive,dataset2
1027,60,17,1,positive,dataset2
1027,60,22,2,positive,dataset2
1027,73,2,1,positive,dataset2
1027,83,18,1,positive,dataset2
1027,95,17,2,positive,dataset2
1028,95,17,2,positive,dataset2
1029,95,17,1,positive,dataset2
1030,3,2,1,positive,dataset2
1030,3,26,2,positive,dataset2
1030,21,26,2,positive,dataset2
1030,39,6,1,positive,dataset2
1030,39,26,2,positive,dataset2
1030,58,6,1,positive,dataset2
1030,72,25,2,positive,dataset2
1030,73,2,2,positive,dataset2
1030,84,26,2,positive,dataset2
1030,89,2,1,positive,dataset2
1030,95,17,1,positive,dataset2
1031,31,2,2,positive,dataset2
1031,42,23,1,positive,dataset2
1031,73,2,2,positive,dataset2
1032,95,17,2,positive,dataset2
1033,21,35,1,positive,dataset2
1033,42,23,1,positive,dataset2
1033,73,2,1,positive,dataset2
1034,3,2,1,positive,dataset2
1034,3,2,2,positive,dataset2
1034,12,19,2,positive,dataset2
1034,21,17,1,positive,dataset2
1034,21,47,1,positive,dataset2
1034,31,24,1,positive,dataset2
1034,31,24,2,positive,dataset2
1034,39,6,1,positive,dataset2
1034,39,23,1,positive,dataset2
1034,40,2,2,positive,dataset2
1034,42,23,1,positive,dataset2
1034,58,5,2,positive,dataset2
1034,58,6,1,positive,dataset2
1034,58,6,2,positive,dataset2
1034,60,15,2,positive,dataset2
1034,60,17,2,positive,dataset2
1034,61,17,2,positive,dataset2
1034,73,2,2,positive,dataset2
1034,95,17,2,positive,dataset2
1035,21,26,1,positive,dataset2
1035,95,17,1,positive,dataset2
1036,42,23,1,positive,dataset2
1037,3,2,2,positive,dataset2
1037,24,2,2,positive,dataset2
1037,26,18,1,positive,dataset2
1037,58,6,1,positive,dataset2
1037,58,6,2,positive,dataset2
1037,60,22,1,positive,dataset2
1037,73,2,2,positive,dataset2
1037,83,18,1,positive,dataset2
1037,95,17,1,positive,dataset2
1038,3,12,1,positive,dataset2
1038,60,2,1,positive,dataset2
1039,3,12,2,positive,dataset2
1040,21,23,1,positive,dataset2
1040,21,26,1,positive,dataset2
1040,39,23,1,positive,dataset2
1040,42,23,1,positive,dataset2
1040,95,17,2,positive,dataset2
1041,16,6,2,positive,dataset2
1041,39,6,2,positive,dataset2
1041,39,23,1,positive,dataset2
1041,42,23,1,positive,dataset2
1041,58,6,2,positive,dataset2
1041,71,12,2,positive,dataset2
1042,40,2,1,positive,dataset2
1042,71,12,2,positive,dataset2
1042,83,18,2,positive,dataset2
1042,98,18,2,positive,dataset2
1043,3,2,2,positive,dataset2
1043,3,6,2,positive,dataset2
1043,3,12,1,positive,dataset2
1043,12,19,1,positive,dataset2
1043,16,6,2,positive,dataset2
1043,18,12,1,positive,dataset2
1043,21,12,1,positive,dataset2
1043,21,17,1,positive,dataset2
1043,24,2,2,positive,dataset2
1043,26,18,1,positive,dataset2
1043,39,6,2,positive,dataset2
1043,39,23,1,positive,dataset2
1043,40,2,1,positive,dataset2
1043,42,23,1,positive,dataset2
1043,47,38,2,positive,dataset2
1043,53,6,2,positive,dataset2
1043,53,12,1,positive,dataset2
1043,58,6,2,positive,dataset2
1043,60,17,1,positive,dataset2
1043,83,18,1,positive,dataset2
1043,84,6,2,positive,dataset2
1043,84,12,1,positive,dataset2
1043,98,18,1,positive,dataset2
1044,3,12,1,positive,dataset2
1045,21,26,2,positive,dataset2
1045,73,2,2,positive,dataset2
1045,95,17,2,positive,dataset2
1046,3,2,1,positive,dataset2
1046,21,17,2,positive,dataset2
1046,39,6,2,positive,dataset2
1046,42,23,1,positive,dataset2
1046,42,23,2,positive,dataset2
1046,60,24,2,positive,dataset2
1046,89,2,1,positive,dataset2
1047,3,2,1,positive,dataset2
1047,3,2,2,positive,dataset2
1047,3,6,1,positive,dataset2
1047,12,19,2,positive,dataset2
1047,21,17,1,positive,dataset2
1047,21,17,2,positive,dataset2
1047,21,35,1,positive,dataset2
1047,24,17,2,positive,dataset2
1047,26,18,1,positive,dataset2
1047,31,17,1,positive,dataset2
1047,35,6,1,positive,dataset2
1047,35,17,1,positive,dataset2
1047,39,5,1,positive,dataset2
1047,39,6,2,positive,dataset2
1047,39,47,2,positive,dataset2
1047,41,17,1,positive,dataset2
1047,42,23,2,positive,dataset2
1047,47,38,1,positive,dataset2
1047,52,21,2,positive,dataset2
1047,58,6,2,positive,dataset2
1047,60,6,1,positive,dataset2
1047,60,24,2,positive,dataset2
1047,61,17,1,positive,dataset2
1047,71,12,1,positive,dataset2
1047,71,12,2,positive,dataset2
1047,72,25,1,positive,dataset2
1047,83,18,1,positive,dataset2
1047,84,6,1,positive,dataset2
1047,90,6,1,positive,dataset2
1047,95,17,1,positive,dataset2
1047,95,17,2,positive,dataset2
1047,98,18,1,positive,dataset2
1048,21,26,1,positive,dataset2
1048,71,12,1,positive,dataset2
1048,95,17,2,positive,dataset2
1049,3,0,2,positive,dataset2
1049,3,2,1,positive,dataset2
1049,21,2,1,positive,dataset2
1049,21,22,1,positive,dataset2
1049,21,49,2,positive,dataset2
1049,21,51,1,positive,dataset2
1049,26,18,2,positive,dataset2
1049,31,12,1,positive,dataset2
1049,39,12,1,positive,dataset2
1049,39,23,1,positive,dataset2
1049,41,17,1,positive,dataset2
1049,42,23,1,positive,dataset2
1049,42,23,2,positive,dataset2
1049,42,49,2,positive,dataset2
1049,58,6,1,positive,dataset2
1049,60,12,1,positive,dataset2
1049,60,17,2,positive,dataset2
1049,72,25,1,positive,dataset2
1049,73,2,1,positive,dataset2
1049,75,28,1,positive,dataset2
1049,83,18,2,positive,dataset2
1049,89,2,1,positive,dataset2
1049,90,12,1,positive,dataset2
1049,95,17,2,positive,dataset2
1049,101,6,2,positive,dataset2
1049,108,17,1,positive,dataset2
1049,135,6,2,positive,dataset2
1050,21,17,2,positive,dataset2
1050,21,42,1,positive,dataset2
1050,26,18,2,positive,dataset2
1050,31,24,1,positive,dataset2
1050,39,6,2,positive,dataset2
1050,42,23,2,positive,dataset2
1050,58,6,2,positive,dataset2
1050,60,22,1,positive,dataset2
1050,60,22,2,positive,dataset2
1050,75,10,1,positive,dataset2
1050,83,18,2,positive,dataset2
1050,95,17,2,positive,dataset2
1050,119,17,1,positive,dataset2
1051,95,17,1,positive,dataset2
1052,3,2,1,positive,dataset2
1052,3,2,2,positive,dataset2
1052,3,12,1,positive,dataset2
1052,21,22,1,positive,dataset2
1052,31,2,1,positive,dataset2
1052,39,47,1,positive,dataset2
1052,41,17,1,positive,dataset2
1052,42,23,2,positive,dataset2
1052,47,38,1,positive,dataset2
1052,52,5,1,positive,dataset2
1052,52,6,1,positive,dataset2
1052,52,41,1,positive,dataset2
1052,58,6,1,positive,dataset2
1052,60,22,1,positive,dataset2
1052,60,22,2,positive,dataset2
1052,60,24,1,positive,dataset2
1052,71,12,1,positive,dataset2
1052,71,12,2,positive,dataset2
1052,73,2,1,positive,dataset2
1052,75,28,1,positive,dataset2
1052,75,28,2,positive,dataset2
1052,95,17,1,positive,dataset2
1052,99,24,1,positive,dataset2
1053,3,12,1,positive,dataset2
1053,18,12,1,positive,dataset2
1053,21,12,1,positive,dataset2
1053,21,17,2,positive,dataset2
1053,39,23,1,positive,dataset2
1053,42,23,1,positive,dataset2
1053,53,12,1,positive,dataset2
1053,60,22,2,positive,dataset2
1053,60,26,2,positive,dataset2
1053,60,32,1,positive,dataset2
1053,75,28,1,positive,dataset2
1053,84,12,1,positive,dataset2
1053,95,17,1,positive,dataset2
1054,95,17,1,positive,dataset2
1055,21,15,1,positive,dataset2
1055,21,17,2,positive,dataset2
1055,39,6,2,positive,dataset2
1055,42,23,2,positive,dataset2
1055,95,17,2,positive,dataset2
1056,3,2,1,positive,dataset2
1056,3,12,1,positive,dataset2
1056,18,12,1,positive,dataset2
1056,21,2,1,positive,dataset2
1056,21,6,2,positive,dataset2
1056,21,12,1,positive,dataset2
1056,21,15,1,positive,dataset2
1056,21,17,1,positive,dataset2
1056,21,17,2,positive,dataset2
1056,21,22,1,positive,dataset2
1056,21,26,2,positive,dataset2
1056,21,51,2,positive,dataset2
1056,26,18,1,positive,dataset2
1056,31,17,2,positive,dataset2
1056,31,24,1,positive,dataset2
1056,33,2,2,positive,dataset2
1056,39,6,2,positive,dataset2
1056,39,47,2,positive,dataset2
1056,41,17,1,positive,dataset2
1056,42,23,2,positive,dataset2
1056,53,12,1,positive,dataset2
1056,60,2,2,positive,dataset2
1056,60,22,2,positive,dataset2
1056,60,24,2,positive,dataset2
1056,61,17,1,positive,dataset2
1056,71,12,2,positive,dataset2
1056,72,25,2,positive,dataset2
1056,83,18,1,positive,dataset2
1056,84,12,1,positive,dataset2
1056,95,17,1,positive,dataset2
1056,98,18,1,positive,dataset2
1057,73,2,2,positive,dataset2
1058,21,6,2,positive,dataset2
1058,21,15,2,positive,dataset2
1059,3,2,1,positive,dataset2
1059,3,2,2,positive,dataset2
1059,3,5,2,positive,dataset2
1059,3,30,2,positive,dataset2
1059,21,12,2,positive,dataset2
1059,21,17,1,positive,dataset2
1059,21,18,2,positive,dataset2
1059,21,22,1,positive,dataset2
1059,21,22,2,positive,dataset2
1059,21,49,2,positive,dataset2
1059,26,18,1,positive,dataset2
1059,31,2,2,positive,dataset2
1059,31,24,2,positive,dataset2
1059,39,6,1,positive,dataset2
1059,39,6,2,positive,dataset2
1059,39,12,2,positive,dataset2
1059,39,26,1,positive,dataset2
1059,39,26,2,positive,dataset2
1059,40,2,1,positive,dataset2
1059,41,17,2,positive,dataset2
1059,42,17,2,positive,dataset2
1059,42,49,2,positive,dataset2
1059,47,38,1,positive,dataset2
1059,58,6,1,positive,dataset2
1059,58,6,2,positive,dataset2
1059,58,26,2,positive,dataset2
1059,60,22,1,positive,dataset2
1059,60,22,2,positive,dataset2
1059,60,32,1,positive,dataset2
1059,71,12,1,positive,dataset2
1059,75,10,2,positive,dataset2
1059,75,18,2,positive,dataset2
1059,75,28,2,positive,dataset2
1059,83,18,1,positive,dataset2
1059,97,0,1,positive,dataset2
1059,136,17,2,positive,dataset2
1060,3,6,2,positive,dataset2
1060,21,22,1,positive,dataset2
1060,35,6,2,positive,dataset2
1060,60,6,2,positive,dataset2
1060,73,2,1,positive,dataset2
1060,84,6,2,positive,dataset2
1060,90,6,2,positive,dataset2
1060,95,17,2,positive,dataset2
1061,1,26,2,positive,dataset2
1061,3,2,1,positive,dataset2
1061,3,12,1,positive,dataset2
1061,21,17,1,positive,dataset2
1061,21,17,2,positive,dataset2
1061,21,22,1,positive,dataset2
1061,21,22,2,positive,dataset2
1061,21,31,1,positive,dataset2
1061,21,35,1,positive,dataset2
1061,26,18,2,positive,dataset2
1061,31,2,1,positive,dataset2
1061,40,2,1,positive,dataset2
1061,41,17,1,positive,dataset2
1061,42,23,1,positive,dataset2
1061,58,6,2,positive,dataset2
1061,60,2,1,positive,dataset2
1061,60,24,2,positive,dataset2
1061,71,12,1,positive,dataset2
1061,73,2,1,positive,dataset2
1061,73,2,2,positive,dataset2
1061,83,18,2,positive,dataset2
1061,89,2,1,positive,dataset2
1061,95,17,2,positive,dataset2
1061,98,18,2,positive,dataset2
1061,108,17,1,positive,dataset2
1062,21,26,2,positive,dataset2
1062,71,12,2,positive,dataset2
1063,31,2,1,positive,dataset2
1064,1,26,2,positive,dataset2
1064,3,2,1,positive,dataset2
1064,16,57,2,positive,dataset2
1064,21,17,2,positive,dataset2
1064,21,23,2,positive,dataset2
1064,26,18,1,positive,dataset2
1064,31,24,2,positive,dataset2
1064,35,12,2,positive,dataset2
1064,35,13,1,positive,dataset2
1064,39,6,2,positive,dataset2
1064,39,23,1,positive,dataset2
1064,39,57,2,positive,dataset2
1064,42,23,1,positive,dataset2
1064,58,6,1,positive,dataset2
1064,58,6,2,positive,dataset2
1064,60,22,2,positive,dataset2
1064,72,25,2,positive,dataset2
1064,73,2,1,positive,dataset2
1064,73,2,2,positive,dataset2
1064,75,10,1,positive,dataset2
1064,77,13,1,positive,dataset2
1064,83,18,2,positive,dataset2
1064,89,2,1,positive,dataset2
1064,98,18,2,positive,dataset2
1065,21,26,1,positive,dataset2
1066,3,17,1,positive,dataset2
1066,3,26,2,positive,dataset2
1066,3,37,2,positive,dataset2
1066,12,19,2,positive,dataset2
1066,20,26,2,positive,dataset2
1066,21,17,1,positive,dataset2
1066,21,26,2,positive,dataset2
1066,26,18,2,positive,dataset2
1066,31,26,2,positive,dataset2
1066,33,2,1,positive,dataset2
1066,35,2,1,positive,dataset2
1066,39,5,2,positive,dataset2
1066,39,6,2,positive,dataset2
1066,39,26,2,positive,dataset2
1066,41,17,1,positive,dataset2
1066,42,23,1,positive,dataset2
1066,54,2,1,positive,dataset2
1066,58,6,1,positive,dataset2
1066,58,6,2,positive,dataset2
1066,60,17,1,positive,dataset2
1066,60,17,2,positive,dataset2
1066,60,22,1,positive,dataset2
1066,60,22,2,positive,dataset2
1066,60,26,2,positive,dataset2
1066,72,25,2,positive,dataset2
1066,73,2,1,positive,dataset2
1066,73,2,2,positive,dataset2
1066,83,18,1,positive,dataset2
1066,83,18,2,positive,dataset2
1066,84,26,2,positive,dataset2
1066,90,17,2,positive,dataset2
1066,98,18,1,positive,dataset2
1066,98,18,2,positive,dataset2
1067,21,17,1,positive,dataset2
1067,21,35,2,positive,dataset2
1067,60,17,1,positive,dataset2
1068,3,2,2,positive,dataset2
1068,21,22,1,positive,dataset2
1068,24,2,2,positive,dataset2
1068,26,18,1,positive,dataset2
1068,39,23,2,positive,dataset2
1068,40,2,2,positive,dataset2
1068,42,23,1,positive,dataset2
1068,42,23,2,positive,dataset2
1068,83,18,1,positive,dataset2
1068,83,18,2,positive,dataset2
1068,98,18,2,positive,dataset2
1068,105,12,2,positive,dataset2
1068,106,12,2,positive,dataset2
1069,21,22,1,positive,dataset2
1069,21,35,1,positive,dataset2
1069,42,23,2,positive,dataset2
1069,60,15,1,positive,dataset2
1069,83,18,1,positive,dataset2
1069,98,18,1,positive,dataset2
1069,107,2,1,positive,dataset2
1070,21,17,2,positive,dataset2
1071,3,37,1,positive,dataset2
1071,39,23,1,positive,dataset2
1071,42,23,1,positive,dataset2
1071,83,18,1,positive,dataset2
1071,98,18,1,positive,dataset2
1072,21,17,2,positive,dataset2
1072,73,2,1,positive,dataset2
1073,21,15,2,positive,dataset2
1073,21,22,1,positive,dataset2
1073,21,26,1,positive,dataset2
1073,35,2,1,positive,dataset2
1073,39,26,1,positive,dataset2
1073,58,6,2,positive,dataset2
1073,73,28,2,positive,dataset2
1073,75,10,2,positive,dataset2
1074,26,18,2,positive,dataset2
1075,26,18,2,positive,dataset2
1076,3,2,1,positive,dataset2
1076,3,21,1,positive,dataset2
1076,3,22,2,positive,dataset2
1076,18,21,1,positive,dataset2
1076,21,2,2,positive,dataset2
1076,21,21,1,positive,dataset2
1076,21,22,2,positive,dataset2
1076,21,64,2,positive,dataset2
1076,26,18,2,positive,dataset2
1076,60,37,1,positive,dataset2
1076,83,18,2,positive,dataset2
1076,97,0,1,positive,dataset2
1077,3,0,2,positive,dataset2
1077,3,2,1,positive,dataset2
1077,3,2,2,positive,dataset2
1077,3,6,2,positive,dataset2
1077,3,12,2,positive,dataset2
1077,3,17,2,positive,dataset2
1077,3,21,1,positive,dataset2
1077,3,22,2,positive,dataset2
1077,3,26,2,positive,dataset2
1077,20,26,2,positive,dataset2
1077,21,6,1,positive,dataset2
1077,21,12,2,positive,dataset2
1077,21,21,2,positive,dataset2
1077,21,22,1,positive,dataset2
1077,21,22,2,positive,dataset2
1077,21,31,2,positive,dataset2
1077,31,2,2,positive,dataset2
1077,31,17,1,positive,dataset2
1077,31,26,2,positive,dataset2
1077,39,26,2,positive,dataset2
1077,47,38,1,positive,dataset2
1077,52,41,2,positive,dataset2
1077,58,17,1,positive,dataset2
1077,60,2,2,positive,dataset2
1077,60,17,1,positive,dataset2
1077,60,22,2,positive,dataset2
1077,60,24,2,positive,dataset2
1077,60,26,2,positive,dataset2
1077,60,32,1,positive,dataset2
1077,71,12,2,positive,dataset2
1077,72,25,1,positive,dataset2
1077,73,2,1,positive,dataset2
1077,75,10,2,positive,dataset2
1077,81,17,1,positive,dataset2
1077,84,2,2,positive,dataset2
1077,89,2,1,positive,dataset2
1077,90,17,1,positive,dataset2
1077,90,17,2,positive,dataset2
1078,3,22,2,positive,dataset2
1078,21,22,2,positive,dataset2
1078,26,18,2,positive,dataset2
1078,75,28,2,positive,dataset2
1078,83,18,2,positive,dataset2
1079,3,2,1,positive,dataset2
1079,21,6,1,positive,dataset2
1079,21,22,1,positive,dataset2
1079,21,22,2,positive,dataset2
1079,21,51,1,positive,dataset2
1079,26,18,2,positive,dataset2
1079,39,6,2,positive,dataset2
1079,42,29,1,positive,dataset2
1079,58,6,1,positive,dataset2
1079,58,6,2,positive,dataset2
1079,60,27,2,positive,dataset2
1079,71,12,1,positive,dataset2
1079,73,2,1,positive,dataset2
1079,83,18,2,positive,dataset2
1079,89,2,1,positive,dataset2
1079,90,17,2,positive,dataset2
1079,98,18,2,positive,dataset2
1080,3,2,1,positive,dataset2
1080,3,26,1,positive,dataset2
1080,12,19,1,positive,dataset2
1080,12,19,2,positive,dataset2
1080,18,22,1,positive,dataset2
1080,21,17,2,positive,dataset2
1080,21,22,1,positive,dataset2
1080,21,22,2,positive,dataset2
1080,21,26,1,positive,dataset2
1080,21,49,1,positive,dataset2
1080,26,18,2,positive,dataset2
1080,30,45,1,positive,dataset2
1080,33,2,1,positive,dataset2
1080,39,6,1,positive,dataset2
1080,39,26,1,positive,dataset2
1080,40,2,1,positive,dataset2
1080,41,17,2,positive,dataset2
1080,42,23,1,positive,dataset2
1080,42,23,2,positive,dataset2
1080,42,49,1,positive,dataset2
1080,58,6,1,positive,dataset2
1080,60,2,1,positive,dataset2
1080,60,15,1,positive,dataset2
1080,60,15,2,positive,dataset2
1080,60,17,2,positive,dataset2
1080,60,22,2,positive,dataset2
1080,71,12,1,positive,dataset2
1080,73,2,2,positive,dataset2
1080,75,28,2,positive,dataset2
1080,83,18,2,positive,dataset2
1080,84,26,1,positive,dataset2
1080,89,2,1,positive,dataset2
1080,98,18,2,positive,dataset2
1081,39,6,1,positive,dataset2
1081,58,6,2,positive,dataset2
1082,71,12,2,positive,dataset2
1082,74,24,1,positive,dataset2
1083,3,2,1,positive,dataset2
1083,3,6,2,positive,dataset2
1083,35,6,2,positive,dataset2
1083,39,23,1,positive,dataset2
1083,42,23,1,positive,dataset2
1083,42,23,2,positive,dataset2
1083,60,6,2,positive,dataset2
1083,71,12,2,positive,dataset2
1083,84,6,2,positive,dataset2
1083,89,2,1,positive,dataset2
1083,90,6,2,positive,dataset2
1084,1,26,2,positive,dataset2
1084,3,2,1,positive,dataset2
1084,3,26,1,positive,dataset2
1084,12,19,1,positive,dataset2
1084,21,8,2,positive,dataset2
1084,21,17,2,positive,dataset2
1084,21,22,2,positive,dataset2
1084,21,26,1,positive,dataset2
1084,21,31,2,positive,dataset2
1084,29,48,1,positive,dataset2
1084,30,45,1,positive,dataset2
1084,35,2,1,positive,dataset2
1084,39,5,1,positive,dataset2
1084,39,6,2,positive,dataset2
1084,39,23,1,positive,dataset2
1084,39,26,1,positive,dataset2
1084,42,23,1,positive,dataset2
1084,58,5,1,positive,dataset2
1084,60,17,2,positive,dataset2
1084,60,22,1,positive,dataset2
1084,60,24,2,positive,dataset2
1084,69,2,2,positive,dataset2
1084,71,12,1,positive,dataset2
1084,73,2,2,positive,dataset2
1084,74,24,1,positive,dataset2
1084,75,28,1,positive,dataset2
1084,75,28,2,positive,dataset2
1084,83,18,2,positive,dataset2
1084,84,26,1,positive,dataset2
1084,89,2,1,positive,dataset2
1084,98,18,2,positive,dataset2
1084,130,17,1,positive,dataset2
1085,1,26,2,positive,dataset2
1085,3,2,1,positive,dataset2
1085,3,2,2,positive,dataset2
1085,3,12,1,positive,dataset2
1085,3,37,2,positive,dataset2
1085,21,2,1,positive,dataset2
1085,21,12,1,positive,dataset2
1085,21,17,2,positive,dataset2
1085,21,22,1,positive,dataset2
1085,21,35,1,positive,dataset2
1085,21,42,1,positive,dataset2
1085,21,47,2,positive,dataset2
1085,24,12,1,positive,dataset2
1085,31,2,1,positive,dataset2
1085,31,24,2,positive,dataset2
1085,34,17,2,positive,dataset2
1085,39,6,2,positive,dataset2
1085,39,12,1,positive,dataset2
1085,39,23,2,positive,dataset2
1085,39,26,1,positive,dataset2
1085,41,15,2,positive,dataset2
1085,41,17,2,positive,dataset2
1085,42,2,1,positive,dataset2
1085,42,23,1,positive,dataset2
1085,42,23,2,positive,dataset2
1085,57,17,1,positive,dataset2
1085,58,6,1,positive,dataset2
1085,58,6,2,positive,dataset2
1085,60,2,1,positive,dataset2
1085,60,22,1,positive,dataset2
1085,60,22,2,positive,dataset2
1085,60,32,1,positive,dataset2
1085,72,25,2,positive,dataset2
1085,73,2,1,positive,dataset2
1085,84,6,2,positive,dataset2
1085,89,2,1,positive,dataset2
1085,121,36,2,positive,dataset2
1085,122,6,2,positive,dataset2
1085,137,17,2,positive,dataset2
1086,3,2,2,positive,dataset2
1086,21,42,1,positive,dataset2
1086,39,6,2,positive,dataset2
1086,42,23,1,positive,dataset2
1087,1,26,2,positive,dataset2
1087,3,2,1,positive,dataset2
1087,3,2,2,positive,dataset2
1087,3,30,2,positive,dataset2
1087,3,37,1,positive,dataset2
1087,20,2,2,positive,dataset2
1087,20,18,2,positive,dataset2
1087,21,2,1,positive,dataset2
1087,21,2,2,positive,dataset2
1087,21,17,1,positive,dataset2
1087,21,17,2,positive,dataset2
1087,21,22,2,positive,dataset2
1087,21,30,2,positive,dataset2
1087,21,36,1,positive,dataset2
1087,21,42,1,positive,dataset2
1087,21,47,2,positive,dataset2
1087,21,49,2,positive,dataset2
1087,21,58,2,positive,dataset2
1087,24,12,1,positive,dataset2
1087,31,2,2,positive,dataset2
1087,31,15,2,positive,dataset2
1087,31,17,1,positive,dataset2
1087,31,24,2,positive,dataset2
1087,34,17,2,positive,dataset2
1087,35,30,2,positive,dataset2
1087,39,6,2,positive,dataset2
1087,39,37,2,positive,dataset2
1087,39,47,2,positive,dataset2
1087,40,2,2,positive,dataset2
1087,41,17,2,positive,dataset2
1087,42,23,1,positive,dataset2
1087,42,23,2,positive,dataset2
1087,42,29,2,positive,dataset2
1087,42,49,2,positive,dataset2
1087,58,6,1,positive,dataset2
1087,58,6,2,positive,dataset2
1087,60,18,2,positive,dataset2
1087,60,22,1,positive,dataset2
1087,60,24,1,positive,dataset2
1087,73,2,1,positive,dataset2
1087,73,2,2,positive,dataset2
1087,74,22,2,positive,dataset2
1087,84,26,2,positive,dataset2
1087,121,36,2,positive,dataset2
1088,21,42,1,positive,dataset2
1088,39,6,2,positive,dataset2
1088,39,23,2,positive,dataset2
1088,42,23,1,positive,dataset2
1088,42,23,2,positive,dataset2
1088,60,32,1,positive,dataset2
1089,21,26,1,positive,dataset2
1089,71,12,1,positive,dataset2
1090,1,26,2,positive,dataset2
1090,3,2,1,positive,dataset2
1090,3,2,2,positive,dataset2
1090,3,8,1,positive,dataset2
1090,3,26,2,positive,dataset2
1090,18,22,2,positive,dataset2
1090,21,2,1,positive,dataset2
1090,21,6,1,positive,dataset2
1090,21,6,2,positive,dataset2
1090,21,8,1,positive,dataset2
1090,21,17,2,positive,dataset2
1090,21,18,2,positive,dataset2
1090,21,21,2,positive,dataset2
1090,21,22,1,positive,dataset2
1090,21,22,2,positive,dataset2
1090,21,25,2,positive,dataset2
1090,21,26,2,positive,dataset2
1090,21,36,1,positive,dataset2
1090,21,49,2,positive,dataset2
1090,22,17,2,positive,dataset2
1090,25,2,1,positive,dataset2
1090,26,18,1,positive,dataset2
1090,31,2,1,positive,dataset2
1090,31,24,2,positive,dataset2
1090,31,26,2,positive,dataset2
1090,34,17,1,positive,dataset2
1090,39,2,1,positive,dataset2
1090,39,2,2,positive,dataset2
1090,39,5,1,positive,dataset2
1090,39,6,2,positive,dataset2
1090,39,8,1,positive,dataset2
1090,39,26,2,positive,dataset2
1090,40,2,2,positive,dataset2
1090,41,17,2,positive,dataset2
1090,42,17,2,positive,dataset2
1090,42,23,2,positive,dataset2
1090,42,49,2,positive,dataset2
1090,52,2,1,positive,dataset2
1090,52,15,2,positive,dataset2
1090,52,21,2,positive,dataset2
1090,56,22,2,positive,dataset2
1090,57,17,2,positive,dataset2
1090,58,6,1,positive,dataset2
1090,58,6,2,positive,dataset2
1090,60,2,1,positive,dataset2
1090,60,2,2,positive,dataset2
1090,60,15,2,positive,dataset2
1090,60,17,2,positive,dataset2
1090,60,22,2,positive,dataset2
1090,60,24,1,positive,dataset2
1090,60,24,2,positive,dataset2
1090,60,26,2,positive,dataset2
1090,60,36,2,positive,dataset2
1090,73,2,1,positive,dataset2
1090,73,2,2,positive,dataset2
1090,74,22,2,positive,dataset2
1090,83,18,1,positive,dataset2
1090,84,26,2,positive,dataset2
1090,84,36,2,positive,dataset2
1090,89,2,1,positive,dataset2
1090,99,24,1,positive,dataset2
1090,102,2,1,positive,dataset2
1090,121,36,2,positive,dataset2
1090,138,36,2,positive,dataset2
1090,139,6,2,positive,dataset2
1091,39,23,1,positive,dataset2
1091,41,17,2,positive,dataset2
1091,42,23,1,positive,dataset2
1091,90,17,2,positive,dataset2
1092,3,21,1,positive,dataset2
1092,12,19,2,positive,dataset2
1092,21,17,2,positive,dataset2
1092,21,35,1,positive,dataset2
1092,35,2,1,positive,dataset2
1092,39,26,1,positive,dataset2
1092,83,18,2,positive,dataset2
1092,98,18,2,positive,dataset2
1093,3,2,1,positive,dataset2
1093,21,17,2,positive,dataset2
1093,58,6,2,positive,dataset2
1094,3,2,1,positive,dataset2
1094,3,2,2,positive,dataset2
1094,3,12,1,positive,dataset2
1094,3,21,2,positive,dataset2
1094,21,2,1,positive,dataset2
1094,21,6,2,positive,dataset2
1094,21,15,2,positive,dataset2
1094,21,17,1,positive,dataset2
1094,21,17,2,positive,dataset2
1094,21,21,2,positive,dataset2
1094,21,22,1,positive,dataset2
1094,21,23,2,positive,dataset2
1094,21,26,2,positive,dataset2
1094,21,47,2,positive,dataset2
1094,21,49,2,positive,dataset2
1094,21,51,1,positive,dataset2
1094,24,2,2,positive,dataset2
1094,31,2,2,positive,dataset2
1094,31,24,2,positive,dataset2
1094,39,2,2,positive,dataset2
1094,39,5,1,positive,dataset2
1094,39,5,2,positive,dataset2
1094,39,6,2,positive,dataset2
1094,39,26,2,positive,dataset2
1094,39,47,2,positive,dataset2
1094,40,2,2,positive,dataset2
1094,41,17,2,positive,dataset2
1094,42,17,2,positive,dataset2
1094,42,23,1,positive,dataset2
1094,42,49,2,positive,dataset2
1094,47,28,2,positive,dataset2
1094,52,21,2,positive,dataset2
1094,57,17,2,positive,dataset2
1094,58,6,1,positive,dataset2
1094,58,6,2,positive,dataset2
1094,60,2,2,positive,dataset2
1094,60,5,2,positive,dataset2
1094,60,6,2,positive,dataset2
1094,60,22,1,positive,dataset2
1094,60,24,1,positive,dataset2
1094,72,25,2,positive,dataset2
1094,73,2,1,positive,dataset2
1094,73,2,2,positive,dataset2
1094,75,10,2,positive,dataset2
1094,75,18,2,positive,dataset2
1094,130,17,2,positive,dataset2
1095,39,6,2,positive,dataset2
1095,42,23,1,positive,dataset2
1096,57,17,2,positive,dataset2
1097,95,17,1,positive,dataset2
1098,26,18,1,positive,dataset2
1098,31,2,2,positive,dataset2
1098,83,18,1,positive,dataset2
1099,3,39,2,positive,dataset2
1099,21,6,2,positive,dataset2
1099,21,17,2,positive,dataset2
1099,21,22,2,positive,dataset2
1099,21,26,2,positive,dataset2
1099,21,30,1,positive,dataset2
1099,21,31,2,positive,dataset2
1099,25,2,2,positive,dataset2
1099,26,18,1,positive,dataset2
1099,26,18,2,positive,dataset2
1099,31,2,2,positive,dataset2
1099,31,24,1,positive,dataset2
1099,31,24,2,positive,dataset2
1099,33,2,2,positive,dataset2
1099,35,39,2,positive,dataset2
1099,39,2,2,positive,dataset2
1099,39,6,2,positive,dataset2
1099,39,26,2,positive,dataset2
1099,42,23,1,positive,dataset2
1099,52,41,2,positive,dataset2
1099,58,6,2,positive,dataset2
1099,58,26,2,positive,dataset2
1099,60,22,2,positive,dataset2
1099,68,12,2,positive,dataset2
1099,71,12,2,positive,dataset2
1099,72,25,2,positive,dataset2
1099,75,28,1,positive,dataset2
1099,83,18,1,positive,dataset2
1099,83,18,2,positive,dataset2
1099,95,17,1,positive,dataset2
1099,98,18,2,positive,dataset2
1100,71,12,2,positive,dataset2
1100,95,17,1,positive,dataset2
1101,71,12,1,positive,dataset2
1102,3,2,1,positive,dataset2
1102,3,2,2,positive,dataset2
1102,3,18,2,positive,dataset2
1102,3,22,1,positive,dataset2
1102,3,37,1,positive,dataset2
1102,3,37,2,positive,dataset2
1102,18,17,1,positive,dataset2
1102,21,2,1,positive,dataset2
1102,21,2,2,positive,dataset2
1102,21,10,2,positive,dataset2
1102,21,17,1,positive,dataset2
1102,21,17,2,positive,dataset2
1102,21,18,1,positive,dataset2
1102,21,18,2,positive,dataset2
1102,21,22,1,positive,dataset2
1102,21,24,2,positive,dataset2
1102,21,37,2,positive,dataset2
1102,31,2,2,positive,dataset2
1102,31,24,2,positive,dataset2
1102,33,2,1,positive,dataset2
1102,34,18,2,positive,dataset2
1102,39,23,1,positive,dataset2
1102,41,2,2,positive,dataset2
1102,41,17,2,positive,dataset2
1102,42,23,1,positive,dataset2
1102,42,23,2,positive,dataset2
1102,42,29,2,positive,dataset2
1102,42,42,2,positive,dataset2
1102,49,2,1,positive,dataset2
1102,49,2,2,positive,dataset2
1102,49,18,2,positive,dataset2
1102,58,6,1,positive,dataset2
1102,58,6,2,positive,dataset2
1102,60,2,1,positive,dataset2
1102,60,2,2,positive,dataset2
1102,60,15,1,positive,dataset2
1102,60,37,2,positive,dataset2
1102,83,65,2,positive,dataset2
1102,89,2,1,positive,dataset2
1102,94,36,1,positive,dataset2
1102,95,17,1,positive,dataset2
1103,3,2,1,positive,dataset2
1103,3,45,2,positive,dataset2
1103,21,2,2,positive,dataset2
1103,21,15,2,positive,dataset2
1103,21,22,1,positive,dataset2
1103,21,26,1,positive,dataset2
1103,21,26,2,positive,dataset2
1103,21,51,1,positive,dataset2
1103,24,17,2,positive,dataset2
1103,39,6,2,positive,dataset2
1103,39,22,2,positive,dataset2
1103,39,26,1,positive,dataset2
1103,41,17,2,positive,dataset2
1103,58,6,1,positive,dataset2
1103,58,6,2,positive,dataset2
1103,71,12,1,positive,dataset2
1103,73,2,2,positive,dataset2
1103,89,2,1,positive,dataset2
1103,130,17,2,positive,dataset2
1103,140,27,2,positive,dataset2
1104,83,18,2,positive,dataset2
1105,21,35,1,positive,dataset2
1106,21,17,1,positive,dataset2
1106,58,6,1,positive,dataset2
1107,21,26,2,positive,dataset2
1108,3,12,1,positive,dataset2
1108,21,35,1,positive,dataset2
1108,39,6,2,positive,dataset2
1108,39,26,1,positive,dataset2
1109,3,2,1,positive,dataset2
1109,3,12,2,positive,dataset2
1109,3,21,2,positive,dataset2
1109,3,26,1,positive,dataset2
1109,12,19,2,positive,dataset2
1109,18,21,2,positive,dataset2
1109,21,6,1,positive,dataset2
1109,21,17,2,positive,dataset2
1109,21,21,2,positive,dataset2
1109,21,22,1,positive,dataset2
1109,21,22,2,positive,dataset2
1109,21,26,1,positive,dataset2
1109,21,31,2,positive,dataset2
1109,26,18,1,positive,dataset2
1109,29,48,1,positive,dataset2
1109,30,45,1,positive,dataset2
1109,31,26,1,positive,dataset2
1109,35,13,1,positive,dataset2
1109,35,21,2,positive,dataset2
1109,39,6,1,positive,dataset2
1109,39,6,2,positive,dataset2
1109,39,23,1,positive,dataset2
1109,39,26,1,positive,dataset2
1109,39,41,1,positive,dataset2
1109,41,17,1,positive,dataset2
1109,41,17,2,positive,dataset2
1109,42,23,1,positive,dataset2
1109,42,23,2,positive,dataset2
1109,52,21,2,positive,dataset2
1109,58,6,1,positive,dataset2
1109,58,6,2,positive,dataset2
1109,58,41,1,positive,dataset2
1109,60,2,2,positive,dataset2
1109,60,15,2,positive,dataset2
1109,60,22,1,positive,dataset2
1109,60,24,2,positive,dataset2
1109,71,12,2,positive,dataset2
1109,73,2,2,positive,dataset2
1109,74,24,1,positive,dataset2
1109,75,28,2,positive,dataset2
1109,77,41,1,positive,dataset2
1109,83,18,2,positive,dataset2
1109,84,26,1,positive,dataset2
1109,130,17,1,positive,dataset2
1110,3,12,1,positive,dataset2
1110,12,19,1,positive,dataset2
1110,21,23,2,positive,dataset2
1110,31,2,2,positive,dataset2
1110,60,32,1,positive,dataset2
1110,73,2,1,positive,dataset2
1111,3,2,2,positive,dataset2
1111,3,12,2,positive,dataset2
1111,21,17,2,positive,dataset2
1111,21,22,1,positive,dataset2
1111,21,22,2,positive,dataset2
1111,26,18,2,positive,dataset2
1111,31,24,2,positive,dataset2
1111,39,5,1,positive,dataset2
1111,39,5,2,positive,dataset2
1111,39,6,2,positive,dataset2
1111,39,23,1,positive,dataset2
1111,41,17,1,positive,dataset2
1111,42,23,1,positive,dataset2
1111,56,22,2,positive,dataset2
1111,58,6,1,positive,dataset2
1111,58,6,2,positive,dataset2
1111,60,2,1,positive,dataset2
1111,60,2,2,positive,dataset2
1111,60,17,2,positive,dataset2
1111,60,22,2,positive,dataset2
1111,60,24,2,positive,dataset2
1111,71,12,2,positive,dataset2
1111,72,25,2,positive,dataset2
1111,73,2,1,positive,dataset2
1111,74,24,1,positive,dataset2
1111,75,28,2,positive,dataset2
1111,83,18,2,positive,dataset2
1112,3,12,1,positive,dataset2
1112,21,22,2,positive,dataset2
1112,21,23,2,positive,dataset2
1112,26,18,1,positive,dataset2
1112,31,2,2,positive,dataset2
1112,39,6,1,positive,dataset2
1112,39,23,1,positive,dataset2
1112,39,23,2,positive,dataset2
1112,40,2,1,positive,dataset2
1112,42,23,2,positive,dataset2
1112,54,2,2,positive,dataset2
1112,73,2,1,positive,dataset2
1112,74,24,1,positive,dataset2
1112,83,18,1,positive,dataset2
1113,3,2,1,positive,dataset2
1113,3,2,2,positive,dataset2
1113,3,6,1,positive,dataset2
1113,3,8,2,positive,dataset2
1113,3,12,1,positive,dataset2
1113,3,24,1,positive,dataset2
1113,3,26,1,positive,dataset2
1113,3,28,1,positive,dataset2
1113,6,13,2,positive,dataset2
1113,10,12,2,positive,dataset2
1113,12,19,2,positive,dataset2
1113,19,10,1,positive,dataset2
1113,19,28,1,positive,dataset2
1113,21,2,1,positive,dataset2
1113,21,8,1,positive,dataset2
1113,21,8,2,positive,dataset2
1113,21,10,1,positive,dataset2
1113,21,12,1,positive,dataset2
1113,21,12,2,positive,dataset2
1113,21,15,1,positive,dataset2
1113,21,17,1,positive,dataset2
1113,21,21,1,positive,dataset2
1113,21,22,1,positive,dataset2
1113,21,22,2,positive,dataset2
1113,21,23,2,positive,dataset2
1113,21,26,1,positive,dataset2
1113,21,30,2,positive,dataset2
1113,21,31,1,positive,dataset2
1113,22,17,1,positive,dataset2
1113,24,2,2,positive,dataset2
1113,29,13,1,positive,dataset2
1113,31,2,1,positive,dataset2
1113,31,17,1,positive,dataset2
1113,31,24,1,positive,dataset2
1113,31,26,1,positive,dataset2
1113,32,24,1,positive,dataset2
1113,34,17,2,positive,dataset2
1113,35,6,1,positive,dataset2
1113,39,5,1,positive,dataset2
1113,39,5,2,positive,dataset2
1113,39,6,1,positive,dataset2
1113,39,6,2,positive,dataset2
1113,39,8,2,positive,dataset2
1113,39,12,1,positive,dataset2
1113,39,23,1,positive,dataset2
1113,39,25,1,positive,dataset2
1113,39,26,1,positive,dataset2
1113,39,47,1,positive,dataset2
1113,40,2,1,positive,dataset2
1113,41,15,1,positive,dataset2
1113,41,17,1,positive,dataset2
1113,42,2,1,positive,dataset2
1113,42,22,2,positive,dataset2
1113,42,23,1,positive,dataset2
1113,42,23,2,positive,dataset2
1113,42,29,1,positive,dataset2
1113,47,38,1,positive,dataset2
1113,58,5,1,positive,dataset2
1113,58,5,2,positive,dataset2
1113,58,6,1,positive,dataset2
1113,58,6,2,positive,dataset2
1113,58,25,1,positive,dataset2
1113,60,2,1,positive,dataset2
1113,60,2,2,positive,dataset2
1113,60,15,1,positive,dataset2
1113,60,17,2,positive,dataset2
1113,60,22,1,positive,dataset2
1113,60,22,2,positive,dataset2
1113,60,24,2,positive,dataset2
1113,60,25,1,positive,dataset2
1113,60,26,1,positive,dataset2
1113,60,28,1,positive,dataset2
1113,60,31,1,positive,dataset2
1113,71,12,1,positive,dataset2
1113,72,25,1,positive,dataset2
1113,73,2,1,positive,dataset2
1113,74,24,1,positive,dataset2
1113,75,28,1,positive,dataset2
1113,75,28,2,positive,dataset2
1113,77,28,1,positive,dataset2
1113,83,18,1,positive,dataset2
1113,89,2,1,positive,dataset2
1113,95,17,1,positive,dataset2
1113,98,18,1,positive,dataset2
1113,141,17,1,positive,dataset2
1113,142,25,1,positive,dataset2
1114,21,26,1,positive,dataset2
1114,95,17,1,positive,dataset2
1115,3,2,1,positive,dataset2
1115,3,2,2,positive,dataset2
1115,3,12,1,positive,dataset2
1115,3,25,2,positive,dataset2
1115,3,26,2,positive,dataset2
1115,21,2,2,positive,dataset2
1115,21,22,2,positive,dataset2
1115,21,26,2,positive,dataset2
1115,21,35,2,positive,dataset2
1115,26,18,1,positive,dataset2
1115,26,18,2,positive,dataset2
1115,29,0,2,positive,dataset2
1115,31,2,1,positive,dataset2
1115,31,24,1,positive,dataset2
1115,33,2,1,positive,dataset2
1115,39,6,2,positive,dataset2
1115,39,23,1,positive,dataset2
1115,39,26,2,positive,dataset2
1115,39,47,2,positive,dataset2
1115,40,2,1,positive,dataset2
1115,42,23,1,positive,dataset2
1115,42,23,2,positive,dataset2
1115,42,29,1,positive,dataset2
1115,52,5,1,positive,dataset2
1115,52,6,1,positive,dataset2
1115,52,41,1,positive,dataset2
1115,60,17,2,positive,dataset2
1115,60,22,1,positive,dataset2
1115,60,22,2,positive,dataset2
1115,60,32,1,positive,dataset2
1115,71,12,1,positive,dataset2
1115,72,25,1,positive,dataset2
1115,73,2,1,positive,dataset2
1115,74,24,2,positive,dataset2
1115,75,10,1,positive,dataset2
1115,75,28,1,positive,dataset2
1115,83,18,2,positive,dataset2
1115,84,26,2,positive,dataset2
1115,90,2,1,positive,dataset2
1115,95,17,1,positive,dataset2
1115,98,18,2,positive,dataset2
1115,107,2,2,positive,dataset2
1116,21,35,1,positive,dataset2
1117,3,12,1,positive,dataset2
1117,21,18,2,positive,dataset2
1117,21,26,2,positive,dataset2
1117,42,23,2,positive,dataset2
1117,75,10,2,positive,dataset2
1117,75,28,1,positive,dataset2
1117,83,18,1,positive,dataset2
1117,83,18,2,positive,dataset2
1117,98,18,2,positive,dataset2
1118,42,23,1,positive,dataset2
1119,42,23,1,positive,dataset2
1119,42,23,2,positive,dataset2
1120,60,32,1,positive,dataset2
1120,75,28,1,positive,dataset2
1120,95,17,2,positive,dataset2
1121,95,17,1,positive,dataset2
1122,21,35,1,positive,dataset2
1122,95,17,1,positive,dataset2
1123,3,12,1,positive,dataset2
1123,40,2,1,positive,dataset2
1124,21,26,1,positive,dataset2
1124,95,17,2,positive,dataset2
1125,3,2,1,positive,dataset2
1125,3,29,2,positive,dataset2
1125,20,18,2,positive,dataset2
1125,21,22,1,positive,dataset2
1125,21,35,1,positive,dataset2
1125,21,42,2,positive,dataset2
1125,31,17,2,positive,dataset2
1125,41,17,1,positive,dataset2
1125,60,17,2,positive,dataset2
1125,73,2,1,positive,dataset2
1125,95,17,2,positive,dataset2
1126,21,6,2,positive,dataset2
1126,58,6,1,positive,dataset2
1126,95,17,2,positive,dataset2
1127,21,22,2,positive,dataset2
1128,3,2,1,positive,dataset2
1128,3,2,2,positive,dataset2
1128,3,12,1,positive,dataset2
1128,3,22,2,positive,dataset2
1128,3,49,2,positive,dataset2
1128,18,34,2,positive,dataset2
1128,21,2,2,positive,dataset2
1128,21,22,1,positive,dataset2
1128,21,22,2,positive,dataset2
1128,21,25,1,positive,dataset2
1128,21,26,1,positive,dataset2
1128,21,31,1,positive,dataset2
1128,21,49,2,positive,dataset2
1128,21,51,1,positive,dataset2
1128,21,66,1,positive,dataset2
1128,25,2,1,positive,dataset2
1128,34,17,1,positive,dataset2
1128,39,2,1,positive,dataset2
1128,39,5,2,positive,dataset2
1128,39,26,1,positive,dataset2
1128,40,2,2,positive,dataset2
1128,41,15,1,positive,dataset2
1128,41,17,1,positive,dataset2
1128,42,23,1,positive,dataset2
1128,42,29,2,positive,dataset2
1128,42,49,2,positive,dataset2
1128,44,24,2,positive,dataset2
1128,47,38,1,positive,dataset2
1128,52,2,1,positive,dataset2
1128,58,6,1,positive,dataset2
1128,60,2,1,positive,dataset2
1128,60,32,1,positive,dataset2
1128,71,12,1,positive,dataset2
1128,72,25,1,positive,dataset2
1128,73,2,1,positive,dataset2
1128,73,2,2,positive,dataset2
1128,83,18,2,positive,dataset2
1128,84,34,2,positive,dataset2
1128,102,2,1,positive,dataset2
1129,3,2,1,positive,dataset2
1129,21,22,2,positive,dataset2
1129,89,2,1,positive,dataset2
1130,95,17,1,positive,dataset2
1131,39,5,2,positive,dataset2
1132,3,2,1,positive,dataset2
1132,3,6,1,positive,dataset2
1132,3,12,1,positive,dataset2
1132,12,19,1,positive,dataset2
1132,16,57,1,positive,dataset2
1132,21,17,1,positive,dataset2
1132,21,17,2,positive,dataset2
1132,21,22,1,positive,dataset2
1132,21,22,2,positive,dataset2
1132,35,6,1,positive,dataset2
1132,39,6,2,positive,dataset2
1132,39,57,1,positive,dataset2
1132,40,2,1,positive,dataset2
1132,41,17,1,positive,dataset2
1132,42,23,2,positive,dataset2
1132,52,21,1,positive,dataset2
1132,52,41,2,positive,dataset2
1132,58,6,2,positive,dataset2
1132,60,6,1,positive,dataset2
1132,60,31,2,positive,dataset2
1132,71,12,2,positive,dataset2
1132,73,2,2,positive,dataset2
1132,83,18,1,positive,dataset2
1132,84,5,1,positive,dataset2
1132,84,6,1,positive,dataset2
1132,90,6,1,positive,dataset2
1132,95,17,1,positive,dataset2
1132,98,18,1,positive,dataset2
1132,143,5,1,positive,dataset2
1133,3,2,1,positive,dataset2
1133,3,30,1,positive,dataset2
1133,3,30,2,positive,dataset2
1133,21,22,1,positive,dataset2
1133,39,6,1,positive,dataset2
1133,58,6,1,positive,dataset2
1133,58,26,1,positive,dataset2
1133,71,12,1,positive,dataset2
1133,89,2,1,positive,dataset2
1134,3,2,1,positive,dataset2
1134,18,17,1,positive,dataset2
1134,21,17,1,positive,dataset2
1134,21,17,2,positive,dataset2
1134,21,21,2,positive,dataset2
1134,21,22,2,positive,dataset2
1134,58,6,2,positive,dataset2
1134,60,22,2,positive,dataset2
1134,60,24,2,positive,dataset2
1134,83,18,2,positive,dataset2
1134,89,2,1,positive,dataset2
1135,21,26,1,positive,dataset2
1136,3,0,2,positive,dataset2
1136,3,26,2,positive,dataset2
1136,3,30,2,positive,dataset2
1136,18,22,1,positive,dataset2
1136,20,2,2,positive,dataset2
1136,20,18,2,positive,dataset2
1136,21,2,2,positive,dataset2
1136,21,17,2,positive,dataset2
1136,21,22,2,positive,dataset2
1136,28,13,2,positive,dataset2
1136,31,2,2,positive,dataset2
1136,31,24,2,positive,dataset2
1136,35,2,1,positive,dataset2
1136,39,6,2,positive,dataset2
1136,41,18,2,positive,dataset2
1136,42,23,2,positive,dataset2
1136,49,2,1,positive,dataset2
1136,58,6,2,positive,dataset2
1136,60,12,1,positive,dataset2
1136,60,18,1,positive,dataset2
1136,60,18,2,positive,dataset2
1136,60,26,2,positive,dataset2
1136,71,12,1,positive,dataset2
1136,73,2,1,positive,dataset2
1137,31,2,2,positive,dataset2
1137,101,6,2,positive,dataset2
1138,144,10,1,positive,dataset2
1139,21,22,2,positive,dataset2
1140,3,2,2,positive,dataset2
1140,3,12,2,positive,dataset2
1140,3,26,2,positive,dataset2
1140,18,17,2,positive,dataset2
1140,21,2,2,positive,dataset2
1140,21,17,2,positive,dataset2
1140,21,22,2,positive,dataset2
1140,21,24,2,positive,dataset2
1140,21,26,2,positive,dataset2
1140,21,49,2,positive,dataset2
1140,26,18,1,positive,dataset2
1140,35,2,1,positive,dataset2
1140,39,6,2,positive,dataset2
1140,39,23,1,positive,dataset2
1140,39,26,2,positive,dataset2
1140,41,17,1,positive,dataset2
1140,41,17,2,positive,dataset2
1140,42,23,1,positive,dataset2
1140,42,42,2,positive,dataset2
1140,42,49,2,positive,dataset2
1140,47,38,2,positive,dataset2
1140,58,6,1,positive,dataset2
1140,58,6,2,positive,dataset2
1140,58,26,2,positive,dataset2
1140,60,2,2,positive,dataset2
1140,60,22,1,positive,dataset2
1140,60,22,2,positive,dataset2
1140,60,36,2,positive,dataset2
1140,73,2,2,positive,dataset2
1140,75,28,1,positive,dataset2
1140,83,18,1,positive,dataset2
1140,84,5,1,positive,dataset2
1140,98,18,1,positive,dataset2
1140,119,17,2,positive,dataset2
1141,58,6,1,positive,dataset2
1141,58,6,2,positive,dataset2
1142,21,22,2,positive,dataset2
1142,71,12,1,positive,dataset2
1143,60,32,1,positive,dataset2
1144,47,38,2,positive,dataset2
1145,3,2,1,positive,dataset2
1145,21,17,2,positive,dataset2
1145,21,26,1,positive,dataset2
1145,39,5,2,positive,dataset2
1145,39,6,2,positive,dataset2
1145,39,26,1,positive,dataset2
1145,58,5,2,positive,dataset2
1145,71,12,1,positive,dataset2
1145,89,2,1,positive,dataset2
1146,60,32,2,positive,dataset2
1147,42,23,1,positive,dataset2
1147,47,38,1,positive,dataset2
1147,75,10,1,positive,dataset2
1148,21,26,1,positive,dataset2
1149,3,2,1,positive,dataset2
1149,3,2,2,positive,dataset2
1149,3,12,1,positive,dataset2
1149,3,21,2,positive,dataset2
1149,3,26,2,positive,dataset2
1149,18,12,1,positive,dataset2
1149,21,10,2,positive,dataset2
1149,21,12,1,positive,dataset2
1149,21,21,2,positive,dataset2
1149,21,22,1,positive,dataset2
1149,21,26,2,positive,dataset2
1149,21,35,2,positive,dataset2
1149,21,38,2,positive,dataset2
1149,21,51,1,positive,dataset2
1149,39,6,2,positive,dataset2
1149,39,26,2,positive,dataset2
1149,41,15,1,positive,dataset2
1149,53,12,1,positive,dataset2
1149,58,5,1,positive,dataset2
1149,58,6,2,positive,dataset2
1149,58,26,2,positive,dataset2
1149,60,2,2,positive,dataset2
1149,60,5,2,positive,dataset2
1149,60,12,2,positive,dataset2
1149,60,17,2,positive,dataset2
1149,60,18,2,positive,dataset2
1149,60,22,2,positive,dataset2
1149,71,12,1,positive,dataset2
1149,73,2,1,positive,dataset2
1149,73,2,2,positive,dataset2
1149,75,28,1,positive,dataset2
1149,84,12,1,positive,dataset2
1149,84,26,2,positive,dataset2
1149,87,17,1,positive,dataset2
1149,145,12,2,positive,dataset2
1150,12,19,1,positive,dataset2
1150,39,23,1,positive,dataset2
1150,42,23,1,positive,dataset2
1150,71,12,1,positive,dataset2
1151,21,26,1,positive,dataset2
1151,21,26,2,positive,dataset2
1151,73,2,2,positive,dataset2
1151,95,17,1,positive,dataset2
1152,3,2,1,positive,dataset2
1152,3,2,2,positive,dataset2
1152,3,12,1,positive,dataset2
1152,3,13,1,positive,dataset2
1152,3,13,2,positive,dataset2
1152,3,21,1,positive,dataset2
1152,19,28,1,positive,dataset2
1152,21,2,1,positive,dataset2
1152,21,2,2,positive,dataset2
1152,21,17,1,positive,dataset2
1152,21,21,1,positive,dataset2
1152,21,22,1,positive,dataset2
1152,21,22,2,positive,dataset2
1152,21,49,2,positive,dataset2
1152,21,51,1,positive,dataset2
1152,26,18,1,positive,dataset2
1152,30,19,1,positive,dataset2
1152,39,6,2,positive,dataset2
1152,39,8,1,positive,dataset2
1152,39,23,1,positive,dataset2
1152,40,2,1,positive,dataset2
1152,40,2,2,positive,dataset2
1152,41,17,1,positive,dataset2
1152,42,23,1,positive,dataset2
1152,42,49,2,positive,dataset2
1152,47,38,2,positive,dataset2
1152,51,19,1,positive,dataset2
1152,58,6,1,positive,dataset2
1152,58,6,2,positive,dataset2
1152,60,2,2,positive,dataset2
1152,60,17,2,positive,dataset2
1152,60,22,2,positive,dataset2
1152,60,24,2,positive,dataset2
1152,60,32,1,positive,dataset2
1152,71,12,1,positive,dataset2
1152,71,12,2,positive,dataset2
1152,73,2,1,positive,dataset2
1152,75,28,1,positive,dataset2
1152,83,18,1,positive,dataset2
1152,83,18,2,positive,dataset2
1152,84,6,2,positive,dataset2
1152,89,2,1,positive,dataset2
1152,95,17,1,positive,dataset2
1152,98,18,2,positive,dataset2
1152,146,24,1,positive,dataset2
1152,147,63,2,positive,dataset2
1153,21,35,1,positive,dataset2
1153,21,42,2,positive,dataset2
1153,26,18,1,positive,dataset2
1153,26,18,2,positive,dataset2
1153,31,2,2,positive,dataset2
1153,39,6,2,positive,dataset2
1153,39,23,1,positive,dataset2
1153,42,23,1,positive,dataset2
1153,60,17,2,positive,dataset2
1153,83,18,1,positive,dataset2
1153,83,18,2,positive,dataset2
1153,95,17,1,positive,dataset2
1154,21,26,2,positive,dataset2
1154,73,2,2,positive,dataset2
1154,95,17,1,positive,dataset2
1155,3,2,1,positive,dataset2
1155,3,2,2,positive,dataset2
1155,3,5,1,positive,dataset2
1155,21,2,1,positive,dataset2
1155,21,2,2,positive,dataset2
1155,21,12,1,positive,dataset2
1155,21,17,1,positive,dataset2
1155,21,22,1,positive,dataset2
1155,21,22,2,positive,dataset2
1155,21,30,2,positive,dataset2
1155,26,18,1,positive,dataset2
1155,29,48,1,positive,dataset2
1155,30,19,1,positive,dataset2
1155,31,2,1,positive,dataset2
1155,31,2,2,positive,dataset2
1155,39,6,2,positive,dataset2
1155,39,26,2,positive,dataset2
1155,39,47,1,positive,dataset2
1155,40,2,1,positive,dataset2
1155,41,17,1,positive,dataset2
1155,51,19,1,positive,dataset2
1155,58,6,1,positive,dataset2
1155,58,6,2,positive,dataset2
1155,60,2,2,positive,dataset2
1155,60,22,1,positive,dataset2
1155,60,22,2,positive,dataset2
1155,60,24,2,positive,dataset2
1155,71,12,1,positive,dataset2
1155,71,12,2,positive,dataset2
1155,72,25,2,positive,dataset2
1155,73,2,1,positive,dataset2
1155,83,18,1,positive,dataset2
1155,84,6,2,positive,dataset2
1155,84,34,1,positive,dataset2
1155,95,17,1,positive,dataset2
1155,98,18,1,positive,dataset2
1155,125,25,2,positive,dataset2
1155,146,24,1,positive,dataset2
1156,3,2,2,positive,dataset2
1156,21,17,1,positive,dataset2
1156,21,42,2,positive,dataset2
1156,24,2,2,positive,dataset2
1156,31,2,2,positive,dataset2
1156,39,23,1,positive,dataset2
1156,40,2,2,positive,dataset2
1156,41,17,1,positive,dataset2
1156,42,23,1,positive,dataset2
1156,60,17,2,positive,dataset2
1156,72,25,2,positive,dataset2
1156,95,17,1,positive,dataset2
1157,3,2,2,positive,dataset2
1157,3,6,1,positive,dataset2
1157,3,12,2,positive,dataset2
1157,3,17,1,positive,dataset2
1157,3,47,2,positive,dataset2
1157,21,2,2,positive,dataset2
1157,21,5,2,positive,dataset2
1157,21,8,2,positive,dataset2
1157,21,17,1,positive,dataset2
1157,21,21,2,positive,dataset2
1157,21,22,1,positive,dataset2
1157,21,23,1,positive,dataset2
1157,21,26,1,positive,dataset2
1157,21,31,1,positive,dataset2
1157,21,35,1,positive,dataset2
1157,21,47,2,positive,dataset2
1157,31,24,1,positive,dataset2
1157,31,42,2,positive,dataset2
1157,34,17,1,positive,dataset2
1157,34,17,2,positive,dataset2
1157,39,2,2,positive,dataset2
1157,39,5,2,positive,dataset2
1157,39,6,1,positive,dataset2
1157,42,23,1,positive,dataset2
1157,47,38,1,positive,dataset2
1157,53,47,2,positive,dataset2
1157,58,6,1,positive,dataset2
1157,60,2,2,positive,dataset2
1157,60,12,2,positive,dataset2
1157,60,17,2,positive,dataset2
1157,71,12,1,positive,dataset2
1157,72,25,1,positive,dataset2
1157,75,28,1,positive,dataset2
1157,107,2,1,positive,dataset2
1157,107,2,2,positive,dataset2
1158,3,2,2,positive,dataset2
1158,21,42,1,positive,dataset2
1158,39,6,2,positive,dataset2
1158,39,23,2,positive,dataset2
1158,42,23,2,positive,dataset2
1158,60,26,2,positive,dataset2
1158,75,10,2,positive,dataset2
1159,1,26,2,positive,dataset2
1159,3,2,1,positive,dataset2
1159,3,2,2,positive,dataset2
1159,3,26,1,positive,dataset2
1159,20,26,1,positive,dataset2
1159,21,15,1,positive,dataset2
1159,21,17,1,positive,dataset2
1159,21,17,2,positive,dataset2
1159,21,22,1,positive,dataset2
1159,21,26,1,positive,dataset2
1159,21,30,2,positive,dataset2
1159,21,42,1,positive,dataset2
1159,26,18,1,positive,dataset2
1159,31,26,1,positive,dataset2
1159,39,6,1,positive,dataset2
1159,39,6,2,positive,dataset2
1159,41,15,2,positive,dataset2
1159,41,17,2,positive,dataset2
1159,42,23,1,positive,dataset2
1159,42,23,2,positive,dataset2
1159,42,29,1,positive,dataset2
1159,52,5,1,positive,dataset2
1159,52,5,2,positive,dataset2
1159,52,6,2,positive,dataset2
1159,52,41,2,positive,dataset2
1159,54,2,1,positive,dataset2
1159,58,6,1,positive,dataset2
1159,60,26,1,positive,dataset2
1159,60,26,2,positive,dataset2
1159,71,12,1,positive,dataset2
1160,95,17,2,positive,dataset2
1161,73,2,1,positive,dataset2
1161,95,17,2,positive,dataset2
1162,95,17,2,positive,dataset2
1163,3,12,1,positive,dataset2
1163,40,2,1,positive,dataset2
1163,60,32,1,positive,dataset2
1164,60,32,2,positive,dataset2
1165,21,17,2,positive,dataset2
1166,21,17,1,positive,dataset2
1166,39,23,2,positive,dataset2
1166,41,17,1,positive,dataset2
1166,42,23,2,positive,dataset2
1166,75,10,1,positive,dataset2
1167,39,23,1,positive,dataset2
1167,47,38,2,positive,dataset2
1167,60,17,1,positive,dataset2
1168,21,2,2,positive,dataset2
1168,21,26,2,positive,dataset2
1169,3,2,1,positive,dataset2
1169,3,2,2,positive,dataset2
1169,3,12,1,positive,dataset2
1169,18,12,1,positive,dataset2
1169,21,12,1,positive,dataset2
1169,21,17,1,positive,dataset2
1169,21,22,1,positive,dataset2
1169,21,22,2,positive,dataset2
1169,21,30,2,positive,dataset2
1169,21,47,2,positive,dataset2
1169,25,2,2,positive,dataset2
1169,35,12,2,positive,dataset2
1169,39,2,2,positive,dataset2
1169,39,6,1,positive,dataset2
1169,39,6,2,positive,dataset2
1169,40,2,2,positive,dataset2
1169,52,2,2,positive,dataset2
1169,53,12,1,positive,dataset2
1169,58,6,2,positive,dataset2
1169,60,2,2,positive,dataset2
1169,60,17,2,positive,dataset2
1169,60,22,1,positive,dataset2
1169,68,2,1,positive,dataset2
1169,71,12,2,positive,dataset2
1169,75,28,1,positive,dataset2
1169,75,28,2,positive,dataset2
1169,83,18,1,positive,dataset2
1169,84,6,2,positive,dataset2
1169,84,12,1,positive,dataset2
1169,97,0,1,positive,dataset2
1169,98,18,1,positive,dataset2
1169,102,2,2,positive,dataset2
1170,26,18,2,positive,dataset2
1170,83,18,2,positive,dataset2
1170,107,2,1,positive,dataset2
1171,21,2,2,positive,dataset2
1171,21,26,1,positive,dataset2
1171,71,12,1,positive,dataset2
1172,3,2,2,positive,dataset2
1172,21,17,1,positive,dataset2
1172,21,17,2,positive,dataset2
1172,21,22,1,positive,dataset2
1172,21,26,2,positive,dataset2
1172,21,49,2,positive,dataset2
1172,21,50,2,positive,dataset2
1172,25,2,2,positive,dataset2
1172,35,2,1,positive,dataset2
1172,39,2,2,positive,dataset2
1172,39,6,1,positive,dataset2
1172,39,6,2,positive,dataset2
1172,39,26,2,positive,dataset2
1172,42,49,2,positive,dataset2
1172,52,2,2,positive,dataset2
1172,58,6,1,positive,dataset2
1172,58,6,2,positive,dataset2
1172,60,2,2,positive,dataset2
1172,60,15,1,positive,dataset2
1172,60,17,2,positive,dataset2
1172,60,22,1,positive,dataset2
1172,60,24,1,positive,dataset2
1172,72,25,2,positive,dataset2
1172,73,2,1,positive,dataset2
1172,73,2,2,positive,dataset2
1172,75,10,2,positive,dataset2
1172,75,28,1,positive,dataset2
1172,84,6,2,positive,dataset2
1172,84,26,2,positive,dataset2
1172,85,12,2,positive,dataset2
1172,90,17,2,positive,dataset2
1172,99,24,1,positive,dataset2
1172,102,2,2,positive,dataset2
1173,3,12,1,positive,dataset2
1173,21,23,2,positive,dataset2
1173,26,18,1,positive,dataset2
1173,26,18,2,positive,dataset2
1173,58,6,1,positive,dataset2
1173,75,10,2,positive,dataset2
1173,83,18,1,positive,dataset2
1173,83,18,2,positive,dataset2
1174,42,23,2,positive,dataset2
1174,60,22,1,positive,dataset2
1174,60,24,1,positive,dataset2
1174,60,32,2,positive,dataset2
1175,21,26,2,positive,dataset2
1175,41,17,1,positive,dataset2
1175,42,17,2,positive,dataset2
1175,58,6,2,positive,dataset2
1175,73,2,2,positive,dataset2
1176,6,0,2,positive,dataset2
1176,21,2,1,positive,dataset2
1176,21,17,1,positive,dataset2
1176,21,22,1,positive,dataset2
1176,21,26,2,positive,dataset2
1176,21,39,2,positive,dataset2
1176,21,49,2,positive,dataset2
1176,25,2,1,positive,dataset2
1176,31,16,1,positive,dataset2
1176,31,24,1,positive,dataset2
1176,31,26,1,positive,dataset2
1176,35,30,2,positive,dataset2
1176,35,39,2,positive,dataset2
1176,39,2,1,positive,dataset2
1176,39,5,1,positive,dataset2
1176,39,6,1,positive,dataset2
1176,39,6,2,positive,dataset2
1176,42,49,2,positive,dataset2
1176,52,2,1,positive,dataset2
1176,52,5,2,positive,dataset2
1176,54,2,1,positive,dataset2
1176,58,6,1,positive,dataset2
1176,60,2,1,positive,dataset2
1176,60,2,2,positive,dataset2
1176,60,17,2,positive,dataset2
1176,60,22,1,positive,dataset2
1176,60,24,2,positive,dataset2
1176,60,36,2,positive,dataset2
1176,73,2,2,positive,dataset2
1176,75,28,2,positive,dataset2
1176,83,18,2,positive,dataset2
1176,97,0,1,positive,dataset2
1176,98,18,2,positive,dataset2
1176,102,2,1,positive,dataset2
1177,39,23,2,positive,dataset2
1177,42,23,2,positive,dataset2
1178,21,22,1,positive,dataset2
1179,3,12,1,positive,dataset2
1179,41,17,1,positive,dataset2
1180,21,35,1,positive,dataset2
1181,21,35,2,positive,dataset2
1182,21,30,1,positive,dataset2
1183,3,21,1,positive,dataset2
1183,21,21,1,positive,dataset2
1183,52,21,1,positive,dataset2
1184,52,21,1,positive,dataset2
1185,21,35,1,positive,dataset2
1186,21,30,1,positive,dataset2
1187,21,30,2,positive,dataset2
1188,21,35,1,positive,dataset2
1189,21,35,1,positive,dataset2
1190,21,35,1,positive,dataset2
1191,32,24,1,positive,dataset2
1192,21,30,2,positive,dataset2
1193,21,35,1,positive,dataset2
1194,57,15,1,positive,dataset2
1195,3,2,1,positive,dataset2
1195,21,2,1,positive,dataset2
1195,42,2,1,positive,dataset2
1195,60,2,1,positive,dataset2
1196,21,30,1,positive,dataset2
1197,21,35,2,positive,dataset2
1198,21,35,1,positive,dataset2
1199,21,30,1,positive,dataset2
1199,32,24,2,positive,dataset2
1200,21,35,2,positive,dataset2
1201,21,35,1,positive,dataset2
1202,21,35,2,positive,dataset2
1203,21,35,2,positive,dataset2
1204,32,24,1,positive,dataset2
1205,60,22,2,positive,dataset2
1206,21,30,2,positive,dataset2
1207,21,35,1,positive,dataset2
1208,21,35,1,positive,dataset2
1209,21,30,1,positive,dataset2
1210,21,30,1,positive,dataset2
1210,32,24,2,positive,dataset2
1211,21,30,1,positive,dataset2
1212,21,30,1,positive,dataset2
1213,21,35,1,positive,dataset2
1214,21,35,1,positive,dataset2
1215,21,35,2,positive,dataset2
1216,21,35,2,positive,dataset2
1217,21,35,1,positive,dataset2
1218,21,35,1,positive,dataset2
1219,3,0,2,positive,dataset2
1220,57,15,1,positive,dataset2
1221,21,35,1,positive,dataset2
1222,21,30,2,positive,dataset2
1223,21,30,2,positive,dataset2
1224,21,35,1,positive,dataset2
1225,21,35,2,positive,dataset2
1226,21,30,1,positive,dataset2
1227,21,35,1,positive,dataset2
1228,21,30,1,positive,dataset2
1229,32,24,2,positive,dataset2
1230,21,35,1,positive,dataset2
1231,21,30,2,positive,dataset2
1232,21,30,1,positive,dataset2
1232,21,35,2,positive,dataset2
1233,21,35,2,positive,dataset2
1234,21,35,1,positive,dataset2
1235,21,30,2,positive,dataset2
1236,21,35,1,positive,dataset2
1237,21,35,1,positive,dataset2
1238,21,30,2,positive,dataset2
1239,21,30,1,positive,dataset2
1240,21,35,2,positive,dataset2
1241,21,35,2,positive,dataset2
1242,21,35,2,positive,dataset2
1243,21,35,1,positive,dataset2
1244,21,35,1,positive,dataset2
1245,21,35,1,positive,dataset2
1246,21,35,1,positive,dataset2
1247,21,30,1,positive,dataset2
1248,21,30,2,positive,dataset2
1249,21,35,2,positive,dataset2
1250,21,30,1,positive,dataset2
1251,21,35,2,positive,dataset2
1252,21,35,2,positive,dataset2
1253,21,35,2,positive,dataset2
1254,21,35,1,positive,dataset2
1255,21,30,1,positive,dataset2
1256,21,35,2,positive,dataset2
1257,21,35,2,positive,dataset2
1258,21,35,1,positive,dataset2
1259,21,30,1,positive,dataset2
1260,21,30,2,positive,dataset2
1261,75,28,1,positive,dataset2
1262,75,28,1,positive,dataset2
1263,21,35,2,positive,dataset2
1264,21,30,1,positive,dataset2
1265,21,30,1,positive,dataset2
1266,21,30,1,positive,dataset2
1267,21,30,1,positive,dataset2
1268,21,35,1,positive,dataset2
1269,21,35,2,positive,dataset2
1270,12,19,1,positive,dataset2
1271,75,28,1,positive,dataset2
1272,21,30,2,positive,dataset2
1273,21,30,1,positive,dataset2
1274,21,35,2,positive,dataset2
1275,21,35,1,positive,dataset2
1276,21,35,2,positive,dataset2
1277,21,30,1,positive,dataset2
1278,3,21,1,positive,dataset2
1278,21,21,1,positive,dataset2
1278,52,21,1,positive,dataset2
1279,21,35,1,positive,dataset2
1280,21,35,1,positive,dataset2
1281,21,35,1,positive,dataset2
1282,75,28,1,positive,dataset2
1283,21,35,2,positive,dataset2
1284,21,35,2,positive,dataset2
1285,21,35,2,positive,dataset2
1286,21,30,1,positive,dataset2
1287,21,35,2,positive,dataset2
1288,31,15,1,positive,dataset2
1289,21,35,2,positive,dataset2
1290,21,30,2,positive,dataset2
1291,21,35,1,positive,dataset2
1292,21,35,2,positive,dataset2
1293,21,30,2,positive,dataset2
1294,21,35,1,positive,dataset2
1295,21,30,2,positive,dataset2
1296,21,35,2,positive,dataset2
1297,21,35,1,positive,dataset2
1298,21,30,1,positive,dataset2
1299,3,21,1,positive,dataset2
1299,21,21,1,positive,dataset2
1299,52,21,1,positive,dataset2
1300,21,35,2,positive,dataset2
1301,21,35,1,positive,dataset2
1302,21,35,2,positive,dataset2
1303,21,30,1,positive,dataset2
1304,21,35,2,positive,dataset2
1305,21,30,1,positive,dataset2
1306,21,30,2,positive,dataset2
1307,21,35,1,positive,dataset2
1308,21,30,1,positive,dataset2
1309,21,35,1,positive,dataset2
1310,21,35,2,positive,dataset2
1311,21,35,2,positive,dataset2
1312,21,30,1,positive,dataset2
1313,21,35,2,positive,dataset2
1314,21,35,1,positive,dataset2
1315,21,30,1,positive,dataset2
1316,21,35,2,positive,dataset2
1317,21,35,2,positive,dataset2
1318,21,35,2,positive,dataset2
1319,21,30,1,positive,dataset2
1320,21,30,1,positive,dataset2
1321,21,35,2,positive,dataset2
1322,21,30,1,positive,dataset2
1323,21,35,1,positive,dataset2
1324,21,30,2,positive,dataset2
1325,21,30,1,positive,dataset2
1326,21,30,1,positive,dataset2
1327,75,28,2,positive,dataset2
1328,21,35,1,positive,dataset2
1329,21,35,1,positive,dataset2
1330,21,35,2,positive,dataset2
1331,21,35,2,positive,dataset2
1332,21,30,1,positive,dataset2
1333,21,30,2,positive,dataset2
1334,57,15,1,positive,dataset2
1335,21,35,2,positive,dataset2
1336,21,35,1,positive,dataset2
1337,21,30,1,positive,dataset2
1338,21,30,1,positive,dataset2
1339,21,35,2,positive,dataset2
1340,21,30,1,positive,dataset2
1341,21,35,1,positive,dataset2
1342,21,30,2,positive,dataset2
1343,21,30,1,positive,dataset2
1344,21,35,1,positive,dataset2
1345,21,30,2,positive,dataset2
1346,21,35,2,positive,dataset2
1347,21,35,1,positive,dataset2
1348,21,30,1,positive,dataset2
1349,21,30,2,positive,dataset2
1350,21,35,2,positive,dataset2
1351,21,30,1,positive,dataset2
1352,21,30,1,positive,dataset2
1353,71,12,2,positive,dataset2
1354,21,35,1,positive,dataset2
1355,21,35,1,positive,dataset2
1356,21,35,1,positive,dataset2
1357,21,35,1,positive,dataset2
1358,21,35,1,positive,dataset2
1359,21,35,1,positive,dataset2
1360,21,35,2,positive,dataset2
1361,21,35,1,positive,dataset2
1362,21,30,1,positive,dataset2
1363,21,35,2,positive,dataset2
1364,21,30,1,positive,dataset2
1365,21,30,1,positive,dataset2
1366,21,35,2,positive,dataset2
1367,21,35,1,positive,dataset2
1368,21,35,1,positive,dataset2
1369,21,30,1,positive,dataset2
1370,21,35,1,positive,dataset2
1371,21,30,1,positive,dataset2
1372,21,35,1,positive,dataset2
1373,21,30,1,positive,dataset2
1374,21,35,2,positive,dataset2
1375,21,35,2,positive,dataset2
1376,21,35,1,positive,dataset2
1377,21,35,1,positive,dataset2
1378,57,15,1,positive,dataset2
1379,21,30,1,positive,dataset2
1380,21,35,1,positive,dataset2
1381,21,30,1,positive,dataset2
1382,21,35,1,positive,dataset2
1383,21,35,1,positive,dataset2
1384,21,35,1,positive,dataset2
1385,21,35,2,positive,dataset2
1386,21,30,2,positive,dataset2
1387,21,35,2,positive,dataset2
1388,21,35,2,positive,dataset2
1389,21,35,2,positive,dataset2
1390,21,35,2,positive,dataset2
1391,21,30,1,positive,dataset2
1392,21,35,1,positive,dataset2
1393,21,35,2,positive,dataset2
1394,21,30,1,positive,dataset2
1395,21,30,1,positive,dataset2
1396,60,22,2,positive,dataset2
1397,21,35,2,positive,dataset2
1398,21,35,2,positive,dataset2
1399,75,28,1,positive,dataset2
1400,21,15,2,positive,dataset2
1401,42,23,1,positive,dataset2
1402,39,26,2,positive,dataset2
1402,58,26,2,positive,dataset2
1403,21,15,1,positive,dataset2
1404,39,6,1,positive,dataset2
1404,41,17,1,positive,dataset2
1405,21,35,1,positive,dataset2
1405,32,24,1,positive,dataset2
1406,39,26,2,positive,dataset2
1406,58,26,2,positive,dataset2
1407,21,15,1,positive,dataset2
1408,21,15,2,positive,dataset2
1408,73,2,2,positive,dataset2
1409,21,22,1,positive,dataset2
1410,58,6,2,positive,dataset2
1411,39,26,2,positive,dataset2
1411,58,26,2,positive,dataset2
1412,21,35,1,positive,dataset2
1412,39,5,1,positive,dataset2
1413,21,15,2,positive,dataset2
1414,21,22,1,positive,dataset2
1415,75,28,1,positive,dataset2
1416,21,15,1,positive,dataset2
1417,60,2,1,positive,dataset2
1417,75,28,2,positive,dataset2
1418,21,15,2,positive,dataset2
1419,3,2,1,positive,dataset2
1420,21,35,2,positive,dataset2
1421,39,26,1,positive,dataset2
1421,58,26,1,positive,dataset2
1422,21,22,1,positive,dataset2
1423,21,17,1,positive,dataset2
1423,39,26,2,positive,dataset2
1423,58,26,2,positive,dataset2
1424,52,6,2,positive,dataset2
1425,39,26,2,positive,dataset2
1425,58,26,2,positive,dataset2
1426,21,35,2,positive,dataset2
1427,3,21,2,positive,dataset2
1427,21,21,2,positive,dataset2
1427,41,17,2,positive,dataset2
1427,52,21,2,positive,dataset2
1428,41,17,1,positive,dataset2
1428,75,28,2,positive,dataset2
1429,42,23,2,positive,dataset2
1430,21,15,2,positive,dataset2
1430,41,17,2,positive,dataset2
1431,60,36,1,positive,dataset2
1432,75,28,1,positive,dataset2
1433,39,26,2,positive,dataset2
1433,58,26,2,positive,dataset2
1434,41,17,1,positive,dataset2
1435,73,2,2,positive,dataset2
1436,3,2,2,positive,dataset2
1437,42,23,2,positive,dataset2
1438,21,15,1,positive,dataset2
1439,41,17,2,positive,dataset2
1440,21,2,1,positive,dataset2
1440,21,17,1,positive,dataset2
1440,22,17,2,positive,dataset2
1440,60,22,1,positive,dataset2
1440,71,12,1,positive,dataset2
1440,75,28,2,positive,dataset2
1440,85,12,1,positive,dataset2
1441,21,17,2,positive,dataset2
1441,71,12,1,positive,dataset2
1442,3,2,2,positive,dataset2
1443,21,26,1,positive,dataset2
1443,22,17,2,positive,dataset2
1443,60,24,1,positive,dataset2
1444,3,2,1,positive,dataset2
1444,21,17,1,positive,dataset2
1444,21,26,1,positive,dataset2
1444,31,15,1,positive,dataset2
1444,60,2,1,positive,dataset2
1444,60,22,1,positive,dataset2
1444,75,28,2,positive,dataset2
1445,21,22,1,positive,dataset2
1446,21,12,1,positive,dataset2
1446,21,17,1,positive,dataset2
1446,41,17,2,positive,dataset2
1447,21,31,1,positive,dataset2
1447,60,31,1,positive,dataset2
1448,21,15,1,positive,dataset2
1448,34,15,1,positive,dataset2
1448,75,28,1,positive,dataset2
1449,3,2,1,positive,dataset2
1450,42,42,1,positive,dataset2
1451,3,2,2,positive,dataset2
1452,34,17,2,positive,dataset2
1453,21,22,2,positive,dataset2
1454,39,26,1,positive,dataset2
1454,58,26,1,positive,dataset2
1455,21,35,2,positive,dataset2
1456,21,15,2,positive,dataset2
1457,21,35,1,positive,dataset2
1458,75,28,1,positive,dataset2
1459,39,26,2,positive,dataset2
1459,58,26,2,positive,dataset2
1460,39,26,2,positive,dataset2
1460,58,26,2,positive,dataset2
1461,21,35,2,positive,dataset2
1462,21,15,1,positive,dataset2
1463,21,17,1,positive,dataset2
1464,18,22,1,positive,dataset2
1465,21,35,2,positive,dataset2
1466,39,26,2,positive,dataset2
1466,58,26,2,positive,dataset2
1467,60,36,2,positive,dataset2
1467,75,28,1,positive,dataset2
1468,21,15,1,positive,dataset2
1469,21,35,1,positive,dataset2
1470,39,22,1,positive,dataset2
1470,66,8,1,positive,dataset2
1471,21,15,2,positive,dataset2
1472,39,26,2,positive,dataset2
1472,58,26,2,positive,dataset2
1473,22,17,2,positive,dataset2
1473,60,2,2,positive,dataset2
1474,41,17,1,positive,dataset2
1475,71,12,1,positive,dataset2
1476,22,17,2,positive,dataset2
1477,75,28,2,positive,dataset2
1478,21,21,1,positive,dataset2
1478,71,12,1,positive,dataset2
1479,42,23,1,positive,dataset2
1480,21,35,2,positive,dataset2
1481,21,17,2,positive,dataset2
1482,42,23,2,positive,dataset2
1483,75,28,2,positive,dataset2
1484,21,22,1,positive,dataset2
1485,75,28,2,positive,dataset2
1486,3,13,2,positive,dataset2
1487,42,23,2,positive,dataset2
1488,75,28,1,positive,dataset2
1489,21,15,2,positive,dataset2
1490,73,2,2,positive,dataset2
1491,21,15,1,positive,dataset2
1492,21,17,1,positive,dataset2
