sample_id,ncrna_id,drug_id,disease_id,label,split_role,source_dataset
0,0,21,22,1,positive,dataset2
1,0,21,26,2,positive,dataset2
2,0,73,2,2,positive,dataset1;dataset2
3,1,58,12,1,positive,dataset1
4,2,32,24,1,positive,dataset1
5,3,21,21,2,positive,dataset1
6,3,39,6,1,positive,dataset1
7,3,60,15,1,positive,dataset1
8,4,21,22,2,positive,dataset2
9,4,21,26,1,positive,dataset2
10,4,60,22,1,positive,dataset1
11,4,60,22,2,positive,dataset2
12,5,21,22,1,positive,dataset1
13,6,58,12,1,positive,dataset1
14,7,3,6,1,positive,dataset2
15,7,21,22,2,positive,dataset2
16,7,37,6,2,positive,dataset1
17,7,71,12,1,positive,dataset2
18,7,86,12,1,positive,dataset2
19,8,49,2,2,positive,dataset1
20,8,60,36,1,positive,dataset2
21,8,73,2,1,positive,dataset1
22,9,9,6,2,positive,dataset1
23,9,21,3,2,positive,dataset1
24,9,21,12,2,positive,dataset2
25,9,21,26,1,positive,dataset1
26,9,21,26,2,positive,dataset2
27,9,31,24,2,positive,dataset1;dataset2
28,9,41,17,1,positive,dataset2
29,9,60,2,1,positive,dataset2
30,9,75,10,2,positive,dataset1;dataset2
31,9,75,28,1,positive,dataset2
32,10,3,2,1,positive,dataset1;dataset2
33,10,3,26,1,positive,dataset2
34,10,41,17,1,positive,dataset2
35,10,60,26,1,positive,dataset2
36,10,75,28,2,positive,dataset2
37,11,13,5,2,positive,dataset1
38,11,21,17,1,positive,dataset1
39,11,21,22,1,positive,dataset2
40,11,31,15,1,positive,dataset1
41,11,31,17,1,positive,dataset2
42,11,39,5,1,positive,dataset2
43,11,60,5,1,positive,dataset2
44,11,60,24,1,positive,dataset2
45,12,21,22,2,positive,dataset2
46,12,60,22,1,positive,dataset1
47,12,60,22,2,positive,dataset2
48,13,3,0,1,positive,dataset2
49,13,3,12,1,positive,dataset2
50,13,3,14,1,positive,dataset1
51,13,4,17,1,positive,dataset2
52,13,21,12,1,positive,dataset2
53,13,21,14,1,positive,dataset1
54,13,21,22,1,positive,dataset2
55,13,21,31,2,positive,dataset2
56,13,39,6,1,positive,dataset2
57,13,39,12,1,positive,dataset2
58,13,39,14,1,positive,dataset1
59,13,39,26,2,positive,dataset2
60,13,57,17,1,positive,dataset2
61,13,58,6,1,positive,dataset2
62,13,58,26,2,positive,dataset2
63,13,60,6,1,positive,dataset2
64,13,60,31,2,positive,dataset2
65,13,71,12,1,positive,dataset2
66,13,75,10,1,positive,dataset2
67,13,85,12,1,positive,dataset2
68,14,58,12,1,positive,dataset1
69,15,32,24,1,positive,dataset1
70,16,21,22,2,positive,dataset2
71,16,60,22,1,positive,dataset1
72,16,60,22,2,positive,dataset2
73,17,21,22,2,positive,dataset2
74,17,60,22,1,positive,dataset1
75,17,60,22,2,positive,dataset2
76,18,14,20,1,positive,dataset1
77,19,58,12,1,positive,dataset1
78,20,3,2,2,positive,dataset2
79,20,3,21,1,positive,dataset1
80,20,3,21,2,positive,dataset2
81,20,3,26,1,positive,dataset2
82,20,60,36,2,positive,dataset2
83,20,75,10,1,positive,dataset2
84,20,75,28,2,positive,dataset2
85,20,84,26,1,positive,dataset2
86,20,85,12,1,positive,dataset2
87,21,3,21,1,positive,dataset1
88,22,3,2,1,positive,dataset2
89,22,21,17,1,positive,dataset2
90,22,21,21,1,positive,dataset2
91,22,42,1,2,positive,dataset1
92,22,71,12,2,positive,dataset2
93,22,75,10,1,positive,dataset2
94,22,85,12,1,positive,dataset2
95,23,23,26,1,positive,dataset1
96,24,2,24,2,positive,dataset1
97,24,3,2,2,positive,dataset2
98,24,3,12,2,positive,dataset2
99,24,3,26,2,positive,dataset2
100,24,3,37,2,positive,dataset2
101,24,7,24,2,positive,dataset1
102,24,21,3,1,positive,dataset1
103,24,21,10,2,positive,dataset2
104,24,21,12,2,positive,dataset2
105,24,21,17,1,positive,dataset1
106,24,21,17,2,positive,dataset2
107,24,21,22,2,positive,dataset2
108,24,21,37,2,positive,dataset2
109,24,31,24,1,positive,dataset1
110,24,31,24,2,positive,dataset2
111,24,36,24,2,positive,dataset1
112,24,39,23,1,positive,dataset1
113,24,39,23,2,positive,dataset2
114,24,41,15,2,positive,dataset1
115,24,42,23,2,positive,dataset1;dataset2
116,24,54,24,1,positive,dataset1
117,24,58,12,1,positive,dataset1
118,24,60,36,2,positive,dataset2
119,24,60,37,2,positive,dataset2
120,24,68,24,2,positive,dataset1
121,24,71,12,2,positive,dataset2
122,24,73,2,2,positive,dataset1
123,24,75,28,2,positive,dataset2
124,24,76,24,2,positive,dataset1
125,24,85,12,1,positive,dataset2
126,25,39,6,1,positive,dataset1;dataset2
127,25,58,6,1,positive,dataset1;dataset2
128,26,0,5,1,positive,dataset1
129,26,3,2,1,positive,dataset1;dataset2
130,26,3,12,1,positive,dataset1
131,26,3,13,1,positive,dataset1;dataset2
132,26,12,19,1,positive,dataset1;dataset2
133,26,21,2,1,positive,dataset1
134,26,21,15,1,positive,dataset2
135,26,21,18,1,positive,dataset2
136,26,21,22,1,positive,dataset2
137,26,21,22,2,positive,dataset1
138,26,21,26,1,positive,dataset1
139,26,21,43,1,positive,dataset2
140,26,22,17,2,positive,dataset2
141,26,31,12,2,positive,dataset2
142,26,32,24,1,positive,dataset2
143,26,34,17,1,positive,dataset2
144,26,34,17,2,positive,dataset2
145,26,39,6,1,positive,dataset2
146,26,39,6,2,positive,dataset2
147,26,39,12,2,positive,dataset2
148,26,40,2,1,positive,dataset2
149,26,40,2,2,positive,dataset1
150,26,41,15,1,positive,dataset2
151,26,41,17,1,positive,dataset2
152,26,41,17,2,positive,dataset1;dataset2
153,26,52,6,1,positive,dataset1
154,26,58,6,1,positive,dataset1;dataset2
155,26,58,12,1,positive,dataset2
156,26,60,2,1,positive,dataset1;dataset2
157,26,60,2,2,positive,dataset1
158,26,60,12,2,positive,dataset2
159,26,60,36,1,positive,dataset2
160,26,60,37,1,positive,dataset2
161,26,63,2,1,positive,dataset1
162,26,71,12,1,positive,dataset2
163,26,73,2,1,positive,dataset2
164,26,73,2,2,positive,dataset1
165,26,75,10,2,positive,dataset1
166,26,75,28,1,positive,dataset2
167,26,75,28,2,positive,dataset2
168,26,84,13,1,positive,dataset1
169,26,84,19,1,positive,dataset2
170,26,84,26,1,positive,dataset2
171,26,90,12,2,positive,dataset2
172,26,91,44,2,positive,dataset2
173,26,92,44,2,positive,dataset2
174,27,21,22,1,positive,dataset2
175,27,60,22,1,positive,dataset1;dataset2
176,28,3,30,1,positive,dataset2
177,28,21,1,1,positive,dataset1
178,28,57,15,1,positive,dataset2
179,29,3,0,1,positive,dataset2
180,29,3,2,1,positive,dataset2
181,29,3,2,2,positive,dataset1
182,29,3,26,1,positive,dataset2
183,29,18,22,1,positive,dataset1
184,29,21,6,1,positive,dataset2
185,29,21,12,2,positive,dataset1
186,29,21,15,1,positive,dataset2
187,29,21,15,2,positive,dataset1
188,29,21,16,2,positive,dataset1
189,29,21,17,1,positive,dataset1;dataset2
190,29,21,21,1,positive,dataset2
191,29,21,22,1,positive,dataset1;dataset2
192,29,21,26,1,positive,dataset2
193,29,21,26,2,positive,dataset1
194,29,21,36,2,positive,dataset2
195,29,22,17,1,positive,dataset2
196,29,22,17,2,positive,dataset1
197,29,30,19,1,positive,dataset2
198,29,39,8,1,positive,dataset2
199,29,39,26,1,positive,dataset2
200,29,39,26,2,positive,dataset1;dataset2
201,29,41,16,1,positive,dataset1
202,29,41,17,1,positive,dataset2
203,29,41,17,2,positive,dataset2
204,29,42,23,1,positive,dataset1;dataset2
205,29,43,24,2,positive,dataset1
206,29,47,38,1,positive,dataset2
207,29,53,26,1,positive,dataset2
208,29,58,26,2,positive,dataset2
209,29,60,6,1,positive,dataset2
210,29,60,12,1,positive,dataset2
211,29,60,22,1,positive,dataset2
212,29,60,24,1,positive,dataset2
213,29,66,3,2,positive,dataset1
214,29,71,12,1,positive,dataset2
215,29,72,25,1,positive,dataset2
216,29,73,2,1,positive,dataset1
217,29,73,2,2,positive,dataset2
218,29,75,28,1,positive,dataset2
219,29,75,28,2,positive,dataset2
220,29,84,26,1,positive,dataset2
221,29,94,36,1,positive,dataset2
222,30,3,8,1,positive,dataset2
223,30,3,30,1,positive,dataset2
224,30,21,22,1,positive,dataset2
225,30,21,23,1,positive,dataset2
226,30,21,24,1,positive,dataset2
227,30,21,26,1,positive,dataset2
228,30,21,30,1,positive,dataset2
229,30,35,30,1,positive,dataset2
230,30,53,6,1,positive,dataset2
231,30,60,15,1,positive,dataset1;dataset2
232,30,71,12,1,positive,dataset2
233,30,75,28,2,positive,dataset2
234,31,3,26,2,positive,dataset1
235,31,21,26,1,positive,dataset2
236,31,21,26,2,positive,dataset1
237,31,39,12,1,positive,dataset1
238,31,39,26,2,positive,dataset1
239,31,58,12,1,positive,dataset1;dataset2
240,31,58,12,2,positive,dataset2
241,31,60,36,1,positive,dataset2
242,31,63,12,1,positive,dataset1
243,32,3,0,1,positive,dataset1;dataset2
244,32,3,2,1,positive,dataset2
245,32,65,45,1,positive,dataset2
246,32,71,12,1,positive,dataset2
247,33,21,22,2,positive,dataset2
248,33,60,22,1,positive,dataset1
249,33,60,22,2,positive,dataset2
250,33,75,28,1,positive,dataset2
251,34,21,21,2,positive,dataset1;dataset2
252,34,21,22,1,positive,dataset2
253,35,3,0,1,positive,dataset1;dataset2
254,36,21,5,2,positive,dataset1;dataset2
255,36,39,8,2,positive,dataset1
256,36,42,23,2,positive,dataset2
257,36,52,6,1,positive,dataset2
258,36,60,36,2,positive,dataset2
259,37,41,15,1,positive,dataset2
260,37,41,17,1,positive,dataset1;dataset2
261,37,75,28,1,positive,dataset2
262,38,3,0,1,positive,dataset2
263,38,39,6,1,positive,dataset2
264,38,58,12,1,positive,dataset1
265,38,75,28,2,positive,dataset2
266,39,21,21,2,positive,dataset2
267,39,21,22,1,positive,dataset2
268,39,60,6,1,positive,dataset2
269,39,60,6,2,positive,dataset1
270,39,75,28,2,positive,dataset2
271,40,21,31,1,positive,dataset2
272,40,60,2,1,positive,dataset2
273,40,60,2,2,positive,dataset1
274,40,60,3,2,positive,dataset1
275,40,60,31,1,positive,dataset2
276,40,75,28,1,positive,dataset2
277,41,51,19,1,positive,dataset1;dataset2
278,42,21,22,2,positive,dataset2
279,42,60,22,1,positive,dataset1
280,42,60,22,2,positive,dataset2
281,43,3,2,1,positive,dataset1;dataset2
282,43,39,2,1,positive,dataset1;dataset2
283,43,73,2,1,positive,dataset2
284,44,21,9,1,positive,dataset1
285,44,39,9,1,positive,dataset1
286,45,3,2,2,positive,dataset2
287,45,3,6,1,positive,dataset2
288,45,15,6,1,positive,dataset2
289,45,21,17,1,positive,dataset2
290,45,39,6,1,positive,dataset2
291,45,52,21,1,positive,dataset1;dataset2
292,45,58,6,1,positive,dataset2
293,46,39,26,1,positive,dataset1;dataset2
294,46,58,26,1,positive,dataset1;dataset2
295,47,3,2,1,positive,dataset2
296,47,3,12,1,positive,dataset2
297,47,3,17,1,positive,dataset1;dataset2
298,47,3,19,1,positive,dataset2
299,47,6,0,1,positive,dataset2
300,47,12,19,1,positive,dataset2
301,47,21,16,1,positive,dataset1
302,47,21,17,1,positive,dataset1;dataset2
303,47,21,17,2,positive,dataset2
304,47,21,22,1,positive,dataset2
305,47,21,26,1,positive,dataset1;dataset2
306,47,21,31,1,positive,dataset2
307,47,32,24,1,positive,dataset2
308,47,39,6,1,positive,dataset2
309,47,39,12,1,positive,dataset2
310,47,39,14,2,positive,dataset1
311,47,39,26,1,positive,dataset1;dataset2
312,47,41,15,1,positive,dataset2
313,47,41,16,1,positive,dataset1
314,47,41,17,1,positive,dataset1;dataset2
315,47,41,17,2,positive,dataset1
316,47,47,4,2,positive,dataset1
317,47,53,12,1,positive,dataset2
318,47,57,17,1,positive,dataset2
319,47,58,6,1,positive,dataset2
320,47,58,6,2,positive,dataset1
321,47,58,26,1,positive,dataset2
322,47,59,6,1,positive,dataset1
323,47,60,17,1,positive,dataset1;dataset2
324,47,60,31,1,positive,dataset2
325,47,71,12,1,positive,dataset2
326,47,72,25,1,positive,dataset2
327,47,73,2,2,positive,dataset2
328,47,74,2,1,positive,dataset2
329,47,75,28,1,positive,dataset2
330,47,84,26,1,positive,dataset2
331,47,84,26,2,positive,dataset1
332,47,85,12,1,positive,dataset2
333,48,3,0,2,positive,dataset2
334,48,3,2,2,positive,dataset2
335,48,21,10,1,positive,dataset2
336,48,21,10,2,positive,dataset1
337,48,21,15,1,positive,dataset1
338,48,21,17,2,positive,dataset1;dataset2
339,48,21,22,1,positive,dataset2
340,48,21,30,1,positive,dataset2
341,48,22,17,1,positive,dataset2
342,48,39,2,2,positive,dataset2
343,48,42,17,2,positive,dataset2
344,48,42,23,1,positive,dataset1
345,48,42,23,2,positive,dataset2
346,48,47,4,2,positive,dataset1
347,48,58,6,2,positive,dataset1;dataset2
348,48,60,2,1,positive,dataset2
349,48,60,2,2,positive,dataset2
350,48,60,16,2,positive,dataset1
351,48,60,36,2,positive,dataset2
352,48,75,10,2,positive,dataset1
353,48,75,28,2,positive,dataset2
354,48,84,0,2,positive,dataset2
355,48,84,17,2,positive,dataset2
356,48,90,2,2,positive,dataset2
357,48,95,17,1,positive,dataset2
358,49,21,22,1,positive,dataset1
359,50,41,17,1,positive,dataset1
360,50,42,23,2,positive,dataset2
361,51,3,12,1,positive,dataset2
362,51,3,26,1,positive,dataset2
363,51,3,26,2,positive,dataset1
364,51,3,49,1,positive,dataset2
365,51,12,19,1,positive,dataset2
366,51,21,2,1,positive,dataset1;dataset2
367,51,21,16,2,positive,dataset1
368,51,21,17,2,positive,dataset2
369,51,21,20,2,positive,dataset1
370,51,21,21,1,positive,dataset1;dataset2
371,51,21,22,1,positive,dataset2
372,51,21,37,1,positive,dataset2
373,51,30,19,1,positive,dataset2
374,51,30,19,2,positive,dataset1
375,51,31,24,1,positive,dataset2
376,51,39,2,1,positive,dataset2
377,51,39,2,2,positive,dataset1
378,51,39,6,1,positive,dataset2
379,51,39,12,1,positive,dataset2
380,51,41,17,1,positive,dataset2
381,51,42,23,1,positive,dataset2
382,51,47,4,2,positive,dataset1
383,51,58,26,1,positive,dataset2
384,51,60,2,1,positive,dataset1;dataset2
385,51,60,17,1,positive,dataset2
386,51,60,17,2,positive,dataset1
387,51,60,22,1,positive,dataset1
388,51,60,36,1,positive,dataset2
389,51,60,37,1,positive,dataset2
390,51,71,12,1,positive,dataset2
391,51,71,12,2,positive,dataset1
392,51,73,2,1,positive,dataset2
393,51,75,28,1,positive,dataset2
394,51,84,5,1,positive,dataset1
395,51,84,26,1,positive,dataset2
396,51,85,12,1,positive,dataset2
397,51,120,17,1,positive,dataset2
398,51,148,17,1,positive,dataset2
399,52,8,12,2,positive,dataset1
400,53,21,22,1,positive,dataset2
401,53,58,12,1,positive,dataset1;dataset2
402,54,21,12,1,positive,dataset1;dataset2
403,55,21,22,2,positive,dataset2
404,55,60,22,1,positive,dataset1
405,55,60,22,2,positive,dataset2
406,56,3,21,1,positive,dataset2
407,56,21,21,1,positive,dataset1;dataset2
408,56,21,22,2,positive,dataset2
409,56,58,5,1,positive,dataset2
410,56,60,22,1,positive,dataset1
411,56,60,22,2,positive,dataset2
412,56,75,28,1,positive,dataset2
413,57,21,2,1,positive,dataset2
414,57,21,22,1,positive,dataset2
415,57,41,9,1,positive,dataset1
416,58,12,19,1,positive,dataset2
417,58,21,26,1,positive,dataset2
418,58,39,6,1,positive,dataset2
419,58,41,17,1,positive,dataset2
420,58,56,24,2,positive,dataset1
421,58,82,24,2,positive,dataset1
422,59,3,24,1,positive,dataset1
423,59,8,24,1,positive,dataset2
424,59,21,15,1,positive,dataset2
425,59,58,12,1,positive,dataset2
426,60,3,2,1,positive,dataset2
427,60,3,21,1,positive,dataset1
428,60,18,22,2,positive,dataset1
429,60,21,3,2,positive,dataset1
430,60,21,6,1,positive,dataset1;dataset2
431,60,21,22,1,positive,dataset1;dataset2
432,60,21,26,1,positive,dataset1;dataset2
433,60,31,22,2,positive,dataset1
434,60,39,6,1,positive,dataset1;dataset2
435,60,39,26,1,positive,dataset1;dataset2
436,60,39,26,2,positive,dataset2
437,60,42,21,1,positive,dataset1;dataset2
438,60,42,23,1,positive,dataset2
439,60,42,23,2,positive,dataset1
440,60,58,26,2,positive,dataset2
441,60,60,3,2,positive,dataset1
442,60,60,10,1,positive,dataset2
443,60,60,10,2,positive,dataset1
444,60,60,26,1,positive,dataset1;dataset2
445,60,60,36,1,positive,dataset2
446,60,75,28,2,positive,dataset2
447,61,21,15,2,positive,dataset2
448,61,21,22,2,positive,dataset2
449,61,60,22,1,positive,dataset1
450,61,60,22,2,positive,dataset2
451,62,21,22,2,positive,dataset2
452,62,60,22,1,positive,dataset1
453,62,60,22,2,positive,dataset2
454,63,3,0,1,positive,dataset2
455,63,21,22,2,positive,dataset2
456,63,21,26,1,positive,dataset1;dataset2
457,63,39,26,2,positive,dataset2
458,63,41,15,2,positive,dataset1;dataset2
459,63,47,4,1,positive,dataset1
460,63,58,12,1,positive,dataset1
461,63,58,26,2,positive,dataset2
462,63,60,22,1,positive,dataset1
463,63,60,22,2,positive,dataset2
464,63,75,28,2,positive,dataset2
465,64,84,5,1,positive,dataset1
466,65,31,24,1,positive,dataset2
467,65,31,24,2,positive,dataset1
468,65,75,28,1,positive,dataset2
469,66,3,2,1,positive,dataset2
470,66,3,13,1,positive,dataset2
471,66,21,17,2,positive,dataset1;dataset2
472,66,21,22,2,positive,dataset2
473,66,60,22,1,positive,dataset1
474,66,60,22,2,positive,dataset2
475,66,75,28,1,positive,dataset2
476,66,75,28,2,positive,dataset2
477,67,21,12,2,positive,dataset1
478,68,21,17,1,positive,dataset2
479,68,21,17,2,positive,dataset1
480,68,21,22,1,positive,dataset2
481,69,3,0,1,positive,dataset1;dataset2
482,69,3,21,1,positive,dataset2
483,69,3,30,1,positive,dataset2
484,69,6,0,1,positive,dataset2
485,69,21,2,2,positive,dataset1
486,69,21,6,1,positive,dataset2
487,69,21,9,1,positive,dataset1
488,69,21,17,2,positive,dataset2
489,69,21,21,1,positive,dataset2
490,69,21,30,1,positive,dataset2
491,69,21,37,2,positive,dataset2
492,69,35,30,1,positive,dataset2
493,69,39,29,1,positive,dataset2
494,69,42,29,1,positive,dataset2
495,69,52,6,1,positive,dataset2
496,69,52,6,2,positive,dataset1
497,69,73,2,1,positive,dataset2
498,69,75,10,2,positive,dataset2
499,70,21,9,2,positive,dataset1
500,70,21,36,2,positive,dataset2
501,70,39,9,2,positive,dataset1
502,70,60,36,2,positive,dataset2
503,70,75,28,2,positive,dataset2
504,71,3,0,1,positive,dataset2
505,71,3,0,2,positive,dataset1
506,71,3,26,1,positive,dataset1;dataset2
507,71,18,34,1,positive,dataset2
508,71,21,1,1,positive,dataset1
509,71,21,3,1,positive,dataset1
510,71,21,15,1,positive,dataset1;dataset2
511,71,21,17,1,positive,dataset2
512,71,21,17,2,positive,dataset1
513,71,21,22,1,positive,dataset2
514,71,21,26,1,positive,dataset1;dataset2
515,71,21,34,1,positive,dataset2
516,71,24,16,1,positive,dataset1
517,71,31,24,2,positive,dataset1
518,71,35,34,1,positive,dataset2
519,71,39,6,1,positive,dataset1;dataset2
520,71,39,6,2,positive,dataset2
521,71,39,26,1,positive,dataset1;dataset2
522,71,39,34,1,positive,dataset2
523,71,41,17,1,positive,dataset2
524,71,42,1,1,positive,dataset1
525,71,42,23,1,positive,dataset2
526,71,47,4,1,positive,dataset1
527,71,58,12,1,positive,dataset2
528,71,60,2,1,positive,dataset2
529,71,60,6,1,positive,dataset2
530,71,60,22,1,positive,dataset1;dataset2
531,71,60,36,1,positive,dataset2
532,71,68,1,1,positive,dataset1
533,71,73,2,1,positive,dataset1;dataset2
534,71,84,34,1,positive,dataset2
535,72,21,15,1,positive,dataset1
536,73,3,6,1,positive,dataset1
537,73,21,15,1,positive,dataset1
538,73,21,17,2,positive,dataset1
539,73,21,20,2,positive,dataset1
540,73,60,22,1,positive,dataset1
541,73,75,10,2,positive,dataset1
542,74,21,26,1,positive,dataset1
543,74,39,26,1,positive,dataset1
544,75,42,23,1,positive,dataset1
545,76,3,13,1,positive,dataset2
546,76,3,37,1,positive,dataset2
547,76,21,15,2,positive,dataset2
548,76,21,22,2,positive,dataset2
549,76,60,22,1,positive,dataset1
550,76,60,22,2,positive,dataset2
551,76,149,37,1,positive,dataset2
552,77,21,3,2,positive,dataset1
553,77,21,22,1,positive,dataset2
554,77,21,26,1,positive,dataset2
555,77,21,26,2,positive,dataset1
556,77,22,17,2,positive,dataset2
557,77,58,12,1,positive,dataset1
558,77,60,22,1,positive,dataset2
559,77,60,26,1,positive,dataset2
560,77,60,26,2,positive,dataset1
561,78,21,22,2,positive,dataset2
562,78,60,22,1,positive,dataset1
563,78,60,22,2,positive,dataset2
564,78,75,28,1,positive,dataset2
565,79,84,5,1,positive,dataset1
566,80,3,21,1,positive,dataset1
567,80,3,21,2,positive,dataset2
568,80,21,21,1,positive,dataset1
569,80,21,21,2,positive,dataset2
570,80,52,21,1,positive,dataset1
571,80,52,21,2,positive,dataset2
572,81,39,6,1,positive,dataset1
573,82,21,1,1,positive,dataset1
574,83,3,21,1,positive,dataset1;dataset2
575,83,21,21,1,positive,dataset1;dataset2
576,83,52,21,1,positive,dataset1;dataset2
577,84,39,6,1,positive,dataset1
578,85,3,21,2,positive,dataset1
579,86,60,17,1,positive,dataset1
580,87,3,2,1,positive,dataset1
581,88,3,21,1,positive,dataset1
582,88,21,21,1,positive,dataset1
583,88,52,21,1,positive,dataset1
584,89,3,2,1,positive,dataset1;dataset2
585,90,57,15,1,positive,dataset2
586,90,57,17,1,positive,dataset1
587,91,3,2,1,positive,dataset1;dataset2
588,92,3,21,1,positive,dataset1
589,92,3,21,2,positive,dataset2
590,92,21,21,1,positive,dataset1
591,92,21,21,2,positive,dataset2
592,92,52,21,1,positive,dataset1
593,92,52,21,2,positive,dataset2
594,93,60,17,1,positive,dataset1
595,93,60,17,2,positive,dataset2
596,94,3,21,1,positive,dataset1
597,94,21,21,1,positive,dataset1
598,94,52,21,1,positive,dataset1
599,95,3,2,1,positive,dataset1;dataset2
600,96,3,2,1,positive,dataset1;dataset2
601,97,3,2,1,positive,dataset1
602,97,3,2,2,positive,dataset2
603,98,41,17,1,positive,dataset1
604,99,3,21,1,positive,dataset1
605,99,21,21,1,positive,dataset1
606,99,52,21,1,positive,dataset1
607,100,3,21,1,positive,dataset1;dataset2
608,100,21,21,1,positive,dataset1;dataset2
609,100,46,21,1,positive,dataset1
610,100,52,21,1,positive,dataset1;dataset2
611,101,60,17,1,positive,dataset1;dataset2
612,102,3,2,1,positive,dataset1
613,102,3,2,2,positive,dataset2
614,103,3,21,1,positive,dataset1
615,103,3,21,2,positive,dataset2
616,103,21,21,1,positive,dataset1
617,103,21,21,2,positive,dataset2
618,103,52,21,1,positive,dataset1
619,103,52,21,2,positive,dataset2
620,104,60,17,1,positive,dataset1;dataset2
621,105,3,21,1,positive,dataset1;dataset2
622,105,21,21,1,positive,dataset1;dataset2
623,105,21,35,2,positive,dataset2
624,105,52,21,1,positive,dataset1;dataset2
625,106,39,6,1,positive,dataset1
626,107,3,21,1,positive,dataset1
627,107,21,21,1,positive,dataset1
628,107,52,21,1,positive,dataset1
629,108,39,6,1,positive,dataset1
630,109,3,21,1,positive,dataset1
631,109,3,21,2,positive,dataset2
632,109,21,21,1,positive,dataset1
633,109,21,21,2,positive,dataset2
634,109,52,21,1,positive,dataset1
635,109,52,21,2,positive,dataset2
636,110,3,2,1,positive,dataset1;dataset2
637,111,60,17,1,positive,dataset1
638,111,60,17,2,positive,dataset2
639,112,3,21,1,positive,dataset1
640,112,21,21,1,positive,dataset1
641,112,52,21,1,positive,dataset1
642,113,3,2,1,positive,dataset1
643,113,3,2,2,positive,dataset2
644,114,39,6,1,positive,dataset1
645,115,39,6,1,positive,dataset1
646,116,3,2,1,positive,dataset1
647,116,3,2,2,positive,dataset2
648,116,21,30,1,positive,dataset2
649,117,3,2,1,positive,dataset1
650,118,3,2,1,positive,dataset1
651,119,39,6,1,positive,dataset1
652,120,39,6,1,positive,dataset1
653,121,60,17,1,positive,dataset1
654,122,60,17,1,positive,dataset1
655,123,60,17,1,positive,dataset1
656,124,60,17,1,positive,dataset1
657,125,60,17,1,positive,dataset1
658,126,3,21,1,positive,dataset1
659,126,21,21,1,positive,dataset1
660,126,52,21,1,positive,dataset1
661,127,3,2,1,positive,dataset1
662,128,57,17,1,positive,dataset1
663,129,60,17,1,positive,dataset1
664,130,39,6,1,positive,dataset1
665,131,60,17,1,positive,dataset1
666,132,60,17,1,positive,dataset1
667,133,57,17,1,positive,dataset1
668,134,60,17,1,positive,dataset1
669,135,73,2,1,positive,dataset1
670,136,60,17,1,positive,dataset1
671,137,60,17,1,positive,dataset1
672,138,60,17,1,positive,dataset1
673,139,60,17,1,positive,dataset1
674,140,60,17,1,positive,dataset1
675,141,60,17,1,positive,dataset1
676,142,60,17,1,positive,dataset1
677,143,60,17,1,positive,dataset1
678,144,57,17,1,positive,dataset1
679,145,57,17,1,positive,dataset1
680,146,60,17,1,positive,dataset1
681,147,60,17,1,positive,dataset1
682,148,3,2,1,positive,dataset1
683,149,39,6,1,positive,dataset1
684,150,57,17,1,positive,dataset1
685,151,57,17,1,positive,dataset1
686,152,57,17,1,positive,dataset1
687,153,60,17,1,positive,dataset1
688,154,60,17,1,positive,dataset1
689,155,60,17,1,positive,dataset1
690,156,3,21,1,positive,dataset1
691,156,21,21,1,positive,dataset1
692,156,52,21,1,positive,dataset1
693,157,60,17,1,positive,dataset1
694,158,60,17,1,positive,dataset1
695,159,3,21,1,positive,dataset1
696,159,21,21,1,positive,dataset1
697,159,52,21,1,positive,dataset1
698,160,60,17,1,positive,dataset1
699,161,60,17,1,positive,dataset1
700,162,60,17,1,positive,dataset1
701,163,3,21,1,positive,dataset1
702,163,21,21,1,positive,dataset1
703,163,46,21,1,positive,dataset1
704,163,52,21,1,positive,dataset1
705,164,57,17,1,positive,dataset1
706,165,57,17,1,positive,dataset1
707,166,60,17,1,positive,dataset1
708,167,60,17,1,positive,dataset1
709,168,60,17,1,positive,dataset1
710,169,39,6,1,positive,dataset1
711,170,39,6,1,positive,dataset1
712,171,60,17,1,positive,dataset1
713,172,3,21,1,positive,dataset1
714,172,21,21,1,positive,dataset1
715,172,52,21,1,positive,dataset1
716,173,3,21,1,positive,dataset1
717,173,21,21,1,positive,dataset1
718,173,52,21,1,positive,dataset1
719,174,39,6,1,positive,dataset1
720,175,39,6,1,positive,dataset1
721,176,3,2,1,positive,dataset1
722,177,3,2,1,positive,dataset1
723,178,3,2,1,positive,dataset1
724,179,39,6,1,positive,dataset1
725,180,60,17,1,positive,dataset1
726,181,60,17,1,positive,dataset1
727,182,60,17,1,positive,dataset1
728,183,60,17,1,positive,dataset1
729,184,3,2,1,positive,dataset1
730,185,3,2,2,positive,dataset1
731,185,6,0,2,positive,dataset1
732,186,41,17,1,positive,dataset1
733,186,42,23,2,positive,dataset1
734,187,21,22,1,positive,dataset1
735,187,34,15,2,positive,dataset1
736,187,41,17,2,positive,dataset1
737,187,42,23,2,positive,dataset1
738,188,3,11,2,positive,dataset1
739,188,21,11,2,positive,dataset1
740,188,39,11,2,positive,dataset1
741,188,42,23,2,positive,dataset1
742,188,60,11,2,positive,dataset1
743,189,3,2,1,positive,dataset1
744,189,21,22,1,positive,dataset1
745,189,42,23,2,positive,dataset1
746,189,60,22,1,positive,dataset1
747,190,3,13,1,positive,dataset1
748,191,1,26,1,positive,dataset1
749,191,3,13,1,positive,dataset1
750,191,39,12,2,positive,dataset1
751,192,21,15,2,positive,dataset1
752,192,39,26,1,positive,dataset1
753,192,47,4,1,positive,dataset1
754,192,58,26,1,positive,dataset1
755,192,73,2,2,positive,dataset1
756,193,3,8,1,positive,dataset1
757,194,3,26,2,positive,dataset1
758,194,84,26,2,positive,dataset1
759,195,3,26,1,positive,dataset1
760,195,21,17,2,positive,dataset1
761,195,41,9,2,positive,dataset1
762,195,84,26,1,positive,dataset1
763,196,3,11,1,positive,dataset1
764,196,3,21,2,positive,dataset1
765,196,21,2,2,positive,dataset1
766,196,21,11,1,positive,dataset1
767,196,21,22,2,positive,dataset1
768,196,21,23,2,positive,dataset1
769,196,31,15,2,positive,dataset1
770,196,39,11,1,positive,dataset1
771,196,42,23,1,positive,dataset1
772,196,52,11,1,positive,dataset1
773,196,60,2,2,positive,dataset1
774,196,60,11,1,positive,dataset1
775,196,83,18,2,positive,dataset1
776,197,84,5,1,positive,dataset1
777,198,3,26,1,positive,dataset1
778,198,21,16,1,positive,dataset1
779,198,84,5,1,positive,dataset1
780,198,84,26,1,positive,dataset1
781,199,3,11,1,positive,dataset1
782,199,3,12,2,positive,dataset1
783,199,3,14,1,positive,dataset1
784,199,3,21,2,positive,dataset1
785,199,21,1,2,positive,dataset1
786,199,21,5,2,positive,dataset1
787,199,21,11,1,positive,dataset1
788,199,21,17,2,positive,dataset1
789,199,21,26,2,positive,dataset1
790,199,39,5,2,positive,dataset1
791,199,39,11,1,positive,dataset1
792,199,39,12,2,positive,dataset1
793,199,42,23,2,positive,dataset1
794,199,47,4,2,positive,dataset1
795,199,52,11,1,positive,dataset1
796,199,60,11,1,positive,dataset1
797,199,84,26,2,positive,dataset1
798,200,42,23,2,positive,dataset1
799,200,54,2,1,positive,dataset1
800,201,84,5,1,positive,dataset1
801,202,3,13,1,positive,dataset1
802,203,21,2,1,positive,dataset1
803,204,3,26,1,positive,dataset1
804,204,21,17,1,positive,dataset1
805,204,21,17,2,positive,dataset1
806,204,21,22,1,positive,dataset1
807,204,21,26,1,positive,dataset1
808,204,28,16,2,positive,dataset1
809,204,39,6,1,positive,dataset1
810,204,42,17,2,positive,dataset1
811,204,60,22,1,positive,dataset1
812,204,69,16,2,positive,dataset1
813,204,84,26,1,positive,dataset1
814,205,21,2,1,positive,dataset1
815,205,31,2,1,positive,dataset1
816,205,60,2,1,positive,dataset1
817,206,21,17,1,positive,dataset1
818,207,3,26,2,positive,dataset1
819,207,21,17,2,positive,dataset1
820,207,39,26,2,positive,dataset1
821,207,58,26,2,positive,dataset1
822,207,60,2,2,positive,dataset1
823,207,60,17,2,positive,dataset1
824,207,60,22,1,positive,dataset1
825,207,60,26,2,positive,dataset1
826,207,62,17,2,positive,dataset1
827,208,21,16,2,positive,dataset1
828,208,42,23,1,positive,dataset1
829,209,39,6,1,positive,dataset1
830,209,39,26,1,positive,dataset1
831,209,42,23,1,positive,dataset1
832,209,73,2,1,positive,dataset1
833,210,21,1,2,positive,dataset1
834,211,41,17,1,positive,dataset1
835,212,60,20,2,positive,dataset1
836,213,42,23,2,positive,dataset1
837,214,42,23,2,positive,dataset1
838,215,3,12,2,positive,dataset1
839,215,39,5,2,positive,dataset1
840,215,58,6,2,positive,dataset1
841,215,58,12,2,positive,dataset1
842,215,71,12,2,positive,dataset1
843,215,84,12,2,positive,dataset1
844,216,39,26,1,positive,dataset1
845,217,3,14,2,positive,dataset1
846,218,39,8,1,positive,dataset1
847,219,39,26,1,positive,dataset1
848,220,39,6,1,positive,dataset1
849,220,58,6,1,positive,dataset1
850,221,3,7,1,positive,dataset1
851,221,25,7,1,positive,dataset1
852,221,65,7,1,positive,dataset1
853,221,84,7,1,positive,dataset1
854,222,21,16,1,positive,dataset1
855,223,39,26,1,positive,dataset1
856,224,3,2,2,positive,dataset1
857,224,3,6,1,positive,dataset1
858,224,3,14,2,positive,dataset1
859,224,3,21,2,positive,dataset1
860,224,15,2,2,positive,dataset1
861,224,15,21,2,positive,dataset1
862,224,34,23,2,positive,dataset1
863,224,35,2,2,positive,dataset1
864,224,35,21,2,positive,dataset1
865,224,41,17,2,positive,dataset1
866,224,42,23,2,positive,dataset1
867,225,3,2,2,positive,dataset1
868,226,42,23,2,positive,dataset1
869,227,21,17,2,positive,dataset1
870,228,3,26,1,positive,dataset1
871,228,21,17,1,positive,dataset1
872,228,31,2,1,positive,dataset1
873,228,39,6,1,positive,dataset1
874,228,39,23,1,positive,dataset1
875,228,42,2,1,positive,dataset1
876,228,42,23,1,positive,dataset1
877,228,58,6,1,positive,dataset1
878,228,84,26,1,positive,dataset1
879,229,42,23,1,positive,dataset1
880,230,84,5,1,positive,dataset1
881,231,3,14,1,positive,dataset1
882,232,3,0,2,positive,dataset1
883,232,21,20,2,positive,dataset1
884,232,29,13,1,positive,dataset1
885,232,42,23,1,positive,dataset1
886,232,60,5,2,positive,dataset1
887,233,31,2,2,positive,dataset1
888,233,31,24,1,positive,dataset1
889,234,3,26,1,positive,dataset1
890,234,21,8,1,positive,dataset1
891,234,21,9,2,positive,dataset1
892,234,39,8,1,positive,dataset1
893,234,84,26,1,positive,dataset1
894,235,3,2,1,positive,dataset1
895,236,3,7,1,positive,dataset1
896,236,25,7,1,positive,dataset1
897,236,65,7,1,positive,dataset1
898,236,84,5,1,positive,dataset1
899,236,84,7,1,positive,dataset1
900,237,1,26,1,positive,dataset1
901,237,3,17,2,positive,dataset1
902,237,3,26,2,positive,dataset1
903,237,11,3,2,positive,dataset1
904,237,42,23,1,positive,dataset1
905,237,58,5,1,positive,dataset1
906,237,60,22,1,positive,dataset1
907,237,84,17,2,positive,dataset1
908,237,84,26,2,positive,dataset1
909,238,26,18,1,positive,dataset1
910,239,6,0,1,positive,dataset1
911,239,84,5,1,positive,dataset1
912,240,42,23,1,positive,dataset1
913,241,42,23,1,positive,dataset1
914,242,39,8,1,positive,dataset1
915,243,3,2,2,positive,dataset1
916,244,3,10,2,positive,dataset1
917,245,3,14,2,positive,dataset1
918,245,35,2,1,positive,dataset1
919,246,21,6,1,positive,dataset1
920,246,21,26,1,positive,dataset1
921,247,39,26,1,positive,dataset1
922,248,3,26,1,positive,dataset1
923,248,84,26,1,positive,dataset1
924,249,39,8,1,positive,dataset1
925,250,21,3,2,positive,dataset1
926,250,84,26,2,positive,dataset1
927,251,42,23,2,positive,dataset1
928,252,3,2,2,positive,dataset1
929,253,39,8,1,positive,dataset1
930,254,21,22,2,positive,dataset1
931,255,21,22,1,positive,dataset1
932,256,42,23,1,positive,dataset1
933,256,47,4,2,positive,dataset1
934,257,21,2,2,positive,dataset1
935,257,60,22,1,positive,dataset1
936,258,3,2,1,positive,dataset1
937,258,3,11,1,positive,dataset1
938,258,21,11,1,positive,dataset1
939,258,21,12,1,positive,dataset1
940,258,21,22,1,positive,dataset1
941,258,39,11,1,positive,dataset1
942,258,41,17,2,positive,dataset1
943,258,47,4,2,positive,dataset1
944,258,52,11,1,positive,dataset1
945,258,60,11,1,positive,dataset1
946,258,60,22,1,positive,dataset1
947,258,60,24,1,positive,dataset1
948,259,3,2,2,positive,dataset1
949,259,21,8,1,positive,dataset1
950,259,21,9,2,positive,dataset1
951,259,21,17,1,positive,dataset1
952,259,39,9,2,positive,dataset1
953,260,73,2,2,positive,dataset1
954,261,3,2,1,positive,dataset1
955,261,21,16,1,positive,dataset1
956,261,21,22,1,positive,dataset1
957,261,21,22,2,positive,dataset1
958,261,60,22,1,positive,dataset1
959,261,60,22,2,positive,dataset1
960,261,72,25,1,positive,dataset1
961,262,1,26,1,positive,dataset1
962,262,3,2,1,positive,dataset1
963,262,21,20,2,positive,dataset1
964,262,21,26,1,positive,dataset1
965,262,42,22,1,positive,dataset1
966,263,21,16,2,positive,dataset1
967,263,21,22,2,positive,dataset1
968,263,39,26,1,positive,dataset1
969,263,41,17,2,positive,dataset1
970,263,60,9,2,positive,dataset1
971,263,60,22,2,positive,dataset1
972,264,3,2,2,positive,dataset1
973,264,21,2,2,positive,dataset1
974,264,41,15,1,positive,dataset1
975,264,42,23,1,positive,dataset1
976,264,60,22,1,positive,dataset1
977,265,21,3,2,positive,dataset1
978,266,3,26,1,positive,dataset1
979,267,21,16,2,positive,dataset1
980,267,21,17,2,positive,dataset1
981,267,39,6,1,positive,dataset1
982,267,58,6,2,positive,dataset1
983,268,3,2,2,positive,dataset1
984,268,21,26,1,positive,dataset1
985,268,60,15,1,positive,dataset1
986,269,21,10,2,positive,dataset1
987,269,60,22,2,positive,dataset1
988,270,3,2,1,positive,dataset1
989,270,3,14,1,positive,dataset1
990,270,12,19,2,positive,dataset1
991,270,21,16,2,positive,dataset1
992,270,21,22,1,positive,dataset1
993,270,30,19,2,positive,dataset1
994,270,33,19,2,positive,dataset1
995,270,58,5,2,positive,dataset1
996,270,60,2,1,positive,dataset1
997,270,60,16,2,positive,dataset1
998,270,71,12,2,positive,dataset1
999,270,84,2,1,positive,dataset1
1000,271,21,26,1,positive,dataset1
1001,271,41,17,2,positive,dataset1
1002,272,21,22,2,positive,dataset1
1003,273,3,14,1,positive,dataset1
1004,274,21,20,2,positive,dataset1
1005,274,21,22,2,positive,dataset1
1006,274,31,2,2,positive,dataset1
1007,274,39,6,2,positive,dataset1
1008,274,58,6,2,positive,dataset1
1009,275,39,5,2,positive,dataset1
1010,275,39,21,2,positive,dataset1
1011,275,52,5,2,positive,dataset1
1012,275,52,21,2,positive,dataset1
1013,276,3,14,1,positive,dataset1
1014,277,3,14,1,positive,dataset1
1015,277,3,21,1,positive,dataset1
1016,277,51,19,2,positive,dataset1
1017,278,1,26,1,positive,dataset1
1018,278,3,2,1,positive,dataset1
1019,278,21,9,1,positive,dataset1
1020,278,21,17,1,positive,dataset1
1021,278,21,22,1,positive,dataset1
1022,278,21,26,2,positive,dataset1
1023,278,31,2,1,positive,dataset1
1024,278,31,17,2,positive,dataset1
1025,278,39,6,2,positive,dataset1
1026,278,39,12,2,positive,dataset1
1027,278,42,23,2,positive,dataset1
1028,278,58,6,2,positive,dataset1
1029,279,39,8,1,positive,dataset1
1030,279,58,8,1,positive,dataset1
1031,280,3,17,2,positive,dataset1
1032,280,21,17,2,positive,dataset1
1033,280,39,5,2,positive,dataset1
1034,281,3,23,2,positive,dataset1
1035,281,21,22,2,positive,dataset1
1036,281,42,23,2,positive,dataset1
1037,281,81,22,1,positive,dataset1
1038,282,3,21,1,positive,dataset1
1039,282,21,26,2,positive,dataset1
1040,282,31,24,2,positive,dataset1
1041,282,39,6,2,positive,dataset1
1042,282,42,1,2,positive,dataset1
1043,282,42,23,1,positive,dataset1
1044,282,58,6,2,positive,dataset1
1045,282,60,2,2,positive,dataset1
1046,282,60,6,2,positive,dataset1
1047,283,21,24,1,positive,dataset1
1048,283,47,4,2,positive,dataset1
1049,284,21,16,1,positive,dataset1
1050,285,3,2,1,positive,dataset1
1051,285,3,2,2,positive,dataset1
1052,285,21,26,1,positive,dataset1
1053,285,31,15,1,positive,dataset1
1054,285,39,6,1,positive,dataset1
1055,285,39,6,2,positive,dataset1
1056,285,39,26,1,positive,dataset1
1057,285,53,3,2,positive,dataset1
1058,285,58,6,1,positive,dataset1
1059,285,58,6,2,positive,dataset1
1060,285,60,22,2,positive,dataset1
1061,285,83,6,2,positive,dataset1
1062,286,84,5,1,positive,dataset1
1063,287,42,23,1,positive,dataset1
1064,288,3,12,1,positive,dataset1
1065,288,18,12,1,positive,dataset1
1066,288,21,12,1,positive,dataset1
1067,288,21,16,1,positive,dataset1
1068,288,21,16,2,positive,dataset1
1069,288,21,17,2,positive,dataset1
1070,288,21,22,1,positive,dataset1
1071,288,42,23,1,positive,dataset1
1072,288,42,23,2,positive,dataset1
1073,288,53,12,1,positive,dataset1
1074,288,60,22,2,positive,dataset1
1075,288,84,12,1,positive,dataset1
1076,289,21,17,1,positive,dataset1
1077,289,21,22,2,positive,dataset1
1078,289,84,5,1,positive,dataset1
1079,290,3,12,1,positive,dataset1
1080,290,3,21,1,positive,dataset1
1081,290,18,12,1,positive,dataset1
1082,290,21,12,1,positive,dataset1
1083,290,21,21,1,positive,dataset1
1084,290,52,21,1,positive,dataset1
1085,290,53,12,1,positive,dataset1
1086,290,84,12,1,positive,dataset1
1087,291,21,17,1,positive,dataset1
1088,292,3,14,2,positive,dataset1
1089,292,21,6,2,positive,dataset1
1090,292,60,24,2,positive,dataset1
1091,292,73,2,2,positive,dataset1
1092,293,3,26,1,positive,dataset1
1093,293,21,9,2,positive,dataset1
1094,293,21,26,1,positive,dataset1
1095,293,39,9,2,positive,dataset1
1096,293,84,26,1,positive,dataset1
1097,294,3,7,1,positive,dataset1
1098,294,21,17,2,positive,dataset1
1099,294,25,7,1,positive,dataset1
1100,294,65,7,1,positive,dataset1
1101,294,84,7,1,positive,dataset1
1102,295,3,2,1,positive,dataset1
1103,295,21,26,2,positive,dataset1
1104,295,39,2,1,positive,dataset1
1105,295,39,6,2,positive,dataset1
1106,295,60,2,1,positive,dataset1
1107,295,60,22,1,positive,dataset1
1108,296,21,22,1,positive,dataset1
1109,297,21,1,2,positive,dataset1
1110,297,21,22,1,positive,dataset1
1111,297,35,2,1,positive,dataset1
1112,297,47,4,1,positive,dataset1
1113,298,3,21,1,positive,dataset1
1114,298,21,22,2,positive,dataset1
1115,298,42,21,1,positive,dataset1
1116,298,42,23,1,positive,dataset1
1117,298,73,2,2,positive,dataset1
1118,299,21,6,1,positive,dataset1
1119,299,42,23,2,positive,dataset1
1120,299,58,6,1,positive,dataset1
1121,300,3,0,1,positive,dataset1
1122,301,3,14,1,positive,dataset1
1123,302,3,14,1,positive,dataset1
1124,303,3,2,1,positive,dataset1
1125,303,3,13,1,positive,dataset1
1126,303,3,16,2,positive,dataset1
1127,303,3,19,2,positive,dataset1
1128,303,3,21,1,positive,dataset1
1129,303,21,3,2,positive,dataset1
1130,303,21,5,1,positive,dataset1
1131,303,21,16,2,positive,dataset1
1132,303,21,22,2,positive,dataset1
1133,303,35,2,1,positive,dataset1
1134,303,60,2,1,positive,dataset1
1135,303,73,2,1,positive,dataset1
1136,303,73,2,2,positive,dataset1
1137,303,84,7,2,positive,dataset1
1138,304,60,2,1,positive,dataset1
1139,305,60,15,1,positive,dataset1
1140,305,60,26,2,positive,dataset1
1141,306,3,26,2,positive,dataset1
1142,306,21,26,2,positive,dataset1
1143,306,35,26,2,positive,dataset1
1144,306,42,23,2,positive,dataset1
1145,306,84,26,2,positive,dataset1
1146,307,39,5,2,positive,dataset1
1147,308,3,12,1,positive,dataset1
1148,308,3,26,2,positive,dataset1
1149,308,18,12,1,positive,dataset1
1150,308,21,26,2,positive,dataset1
1151,308,30,19,1,positive,dataset1
1152,308,35,26,2,positive,dataset1
1153,308,53,12,1,positive,dataset1
1154,308,60,2,2,positive,dataset1
1155,308,60,12,1,positive,dataset1
1156,308,60,16,2,positive,dataset1
1157,308,75,10,1,positive,dataset1
1158,308,84,5,2,positive,dataset1
1159,308,84,26,2,positive,dataset1
1160,309,21,17,1,positive,dataset1
1161,309,21,17,2,positive,dataset1
1162,309,21,26,2,positive,dataset1
1163,309,35,2,2,positive,dataset1
1164,309,39,26,2,positive,dataset1
1165,309,60,2,1,positive,dataset1
1166,310,21,26,2,positive,dataset1
1167,310,34,17,1,positive,dataset1
1168,310,39,6,1,positive,dataset1
1169,310,39,8,1,positive,dataset1
1170,310,41,17,1,positive,dataset1
1171,310,48,6,1,positive,dataset1
1172,310,58,6,1,positive,dataset1
1173,310,60,2,2,positive,dataset1
1174,310,60,16,1,positive,dataset1
1175,311,16,26,2,positive,dataset1
1176,311,21,24,1,positive,dataset1
1177,311,58,26,2,positive,dataset1
1178,311,60,22,1,positive,dataset1
1179,312,21,17,1,positive,dataset1
1180,313,3,2,1,positive,dataset1
1181,313,3,12,1,positive,dataset1
1182,313,3,13,1,positive,dataset1
1183,313,3,22,1,positive,dataset1
1184,313,6,13,2,positive,dataset1
1185,313,18,12,1,positive,dataset1
1186,313,21,12,1,positive,dataset1
1187,313,21,17,1,positive,dataset1
1188,313,21,26,2,positive,dataset1
1189,313,29,13,2,positive,dataset1
1190,313,31,24,1,positive,dataset1
1191,313,41,17,1,positive,dataset1
1192,313,42,22,1,positive,dataset1
1193,313,53,12,1,positive,dataset1
1194,313,54,2,1,positive,dataset1
1195,313,60,22,1,positive,dataset1
1196,313,71,12,2,positive,dataset1
1197,313,75,10,2,positive,dataset1
1198,313,84,12,1,positive,dataset1
1199,314,3,26,1,positive,dataset1
1200,314,21,8,1,positive,dataset1
1201,314,60,15,1,positive,dataset1
1202,314,84,26,1,positive,dataset1
1203,315,3,0,2,positive,dataset1
1204,315,3,2,1,positive,dataset1
1205,315,3,11,1,positive,dataset1
1206,315,3,12,1,positive,dataset1
1207,315,3,16,2,positive,dataset1
1208,315,3,22,1,positive,dataset1
1209,315,6,0,2,positive,dataset1
1210,315,21,11,1,positive,dataset1
1211,315,21,16,2,positive,dataset1
1212,315,21,17,2,positive,dataset1
1213,315,35,16,2,positive,dataset1
1214,315,39,11,1,positive,dataset1
1215,315,39,16,2,positive,dataset1
1216,315,42,22,1,positive,dataset1
1217,315,42,23,1,positive,dataset1
1218,315,52,11,1,positive,dataset1
1219,315,60,11,1,positive,dataset1
1220,315,75,10,2,positive,dataset1
1221,315,77,10,2,positive,dataset1
1222,315,84,16,2,positive,dataset1
1223,316,3,26,1,positive,dataset1
1224,316,21,8,1,positive,dataset1
1225,316,60,15,1,positive,dataset1
1226,316,75,10,2,positive,dataset1
1227,316,84,26,1,positive,dataset1
1228,317,3,2,2,positive,dataset1
1229,317,21,17,1,positive,dataset1
1230,317,39,23,1,positive,dataset1
1231,317,42,23,1,positive,dataset1
1232,317,47,4,1,positive,dataset1
1233,317,60,23,1,positive,dataset1
1234,318,39,23,2,positive,dataset1
1235,318,60,15,1,positive,dataset1
1236,319,3,11,1,positive,dataset1
1237,319,3,12,1,positive,dataset1
1238,319,18,12,1,positive,dataset1
1239,319,21,11,1,positive,dataset1
1240,319,21,12,1,positive,dataset1
1241,319,39,11,1,positive,dataset1
1242,319,52,11,1,positive,dataset1
1243,319,53,12,1,positive,dataset1
1244,319,60,11,1,positive,dataset1
1245,319,84,12,1,positive,dataset1
1246,320,21,12,1,positive,dataset1
1247,320,21,17,1,positive,dataset1
1248,320,39,6,1,positive,dataset1
1249,320,56,2,2,positive,dataset1
1250,321,70,2,1,positive,dataset1
1251,321,73,2,1,positive,dataset1
1252,321,82,2,1,positive,dataset1
1253,322,3,14,2,positive,dataset1
1254,322,21,20,2,positive,dataset1
1255,323,3,0,1,positive,dataset1
1256,324,3,21,1,positive,dataset1
1257,324,35,2,1,positive,dataset1
1258,325,3,14,2,positive,dataset1
1259,325,3,26,2,positive,dataset1
1260,325,21,22,1,positive,dataset1
1261,325,21,22,2,positive,dataset1
1262,325,21,26,2,positive,dataset1
1263,326,61,2,2,positive,dataset1
1264,327,21,17,2,positive,dataset1
1265,328,21,22,2,positive,dataset1
1266,328,52,6,1,positive,dataset1
1267,328,60,17,2,positive,dataset1
1268,328,60,22,2,positive,dataset1
1269,329,35,2,2,positive,dataset1
1270,329,60,22,1,positive,dataset1
1271,330,31,2,1,positive,dataset1
1272,330,60,2,1,positive,dataset1
1273,331,42,23,1,positive,dataset1
1274,332,21,17,2,positive,dataset1
1275,332,73,2,2,positive,dataset1
1276,333,21,8,1,positive,dataset1
1277,333,39,8,1,positive,dataset1
1278,334,80,2,2,positive,dataset1
1279,335,3,14,2,positive,dataset1
1280,335,21,22,1,positive,dataset1
1281,336,21,8,1,positive,dataset1
1282,336,60,15,1,positive,dataset1
1283,337,3,14,2,positive,dataset1
1284,338,3,14,1,positive,dataset1
1285,338,39,6,2,positive,dataset1
1286,338,58,6,2,positive,dataset1
1287,339,21,16,1,positive,dataset1
1288,339,31,15,1,positive,dataset1
1289,339,42,23,2,positive,dataset1
1290,340,39,8,1,positive,dataset1
1291,341,30,19,2,positive,dataset1
1292,341,42,23,2,positive,dataset1
1293,342,3,1,1,positive,dataset1
1294,342,21,1,1,positive,dataset1
1295,342,21,26,1,positive,dataset1
1296,342,39,12,2,positive,dataset1
1297,342,60,1,1,positive,dataset1
1298,342,63,1,1,positive,dataset1
1299,343,31,24,2,positive,dataset1
1300,343,75,10,2,positive,dataset1
1301,344,3,2,2,positive,dataset1
1302,344,21,22,1,positive,dataset1
1303,345,21,8,1,positive,dataset1
1304,345,39,8,1,positive,dataset1
1305,346,39,8,1,positive,dataset1
1306,346,60,22,1,positive,dataset1
1307,347,3,2,2,positive,dataset1
1308,347,3,5,2,positive,dataset1
1309,347,3,11,1,positive,dataset1
1310,347,21,11,1,positive,dataset1
1311,347,31,24,1,positive,dataset1
1312,347,39,5,1,positive,dataset1
1313,347,39,11,1,positive,dataset1
1314,347,39,12,2,positive,dataset1
1315,347,52,11,1,positive,dataset1
1316,347,60,3,1,positive,dataset1
1317,347,60,11,1,positive,dataset1
1318,347,60,22,1,positive,dataset1
1319,347,75,10,1,positive,dataset1
1320,348,39,6,2,positive,dataset1
1321,348,39,26,2,positive,dataset1
1322,348,58,26,2,positive,dataset1
1323,349,21,1,1,positive,dataset1
1324,349,42,1,1,positive,dataset1
1325,350,1,26,1,positive,dataset1
1326,350,35,12,2,positive,dataset1
1327,350,75,10,2,positive,dataset1
1328,351,39,6,2,positive,dataset1
1329,351,39,8,1,positive,dataset1
1330,352,3,11,1,positive,dataset1
1331,352,21,2,2,positive,dataset1
1332,352,21,11,1,positive,dataset1
1333,352,35,2,2,positive,dataset1
1334,352,39,11,1,positive,dataset1
1335,352,39,26,1,positive,dataset1
1336,352,52,11,1,positive,dataset1
1337,352,60,11,1,positive,dataset1
1338,352,60,22,1,positive,dataset1
1339,353,3,17,1,positive,dataset1
1340,353,21,17,1,positive,dataset1
1341,353,41,17,1,positive,dataset1
1342,353,60,17,1,positive,dataset1
1343,354,35,2,1,positive,dataset1
1344,355,3,12,2,positive,dataset1
1345,355,3,21,1,positive,dataset1
1346,355,3,21,2,positive,dataset1
1347,355,18,21,1,positive,dataset1
1348,355,21,2,2,positive,dataset1
1349,355,21,21,1,positive,dataset1
1350,355,21,22,1,positive,dataset1
1351,355,21,22,2,positive,dataset1
1352,355,31,2,2,positive,dataset1
1353,356,21,12,1,positive,dataset1
1354,356,21,21,2,positive,dataset1
1355,356,21,22,1,positive,dataset1
1356,356,47,4,2,positive,dataset1
1357,356,84,6,2,positive,dataset1
1358,357,21,6,1,positive,dataset1
1359,357,47,4,1,positive,dataset1
1360,358,21,22,1,positive,dataset1
1361,359,21,22,1,positive,dataset1
1362,359,47,4,2,positive,dataset1
1363,360,60,15,1,positive,dataset1
1364,360,71,12,1,positive,dataset1
1365,361,58,5,1,positive,dataset1
1366,361,69,2,2,positive,dataset1
1367,362,1,26,1,positive,dataset1
1368,362,3,2,1,positive,dataset1
1369,362,24,12,1,positive,dataset1
1370,362,31,2,1,positive,dataset1
1371,362,41,17,2,positive,dataset1
1372,362,42,2,2,positive,dataset1
1373,362,60,22,2,positive,dataset1
1374,363,21,8,1,positive,dataset1
1375,363,39,12,1,positive,dataset1
1376,364,1,26,1,positive,dataset1
1377,364,3,2,1,positive,dataset1
1378,364,3,2,2,positive,dataset1
1379,364,20,18,2,positive,dataset1
1380,364,21,16,1,positive,dataset1
1381,364,21,22,1,positive,dataset1
1382,364,24,12,1,positive,dataset1
1383,364,31,15,1,positive,dataset1
1384,364,31,15,2,positive,dataset1
1385,364,31,24,2,positive,dataset1
1386,364,34,15,2,positive,dataset1
1387,364,42,23,2,positive,dataset1
1388,364,60,18,2,positive,dataset1
1389,364,84,16,1,positive,dataset1
1390,365,21,8,1,positive,dataset1
1391,366,21,8,1,positive,dataset1
1392,367,1,26,1,positive,dataset1
1393,367,3,2,1,positive,dataset1
1394,367,3,2,2,positive,dataset1
1395,367,3,8,2,positive,dataset1
1396,367,3,26,2,positive,dataset1
1397,367,21,8,1,positive,dataset1
1398,367,21,8,2,positive,dataset1
1399,367,21,16,1,positive,dataset1
1400,367,21,17,2,positive,dataset1
1401,367,21,21,2,positive,dataset1
1402,367,21,22,1,positive,dataset1
1403,367,21,26,1,positive,dataset1
1404,367,21,26,2,positive,dataset1
1405,367,22,16,2,positive,dataset1
1406,367,31,8,2,positive,dataset1
1407,367,31,24,1,positive,dataset1
1408,367,39,2,2,positive,dataset1
1409,367,39,6,2,positive,dataset1
1410,367,39,8,2,positive,dataset1
1411,367,39,26,2,positive,dataset1
1412,367,41,17,2,positive,dataset1
1413,367,42,23,2,positive,dataset1
1414,367,47,25,2,positive,dataset1
1415,367,52,16,2,positive,dataset1
1416,367,52,21,1,positive,dataset1
1417,367,60,16,2,positive,dataset1
1418,367,60,22,2,positive,dataset1
1419,367,60,26,2,positive,dataset1
1420,367,71,25,2,positive,dataset1
1421,367,84,16,1,positive,dataset1
1422,368,60,2,1,positive,dataset1
1423,368,60,15,1,positive,dataset1
1424,369,3,21,1,positive,dataset1
1425,369,12,19,2,positive,dataset1
1426,369,21,17,2,positive,dataset1
1427,369,30,19,2,positive,dataset1
1428,369,35,2,1,positive,dataset1
1429,369,47,4,2,positive,dataset1
1430,369,78,19,2,positive,dataset1
1431,370,21,8,1,positive,dataset1
1432,370,39,8,1,positive,dataset1
1433,371,3,21,1,positive,dataset1
1434,371,21,21,1,positive,dataset1
1435,371,46,21,1,positive,dataset1
1436,371,52,21,1,positive,dataset1
1437,372,21,10,2,positive,dataset1
1438,372,25,2,1,positive,dataset1
1439,372,31,24,2,positive,dataset1
1440,372,33,2,1,positive,dataset1
1441,372,39,2,1,positive,dataset1
1442,372,39,26,2,positive,dataset1
1443,372,58,26,2,positive,dataset1
1444,373,39,6,1,positive,dataset1
1445,373,58,6,2,positive,dataset1
1446,373,83,18,1,positive,dataset1
1447,374,3,2,2,positive,dataset1
1448,374,21,17,1,positive,dataset1
1449,374,21,24,1,positive,dataset1
1450,374,21,24,2,positive,dataset1
1451,374,25,2,2,positive,dataset1
1452,374,31,2,2,positive,dataset1
1453,374,31,24,1,positive,dataset1
1454,374,41,2,2,positive,dataset1
1455,374,42,23,1,positive,dataset1
1456,374,42,23,2,positive,dataset1
1457,374,49,2,2,positive,dataset1
1458,374,60,2,1,positive,dataset1
1459,374,73,2,2,positive,dataset1
1460,375,60,15,1,positive,dataset1
1461,376,21,15,1,positive,dataset1
1462,376,21,15,2,positive,dataset1
1463,376,21,26,1,positive,dataset1
1464,376,39,5,1,positive,dataset1
1465,376,39,22,2,positive,dataset1
1466,377,3,14,2,positive,dataset1
1467,377,3,26,1,positive,dataset1
1468,377,21,6,2,positive,dataset1
1469,377,21,26,1,positive,dataset1
1470,377,31,26,1,positive,dataset1
1471,377,58,6,1,positive,dataset1
1472,377,84,26,1,positive,dataset1
1473,378,3,21,1,positive,dataset1
1474,378,35,21,1,positive,dataset1
1475,378,42,23,2,positive,dataset1
1476,379,3,14,2,positive,dataset1
1477,379,21,22,1,positive,dataset1
1478,379,39,5,2,positive,dataset1
1479,379,60,2,1,positive,dataset1
1480,380,3,1,1,positive,dataset1
1481,380,3,2,1,positive,dataset1
1482,380,3,2,2,positive,dataset1
1483,380,3,4,1,positive,dataset1
1484,380,3,7,2,positive,dataset1
1485,380,3,13,2,positive,dataset1
1486,380,3,22,1,positive,dataset1
1487,380,6,0,2,positive,dataset1
1488,380,10,12,1,positive,dataset1
1489,380,19,10,1,positive,dataset1
1490,380,21,3,1,positive,dataset1
1491,380,21,3,2,positive,dataset1
1492,380,21,16,1,positive,dataset1
1493,380,21,17,1,positive,dataset1
1494,380,21,17,2,positive,dataset1
1495,380,21,18,2,positive,dataset1
1496,380,21,21,1,positive,dataset1
1497,380,21,21,2,positive,dataset1
1498,380,21,22,1,positive,dataset1
1499,380,21,26,1,positive,dataset1
1500,380,24,2,1,positive,dataset1
1501,380,25,7,2,positive,dataset1
1502,380,29,13,1,positive,dataset1
1503,380,31,17,1,positive,dataset1
1504,380,31,24,1,positive,dataset1
1505,380,35,13,2,positive,dataset1
1506,380,39,5,1,positive,dataset1
1507,380,39,6,1,positive,dataset1
1508,380,39,12,1,positive,dataset1
1509,380,39,23,1,positive,dataset1
1510,380,39,23,2,positive,dataset1
1511,380,40,2,2,positive,dataset1
1512,380,41,17,1,positive,dataset1
1513,380,42,2,1,positive,dataset1
1514,380,42,23,1,positive,dataset1
1515,380,42,23,2,positive,dataset1
1516,380,47,4,2,positive,dataset1
1517,380,58,6,1,positive,dataset1
1518,380,60,2,2,positive,dataset1
1519,380,60,3,2,positive,dataset1
1520,380,60,22,1,positive,dataset1
1521,380,60,26,2,positive,dataset1
1522,380,65,7,2,positive,dataset1
1523,380,71,12,1,positive,dataset1
1524,380,73,2,2,positive,dataset1
1525,380,81,25,2,positive,dataset1
1526,380,84,7,2,positive,dataset1
1527,381,21,22,1,positive,dataset1
1528,381,39,8,1,positive,dataset1
1529,382,3,26,2,positive,dataset1
1530,382,39,6,1,positive,dataset1
1531,382,58,6,1,positive,dataset1
1532,383,3,14,1,positive,dataset1
1533,383,3,21,2,positive,dataset1
1534,383,31,2,1,positive,dataset1
1535,383,39,26,1,positive,dataset1
1536,383,42,23,2,positive,dataset1
1537,384,21,22,2,positive,dataset1
1538,384,39,8,1,positive,dataset1
1539,385,3,14,1,positive,dataset1
1540,385,21,18,1,positive,dataset1
1541,385,42,23,2,positive,dataset1
1542,386,83,18,1,positive,dataset1
1543,387,42,23,1,positive,dataset1
1544,388,3,2,1,positive,dataset1
1545,388,31,15,1,positive,dataset1
1546,389,3,2,2,positive,dataset1
1547,389,3,9,1,positive,dataset1
1548,389,3,14,1,positive,dataset1
1549,389,21,1,2,positive,dataset1
1550,389,21,3,2,positive,dataset1
1551,389,21,21,1,positive,dataset1
1552,389,21,22,1,positive,dataset1
1553,389,34,17,2,positive,dataset1
1554,389,39,5,2,positive,dataset1
1555,389,40,2,2,positive,dataset1
1556,389,41,17,1,positive,dataset1
1557,389,41,17,2,positive,dataset1
1558,389,42,23,1,positive,dataset1
1559,389,44,24,2,positive,dataset1
1560,389,73,2,2,positive,dataset1
1561,390,3,14,1,positive,dataset1
1562,390,21,22,1,positive,dataset1
1563,390,52,5,1,positive,dataset1
1564,390,52,21,1,positive,dataset1
1565,391,84,5,1,positive,dataset1
1566,392,21,22,1,positive,dataset1
1567,392,71,14,1,positive,dataset1
1568,393,21,17,2,positive,dataset1
1569,393,21,22,2,positive,dataset1
1570,393,58,6,1,positive,dataset1
1571,393,83,18,2,positive,dataset1
1572,394,60,24,1,positive,dataset1
1573,395,3,0,2,positive,dataset1
1574,395,20,18,2,positive,dataset1
1575,395,21,16,2,positive,dataset1
1576,395,28,4,2,positive,dataset1
1577,395,60,18,2,positive,dataset1
1578,395,71,14,1,positive,dataset1
1579,396,84,5,1,positive,dataset1
1580,397,21,17,1,positive,dataset1
1581,398,21,21,2,positive,dataset1
1582,398,39,6,2,positive,dataset1
1583,398,39,26,1,positive,dataset1
1584,398,60,2,2,positive,dataset1
1585,398,60,5,2,positive,dataset1
1586,399,1,1,1,positive,dataset1
1587,399,3,1,1,positive,dataset1
1588,399,21,1,1,positive,dataset1
1589,399,42,1,1,positive,dataset1
1590,399,60,1,1,positive,dataset1
1591,399,63,1,1,positive,dataset1
1592,400,3,2,1,positive,dataset1
1593,400,3,12,2,positive,dataset1
1594,400,3,13,1,positive,dataset1
1595,400,21,16,1,positive,dataset1
1596,400,21,21,1,positive,dataset1
1597,400,41,16,1,positive,dataset1
1598,400,41,16,2,positive,dataset1
1599,400,42,23,1,positive,dataset1
1600,400,51,19,1,positive,dataset1
1601,400,60,2,1,positive,dataset1
1602,400,71,12,1,positive,dataset1
1603,400,73,2,1,positive,dataset1
1604,400,73,2,2,positive,dataset1
1605,400,75,10,2,positive,dataset1
1606,401,39,23,1,positive,dataset1
1607,402,3,2,1,positive,dataset1
1608,402,3,2,2,positive,dataset1
1609,402,31,2,1,positive,dataset1
1610,402,41,16,2,positive,dataset1
1611,402,60,2,1,positive,dataset1
1612,402,71,12,1,positive,dataset1
1613,402,73,2,1,positive,dataset1
1614,402,73,2,2,positive,dataset1
1615,403,39,8,1,positive,dataset1
1616,404,3,2,2,positive,dataset1
1617,404,3,6,1,positive,dataset1
1618,404,3,12,2,positive,dataset1
1619,404,21,2,2,positive,dataset1
1620,404,21,21,2,positive,dataset1
1621,404,34,17,1,positive,dataset1
1622,404,34,17,2,positive,dataset1
1623,404,42,23,2,positive,dataset1
1624,404,60,2,2,positive,dataset1
1625,404,60,12,2,positive,dataset1
1626,405,31,24,1,positive,dataset1
1627,406,1,26,1,positive,dataset1
1628,406,3,6,1,positive,dataset1
1629,406,3,7,1,positive,dataset1
1630,406,21,9,2,positive,dataset1
1631,406,21,15,1,positive,dataset1
1632,406,21,17,2,positive,dataset1
1633,406,21,21,2,positive,dataset1
1634,406,25,7,1,positive,dataset1
1635,406,39,6,2,positive,dataset1
1636,406,39,9,2,positive,dataset1
1637,406,42,23,2,positive,dataset1
1638,406,47,4,1,positive,dataset1
1639,406,52,5,1,positive,dataset1
1640,406,60,3,2,positive,dataset1
1641,406,65,7,1,positive,dataset1
1642,406,84,7,1,positive,dataset1
1643,407,3,2,2,positive,dataset1
1644,408,47,4,2,positive,dataset1
1645,409,21,22,2,positive,dataset1
1646,409,34,16,2,positive,dataset1
1647,409,35,12,2,positive,dataset1
1648,409,39,6,2,positive,dataset1
1649,410,21,8,1,positive,dataset1
1650,410,68,2,1,positive,dataset1
1651,411,21,22,1,positive,dataset1
1652,411,35,2,1,positive,dataset1
1653,411,35,2,2,positive,dataset1
1654,411,75,10,2,positive,dataset1
1655,412,21,26,1,positive,dataset1
1656,412,21,26,2,positive,dataset1
1657,412,39,26,1,positive,dataset1
1658,412,39,26,2,positive,dataset1
1659,412,60,15,1,positive,dataset1
1660,412,84,26,2,positive,dataset1
1661,413,39,11,2,positive,dataset1
1662,414,21,17,2,positive,dataset1
1663,414,21,26,1,positive,dataset1
1664,415,60,15,1,positive,dataset1
1665,416,21,8,1,positive,dataset1
1666,416,39,8,1,positive,dataset1
1667,417,3,12,2,positive,dataset1
1668,417,35,2,2,positive,dataset1
1669,417,73,2,2,positive,dataset1
1670,417,75,10,2,positive,dataset1
1671,418,1,26,1,positive,dataset1
1672,418,3,9,2,positive,dataset1
1673,418,3,13,1,positive,dataset1
1674,418,3,26,2,positive,dataset1
1675,418,21,1,2,positive,dataset1
1676,418,21,2,2,positive,dataset1
1677,418,21,8,2,positive,dataset1
1678,418,21,9,2,positive,dataset1
1679,418,21,22,1,positive,dataset1
1680,418,31,22,1,positive,dataset1
1681,418,39,9,2,positive,dataset1
1682,418,39,26,2,positive,dataset1
1683,418,60,22,1,positive,dataset1
1684,418,84,9,2,positive,dataset1
1685,418,84,26,2,positive,dataset1
1686,419,67,2,1,positive,dataset1
1687,420,3,12,1,positive,dataset1
1688,420,3,14,2,positive,dataset1
1689,420,3,26,1,positive,dataset1
1690,420,18,12,1,positive,dataset1
1691,420,21,8,2,positive,dataset1
1692,420,21,12,1,positive,dataset1
1693,420,21,14,2,positive,dataset1
1694,420,21,17,2,positive,dataset1
1695,420,21,26,1,positive,dataset1
1696,420,31,17,1,positive,dataset1
1697,420,31,24,2,positive,dataset1
1698,420,33,14,2,positive,dataset1
1699,420,35,14,2,positive,dataset1
1700,420,39,26,1,positive,dataset1
1701,420,41,14,2,positive,dataset1
1702,420,53,12,1,positive,dataset1
1703,420,71,14,2,positive,dataset1
1704,420,73,2,1,positive,dataset1
1705,420,84,12,1,positive,dataset1
1706,421,39,8,1,positive,dataset1
1707,421,60,2,2,positive,dataset1
1708,421,73,2,1,positive,dataset1
1709,422,3,14,2,positive,dataset1
1710,423,3,9,2,positive,dataset1
1711,423,16,5,1,positive,dataset1
1712,423,21,9,2,positive,dataset1
1713,423,39,9,2,positive,dataset1
1714,423,72,5,1,positive,dataset1
1715,423,84,9,2,positive,dataset1
1716,424,21,8,1,positive,dataset1
1717,425,3,2,1,positive,dataset1
1718,425,35,2,1,positive,dataset1
1719,426,3,16,1,positive,dataset1
1720,427,3,2,1,positive,dataset1
1721,427,3,2,2,positive,dataset1
1722,427,21,16,2,positive,dataset1
1723,427,21,17,2,positive,dataset1
1724,427,31,2,1,positive,dataset1
1725,427,35,2,2,positive,dataset1
1726,427,38,4,1,positive,dataset1
1727,427,42,23,2,positive,dataset1
1728,427,52,21,2,positive,dataset1
1729,427,60,20,1,positive,dataset1
1730,428,47,4,1,positive,dataset1
1731,429,21,21,2,positive,dataset1
1732,430,12,19,1,positive,dataset1
1733,431,21,20,2,positive,dataset1
1734,431,31,26,2,positive,dataset1
1735,431,35,2,2,positive,dataset1
1736,431,42,23,2,positive,dataset1
1737,431,52,21,2,positive,dataset1
1738,431,60,2,2,positive,dataset1
1739,431,60,22,1,positive,dataset1
1740,431,75,10,2,positive,dataset1
1741,432,21,22,1,positive,dataset1
1742,433,3,18,1,positive,dataset1
1743,433,3,21,1,positive,dataset1
1744,433,21,18,1,positive,dataset1
1745,433,42,23,1,positive,dataset1
1746,434,60,15,1,positive,dataset1
1747,435,21,17,2,positive,dataset1
1748,435,41,17,2,positive,dataset1
1749,436,3,2,2,positive,dataset1
1750,436,39,5,2,positive,dataset1
1751,436,54,2,2,positive,dataset1
1752,437,3,2,2,positive,dataset1
1753,437,21,2,2,positive,dataset1
1754,437,54,2,2,positive,dataset1
1755,438,3,2,2,positive,dataset1
1756,438,54,2,2,positive,dataset1
1757,439,3,2,2,positive,dataset1
1758,439,54,2,2,positive,dataset1
1759,440,3,21,1,positive,dataset1
1760,440,21,26,2,positive,dataset1
1761,440,39,26,2,positive,dataset1
1762,440,42,23,2,positive,dataset1
1763,440,47,4,2,positive,dataset1
1764,440,71,25,2,positive,dataset1
1765,441,21,18,1,positive,dataset1
1766,441,21,22,1,positive,dataset1
1767,441,21,22,2,positive,dataset1
1768,441,34,17,2,positive,dataset1
1769,441,41,17,2,positive,dataset1
1770,441,60,17,2,positive,dataset1
1771,442,3,12,1,positive,dataset1
1772,442,18,12,1,positive,dataset1
1773,442,21,26,2,positive,dataset1
1774,442,41,16,2,positive,dataset1
1775,442,53,12,1,positive,dataset1
1776,443,21,22,2,positive,dataset1
1777,444,35,2,2,positive,dataset1
1778,445,47,4,2,positive,dataset1
1779,445,60,2,2,positive,dataset1
1780,446,1,26,1,positive,dataset1
1781,446,3,2,1,positive,dataset1
1782,446,3,2,2,positive,dataset1
1783,446,21,17,1,positive,dataset1
1784,446,21,24,1,positive,dataset1
1785,446,27,18,2,positive,dataset1
1786,446,31,24,1,positive,dataset1
1787,446,35,2,1,positive,dataset1
1788,446,39,6,1,positive,dataset1
1789,446,39,26,1,positive,dataset1
1790,446,39,26,2,positive,dataset1
1791,447,21,8,1,positive,dataset1
1792,447,39,8,1,positive,dataset1
1793,447,58,12,2,positive,dataset1
1794,448,28,17,1,positive,dataset1
1795,449,39,26,1,positive,dataset1
1796,450,42,23,2,positive,dataset1
1797,451,84,5,1,positive,dataset1
1798,452,39,26,1,positive,dataset1
1799,453,39,26,1,positive,dataset1
1800,454,39,20,2,positive,dataset1
1801,455,39,6,2,positive,dataset1
1802,456,39,26,1,positive,dataset1
1803,456,42,23,1,positive,dataset1
1804,457,39,12,1,positive,dataset1
1805,458,3,21,1,positive,dataset1
1806,458,21,8,1,positive,dataset1
1807,458,21,26,2,positive,dataset1
1808,458,39,2,2,positive,dataset1
1809,458,39,23,1,positive,dataset1
1810,458,60,2,2,positive,dataset1
1811,458,73,2,1,positive,dataset1
1812,459,3,2,2,positive,dataset1
1813,459,60,2,2,positive,dataset1
1814,460,12,19,2,positive,dataset1
1815,461,21,1,2,positive,dataset1
1816,462,3,2,2,positive,dataset1
1817,462,3,12,2,positive,dataset1
1818,462,3,14,2,positive,dataset1
1819,462,21,12,2,positive,dataset1
1820,462,21,15,2,positive,dataset1
1821,462,35,2,2,positive,dataset1
1822,462,39,12,2,positive,dataset1
1823,463,1,6,2,positive,dataset1
1824,463,21,17,2,positive,dataset1
1825,463,47,4,1,positive,dataset1
1826,463,54,2,1,positive,dataset1
1827,464,42,5,2,positive,dataset1
1828,464,42,16,2,positive,dataset1
1829,464,42,22,1,positive,dataset1
1830,465,35,2,1,positive,dataset1
1831,466,21,22,1,positive,dataset1
1832,467,39,8,1,positive,dataset1
1833,468,3,13,1,positive,dataset1
1834,469,6,0,1,positive,dataset1
1835,469,20,18,2,positive,dataset1
1836,469,21,22,1,positive,dataset1
1837,469,60,18,2,positive,dataset1
1838,469,60,22,1,positive,dataset1
1839,469,71,12,2,positive,dataset1
1840,470,73,2,1,positive,dataset1
1841,471,73,2,1,positive,dataset1
1842,472,3,21,1,positive,dataset1
1843,472,21,21,1,positive,dataset1
1844,472,46,21,1,positive,dataset1
1845,472,52,21,1,positive,dataset1
1846,472,60,17,2,positive,dataset1
1847,472,74,17,2,positive,dataset1
1848,473,1,26,1,positive,dataset1
1849,473,31,2,1,positive,dataset1
1850,473,39,5,2,positive,dataset1
1851,474,3,14,2,positive,dataset1
1852,475,42,22,1,positive,dataset1
1853,476,21,8,1,positive,dataset1
1854,477,3,7,2,positive,dataset1
1855,477,21,21,1,positive,dataset1
1856,477,25,7,2,positive,dataset1
1857,477,65,7,2,positive,dataset1
1858,477,84,7,2,positive,dataset1
1859,478,20,15,2,positive,dataset1
1860,478,21,12,2,positive,dataset1
1861,479,12,19,1,positive,dataset1
1862,479,29,0,2,positive,dataset1
1863,479,42,23,2,positive,dataset1
1864,480,21,16,2,positive,dataset1
1865,481,21,26,2,positive,dataset1
1866,481,31,26,2,positive,dataset1
1867,482,21,12,2,positive,dataset1
1868,482,21,21,1,positive,dataset1
1869,482,21,22,1,positive,dataset1
1870,482,58,6,2,positive,dataset1
1871,483,21,21,2,positive,dataset1
1872,483,31,2,2,positive,dataset1
1873,484,3,14,1,positive,dataset1
1874,484,3,26,1,positive,dataset1
1875,484,6,0,1,positive,dataset1
1876,484,21,2,2,positive,dataset1
1877,484,45,0,1,positive,dataset1
1878,484,60,2,2,positive,dataset1
1879,484,84,26,1,positive,dataset1
1880,485,35,2,1,positive,dataset1
1881,486,31,2,2,positive,dataset1
1882,487,3,0,1,positive,dataset1
1883,487,3,2,2,positive,dataset1
1884,487,3,7,2,positive,dataset1
1885,487,15,24,2,positive,dataset1
1886,487,21,1,2,positive,dataset1
1887,487,21,16,2,positive,dataset1
1888,487,21,17,1,positive,dataset1
1889,487,21,21,2,positive,dataset1
1890,487,21,22,2,positive,dataset1
1891,487,21,26,2,positive,dataset1
1892,487,31,2,2,positive,dataset1
1893,487,31,24,1,positive,dataset1
1894,487,31,24,2,positive,dataset1
1895,487,34,17,2,positive,dataset1
1896,487,39,5,1,positive,dataset1
1897,487,39,5,2,positive,dataset1
1898,487,41,16,2,positive,dataset1
1899,487,42,23,1,positive,dataset1
1900,487,50,26,2,positive,dataset1
1901,487,58,5,1,positive,dataset1
1902,487,60,2,2,positive,dataset1
1903,487,60,10,2,positive,dataset1
1904,487,60,24,2,positive,dataset1
1905,487,71,12,2,positive,dataset1
1906,487,83,18,2,positive,dataset1
1907,488,3,21,1,positive,dataset1
1908,488,18,21,1,positive,dataset1
1909,488,21,21,1,positive,dataset1
1910,488,35,21,1,positive,dataset1
1911,488,52,21,1,positive,dataset1
1912,489,81,22,1,positive,dataset1
1913,490,21,21,1,positive,dataset1
1914,490,21,21,2,positive,dataset1
1915,490,42,23,1,positive,dataset1
1916,491,3,14,1,positive,dataset1
1917,492,18,22,2,positive,dataset1
1918,492,31,22,2,positive,dataset1
1919,492,60,16,1,positive,dataset1
1920,492,60,26,2,positive,dataset1
1921,492,63,3,2,positive,dataset1
1922,493,3,2,1,positive,dataset1
1923,494,58,26,1,positive,dataset1
1924,495,42,23,1,positive,dataset1
1925,496,21,2,2,positive,dataset1
1926,496,21,12,1,positive,dataset1
1927,496,21,22,1,positive,dataset1
1928,496,21,26,1,positive,dataset1
1929,496,31,26,1,positive,dataset1
1930,496,39,26,1,positive,dataset1
1931,496,45,0,1,positive,dataset1
1932,496,60,22,1,positive,dataset1
1933,497,31,2,1,positive,dataset1
1934,498,3,14,2,positive,dataset1
1935,499,71,12,2,positive,dataset1
1936,500,21,17,2,positive,dataset1
1937,501,3,2,1,positive,dataset1
1938,502,3,7,2,positive,dataset1
1939,503,42,23,1,positive,dataset1
1940,504,42,23,1,positive,dataset1
1941,505,1,26,1,positive,dataset1
1942,505,3,14,2,positive,dataset1
1943,505,42,23,1,positive,dataset1
1944,505,58,6,1,positive,dataset1
1945,506,1,26,1,positive,dataset1
1946,506,42,23,1,positive,dataset1
1947,507,21,22,1,positive,dataset1
1948,507,41,16,2,positive,dataset1
1949,508,21,23,1,positive,dataset1
1950,508,71,12,1,positive,dataset1
1951,509,3,2,2,positive,dataset1
1952,509,3,21,1,positive,dataset1
1953,509,31,24,1,positive,dataset1
1954,509,52,21,1,positive,dataset1
1955,509,60,2,2,positive,dataset1
1956,509,60,3,1,positive,dataset1
1957,509,73,2,1,positive,dataset1
1958,509,73,2,2,positive,dataset1
1959,510,21,22,1,positive,dataset1
1960,511,21,21,1,positive,dataset1
1961,511,41,15,2,positive,dataset1
1962,512,42,23,2,positive,dataset1
1963,512,71,14,2,positive,dataset1
1964,513,3,26,1,positive,dataset1
1965,513,21,22,2,positive,dataset1
1966,513,39,8,1,positive,dataset1
1967,513,84,26,1,positive,dataset1
1968,514,42,23,2,positive,dataset1
1969,515,3,12,2,positive,dataset1
1970,515,3,14,1,positive,dataset1
1971,515,21,17,2,positive,dataset1
1972,515,39,12,2,positive,dataset1
1973,515,60,12,2,positive,dataset1
1974,516,3,14,2,positive,dataset1
1975,517,3,2,1,positive,dataset1
1976,517,21,2,2,positive,dataset1
1977,517,21,17,2,positive,dataset1
1978,517,21,21,2,positive,dataset1
1979,517,21,22,1,positive,dataset1
1980,518,3,7,2,positive,dataset1
1981,519,3,21,1,positive,dataset1
1982,519,21,21,1,positive,dataset1
1983,519,35,2,1,positive,dataset1
1984,519,52,21,1,positive,dataset1
1985,520,3,12,2,positive,dataset1
1986,521,60,22,2,positive,dataset1
1987,522,42,23,1,positive,dataset1
1988,523,3,7,2,positive,dataset1
1989,523,3,14,2,positive,dataset1
1990,523,58,5,2,positive,dataset1
1991,524,3,21,2,positive,dataset1
1992,524,21,21,2,positive,dataset1
1993,524,68,21,2,positive,dataset1
1994,525,39,8,1,positive,dataset1
1995,526,60,22,1,positive,dataset1
1996,527,3,2,1,positive,dataset1
1997,527,21,26,1,positive,dataset1
1998,528,3,26,2,positive,dataset1
1999,528,21,21,2,positive,dataset1
2000,528,60,21,2,positive,dataset1
2001,529,5,10,2,positive,dataset1
2002,530,1,26,1,positive,dataset1
2003,530,3,5,1,positive,dataset1
2004,530,3,13,1,positive,dataset1
2005,530,3,18,1,positive,dataset1
2006,530,31,15,1,positive,dataset1
2007,530,35,5,1,positive,dataset1
2008,530,35,18,1,positive,dataset1
2009,531,60,17,2,positive,dataset1
2010,532,71,12,2,positive,dataset1
2011,533,3,26,1,positive,dataset1
2012,533,39,6,2,positive,dataset1
2013,533,58,6,2,positive,dataset1
2014,533,84,26,1,positive,dataset1
2015,534,1,26,1,positive,dataset1
2016,534,21,16,1,positive,dataset1
2017,534,21,22,2,positive,dataset1
2018,534,35,2,2,positive,dataset1
2019,534,42,23,2,positive,dataset1
2020,534,84,16,1,positive,dataset1
2021,535,81,22,1,positive,dataset1
2022,536,75,10,2,positive,dataset1
2023,537,3,26,1,positive,dataset1
2024,537,84,26,1,positive,dataset1
2025,538,42,23,2,positive,dataset1
2026,539,42,23,2,positive,dataset1
2027,540,42,23,2,positive,dataset1
2028,541,21,22,2,positive,dataset1
2029,541,73,2,1,positive,dataset1
2030,542,42,23,1,positive,dataset1
2031,543,39,6,1,positive,dataset1
2032,544,42,23,1,positive,dataset1
2033,545,3,2,2,positive,dataset1
2034,545,73,2,2,positive,dataset1
2035,546,1,26,1,positive,dataset1
2036,546,31,2,1,positive,dataset1
2037,546,42,23,2,positive,dataset1
2038,547,42,23,2,positive,dataset1
2039,548,21,15,1,positive,dataset1
2040,549,3,7,2,positive,dataset1
2041,549,3,14,2,positive,dataset1
2042,549,21,8,1,positive,dataset1
2043,549,21,9,1,positive,dataset1
2044,549,25,7,2,positive,dataset1
2045,549,31,9,1,positive,dataset1
2046,549,35,2,1,positive,dataset1
2047,549,42,23,1,positive,dataset1
2048,549,65,7,2,positive,dataset1
2049,549,84,7,2,positive,dataset1
2050,550,39,8,1,positive,dataset1
2051,551,42,23,2,positive,dataset1
2052,552,39,26,1,positive,dataset1
2053,553,39,26,1,positive,dataset1
2054,554,42,23,1,positive,dataset1
2055,555,39,26,1,positive,dataset1
2056,556,42,23,2,positive,dataset1
2057,557,42,23,1,positive,dataset1
2058,558,3,9,1,positive,dataset1
2059,558,42,23,1,positive,dataset1
2060,559,41,17,2,positive,dataset1
2061,560,35,2,1,positive,dataset1
2062,560,72,25,1,positive,dataset1
2063,561,3,14,2,positive,dataset1
2064,562,3,2,2,positive,dataset1
2065,562,60,2,2,positive,dataset1
2066,563,39,26,1,positive,dataset1
2067,564,54,2,2,positive,dataset1
2068,565,35,2,1,positive,dataset1
2069,565,41,15,1,positive,dataset1
2070,566,75,16,1,positive,dataset1
2071,567,21,18,2,positive,dataset1
2072,568,3,2,2,positive,dataset1
2073,568,21,22,1,positive,dataset1
2074,569,21,22,2,positive,dataset1
2075,569,60,22,1,positive,dataset1
2076,570,21,21,2,positive,dataset1
2077,570,21,26,1,positive,dataset1
2078,571,35,2,1,positive,dataset1
2079,572,21,16,2,positive,dataset1
2080,572,21,26,1,positive,dataset1
2081,573,3,26,1,positive,dataset1
2082,573,39,5,2,positive,dataset1
2083,573,49,26,2,positive,dataset1
2084,573,54,0,2,positive,dataset1
2085,573,71,12,1,positive,dataset1
2086,573,84,26,1,positive,dataset1
2087,574,64,4,1,positive,dataset1
2088,575,3,14,2,positive,dataset1
2089,575,3,26,2,positive,dataset1
2090,575,21,17,1,positive,dataset1
2091,575,21,26,2,positive,dataset1
2092,575,39,26,2,positive,dataset1
2093,575,53,26,2,positive,dataset1
2094,576,3,7,2,positive,dataset1
2095,576,12,19,2,positive,dataset1
2096,576,21,6,2,positive,dataset1
2097,576,21,16,2,positive,dataset1
2098,576,21,26,2,positive,dataset1
2099,576,34,23,2,positive,dataset1
2100,576,39,6,2,positive,dataset1
2101,576,42,23,2,positive,dataset1
2102,576,60,22,1,positive,dataset1
2103,576,75,10,1,positive,dataset1
2104,576,84,7,2,positive,dataset1
2105,576,84,16,2,positive,dataset1
2106,576,84,26,2,positive,dataset1
2107,577,54,2,2,positive,dataset1
2108,578,39,26,1,positive,dataset1
2109,579,21,10,2,positive,dataset1
2110,580,39,26,1,positive,dataset1
2111,581,31,22,1,positive,dataset1
2112,582,3,2,2,positive,dataset1
2113,582,3,12,2,positive,dataset1
2114,582,3,14,2,positive,dataset1
2115,582,21,12,2,positive,dataset1
2116,582,21,16,2,positive,dataset1
2117,582,21,17,1,positive,dataset1
2118,582,21,22,1,positive,dataset1
2119,582,21,26,2,positive,dataset1
2120,582,35,2,1,positive,dataset1
2121,582,39,12,1,positive,dataset1
2122,582,60,2,2,positive,dataset1
2123,582,73,2,2,positive,dataset1
2124,583,52,6,1,positive,dataset1
2125,584,1,5,1,positive,dataset1
2126,584,58,6,2,positive,dataset1
2127,585,41,17,2,positive,dataset1
2128,586,3,26,2,positive,dataset1
2129,586,21,26,2,positive,dataset1
2130,586,39,26,2,positive,dataset1
2131,586,84,26,2,positive,dataset1
2132,587,21,22,1,positive,dataset1
2133,587,21,22,2,positive,dataset1
2134,588,42,23,2,positive,dataset1
2135,589,39,26,1,positive,dataset1
2136,590,21,16,1,positive,dataset1
2137,591,3,14,1,positive,dataset1
2138,591,21,15,2,positive,dataset1
2139,592,3,14,1,positive,dataset1
2140,593,3,14,1,positive,dataset1
2141,594,31,22,1,positive,dataset1
2142,595,3,22,1,positive,dataset1
2143,596,35,2,1,positive,dataset1
2144,597,35,2,1,positive,dataset1
2145,598,39,6,2,positive,dataset1
2146,599,21,2,2,positive,dataset1
2147,600,21,26,2,positive,dataset1
2148,600,39,26,2,positive,dataset1
2149,601,17,4,2,positive,dataset1
2150,602,3,0,1,positive,dataset1
2151,603,3,14,2,positive,dataset1
2152,604,3,7,1,positive,dataset1
2153,604,25,7,1,positive,dataset1
2154,604,65,7,1,positive,dataset1
2155,604,84,7,1,positive,dataset1
2156,605,3,22,1,positive,dataset1
2157,605,21,22,1,positive,dataset1
2158,606,39,6,1,positive,dataset1
2159,606,58,6,1,positive,dataset1
2160,607,3,26,2,positive,dataset1
2161,607,60,2,1,positive,dataset1
2162,608,3,5,2,positive,dataset1
2163,609,54,2,1,positive,dataset1
2164,609,60,2,1,positive,dataset1
2165,610,35,2,1,positive,dataset1
2166,611,21,26,2,positive,dataset1
2167,612,39,26,1,positive,dataset1
2168,613,21,8,1,positive,dataset1
2169,613,45,0,1,positive,dataset1
2170,614,21,17,1,positive,dataset1
2171,615,42,23,1,positive,dataset1
2172,616,21,22,1,positive,dataset1
2173,616,35,2,1,positive,dataset1
2174,617,39,6,2,positive,dataset1
2175,618,41,16,2,positive,dataset1
2176,619,35,2,1,positive,dataset1
2177,620,39,8,1,positive,dataset1
2178,621,39,8,1,positive,dataset1
2179,622,21,22,2,positive,dataset1
2180,623,60,2,2,positive,dataset1
2181,624,3,13,1,positive,dataset1
2182,625,3,2,1,positive,dataset1
2183,626,73,2,1,positive,dataset1
2184,627,42,23,2,positive,dataset1
2185,628,3,2,1,positive,dataset1
2186,629,39,6,2,positive,dataset1
2187,630,84,5,1,positive,dataset1
2188,631,68,1,1,positive,dataset1
2189,631,84,5,1,positive,dataset1
2190,632,31,2,1,positive,dataset1
2191,632,60,2,1,positive,dataset1
2192,632,79,2,1,positive,dataset1
2193,633,39,6,2,positive,dataset1
2194,634,42,23,1,positive,dataset1
2195,634,60,22,1,positive,dataset1
2196,635,3,12,1,positive,dataset1
2197,635,72,2,2,positive,dataset1
2198,636,3,12,1,positive,dataset1
2199,636,21,26,1,positive,dataset1
2200,636,60,26,1,positive,dataset1
2201,637,60,22,1,positive,dataset1
2202,638,21,22,2,positive,dataset1
2203,639,3,14,2,positive,dataset1
2204,640,21,14,1,positive,dataset1
2205,640,21,26,1,positive,dataset1
2206,640,71,14,1,positive,dataset1
2207,641,42,23,2,positive,dataset1
2208,642,39,26,1,positive,dataset1
2209,643,39,26,1,positive,dataset1
2210,644,3,14,2,positive,dataset1
2211,645,3,14,1,positive,dataset1
2212,646,60,22,1,positive,dataset1
2213,647,39,26,2,positive,dataset1
2214,648,3,14,2,positive,dataset1
2215,648,21,22,1,positive,dataset1
2216,649,58,6,1,positive,dataset1
2217,650,72,25,1,positive,dataset1
2218,651,79,2,1,positive,dataset1
2219,652,4,2,2,positive,dataset1
2220,652,21,17,1,positive,dataset1
2221,652,41,15,1,positive,dataset1
2222,652,49,2,2,positive,dataset1
2223,652,55,2,2,positive,dataset1
2224,652,60,22,2,positive,dataset1
2225,653,12,19,2,positive,dataset1
2226,654,3,26,1,positive,dataset1
2227,654,21,26,1,positive,dataset1
2228,655,3,14,2,positive,dataset1
2229,655,3,22,2,positive,dataset1
2230,655,18,22,2,positive,dataset1
2231,655,21,22,2,positive,dataset1
2232,655,60,20,2,positive,dataset1
2233,655,75,10,1,positive,dataset1
2234,656,3,14,2,positive,dataset1
2235,657,80,2,1,positive,dataset1
2236,658,21,2,2,positive,dataset1
2237,658,21,8,1,positive,dataset1
2238,658,21,17,1,positive,dataset1
2239,658,31,2,2,positive,dataset1
2240,659,3,14,2,positive,dataset1
2241,660,54,2,1,positive,dataset1
2242,661,3,14,2,positive,dataset1
2243,662,42,23,1,positive,dataset1
2244,663,3,2,2,positive,dataset1
2245,663,21,2,2,positive,dataset1
2246,664,21,21,1,positive,dataset1
2247,664,21,22,1,positive,dataset1
2248,665,60,22,1,positive,dataset1
2249,665,84,26,2,positive,dataset1
2250,666,31,15,2,positive,dataset1
2251,667,60,22,1,positive,dataset1
2252,668,28,4,1,positive,dataset1
2253,669,21,8,1,positive,dataset1
2254,669,39,8,1,positive,dataset1
2255,670,73,2,1,positive,dataset1
2256,671,84,5,1,positive,dataset1
2257,672,0,5,1,positive,dataset1
2258,672,84,5,1,positive,dataset1
2259,673,39,12,1,positive,dataset1
2260,673,58,12,1,positive,dataset1
2261,673,63,12,1,positive,dataset1
2262,674,39,12,1,positive,dataset1
2263,674,58,12,1,positive,dataset1
2264,674,63,12,1,positive,dataset1
2265,675,39,12,1,positive,dataset1
2266,675,58,12,1,positive,dataset1
2267,675,63,12,1,positive,dataset1
2268,676,3,26,1,positive,dataset1
2269,676,21,3,1,positive,dataset1
2270,676,58,12,1,positive,dataset1
2271,676,84,26,1,positive,dataset1
2272,677,3,14,2,positive,dataset1
2273,677,21,22,2,positive,dataset1
2274,678,3,2,2,positive,dataset1
2275,679,21,8,1,positive,dataset1
2276,680,35,2,1,positive,dataset1
2277,681,3,2,1,positive,dataset1
2278,681,3,2,2,positive,dataset1
2279,681,3,12,2,positive,dataset1
2280,682,39,6,2,positive,dataset1
2281,683,3,2,1,positive,dataset1
2282,684,39,26,1,positive,dataset1
2283,685,3,14,1,positive,dataset1
2284,686,41,17,1,positive,dataset1
2285,687,3,2,2,positive,dataset1
2286,688,21,22,1,positive,dataset1
2287,689,3,14,1,positive,dataset1
2288,690,21,10,2,positive,dataset1
2289,690,21,22,2,positive,dataset1
2290,690,41,17,1,positive,dataset1
2291,690,60,22,2,positive,dataset1
2292,690,73,2,1,positive,dataset1
2293,691,21,26,2,positive,dataset1
2294,691,39,6,2,positive,dataset1
2295,692,39,6,2,positive,dataset1
2296,693,21,26,1,positive,dataset1
2297,694,39,26,1,positive,dataset1
2298,695,3,14,1,positive,dataset1
2299,696,35,2,1,positive,dataset1
2300,697,3,14,1,positive,dataset1
2301,698,3,14,1,positive,dataset1
2302,699,3,14,1,positive,dataset1
2303,700,3,14,1,positive,dataset1
2304,701,3,14,1,positive,dataset1
2305,702,21,8,1,positive,dataset1
2306,702,73,2,1,positive,dataset1
2307,703,21,17,2,positive,dataset1
2308,703,42,23,1,positive,dataset1
2309,704,84,5,1,positive,dataset1
2310,705,21,8,1,positive,dataset1
2311,706,3,2,1,positive,dataset1
2312,706,21,22,1,positive,dataset1
2313,706,21,22,2,positive,dataset1
2314,707,21,2,1,positive,dataset1
2315,708,3,14,1,positive,dataset1
2316,709,3,14,1,positive,dataset1
2317,710,3,14,1,positive,dataset1
2318,710,39,8,1,positive,dataset1
2319,710,60,17,2,positive,dataset1
2320,711,39,26,1,positive,dataset1
2321,712,72,25,1,positive,dataset1
2322,713,21,8,2,positive,dataset1
2323,713,39,6,2,positive,dataset1
2324,714,39,6,1,positive,dataset1
2325,714,58,6,1,positive,dataset1
2326,714,60,15,1,positive,dataset1
2327,715,1,26,1,positive,dataset1
2328,715,3,1,1,positive,dataset1
2329,715,3,13,1,positive,dataset1
2330,715,3,13,2,positive,dataset1
2331,715,3,14,1,positive,dataset1
2332,715,21,1,1,positive,dataset1
2333,715,21,15,2,positive,dataset1
2334,715,31,15,1,positive,dataset1
2335,716,21,16,2,positive,dataset1
2336,717,21,26,1,positive,dataset1
2337,718,3,7,1,positive,dataset1
2338,718,25,7,1,positive,dataset1
2339,718,65,7,1,positive,dataset1
2340,718,84,7,1,positive,dataset1
2341,719,1,26,1,positive,dataset1
2342,719,31,22,1,positive,dataset1
2343,719,60,22,1,positive,dataset1
2344,720,3,26,1,positive,dataset1
2345,720,21,8,1,positive,dataset1
2346,720,39,8,1,positive,dataset1
2347,720,84,26,1,positive,dataset1
2348,721,3,2,2,positive,dataset2
2349,721,3,22,1,positive,dataset2
2350,721,3,26,2,positive,dataset2
2351,721,21,17,2,positive,dataset2
2352,721,21,22,1,positive,dataset2
2353,721,21,22,2,positive,dataset2
2354,721,21,47,2,positive,dataset2
2355,721,29,48,1,positive,dataset2
2356,721,39,5,1,positive,dataset2
2357,721,39,6,2,positive,dataset2
2358,721,40,2,1,positive,dataset2
2359,721,41,6,2,positive,dataset2
2360,721,41,15,2,positive,dataset2
2361,721,41,17,2,positive,dataset2
2362,721,47,38,1,positive,dataset2
2363,721,58,6,1,positive,dataset2
2364,721,60,17,2,positive,dataset2
2365,721,73,2,1,positive,dataset2
2366,721,83,18,2,positive,dataset2
2367,721,84,26,2,positive,dataset2
2368,721,89,2,2,positive,dataset2
2369,721,96,6,2,positive,dataset2
2370,722,1,26,1,positive,dataset2
2371,722,3,2,1,positive,dataset2
2372,722,3,2,2,positive,dataset2
2373,722,3,13,2,positive,dataset2
2374,722,21,8,2,positive,dataset2
2375,722,21,22,1,positive,dataset2
2376,722,21,22,2,positive,dataset2
2377,722,21,31,2,positive,dataset2
2378,722,39,5,1,positive,dataset2
2379,722,41,17,2,positive,dataset2
2380,722,58,6,2,positive,dataset2
2381,722,60,15,2,positive,dataset2
2382,722,89,2,2,positive,dataset2
2383,723,3,2,1,positive,dataset2
2384,723,3,2,2,positive,dataset2
2385,723,21,8,2,positive,dataset2
2386,723,21,17,1,positive,dataset2
2387,723,21,22,1,positive,dataset2
2388,723,21,22,2,positive,dataset2
2389,723,26,18,2,positive,dataset2
2390,723,39,23,1,positive,dataset2
2391,723,41,17,2,positive,dataset2
2392,723,42,23,1,positive,dataset2
2393,723,47,38,1,positive,dataset2
2394,723,56,22,2,positive,dataset2
2395,723,58,6,2,positive,dataset2
2396,723,60,17,2,positive,dataset2
2397,723,60,22,2,positive,dataset2
2398,723,73,2,1,positive,dataset2
2399,723,73,2,2,positive,dataset2
2400,723,74,24,2,positive,dataset2
2401,723,89,2,2,positive,dataset2
2402,724,21,22,1,positive,dataset2
2403,724,31,24,2,positive,dataset2
2404,724,74,24,2,positive,dataset2
2405,725,3,2,1,positive,dataset2
2406,725,3,2,2,positive,dataset2
2407,725,3,6,2,positive,dataset2
2408,725,3,21,2,positive,dataset2
2409,725,3,26,2,positive,dataset2
2410,725,3,30,1,positive,dataset2
2411,725,21,2,1,positive,dataset2
2412,725,21,17,1,positive,dataset2
2413,725,21,17,2,positive,dataset2
2414,725,21,21,2,positive,dataset2
2415,725,21,22,1,positive,dataset2
2416,725,21,22,2,positive,dataset2
2417,725,21,23,2,positive,dataset2
2418,725,21,30,1,positive,dataset2
2419,725,21,30,2,positive,dataset2
2420,725,21,31,2,positive,dataset2
2421,725,21,35,1,positive,dataset2
2422,725,21,49,2,positive,dataset2
2423,725,21,50,2,positive,dataset2
2424,725,22,17,1,positive,dataset2
2425,725,26,18,1,positive,dataset2
2426,725,31,2,1,positive,dataset2
2427,725,31,15,2,positive,dataset2
2428,725,31,24,1,positive,dataset2
2429,725,31,24,2,positive,dataset2
2430,725,35,6,2,positive,dataset2
2431,725,35,30,1,positive,dataset2
2432,725,39,6,1,positive,dataset2
2433,725,39,26,2,positive,dataset2
2434,725,40,2,1,positive,dataset2
2435,725,41,15,2,positive,dataset2
2436,725,41,17,2,positive,dataset2
2437,725,42,23,2,positive,dataset2
2438,725,42,29,1,positive,dataset2
2439,725,42,49,2,positive,dataset2
2440,725,52,41,2,positive,dataset2
2441,725,54,2,2,positive,dataset2
2442,725,58,6,1,positive,dataset2
2443,725,58,6,2,positive,dataset2
2444,725,60,2,1,positive,dataset2
2445,725,60,2,2,positive,dataset2
2446,725,60,6,2,positive,dataset2
2447,725,60,17,2,positive,dataset2
2448,725,60,22,2,positive,dataset2
2449,725,60,24,1,positive,dataset2
2450,725,71,12,1,positive,dataset2
2451,725,73,2,2,positive,dataset2
2452,725,83,18,1,positive,dataset2
2453,725,83,18,2,positive,dataset2
2454,725,84,5,1,positive,dataset2
2455,725,84,6,2,positive,dataset2
2456,725,84,26,2,positive,dataset2
2457,725,89,2,2,positive,dataset2
2458,725,90,6,2,positive,dataset2
2459,725,98,18,1,positive,dataset2
2460,725,98,18,2,positive,dataset2
2461,725,100,17,1,positive,dataset2
2462,726,3,12,1,positive,dataset2
2463,726,3,12,2,positive,dataset2
2464,726,3,21,1,positive,dataset2
2465,726,12,19,2,positive,dataset2
2466,726,12,21,2,positive,dataset2
2467,726,21,17,2,positive,dataset2
2468,726,21,22,2,positive,dataset2
2469,726,21,25,1,positive,dataset2
2470,726,21,26,2,positive,dataset2
2471,726,21,49,2,positive,dataset2
2472,726,21,51,1,positive,dataset2
2473,726,31,24,2,positive,dataset2
2474,726,39,5,2,positive,dataset2
2475,726,39,12,2,positive,dataset2
2476,726,39,23,2,positive,dataset2
2477,726,41,17,2,positive,dataset2
2478,726,42,23,2,positive,dataset2
2479,726,42,29,2,positive,dataset2
2480,726,42,49,2,positive,dataset2
2481,726,54,2,1,positive,dataset2
2482,726,58,6,2,positive,dataset2
2483,726,58,12,2,positive,dataset2
2484,726,60,15,2,positive,dataset2
2485,726,60,17,2,positive,dataset2
2486,726,60,24,2,positive,dataset2
2487,726,68,21,1,positive,dataset2
2488,726,71,12,2,positive,dataset2
2489,726,73,2,2,positive,dataset2
2490,726,75,28,2,positive,dataset2
2491,726,84,5,1,positive,dataset2
2492,726,84,26,2,positive,dataset2
2493,726,97,0,1,positive,dataset2
2494,726,101,6,2,positive,dataset2
2495,727,3,2,2,positive,dataset2
2496,727,89,2,2,positive,dataset2
2497,728,21,26,1,positive,dataset2
2498,728,73,2,1,positive,dataset2
2499,729,21,22,2,positive,dataset2
2500,730,31,2,1,positive,dataset2
2501,731,21,17,2,positive,dataset2
2502,731,21,22,2,positive,dataset2
2503,731,21,26,2,positive,dataset2
2504,731,21,42,1,positive,dataset2
2505,731,26,18,1,positive,dataset2
2506,731,31,2,1,positive,dataset2
2507,731,31,24,1,positive,dataset2
2508,731,39,6,1,positive,dataset2
2509,731,39,26,2,positive,dataset2
2510,731,41,17,2,positive,dataset2
2511,731,60,22,2,positive,dataset2
2512,731,66,12,2,positive,dataset2
2513,731,71,12,1,positive,dataset2
2514,731,73,2,1,positive,dataset2
2515,731,83,18,1,positive,dataset2
2516,731,101,6,2,positive,dataset2
2517,732,31,2,1,positive,dataset2
2518,732,60,2,1,positive,dataset2
2519,732,103,26,1,positive,dataset2
2520,733,3,2,1,positive,dataset2
2521,733,3,2,2,positive,dataset2
2522,733,3,22,1,positive,dataset2
2523,733,3,26,1,positive,dataset2
2524,733,21,2,1,positive,dataset2
2525,733,21,10,2,positive,dataset2
2526,733,21,12,2,positive,dataset2
2527,733,21,17,1,positive,dataset2
2528,733,21,17,2,positive,dataset2
2529,733,21,22,1,positive,dataset2
2530,733,21,22,2,positive,dataset2
2531,733,21,26,1,positive,dataset2
2532,733,28,17,2,positive,dataset2
2533,733,29,48,1,positive,dataset2
2534,733,35,2,2,positive,dataset2
2535,733,39,6,1,positive,dataset2
2536,733,39,23,1,positive,dataset2
2537,733,39,26,1,positive,dataset2
2538,733,41,10,2,positive,dataset2
2539,733,41,17,1,positive,dataset2
2540,733,41,17,2,positive,dataset2
2541,733,42,23,1,positive,dataset2
2542,733,58,6,1,positive,dataset2
2543,733,58,6,2,positive,dataset2
2544,733,60,15,2,positive,dataset2
2545,733,60,17,2,positive,dataset2
2546,733,60,22,1,positive,dataset2
2547,733,73,2,2,positive,dataset2
2548,733,75,28,2,positive,dataset2
2549,733,84,26,1,positive,dataset2
2550,734,21,15,2,positive,dataset2
2551,734,95,17,2,positive,dataset2
2552,735,18,22,2,positive,dataset2
2553,735,75,28,1,positive,dataset2
2554,735,95,17,2,positive,dataset2
2555,736,3,2,1,positive,dataset2
2556,736,21,5,1,positive,dataset2
2557,736,21,17,1,positive,dataset2
2558,736,21,17,2,positive,dataset2
2559,736,21,22,1,positive,dataset2
2560,736,21,52,2,positive,dataset2
2561,736,29,48,1,positive,dataset2
2562,736,39,5,1,positive,dataset2
2563,736,39,6,2,positive,dataset2
2564,736,41,17,1,positive,dataset2
2565,736,41,17,2,positive,dataset2
2566,736,42,23,1,positive,dataset2
2567,736,58,6,2,positive,dataset2
2568,736,60,2,1,positive,dataset2
2569,736,60,2,2,positive,dataset2
2570,736,60,17,2,positive,dataset2
2571,736,60,24,2,positive,dataset2
2572,736,71,5,1,positive,dataset2
2573,736,71,12,1,positive,dataset2
2574,736,73,2,2,positive,dataset2
2575,736,75,28,2,positive,dataset2
2576,736,104,5,1,positive,dataset2
2577,737,3,2,2,positive,dataset2
2578,737,3,26,2,positive,dataset2
2579,737,15,21,2,positive,dataset2
2580,737,21,6,1,positive,dataset2
2581,737,21,8,2,positive,dataset2
2582,737,21,17,1,positive,dataset2
2583,737,21,17,2,positive,dataset2
2584,737,21,22,2,positive,dataset2
2585,737,21,26,2,positive,dataset2
2586,737,21,42,2,positive,dataset2
2587,737,35,21,2,positive,dataset2
2588,737,39,5,1,positive,dataset2
2589,737,39,26,2,positive,dataset2
2590,737,47,38,1,positive,dataset2
2591,737,56,22,2,positive,dataset2
2592,737,58,6,1,positive,dataset2
2593,737,60,2,2,positive,dataset2
2594,737,60,17,2,positive,dataset2
2595,737,60,22,2,positive,dataset2
2596,737,60,26,2,positive,dataset2
2597,737,62,17,2,positive,dataset2
2598,737,71,12,1,positive,dataset2
2599,737,73,2,1,positive,dataset2
2600,737,83,18,2,positive,dataset2
2601,737,95,17,1,positive,dataset2
2602,737,98,18,2,positive,dataset2
2603,737,105,12,2,positive,dataset2
2604,737,106,12,2,positive,dataset2
2605,738,21,26,1,positive,dataset2
2606,738,95,17,2,positive,dataset2
2607,739,3,12,1,positive,dataset2
2608,739,21,15,2,positive,dataset2
2609,739,21,42,2,positive,dataset2
2610,739,42,23,1,positive,dataset2
2611,739,58,6,1,positive,dataset2
2612,739,75,28,2,positive,dataset2
2613,739,95,17,2,positive,dataset2
2614,740,3,0,1,positive,dataset2
2615,740,3,2,1,positive,dataset2
2616,740,3,2,2,positive,dataset2
2617,740,3,26,1,positive,dataset2
2618,740,6,0,2,positive,dataset2
2619,740,21,2,1,positive,dataset2
2620,740,21,12,2,positive,dataset2
2621,740,21,17,1,positive,dataset2
2622,740,21,17,2,positive,dataset2
2623,740,21,22,1,positive,dataset2
2624,740,21,23,2,positive,dataset2
2625,740,21,30,1,positive,dataset2
2626,740,21,35,1,positive,dataset2
2627,740,39,6,2,positive,dataset2
2628,740,41,17,2,positive,dataset2
2629,740,42,23,1,positive,dataset2
2630,740,42,23,2,positive,dataset2
2631,740,58,6,1,positive,dataset2
2632,740,60,17,2,positive,dataset2
2633,740,60,22,1,positive,dataset2
2634,740,60,22,2,positive,dataset2
2635,740,60,24,2,positive,dataset2
2636,740,71,12,1,positive,dataset2
2637,740,73,2,2,positive,dataset2
2638,740,75,28,1,positive,dataset2
2639,740,89,2,2,positive,dataset2
2640,740,90,17,1,positive,dataset2
2641,740,95,17,2,positive,dataset2
2642,740,99,24,2,positive,dataset2
2643,741,95,17,2,positive,dataset2
2644,742,3,6,1,positive,dataset2
2645,742,35,6,1,positive,dataset2
2646,742,42,23,1,positive,dataset2
2647,742,60,6,1,positive,dataset2
2648,742,84,6,1,positive,dataset2
2649,742,90,6,1,positive,dataset2
2650,742,95,17,2,positive,dataset2
2651,742,97,0,2,positive,dataset2
2652,743,3,2,2,positive,dataset2
2653,743,3,6,1,positive,dataset2
2654,743,6,0,2,positive,dataset2
2655,743,21,2,1,positive,dataset2
2656,743,21,10,1,positive,dataset2
2657,743,21,17,1,positive,dataset2
2658,743,21,22,2,positive,dataset2
2659,743,21,26,2,positive,dataset2
2660,743,21,35,1,positive,dataset2
2661,743,21,49,1,positive,dataset2
2662,743,35,6,1,positive,dataset2
2663,743,39,6,1,positive,dataset2
2664,743,39,6,2,positive,dataset2
2665,743,39,26,1,positive,dataset2
2666,743,41,17,1,positive,dataset2
2667,743,42,23,1,positive,dataset2
2668,743,42,23,2,positive,dataset2
2669,743,42,49,1,positive,dataset2
2670,743,58,6,1,positive,dataset2
2671,743,60,2,1,positive,dataset2
2672,743,60,6,1,positive,dataset2
2673,743,60,17,2,positive,dataset2
2674,743,60,22,1,positive,dataset2
2675,743,60,24,2,positive,dataset2
2676,743,71,12,1,positive,dataset2
2677,743,73,2,1,positive,dataset2
2678,743,74,24,2,positive,dataset2
2679,743,83,18,1,positive,dataset2
2680,743,83,18,2,positive,dataset2
2681,743,84,6,1,positive,dataset2
2682,743,89,2,2,positive,dataset2
2683,743,90,6,1,positive,dataset2
2684,743,95,17,2,positive,dataset2
2685,743,97,0,1,positive,dataset2
2686,743,98,18,1,positive,dataset2
2687,743,98,18,2,positive,dataset2
2688,743,99,24,2,positive,dataset2
2689,744,58,6,2,positive,dataset2
2690,744,83,18,2,positive,dataset2
2691,744,98,18,2,positive,dataset2
2692,745,58,6,2,positive,dataset2
2693,746,21,26,1,positive,dataset2
2694,747,21,22,1,positive,dataset2
2695,747,21,26,1,positive,dataset2
2696,747,26,18,2,positive,dataset2
2697,747,39,6,2,positive,dataset2
2698,747,39,26,1,positive,dataset2
2699,747,42,23,1,positive,dataset2
2700,747,60,17,2,positive,dataset2
2701,748,21,22,1,positive,dataset2
2702,748,21,35,1,positive,dataset2
2703,748,58,6,2,positive,dataset2
2704,748,60,17,1,positive,dataset2
2705,748,71,12,1,positive,dataset2
2706,749,21,26,2,positive,dataset2
2707,749,21,49,2,positive,dataset2
2708,749,31,24,2,positive,dataset2
2709,749,42,49,2,positive,dataset2
2710,749,58,6,1,positive,dataset2
2711,749,58,6,2,positive,dataset2
2712,749,83,18,1,positive,dataset2
2713,749,98,18,1,positive,dataset2
2714,750,21,26,2,positive,dataset2
2715,750,58,6,1,positive,dataset2
2716,750,58,6,2,positive,dataset2
2717,750,83,18,1,positive,dataset2
2718,750,98,18,1,positive,dataset2
2719,751,95,17,1,positive,dataset2
2720,752,60,32,1,positive,dataset2
2721,753,58,6,2,positive,dataset2
2722,753,60,32,1,positive,dataset2
2723,753,75,28,2,positive,dataset2
2724,754,12,19,1,positive,dataset2
2725,754,21,6,2,positive,dataset2
2726,754,39,23,1,positive,dataset2
2727,754,40,2,1,positive,dataset2
2728,754,42,23,1,positive,dataset2
2729,754,54,2,1,positive,dataset2
2730,754,58,6,1,positive,dataset2
2731,754,58,6,2,positive,dataset2
2732,754,60,17,1,positive,dataset2
2733,754,71,12,2,positive,dataset2
2734,754,73,2,1,positive,dataset2
2735,754,97,0,2,positive,dataset2
2736,755,75,28,2,positive,dataset2
2737,756,42,23,2,positive,dataset2
2738,756,60,17,2,positive,dataset2
2739,756,60,24,1,positive,dataset2
2740,756,83,18,2,positive,dataset2
2741,756,98,18,2,positive,dataset2
2742,757,31,37,2,positive,dataset2
2743,758,42,23,1,positive,dataset2
2744,758,58,6,2,positive,dataset2
2745,759,12,19,1,positive,dataset2
2746,759,21,26,2,positive,dataset2
2747,759,47,38,2,positive,dataset2
2748,759,58,6,1,positive,dataset2
2749,759,58,6,2,positive,dataset2
2750,759,84,6,1,positive,dataset2
2751,760,42,23,2,positive,dataset2
2752,760,83,18,1,positive,dataset2
2753,760,98,18,1,positive,dataset2
2754,761,21,23,1,positive,dataset2
2755,761,40,2,2,positive,dataset2
2756,761,42,23,2,positive,dataset2
2757,761,60,37,1,positive,dataset2
2758,761,71,12,2,positive,dataset2
2759,762,21,25,2,positive,dataset2
2760,762,40,2,1,positive,dataset2
2761,762,72,25,2,positive,dataset2
2762,763,42,23,1,positive,dataset2
2763,763,58,6,2,positive,dataset2
2764,764,3,12,2,positive,dataset2
2765,764,3,53,1,positive,dataset2
2766,764,12,19,1,positive,dataset2
2767,764,12,53,1,positive,dataset2
2768,764,21,12,1,positive,dataset2
2769,764,21,12,2,positive,dataset2
2770,764,39,5,2,positive,dataset2
2771,764,39,6,1,positive,dataset2
2772,764,39,12,1,positive,dataset2
2773,764,39,12,2,positive,dataset2
2774,764,39,26,2,positive,dataset2
2775,764,40,2,1,positive,dataset2
2776,764,41,15,2,positive,dataset2
2777,764,58,6,1,positive,dataset2
2778,764,58,6,2,positive,dataset2
2779,764,58,12,2,positive,dataset2
2780,764,60,12,2,positive,dataset2
2781,764,71,12,1,positive,dataset2
2782,764,71,12,2,positive,dataset2
2783,764,84,12,2,positive,dataset2
2784,765,3,26,2,positive,dataset2
2785,765,21,26,2,positive,dataset2
2786,765,39,26,2,positive,dataset2
2787,765,47,38,2,positive,dataset2
2788,765,58,6,1,positive,dataset2
2789,765,84,26,2,positive,dataset2
2790,766,12,19,2,positive,dataset2
2791,766,60,24,2,positive,dataset2
2792,767,21,17,2,positive,dataset2
2793,767,21,23,1,positive,dataset2
2794,767,21,35,1,positive,dataset2
2795,767,26,18,2,positive,dataset2
2796,767,41,17,2,positive,dataset2
2797,767,60,17,1,positive,dataset2
2798,767,73,2,2,positive,dataset2
2799,767,83,18,2,positive,dataset2
2800,768,47,38,2,positive,dataset2
2801,768,58,5,2,positive,dataset2
2802,768,58,6,1,positive,dataset2
2803,768,71,12,2,positive,dataset2
2804,769,95,17,1,positive,dataset2
2805,770,26,18,1,positive,dataset2
2806,770,40,2,1,positive,dataset2
2807,770,42,23,2,positive,dataset2
2808,770,54,2,1,positive,dataset2
2809,770,60,17,1,positive,dataset2
2810,770,71,12,2,positive,dataset2
2811,770,83,18,1,positive,dataset2
2812,771,71,12,2,positive,dataset2
2813,772,3,12,2,positive,dataset2
2814,772,39,23,1,positive,dataset2
2815,772,42,23,1,positive,dataset2
2816,772,58,6,2,positive,dataset2
2817,772,71,12,2,positive,dataset2
2818,772,73,2,2,positive,dataset2
2819,773,3,12,1,positive,dataset2
2820,774,3,2,2,positive,dataset2
2821,774,24,2,2,positive,dataset2
2822,774,26,18,1,positive,dataset2
2823,774,60,17,1,positive,dataset2
2824,774,83,18,1,positive,dataset2
2825,775,21,26,2,positive,dataset2
2826,776,21,35,1,positive,dataset2
2827,776,39,23,1,positive,dataset2
2828,776,40,2,2,positive,dataset2
2829,776,41,17,2,positive,dataset2
2830,776,42,23,1,positive,dataset2
2831,776,47,38,2,positive,dataset2
2832,776,73,2,1,positive,dataset2
2833,777,3,12,1,positive,dataset2
2834,777,21,17,1,positive,dataset2
2835,777,26,18,1,positive,dataset2
2836,777,39,23,1,positive,dataset2
2837,777,42,23,1,positive,dataset2
2838,777,60,17,1,positive,dataset2
2839,777,83,18,1,positive,dataset2
2840,778,3,26,2,positive,dataset2
2841,778,21,26,2,positive,dataset2
2842,778,39,26,1,positive,dataset2
2843,778,39,26,2,positive,dataset2
2844,778,58,6,1,positive,dataset2
2845,778,58,6,2,positive,dataset2
2846,778,71,12,2,positive,dataset2
2847,778,83,18,1,positive,dataset2
2848,778,84,26,2,positive,dataset2
2849,778,98,18,1,positive,dataset2
2850,779,21,35,1,positive,dataset2
2851,779,39,6,1,positive,dataset2
2852,779,60,17,1,positive,dataset2
2853,780,21,17,1,positive,dataset2
2854,781,3,37,2,positive,dataset2
2855,781,21,15,2,positive,dataset2
2856,781,21,22,1,positive,dataset2
2857,781,26,18,1,positive,dataset2
2858,781,40,2,2,positive,dataset2
2859,781,42,23,2,positive,dataset2
2860,781,60,17,1,positive,dataset2
2861,781,73,2,1,positive,dataset2
2862,781,83,18,1,positive,dataset2
2863,782,3,12,1,positive,dataset2
2864,782,40,2,1,positive,dataset2
2865,782,58,6,2,positive,dataset2
2866,782,73,2,1,positive,dataset2
2867,782,101,6,2,positive,dataset2
2868,783,21,35,1,positive,dataset2
2869,783,25,2,2,positive,dataset2
2870,783,39,2,2,positive,dataset2
2871,783,52,2,2,positive,dataset2
2872,783,60,2,2,positive,dataset2
2873,783,60,17,1,positive,dataset2
2874,783,102,2,2,positive,dataset2
2875,784,95,17,1,positive,dataset2
2876,785,3,12,1,positive,dataset2
2877,785,21,22,1,positive,dataset2
2878,785,21,35,1,positive,dataset2
2879,785,39,23,1,positive,dataset2
2880,785,42,23,1,positive,dataset2
2881,785,73,2,1,positive,dataset2
2882,785,83,18,1,positive,dataset2
2883,785,95,17,1,positive,dataset2
2884,785,98,18,1,positive,dataset2
2885,786,3,2,2,positive,dataset2
2886,786,21,2,2,positive,dataset2
2887,786,21,17,2,positive,dataset2
2888,786,31,2,2,positive,dataset2
2889,786,39,23,1,positive,dataset2
2890,786,42,23,1,positive,dataset2
2891,786,58,6,1,positive,dataset2
2892,786,58,6,2,positive,dataset2
2893,787,21,35,1,positive,dataset2
2894,788,21,35,1,positive,dataset2
2895,788,39,23,1,positive,dataset2
2896,788,42,23,1,positive,dataset2
2897,789,26,18,1,positive,dataset2
2898,789,60,17,1,positive,dataset2
2899,789,83,18,1,positive,dataset2
2900,790,3,26,2,positive,dataset2
2901,790,21,26,2,positive,dataset2
2902,790,39,26,2,positive,dataset2
2903,790,58,6,2,positive,dataset2
2904,790,75,28,1,positive,dataset2
2905,790,84,26,2,positive,dataset2
2906,790,107,2,1,positive,dataset2
2907,791,21,6,2,positive,dataset2
2908,792,3,2,1,positive,dataset2
2909,792,3,2,2,positive,dataset2
2910,792,3,12,2,positive,dataset2
2911,792,3,21,2,positive,dataset2
2912,792,3,25,2,positive,dataset2
2913,792,15,2,2,positive,dataset2
2914,792,15,21,2,positive,dataset2
2915,792,18,22,2,positive,dataset2
2916,792,21,6,2,positive,dataset2
2917,792,21,12,2,positive,dataset2
2918,792,21,17,1,positive,dataset2
2919,792,21,17,2,positive,dataset2
2920,792,21,25,1,positive,dataset2
2921,792,21,26,2,positive,dataset2
2922,792,21,39,2,positive,dataset2
2923,792,21,49,2,positive,dataset2
2924,792,31,2,1,positive,dataset2
2925,792,32,24,2,positive,dataset2
2926,792,34,23,2,positive,dataset2
2927,792,35,2,2,positive,dataset2
2928,792,35,21,2,positive,dataset2
2929,792,35,39,2,positive,dataset2
2930,792,39,2,2,positive,dataset2
2931,792,41,17,1,positive,dataset2
2932,792,41,17,2,positive,dataset2
2933,792,42,49,2,positive,dataset2
2934,792,65,45,1,positive,dataset2
2935,792,71,12,2,positive,dataset2
2936,792,75,2,2,positive,dataset2
2937,792,75,28,2,positive,dataset2
2938,793,21,26,2,positive,dataset2
2939,793,60,32,1,positive,dataset2
2940,794,42,23,2,positive,dataset2
2941,794,107,2,1,positive,dataset2
2942,795,21,17,2,positive,dataset2
2943,795,21,26,2,positive,dataset2
2944,795,21,42,2,positive,dataset2
2945,795,40,2,1,positive,dataset2
2946,795,42,23,1,positive,dataset2
2947,795,73,2,2,positive,dataset2
2948,796,83,18,1,positive,dataset2
2949,796,98,18,1,positive,dataset2
2950,797,83,18,1,positive,dataset2
2951,797,98,18,1,positive,dataset2
2952,798,60,2,2,positive,dataset2
2953,799,3,13,1,positive,dataset2
2954,799,3,26,1,positive,dataset2
2955,799,12,19,1,positive,dataset2
2956,799,21,12,1,positive,dataset2
2957,799,21,17,1,positive,dataset2
2958,799,21,26,1,positive,dataset2
2959,799,21,42,1,positive,dataset2
2960,799,26,18,2,positive,dataset2
2961,799,31,2,1,positive,dataset2
2962,799,31,2,2,positive,dataset2
2963,799,33,2,1,positive,dataset2
2964,799,39,6,1,positive,dataset2
2965,799,39,12,1,positive,dataset2
2966,799,39,18,1,positive,dataset2
2967,799,39,23,1,positive,dataset2
2968,799,42,2,1,positive,dataset2
2969,799,42,23,1,positive,dataset2
2970,799,42,29,2,positive,dataset2
2971,799,54,2,2,positive,dataset2
2972,799,58,6,1,positive,dataset2
2973,799,60,2,1,positive,dataset2
2974,799,60,15,1,positive,dataset2
2975,799,60,17,1,positive,dataset2
2976,799,60,22,1,positive,dataset2
2977,799,71,12,1,positive,dataset2
2978,799,75,28,2,positive,dataset2
2979,799,83,18,1,positive,dataset2
2980,799,83,18,2,positive,dataset2
2981,799,84,26,1,positive,dataset2
2982,799,90,2,1,positive,dataset2
2983,799,98,18,1,positive,dataset2
2984,799,98,18,2,positive,dataset2
2985,800,21,22,2,positive,dataset2
2986,800,71,12,2,positive,dataset2
2987,800,95,17,1,positive,dataset2
2988,801,21,17,2,positive,dataset2
2989,801,41,17,1,positive,dataset2
2990,801,41,17,2,positive,dataset2
2991,801,42,23,2,positive,dataset2
2992,801,58,6,2,positive,dataset2
2993,801,108,17,1,positive,dataset2
2994,802,21,17,2,positive,dataset2
2995,802,41,17,2,positive,dataset2
2996,802,42,23,1,positive,dataset2
2997,802,42,23,2,positive,dataset2
2998,802,58,6,2,positive,dataset2
2999,802,72,25,1,positive,dataset2
3000,802,84,5,1,positive,dataset2
3001,802,95,17,1,positive,dataset2
3002,803,31,2,1,positive,dataset2
3003,803,39,21,1,positive,dataset2
3004,803,42,23,1,positive,dataset2
3005,803,73,2,2,positive,dataset2
3006,803,107,2,1,positive,dataset2
3007,804,21,22,1,positive,dataset2
3008,804,21,35,1,positive,dataset2
3009,804,39,23,2,positive,dataset2
3010,804,42,23,2,positive,dataset2
3011,804,47,38,2,positive,dataset2
3012,805,58,6,2,positive,dataset2
3013,805,60,32,1,positive,dataset2
3014,805,72,25,2,positive,dataset2
3015,806,95,17,1,positive,dataset2
3016,807,26,18,2,positive,dataset2
3017,807,83,18,2,positive,dataset2
3018,807,95,17,1,positive,dataset2
3019,807,98,18,2,positive,dataset2
3020,808,3,12,1,positive,dataset2
3021,808,60,2,2,positive,dataset2
3022,808,83,18,1,positive,dataset2
3023,808,83,18,2,positive,dataset2
3024,808,98,18,1,positive,dataset2
3025,808,98,18,2,positive,dataset2
3026,809,3,26,1,positive,dataset2
3027,809,58,6,1,positive,dataset2
3028,809,73,2,2,positive,dataset2
3029,810,3,12,1,positive,dataset2
3030,810,83,18,2,positive,dataset2
3031,810,98,18,2,positive,dataset2
3032,810,107,2,2,positive,dataset2
3033,811,3,37,1,positive,dataset2
3034,812,26,18,2,positive,dataset2
3035,812,42,23,1,positive,dataset2
3036,812,58,6,1,positive,dataset2
3037,812,83,18,2,positive,dataset2
3038,812,98,18,2,positive,dataset2
3039,812,107,2,2,positive,dataset2
3040,813,3,37,1,positive,dataset2
3041,814,58,6,1,positive,dataset2
3042,814,58,6,2,positive,dataset2
3043,815,21,12,1,positive,dataset2
3044,815,21,22,1,positive,dataset2
3045,815,47,38,2,positive,dataset2
3046,815,58,6,1,positive,dataset2
3047,815,58,6,2,positive,dataset2
3048,816,21,35,1,positive,dataset2
3049,816,31,2,2,positive,dataset2
3050,816,31,24,2,positive,dataset2
3051,816,39,6,2,positive,dataset2
3052,816,42,23,2,positive,dataset2
3053,816,42,29,2,positive,dataset2
3054,816,58,6,2,positive,dataset2
3055,816,72,25,1,positive,dataset2
3056,816,73,2,2,positive,dataset2
3057,816,74,24,1,positive,dataset2
3058,817,3,0,2,positive,dataset2
3059,817,3,2,1,positive,dataset2
3060,817,3,2,2,positive,dataset2
3061,817,3,26,2,positive,dataset2
3062,817,3,30,2,positive,dataset2
3063,817,21,2,2,positive,dataset2
3064,817,21,15,2,positive,dataset2
3065,817,21,17,2,positive,dataset2
3066,817,21,22,2,positive,dataset2
3067,817,21,26,1,positive,dataset2
3068,817,21,32,2,positive,dataset2
3069,817,21,47,2,positive,dataset2
3070,817,29,13,1,positive,dataset2
3071,817,31,2,2,positive,dataset2
3072,817,31,24,1,positive,dataset2
3073,817,39,26,1,positive,dataset2
3074,817,42,17,1,positive,dataset2
3075,817,42,23,1,positive,dataset2
3076,817,42,23,2,positive,dataset2
3077,817,47,38,1,positive,dataset2
3078,817,60,5,2,positive,dataset2
3079,817,60,17,2,positive,dataset2
3080,817,60,22,2,positive,dataset2
3081,817,71,12,2,positive,dataset2
3082,817,73,2,1,positive,dataset2
3083,817,73,2,2,positive,dataset2
3084,817,83,18,1,positive,dataset2
3085,817,84,26,2,positive,dataset2
3086,817,97,0,2,positive,dataset2
3087,817,109,17,2,positive,dataset2
3088,818,3,12,2,positive,dataset2
3089,818,3,39,2,positive,dataset2
3090,818,26,18,1,positive,dataset2
3091,818,35,39,2,positive,dataset2
3092,818,84,5,2,positive,dataset2
3093,819,3,2,2,positive,dataset2
3094,819,21,42,2,positive,dataset2
3095,819,24,2,2,positive,dataset2
3096,819,42,23,2,positive,dataset2
3097,819,54,2,2,positive,dataset2
3098,819,89,2,2,positive,dataset2
3099,820,3,12,2,positive,dataset2
3100,820,26,18,1,positive,dataset2
3101,820,52,41,1,positive,dataset2
3102,820,95,17,1,positive,dataset2
3103,821,21,15,1,positive,dataset2
3104,821,21,22,1,positive,dataset2
3105,821,21,26,1,positive,dataset2
3106,821,26,18,2,positive,dataset2
3107,821,39,26,1,positive,dataset2
3108,821,58,6,2,positive,dataset2
3109,821,83,18,2,positive,dataset2
3110,821,95,17,1,positive,dataset2
3111,822,0,2,2,positive,dataset2
3112,822,3,2,1,positive,dataset2
3113,822,3,2,2,positive,dataset2
3114,822,3,13,1,positive,dataset2
3115,822,3,25,1,positive,dataset2
3116,822,3,33,1,positive,dataset2
3117,822,3,50,2,positive,dataset2
3118,822,12,19,2,positive,dataset2
3119,822,12,53,1,positive,dataset2
3120,822,21,17,1,positive,dataset2
3121,822,21,17,2,positive,dataset2
3122,822,21,21,2,positive,dataset2
3123,822,21,22,1,positive,dataset2
3124,822,21,26,2,positive,dataset2
3125,822,21,30,2,positive,dataset2
3126,822,21,31,1,positive,dataset2
3127,822,21,40,2,positive,dataset2
3128,822,21,42,2,positive,dataset2
3129,822,21,49,2,positive,dataset2
3130,822,26,18,1,positive,dataset2
3131,822,29,13,1,positive,dataset2
3132,822,30,19,1,positive,dataset2
3133,822,31,2,2,positive,dataset2
3134,822,35,33,1,positive,dataset2
3135,822,39,2,1,positive,dataset2
3136,822,39,5,2,positive,dataset2
3137,822,39,6,1,positive,dataset2
3138,822,39,6,2,positive,dataset2
3139,822,39,12,2,positive,dataset2
3140,822,39,26,2,positive,dataset2
3141,822,41,15,1,positive,dataset2
3142,822,41,17,1,positive,dataset2
3143,822,41,17,2,positive,dataset2
3144,822,42,2,1,positive,dataset2
3145,822,42,23,1,positive,dataset2
3146,822,42,23,2,positive,dataset2
3147,822,42,29,1,positive,dataset2
3148,822,42,49,2,positive,dataset2
3149,822,58,5,2,positive,dataset2
3150,822,58,6,2,positive,dataset2
3151,822,60,2,1,positive,dataset2
3152,822,60,5,2,positive,dataset2
3153,822,60,17,2,positive,dataset2
3154,822,60,22,2,positive,dataset2
3155,822,60,24,1,positive,dataset2
3156,822,60,24,2,positive,dataset2
3157,822,71,12,1,positive,dataset2
3158,822,71,40,2,positive,dataset2
3159,822,72,25,1,positive,dataset2
3160,822,73,2,2,positive,dataset2
3161,822,75,28,1,positive,dataset2
3162,822,75,28,2,positive,dataset2
3163,822,75,55,1,positive,dataset2
3164,822,83,18,1,positive,dataset2
3165,822,84,5,1,positive,dataset2
3166,822,84,33,1,positive,dataset2
3167,822,98,18,1,positive,dataset2
3168,822,99,24,2,positive,dataset2
3169,822,111,2,2,positive,dataset2
3170,823,1,26,1,positive,dataset2
3171,823,3,6,1,positive,dataset2
3172,823,3,17,2,positive,dataset2
3173,823,3,22,1,positive,dataset2
3174,823,3,26,2,positive,dataset2
3175,823,6,0,1,positive,dataset2
3176,823,21,2,1,positive,dataset2
3177,823,21,22,2,positive,dataset2
3178,823,21,23,2,positive,dataset2
3179,823,21,25,2,positive,dataset2
3180,823,21,35,1,positive,dataset2
3181,823,21,42,1,positive,dataset2
3182,823,26,18,2,positive,dataset2
3183,823,31,2,2,positive,dataset2
3184,823,35,6,1,positive,dataset2
3185,823,39,6,2,positive,dataset2
3186,823,41,15,2,positive,dataset2
3187,823,42,23,1,positive,dataset2
3188,823,42,23,2,positive,dataset2
3189,823,58,5,2,positive,dataset2
3190,823,58,6,2,positive,dataset2
3191,823,60,6,1,positive,dataset2
3192,823,60,17,2,positive,dataset2
3193,823,60,22,2,positive,dataset2
3194,823,60,24,2,positive,dataset2
3195,823,71,12,1,positive,dataset2
3196,823,71,12,2,positive,dataset2
3197,823,73,2,1,positive,dataset2
3198,823,73,2,2,positive,dataset2
3199,823,75,28,2,positive,dataset2
3200,823,83,18,2,positive,dataset2
3201,823,84,5,1,positive,dataset2
3202,823,84,6,1,positive,dataset2
3203,823,84,17,2,positive,dataset2
3204,823,84,26,2,positive,dataset2
3205,823,90,6,1,positive,dataset2
3206,823,97,0,2,positive,dataset2
3207,823,98,18,2,positive,dataset2
3208,823,99,24,2,positive,dataset2
3209,823,100,17,1,positive,dataset2
3210,823,112,2,2,positive,dataset2
3211,823,113,2,2,positive,dataset2
3212,824,3,6,1,positive,dataset2
3213,824,6,0,1,positive,dataset2
3214,824,21,17,2,positive,dataset2
3215,824,21,31,1,positive,dataset2
3216,824,35,6,1,positive,dataset2
3217,824,42,23,2,positive,dataset2
3218,824,58,6,1,positive,dataset2
3219,824,58,6,2,positive,dataset2
3220,824,60,6,1,positive,dataset2
3221,824,71,12,1,positive,dataset2
3222,824,73,2,2,positive,dataset2
3223,824,84,6,1,positive,dataset2
3224,824,90,6,1,positive,dataset2
3225,824,97,0,2,positive,dataset2
3226,825,3,6,2,positive,dataset2
3227,825,21,42,2,positive,dataset2
3228,825,35,6,2,positive,dataset2
3229,825,39,23,1,positive,dataset2
3230,825,40,2,1,positive,dataset2
3231,825,42,23,1,positive,dataset2
3232,825,60,6,2,positive,dataset2
3233,825,60,17,2,positive,dataset2
3234,825,71,12,1,positive,dataset2
3235,825,73,2,1,positive,dataset2
3236,825,84,6,2,positive,dataset2
3237,825,90,6,2,positive,dataset2
3238,825,95,17,1,positive,dataset2
3239,825,97,0,2,positive,dataset2
3240,826,31,15,1,positive,dataset2
3241,826,39,23,1,positive,dataset2
3242,826,42,23,1,positive,dataset2
3243,826,42,23,2,positive,dataset2
3244,826,47,38,1,positive,dataset2
3245,826,60,2,1,positive,dataset2
3246,826,60,15,1,positive,dataset2
3247,826,60,17,2,positive,dataset2
3248,826,75,10,1,positive,dataset2
3249,826,75,28,2,positive,dataset2
3250,826,107,2,2,positive,dataset2
3251,827,42,23,1,positive,dataset2
3252,827,42,23,2,positive,dataset2
3253,828,41,17,2,positive,dataset2
3254,829,58,6,1,positive,dataset2
3255,829,58,6,2,positive,dataset2
3256,829,60,32,1,positive,dataset2
3257,830,3,12,1,positive,dataset2
3258,830,39,23,2,positive,dataset2
3259,830,58,6,1,positive,dataset2
3260,830,58,6,2,positive,dataset2
3261,830,60,32,1,positive,dataset2
3262,831,95,17,2,positive,dataset2
3263,832,26,18,2,positive,dataset2
3264,832,42,23,1,positive,dataset2
3265,832,95,17,2,positive,dataset2
3266,833,31,24,2,positive,dataset2
3267,833,58,6,2,positive,dataset2
3268,834,3,6,2,positive,dataset2
3269,834,21,17,2,positive,dataset2
3270,834,31,2,1,positive,dataset2
3271,834,35,6,2,positive,dataset2
3272,834,39,23,1,positive,dataset2
3273,834,39,23,2,positive,dataset2
3274,834,39,47,1,positive,dataset2
3275,834,42,23,1,positive,dataset2
3276,834,47,38,2,positive,dataset2
3277,834,58,6,2,positive,dataset2
3278,834,60,2,2,positive,dataset2
3279,834,60,6,2,positive,dataset2
3280,834,60,17,1,positive,dataset2
3281,834,60,32,1,positive,dataset2
3282,834,75,28,2,positive,dataset2
3283,834,83,18,1,positive,dataset2
3284,834,84,6,2,positive,dataset2
3285,834,90,2,1,positive,dataset2
3286,834,90,6,2,positive,dataset2
3287,834,98,18,1,positive,dataset2
3288,835,3,2,2,positive,dataset2
3289,835,3,6,2,positive,dataset2
3290,835,21,23,1,positive,dataset2
3291,835,21,35,1,positive,dataset2
3292,835,25,2,2,positive,dataset2
3293,835,35,6,2,positive,dataset2
3294,835,39,2,2,positive,dataset2
3295,835,52,2,2,positive,dataset2
3296,835,60,2,2,positive,dataset2
3297,835,60,6,2,positive,dataset2
3298,835,84,6,2,positive,dataset2
3299,835,90,6,2,positive,dataset2
3300,835,102,2,2,positive,dataset2
3301,836,21,17,1,positive,dataset2
3302,836,26,18,1,positive,dataset2
3303,836,72,25,2,positive,dataset2
3304,836,83,18,1,positive,dataset2
3305,837,3,12,1,positive,dataset2
3306,837,21,17,1,positive,dataset2
3307,837,83,18,2,positive,dataset2
3308,837,98,18,2,positive,dataset2
3309,838,3,2,2,positive,dataset2
3310,838,3,10,1,positive,dataset2
3311,838,3,12,2,positive,dataset2
3312,838,3,30,2,positive,dataset2
3313,838,21,2,1,positive,dataset2
3314,838,21,17,1,positive,dataset2
3315,838,21,26,2,positive,dataset2
3316,838,22,17,1,positive,dataset2
3317,838,26,18,1,positive,dataset2
3318,838,40,2,2,positive,dataset2
3319,838,41,15,1,positive,dataset2
3320,838,58,6,1,positive,dataset2
3321,838,60,17,2,positive,dataset2
3322,838,83,18,1,positive,dataset2
3323,839,26,18,1,positive,dataset2
3324,839,58,6,1,positive,dataset2
3325,839,58,6,2,positive,dataset2
3326,840,95,17,1,positive,dataset2
3327,841,31,2,2,positive,dataset2
3328,842,21,6,2,positive,dataset2
3329,842,21,22,1,positive,dataset2
3330,842,21,22,2,positive,dataset2
3331,842,21,26,2,positive,dataset2
3332,842,60,22,1,positive,dataset2
3333,842,61,17,1,positive,dataset2
3334,842,73,2,1,positive,dataset2
3335,842,75,28,2,positive,dataset2
3336,842,81,22,1,positive,dataset2
3337,842,95,17,1,positive,dataset2
3338,843,21,17,1,positive,dataset2
3339,844,39,23,2,positive,dataset2
3340,844,42,23,2,positive,dataset2
3341,845,21,35,2,positive,dataset2
3342,845,39,6,1,positive,dataset2
3343,846,83,18,2,positive,dataset2
3344,846,98,18,2,positive,dataset2
3345,847,60,22,2,positive,dataset2
3346,848,21,22,2,positive,dataset2
3347,848,21,35,1,positive,dataset2
3348,848,39,47,1,positive,dataset2
3349,848,40,2,2,positive,dataset2
3350,848,58,6,2,positive,dataset2
3351,848,60,15,1,positive,dataset2
3352,849,40,2,2,positive,dataset2
3353,850,3,12,1,positive,dataset2
3354,850,60,32,1,positive,dataset2
3355,851,83,18,1,positive,dataset2
3356,851,98,18,1,positive,dataset2
3357,852,83,18,2,positive,dataset2
3358,852,98,18,2,positive,dataset2
3359,853,3,17,1,positive,dataset2
3360,853,21,17,1,positive,dataset2
3361,853,39,17,1,positive,dataset2
3362,853,95,17,1,positive,dataset2
3363,854,3,2,1,positive,dataset2
3364,854,3,2,2,positive,dataset2
3365,854,21,10,2,positive,dataset2
3366,854,21,17,1,positive,dataset2
3367,854,21,22,1,positive,dataset2
3368,854,21,22,2,positive,dataset2
3369,854,21,24,2,positive,dataset2
3370,854,21,26,1,positive,dataset2
3371,854,21,26,2,positive,dataset2
3372,854,21,32,2,positive,dataset2
3373,854,21,35,1,positive,dataset2
3374,854,21,49,2,positive,dataset2
3375,854,35,2,1,positive,dataset2
3376,854,39,6,2,positive,dataset2
3377,854,41,17,2,positive,dataset2
3378,854,42,17,1,positive,dataset2
3379,854,42,17,2,positive,dataset2
3380,854,42,23,1,positive,dataset2
3381,854,42,49,2,positive,dataset2
3382,854,58,6,1,positive,dataset2
3383,854,58,6,2,positive,dataset2
3384,854,60,15,2,positive,dataset2
3385,854,60,17,1,positive,dataset2
3386,854,60,17,2,positive,dataset2
3387,854,60,22,1,positive,dataset2
3388,854,60,22,2,positive,dataset2
3389,854,60,24,2,positive,dataset2
3390,854,60,32,2,positive,dataset2
3391,854,71,12,2,positive,dataset2
3392,854,73,2,1,positive,dataset2
3393,854,75,28,2,positive,dataset2
3394,854,89,2,2,positive,dataset2
3395,854,97,0,1,positive,dataset2
3396,854,114,2,1,positive,dataset2
3397,854,115,2,1,positive,dataset2
3398,854,116,2,1,positive,dataset2
3399,855,3,2,2,positive,dataset2
3400,855,21,35,1,positive,dataset2
3401,855,24,2,2,positive,dataset2
3402,855,58,6,2,positive,dataset2
3403,855,73,2,1,positive,dataset2
3404,855,73,2,2,positive,dataset2
3405,856,21,26,1,positive,dataset2
3406,857,95,17,1,positive,dataset2
3407,858,71,12,2,positive,dataset2
3408,858,84,26,2,positive,dataset2
3409,858,95,17,1,positive,dataset2
3410,859,58,6,1,positive,dataset2
3411,859,58,6,2,positive,dataset2
3412,860,39,23,1,positive,dataset2
3413,860,42,23,1,positive,dataset2
3414,860,42,23,2,positive,dataset2
3415,860,58,6,2,positive,dataset2
3416,860,60,22,1,positive,dataset2
3417,860,107,2,1,positive,dataset2
3418,861,21,26,2,positive,dataset2
3419,862,26,18,2,positive,dataset2
3420,862,41,17,2,positive,dataset2
3421,862,42,23,1,positive,dataset2
3422,862,42,23,2,positive,dataset2
3423,862,54,2,1,positive,dataset2
3424,862,58,6,2,positive,dataset2
3425,862,60,26,1,positive,dataset2
3426,862,83,18,2,positive,dataset2
3427,862,108,17,2,positive,dataset2
3428,863,21,35,1,positive,dataset2
3429,863,39,23,1,positive,dataset2
3430,863,42,23,1,positive,dataset2
3431,863,71,12,2,positive,dataset2
3432,863,95,17,2,positive,dataset2
3433,864,83,18,2,positive,dataset2
3434,864,98,18,2,positive,dataset2
3435,865,95,17,1,positive,dataset2
3436,866,21,17,2,positive,dataset2
3437,866,42,23,2,positive,dataset2
3438,866,58,6,1,positive,dataset2
3439,866,83,18,1,positive,dataset2
3440,866,95,17,1,positive,dataset2
3441,867,95,17,1,positive,dataset2
3442,868,21,35,1,positive,dataset2
3443,868,31,2,1,positive,dataset2
3444,868,60,17,2,positive,dataset2
3445,868,95,17,1,positive,dataset2
3446,869,3,2,2,positive,dataset2
3447,869,3,12,1,positive,dataset2
3448,869,3,26,1,positive,dataset2
3449,869,3,26,2,positive,dataset2
3450,869,12,19,1,positive,dataset2
3451,869,12,19,2,positive,dataset2
3452,869,21,2,1,positive,dataset2
3453,869,21,6,2,positive,dataset2
3454,869,21,10,2,positive,dataset2
3455,869,21,17,2,positive,dataset2
3456,869,21,26,1,positive,dataset2
3457,869,21,26,2,positive,dataset2
3458,869,21,49,2,positive,dataset2
3459,869,25,39,2,positive,dataset2
3460,869,31,2,2,positive,dataset2
3461,869,31,24,1,positive,dataset2
3462,869,35,2,1,positive,dataset2
3463,869,39,6,2,positive,dataset2
3464,869,39,21,2,positive,dataset2
3465,869,39,26,1,positive,dataset2
3466,869,42,23,2,positive,dataset2
3467,869,42,49,2,positive,dataset2
3468,869,57,17,2,positive,dataset2
3469,869,58,6,2,positive,dataset2
3470,869,58,12,2,positive,dataset2
3471,869,60,2,2,positive,dataset2
3472,869,60,17,2,positive,dataset2
3473,869,71,12,2,positive,dataset2
3474,869,75,28,1,positive,dataset2
3475,869,75,28,2,positive,dataset2
3476,869,83,18,2,positive,dataset2
3477,869,84,2,2,positive,dataset2
3478,869,84,26,1,positive,dataset2
3479,869,84,26,2,positive,dataset2
3480,869,103,26,2,positive,dataset2
3481,869,117,26,2,positive,dataset2
3482,870,3,37,1,positive,dataset2
3483,870,12,19,1,positive,dataset2
3484,870,21,22,1,positive,dataset2
3485,870,33,2,1,positive,dataset2
3486,870,39,6,2,positive,dataset2
3487,870,39,23,1,positive,dataset2
3488,870,40,2,1,positive,dataset2
3489,870,42,23,1,positive,dataset2
3490,870,58,6,1,positive,dataset2
3491,870,60,2,1,positive,dataset2
3492,870,60,15,1,positive,dataset2
3493,870,60,17,1,positive,dataset2
3494,870,71,12,1,positive,dataset2
3495,870,71,12,2,positive,dataset2
3496,870,88,10,1,positive,dataset2
3497,871,3,2,2,positive,dataset2
3498,871,3,23,2,positive,dataset2
3499,871,39,23,1,positive,dataset2
3500,871,60,32,1,positive,dataset2
3501,871,71,12,1,positive,dataset2
3502,872,95,17,2,positive,dataset2
3503,873,21,17,2,positive,dataset2
3504,873,40,2,1,positive,dataset2
3505,873,58,6,2,positive,dataset2
3506,873,95,17,2,positive,dataset2
3507,874,3,12,1,positive,dataset2
3508,874,21,17,1,positive,dataset2
3509,874,21,23,2,positive,dataset2
3510,874,47,38,2,positive,dataset2
3511,874,58,6,1,positive,dataset2
3512,874,58,6,2,positive,dataset2
3513,874,83,18,2,positive,dataset2
3514,874,95,17,2,positive,dataset2
3515,874,98,18,2,positive,dataset2
3516,875,21,22,2,positive,dataset2
3517,875,75,10,2,positive,dataset2
3518,876,71,12,2,positive,dataset2
3519,877,75,10,2,positive,dataset2
3520,878,21,26,1,positive,dataset2
3521,879,21,2,2,positive,dataset2
3522,879,21,37,2,positive,dataset2
3523,879,39,2,2,positive,dataset2
3524,879,40,2,1,positive,dataset2
3525,879,42,23,1,positive,dataset2
3526,879,60,17,2,positive,dataset2
3527,879,73,2,1,positive,dataset2
3528,880,21,22,1,positive,dataset2
3529,880,21,26,2,positive,dataset2
3530,880,58,6,1,positive,dataset2
3531,880,58,6,2,positive,dataset2
3532,881,21,26,1,positive,dataset2
3533,882,3,12,1,positive,dataset2
3534,882,21,22,1,positive,dataset2
3535,882,58,6,1,positive,dataset2
3536,883,21,26,1,positive,dataset2
3537,884,21,17,1,positive,dataset2
3538,884,21,22,1,positive,dataset2
3539,884,21,23,2,positive,dataset2
3540,884,21,26,1,positive,dataset2
3541,884,21,31,2,positive,dataset2
3542,884,26,18,2,positive,dataset2
3543,884,33,21,2,positive,dataset2
3544,884,39,26,1,positive,dataset2
3545,884,42,23,1,positive,dataset2
3546,884,42,23,2,positive,dataset2
3547,884,58,6,2,positive,dataset2
3548,884,83,18,2,positive,dataset2
3549,884,98,18,2,positive,dataset2
3550,885,83,18,1,positive,dataset2
3551,885,98,18,1,positive,dataset2
3552,886,3,6,1,positive,dataset2
3553,886,35,6,1,positive,dataset2
3554,886,40,2,2,positive,dataset2
3555,886,47,38,2,positive,dataset2
3556,886,58,6,1,positive,dataset2
3557,886,58,6,2,positive,dataset2
3558,886,60,6,1,positive,dataset2
3559,886,84,6,1,positive,dataset2
3560,886,90,6,1,positive,dataset2
3561,887,21,35,1,positive,dataset2
3562,888,42,23,1,positive,dataset2
3563,888,58,6,1,positive,dataset2
3564,888,83,18,2,positive,dataset2
3565,888,95,17,1,positive,dataset2
3566,888,98,18,2,positive,dataset2
3567,889,72,25,2,positive,dataset2
3568,889,95,17,1,positive,dataset2
3569,890,21,26,1,positive,dataset2
3570,890,58,6,1,positive,dataset2
3571,890,58,6,2,positive,dataset2
3572,891,21,26,1,positive,dataset2
3573,892,16,5,2,positive,dataset2
3574,892,21,2,2,positive,dataset2
3575,892,21,12,1,positive,dataset2
3576,892,21,30,1,positive,dataset2
3577,892,26,18,1,positive,dataset2
3578,892,39,23,1,positive,dataset2
3579,892,42,23,1,positive,dataset2
3580,892,60,2,2,positive,dataset2
3581,892,60,22,1,positive,dataset2
3582,892,73,2,2,positive,dataset2
3583,893,73,2,2,positive,dataset2
3584,894,3,0,2,positive,dataset2
3585,894,3,2,1,positive,dataset2
3586,894,3,2,2,positive,dataset2
3587,894,12,19,2,positive,dataset2
3588,894,21,12,1,positive,dataset2
3589,894,21,17,1,positive,dataset2
3590,894,21,17,2,positive,dataset2
3591,894,21,22,1,positive,dataset2
3592,894,21,22,2,positive,dataset2
3593,894,21,31,2,positive,dataset2
3594,894,26,18,1,positive,dataset2
3595,894,26,18,2,positive,dataset2
3596,894,33,2,2,positive,dataset2
3597,894,39,23,1,positive,dataset2
3598,894,39,23,2,positive,dataset2
3599,894,41,15,1,positive,dataset2
3600,894,41,17,2,positive,dataset2
3601,894,42,12,2,positive,dataset2
3602,894,42,17,1,positive,dataset2
3603,894,42,23,1,positive,dataset2
3604,894,42,23,2,positive,dataset2
3605,894,52,41,1,positive,dataset2
3606,894,58,6,1,positive,dataset2
3607,894,58,6,2,positive,dataset2
3608,894,60,22,2,positive,dataset2
3609,894,60,24,2,positive,dataset2
3610,894,60,26,2,positive,dataset2
3611,894,60,32,1,positive,dataset2
3612,894,71,12,1,positive,dataset2
3613,894,74,24,2,positive,dataset2
3614,894,75,28,2,positive,dataset2
3615,894,83,18,2,positive,dataset2
3616,894,84,34,2,positive,dataset2
3617,894,98,18,2,positive,dataset2
3618,895,95,17,1,positive,dataset2
3619,896,21,26,1,positive,dataset2
3620,897,3,2,1,positive,dataset2
3621,897,21,17,1,positive,dataset2
3622,897,21,22,1,positive,dataset2
3623,897,21,22,2,positive,dataset2
3624,897,21,26,2,positive,dataset2
3625,897,30,19,1,positive,dataset2
3626,897,39,5,1,positive,dataset2
3627,897,39,26,2,positive,dataset2
3628,897,42,23,1,positive,dataset2
3629,897,47,38,1,positive,dataset2
3630,897,54,2,2,positive,dataset2
3631,897,58,6,1,positive,dataset2
3632,897,60,17,2,positive,dataset2
3633,897,60,22,1,positive,dataset2
3634,897,60,22,2,positive,dataset2
3635,897,71,12,1,positive,dataset2
3636,897,71,12,2,positive,dataset2
3637,897,72,25,2,positive,dataset2
3638,897,73,2,1,positive,dataset2
3639,897,83,18,2,positive,dataset2
3640,897,98,18,2,positive,dataset2
3641,898,3,2,2,positive,dataset2
3642,898,42,23,1,positive,dataset2
3643,898,60,17,1,positive,dataset2
3644,898,60,17,2,positive,dataset2
3645,898,60,32,1,positive,dataset2
3646,898,89,2,2,positive,dataset2
3647,899,21,22,1,positive,dataset2
3648,900,1,26,1,positive,dataset2
3649,900,3,2,1,positive,dataset2
3650,900,3,2,2,positive,dataset2
3651,900,3,22,1,positive,dataset2
3652,900,21,2,1,positive,dataset2
3653,900,21,17,2,positive,dataset2
3654,900,21,22,1,positive,dataset2
3655,900,21,26,1,positive,dataset2
3656,900,21,35,1,positive,dataset2
3657,900,35,2,2,positive,dataset2
3658,900,39,23,2,positive,dataset2
3659,900,39,26,1,positive,dataset2
3660,900,41,15,1,positive,dataset2
3661,900,41,17,1,positive,dataset2
3662,900,42,23,2,positive,dataset2
3663,900,60,17,1,positive,dataset2
3664,900,60,17,2,positive,dataset2
3665,900,60,22,1,positive,dataset2
3666,900,61,17,1,positive,dataset2
3667,900,71,12,2,positive,dataset2
3668,900,73,2,1,positive,dataset2
3669,900,75,28,1,positive,dataset2
3670,900,83,18,1,positive,dataset2
3671,900,89,2,2,positive,dataset2
3672,900,95,17,1,positive,dataset2
3673,900,98,18,1,positive,dataset2
3674,901,21,6,2,positive,dataset2
3675,901,21,15,2,positive,dataset2
3676,902,21,22,2,positive,dataset2
3677,902,58,6,2,positive,dataset2
3678,903,26,18,2,positive,dataset2
3679,903,42,23,1,positive,dataset2
3680,903,58,6,2,positive,dataset2
3681,903,83,18,2,positive,dataset2
3682,904,3,2,1,positive,dataset2
3683,904,3,2,2,positive,dataset2
3684,904,3,6,2,positive,dataset2
3685,904,3,12,2,positive,dataset2
3686,904,21,2,2,positive,dataset2
3687,904,21,12,2,positive,dataset2
3688,904,21,17,2,positive,dataset2
3689,904,21,22,1,positive,dataset2
3690,904,21,22,2,positive,dataset2
3691,904,21,49,2,positive,dataset2
3692,904,35,6,2,positive,dataset2
3693,904,39,12,2,positive,dataset2
3694,904,39,26,1,positive,dataset2
3695,904,41,17,2,positive,dataset2
3696,904,42,49,2,positive,dataset2
3697,904,60,6,2,positive,dataset2
3698,904,60,17,1,positive,dataset2
3699,904,60,24,1,positive,dataset2
3700,904,84,6,2,positive,dataset2
3701,904,90,6,2,positive,dataset2
3702,905,72,25,2,positive,dataset2
3703,906,3,2,1,positive,dataset2
3704,906,3,25,2,positive,dataset2
3705,906,3,26,2,positive,dataset2
3706,906,21,17,2,positive,dataset2
3707,906,21,22,1,positive,dataset2
3708,906,21,22,2,positive,dataset2
3709,906,21,25,2,positive,dataset2
3710,906,21,26,2,positive,dataset2
3711,906,21,49,2,positive,dataset2
3712,906,31,24,2,positive,dataset2
3713,906,31,25,2,positive,dataset2
3714,906,34,17,2,positive,dataset2
3715,906,39,6,2,positive,dataset2
3716,906,39,26,2,positive,dataset2
3717,906,41,17,2,positive,dataset2
3718,906,42,49,2,positive,dataset2
3719,906,58,6,2,positive,dataset2
3720,906,60,17,1,positive,dataset2
3721,906,60,22,2,positive,dataset2
3722,906,71,12,2,positive,dataset2
3723,906,84,6,2,positive,dataset2
3724,906,84,26,2,positive,dataset2
3725,907,95,17,1,positive,dataset2
3726,908,3,2,2,positive,dataset2
3727,908,3,21,2,positive,dataset2
3728,908,3,22,1,positive,dataset2
3729,908,3,30,2,positive,dataset2
3730,908,21,2,2,positive,dataset2
3731,908,21,17,1,positive,dataset2
3732,908,21,26,1,positive,dataset2
3733,908,39,26,1,positive,dataset2
3734,908,41,15,1,positive,dataset2
3735,908,41,17,1,positive,dataset2
3736,908,42,23,1,positive,dataset2
3737,908,42,23,2,positive,dataset2
3738,908,47,38,2,positive,dataset2
3739,908,57,17,1,positive,dataset2
3740,908,60,17,1,positive,dataset2
3741,908,60,22,2,positive,dataset2
3742,908,83,18,2,positive,dataset2
3743,908,95,17,1,positive,dataset2
3744,908,98,18,2,positive,dataset2
3745,908,118,2,2,positive,dataset2
3746,908,118,37,2,positive,dataset2
3747,909,39,23,1,positive,dataset2
3748,909,42,23,1,positive,dataset2
3749,910,26,18,1,positive,dataset2
3750,910,60,17,1,positive,dataset2
3751,910,83,18,1,positive,dataset2
3752,911,21,22,2,positive,dataset2
3753,911,26,18,1,positive,dataset2
3754,911,60,22,2,positive,dataset2
3755,911,83,18,1,positive,dataset2
3756,912,3,2,2,positive,dataset2
3757,912,3,12,1,positive,dataset2
3758,912,3,26,1,positive,dataset2
3759,912,12,19,1,positive,dataset2
3760,912,21,17,2,positive,dataset2
3761,912,21,26,2,positive,dataset2
3762,912,21,49,2,positive,dataset2
3763,912,31,24,2,positive,dataset2
3764,912,35,2,1,positive,dataset2
3765,912,39,6,2,positive,dataset2
3766,912,41,17,1,positive,dataset2
3767,912,42,49,2,positive,dataset2
3768,912,54,2,2,positive,dataset2
3769,912,58,6,2,positive,dataset2
3770,912,58,26,1,positive,dataset2
3771,912,60,17,1,positive,dataset2
3772,912,60,24,2,positive,dataset2
3773,912,71,12,1,positive,dataset2
3774,912,73,2,2,positive,dataset2
3775,912,89,2,2,positive,dataset2
3776,913,21,22,2,positive,dataset2
3777,913,58,6,2,positive,dataset2
3778,914,3,2,2,positive,dataset2
3779,914,21,17,1,positive,dataset2
3780,914,21,17,2,positive,dataset2
3781,914,21,26,1,positive,dataset2
3782,914,21,35,1,positive,dataset2
3783,914,22,17,1,positive,dataset2
3784,914,31,24,2,positive,dataset2
3785,914,35,13,1,positive,dataset2
3786,914,39,6,1,positive,dataset2
3787,914,41,17,2,positive,dataset2
3788,914,42,23,1,positive,dataset2
3789,914,47,38,2,positive,dataset2
3790,914,54,2,1,positive,dataset2
3791,914,58,6,1,positive,dataset2
3792,914,60,15,1,positive,dataset2
3793,914,60,24,1,positive,dataset2
3794,914,73,2,2,positive,dataset2
3795,914,74,24,1,positive,dataset2
3796,914,77,13,1,positive,dataset2
3797,914,89,2,2,positive,dataset2
3798,915,21,22,2,positive,dataset2
3799,916,21,10,2,positive,dataset2
3800,916,21,15,2,positive,dataset2
3801,916,21,22,2,positive,dataset2
3802,916,31,17,2,positive,dataset2
3803,916,60,22,2,positive,dataset2
3804,916,71,12,1,positive,dataset2
3805,917,21,2,2,positive,dataset2
3806,917,95,17,1,positive,dataset2
3807,918,3,2,2,positive,dataset2
3808,918,3,12,1,positive,dataset2
3809,918,3,12,2,positive,dataset2
3810,918,3,23,2,positive,dataset2
3811,918,3,39,2,positive,dataset2
3812,918,12,19,2,positive,dataset2
3813,918,21,17,1,positive,dataset2
3814,918,21,17,2,positive,dataset2
3815,918,21,21,2,positive,dataset2
3816,918,21,22,2,positive,dataset2
3817,918,21,23,2,positive,dataset2
3818,918,21,30,2,positive,dataset2
3819,918,26,18,1,positive,dataset2
3820,918,30,19,2,positive,dataset2
3821,918,33,19,2,positive,dataset2
3822,918,40,2,2,positive,dataset2
3823,918,41,17,1,positive,dataset2
3824,918,58,5,2,positive,dataset2
3825,918,60,2,2,positive,dataset2
3826,918,60,17,2,positive,dataset2
3827,918,60,22,2,positive,dataset2
3828,918,71,12,2,positive,dataset2
3829,918,73,2,2,positive,dataset2
3830,918,75,10,2,positive,dataset2
3831,918,83,18,1,positive,dataset2
3832,918,84,2,2,positive,dataset2
3833,918,98,18,1,positive,dataset2
3834,918,120,18,1,positive,dataset2
3835,919,40,2,1,positive,dataset2
3836,919,73,2,1,positive,dataset2
3837,919,74,2,2,positive,dataset2
3838,919,95,17,1,positive,dataset2
3839,920,21,15,1,positive,dataset2
3840,920,42,23,1,positive,dataset2
3841,920,58,6,2,positive,dataset2
3842,920,71,12,2,positive,dataset2
3843,920,95,17,1,positive,dataset2
3844,921,74,2,2,positive,dataset2
3845,921,95,17,1,positive,dataset2
3846,922,21,17,2,positive,dataset2
3847,922,34,17,2,positive,dataset2
3848,922,41,17,2,positive,dataset2
3849,922,47,38,1,positive,dataset2
3850,923,3,12,1,positive,dataset2
3851,923,3,17,2,positive,dataset2
3852,923,12,19,2,positive,dataset2
3853,923,21,12,2,positive,dataset2
3854,923,21,15,1,positive,dataset2
3855,923,21,17,2,positive,dataset2
3856,923,21,21,2,positive,dataset2
3857,923,21,22,1,positive,dataset2
3858,923,21,22,2,positive,dataset2
3859,923,21,26,1,positive,dataset2
3860,923,21,26,2,positive,dataset2
3861,923,21,49,2,positive,dataset2
3862,923,24,25,2,positive,dataset2
3863,923,31,2,1,positive,dataset2
3864,923,31,2,2,positive,dataset2
3865,923,31,24,2,positive,dataset2
3866,923,33,2,1,positive,dataset2
3867,923,35,34,1,positive,dataset2
3868,923,39,23,1,positive,dataset2
3869,923,39,23,2,positive,dataset2
3870,923,41,17,1,positive,dataset2
3871,923,41,17,2,positive,dataset2
3872,923,42,23,1,positive,dataset2
3873,923,42,29,1,positive,dataset2
3874,923,42,49,2,positive,dataset2
3875,923,58,6,2,positive,dataset2
3876,923,60,22,2,positive,dataset2
3877,923,60,24,2,positive,dataset2
3878,923,75,28,1,positive,dataset2
3879,923,76,25,2,positive,dataset2
3880,923,84,13,2,positive,dataset2
3881,923,90,2,1,positive,dataset2
3882,923,95,17,1,positive,dataset2
3883,923,99,24,2,positive,dataset2
3884,924,21,26,2,positive,dataset2
3885,925,21,17,1,positive,dataset2
3886,925,41,17,2,positive,dataset2
3887,925,42,23,1,positive,dataset2
3888,925,58,6,2,positive,dataset2
3889,925,83,18,2,positive,dataset2
3890,925,98,18,2,positive,dataset2
3891,926,3,6,2,positive,dataset2
3892,926,3,12,1,positive,dataset2
3893,926,21,10,2,positive,dataset2
3894,926,21,17,2,positive,dataset2
3895,926,21,22,2,positive,dataset2
3896,926,21,26,2,positive,dataset2
3897,926,21,42,1,positive,dataset2
3898,926,26,18,1,positive,dataset2
3899,926,29,48,1,positive,dataset2
3900,926,31,2,1,positive,dataset2
3901,926,31,2,2,positive,dataset2
3902,926,33,2,1,positive,dataset2
3903,926,35,6,2,positive,dataset2
3904,926,39,6,2,positive,dataset2
3905,926,39,17,2,positive,dataset2
3906,926,39,26,2,positive,dataset2
3907,926,41,17,1,positive,dataset2
3908,926,41,17,2,positive,dataset2
3909,926,42,23,1,positive,dataset2
3910,926,42,23,2,positive,dataset2
3911,926,47,38,2,positive,dataset2
3912,926,58,6,2,positive,dataset2
3913,926,60,6,2,positive,dataset2
3914,926,60,17,1,positive,dataset2
3915,926,60,17,2,positive,dataset2
3916,926,72,25,1,positive,dataset2
3917,926,83,18,1,positive,dataset2
3918,926,84,6,2,positive,dataset2
3919,926,90,6,2,positive,dataset2
3920,926,108,17,1,positive,dataset2
3921,927,21,26,2,positive,dataset2
3922,928,21,17,2,positive,dataset2
3923,928,21,35,1,positive,dataset2
3924,928,33,2,1,positive,dataset2
3925,928,39,6,2,positive,dataset2
3926,928,41,17,1,positive,dataset2
3927,928,58,6,2,positive,dataset2
3928,928,71,12,1,positive,dataset2
3929,928,71,12,2,positive,dataset2
3930,928,90,2,1,positive,dataset2
3931,929,3,2,1,positive,dataset2
3932,929,3,2,2,positive,dataset2
3933,929,3,12,1,positive,dataset2
3934,929,3,21,2,positive,dataset2
3935,929,3,26,2,positive,dataset2
3936,929,15,2,2,positive,dataset2
3937,929,21,2,2,positive,dataset2
3938,929,21,17,2,positive,dataset2
3939,929,21,21,2,positive,dataset2
3940,929,21,35,1,positive,dataset2
3941,929,26,18,2,positive,dataset2
3942,929,29,48,1,positive,dataset2
3943,929,39,5,1,positive,dataset2
3944,929,39,23,1,positive,dataset2
3945,929,40,2,1,positive,dataset2
3946,929,41,15,1,positive,dataset2
3947,929,42,23,1,positive,dataset2
3948,929,47,38,2,positive,dataset2
3949,929,52,5,1,positive,dataset2
3950,929,54,2,2,positive,dataset2
3951,929,60,2,1,positive,dataset2
3952,929,60,2,2,positive,dataset2
3953,929,60,32,1,positive,dataset2
3954,929,71,12,1,positive,dataset2
3955,929,75,28,2,positive,dataset2
3956,929,83,18,2,positive,dataset2
3957,929,89,2,1,positive,dataset2
3958,930,1,26,1,positive,dataset2
3959,930,3,2,1,positive,dataset2
3960,930,3,2,2,positive,dataset2
3961,930,18,22,2,positive,dataset2
3962,930,21,2,1,positive,dataset2
3963,930,21,17,1,positive,dataset2
3964,930,21,22,1,positive,dataset2
3965,930,21,22,2,positive,dataset2
3966,930,21,26,1,positive,dataset2
3967,930,21,39,2,positive,dataset2
3968,930,25,2,1,positive,dataset2
3969,930,31,2,1,positive,dataset2
3970,930,31,2,2,positive,dataset2
3971,930,31,17,1,positive,dataset2
3972,930,39,2,1,positive,dataset2
3973,930,39,5,1,positive,dataset2
3974,930,39,6,2,positive,dataset2
3975,930,41,17,2,positive,dataset2
3976,930,42,23,1,positive,dataset2
3977,930,42,23,2,positive,dataset2
3978,930,52,2,1,positive,dataset2
3979,930,58,6,1,positive,dataset2
3980,930,58,6,2,positive,dataset2
3981,930,60,2,1,positive,dataset2
3982,930,60,17,1,positive,dataset2
3983,930,60,22,2,positive,dataset2
3984,930,60,24,2,positive,dataset2
3985,930,72,25,1,positive,dataset2
3986,930,73,2,1,positive,dataset2
3987,930,73,2,2,positive,dataset2
3988,930,84,6,2,positive,dataset2
3989,930,89,2,1,positive,dataset2
3990,930,102,2,1,positive,dataset2
3991,930,121,36,2,positive,dataset2
3992,930,122,6,2,positive,dataset2
3993,931,3,2,1,positive,dataset2
3994,931,21,22,2,positive,dataset2
3995,931,39,23,2,positive,dataset2
3996,931,41,17,2,positive,dataset2
3997,931,42,23,1,positive,dataset2
3998,931,42,23,2,positive,dataset2
3999,931,73,2,2,positive,dataset2
4000,931,89,2,1,positive,dataset2
4001,932,3,2,1,positive,dataset2
4002,932,3,21,2,positive,dataset2
4003,932,3,22,1,positive,dataset2
4004,932,30,19,2,positive,dataset2
4005,932,39,5,2,positive,dataset2
4006,932,41,15,2,positive,dataset2
4007,932,42,23,1,positive,dataset2
4008,932,58,6,2,positive,dataset2
4009,932,60,2,2,positive,dataset2
4010,932,89,2,1,positive,dataset2
4011,932,95,17,2,positive,dataset2
4012,933,3,0,2,positive,dataset2
4013,933,3,2,2,positive,dataset2
4014,933,3,17,2,positive,dataset2
4015,933,21,17,2,positive,dataset2
4016,933,29,48,1,positive,dataset2
4017,933,30,45,1,positive,dataset2
4018,933,39,6,2,positive,dataset2
4019,933,54,2,1,positive,dataset2
4020,933,61,17,1,positive,dataset2
4021,933,71,12,2,positive,dataset2
4022,933,73,2,1,positive,dataset2
4023,933,95,17,1,positive,dataset2
4024,933,95,17,2,positive,dataset2
4025,933,110,0,2,positive,dataset2
4026,934,9,56,2,positive,dataset2
4027,934,21,22,2,positive,dataset2
4028,934,22,17,2,positive,dataset2
4029,934,25,2,2,positive,dataset2
4030,934,39,2,2,positive,dataset2
4031,934,41,17,2,positive,dataset2
4032,934,47,38,1,positive,dataset2
4033,934,52,2,2,positive,dataset2
4034,934,58,6,2,positive,dataset2
4035,934,60,2,2,positive,dataset2
4036,934,60,22,2,positive,dataset2
4037,934,71,12,1,positive,dataset2
4038,934,75,10,2,positive,dataset2
4039,934,95,17,2,positive,dataset2
4040,934,102,2,2,positive,dataset2
4041,935,3,6,2,positive,dataset2
4042,935,3,21,2,positive,dataset2
4043,935,3,30,2,positive,dataset2
4044,935,3,39,2,positive,dataset2
4045,935,6,0,2,positive,dataset2
4046,935,12,19,1,positive,dataset2
4047,935,21,2,2,positive,dataset2
4048,935,21,22,2,positive,dataset2
4049,935,21,26,2,positive,dataset2
4050,935,21,49,2,positive,dataset2
4051,935,31,24,2,positive,dataset2
4052,935,34,17,2,positive,dataset2
4053,935,35,6,2,positive,dataset2
4054,935,39,6,2,positive,dataset2
4055,935,39,26,2,positive,dataset2
4056,935,41,15,1,positive,dataset2
4057,935,42,23,2,positive,dataset2
4058,935,42,49,2,positive,dataset2
4059,935,47,38,1,positive,dataset2
4060,935,58,6,2,positive,dataset2
4061,935,60,2,1,positive,dataset2
4062,935,60,2,2,positive,dataset2
4063,935,60,6,2,positive,dataset2
4064,935,60,17,1,positive,dataset2
4065,935,60,22,1,positive,dataset2
4066,935,71,12,2,positive,dataset2
4067,935,73,2,2,positive,dataset2
4068,935,83,18,1,positive,dataset2
4069,935,83,18,2,positive,dataset2
4070,935,84,6,2,positive,dataset2
4071,935,90,6,2,positive,dataset2
4072,935,98,18,1,positive,dataset2
4073,935,98,18,2,positive,dataset2
4074,935,123,54,1,positive,dataset2
4075,935,124,26,2,positive,dataset2
4076,936,3,2,1,positive,dataset2
4077,936,40,2,2,positive,dataset2
4078,936,60,17,1,positive,dataset2
4079,936,89,2,1,positive,dataset2
4080,937,3,2,2,positive,dataset2
4081,937,3,39,2,positive,dataset2
4082,937,21,2,2,positive,dataset2
4083,937,21,12,2,positive,dataset2
4084,937,21,17,2,positive,dataset2
4085,937,21,24,2,positive,dataset2
4086,937,21,39,2,positive,dataset2
4087,937,21,49,2,positive,dataset2
4088,937,39,26,2,positive,dataset2
4089,937,42,49,2,positive,dataset2
4090,937,58,6,2,positive,dataset2
4091,937,60,24,2,positive,dataset2
4092,937,61,17,1,positive,dataset2
4093,937,72,25,1,positive,dataset2
4094,937,75,28,2,positive,dataset2
4095,937,95,17,1,positive,dataset2
4096,937,99,24,2,positive,dataset2
4097,937,125,25,2,positive,dataset2
4098,938,21,49,2,positive,dataset2
4099,938,42,49,2,positive,dataset2
4100,938,58,6,2,positive,dataset2
4101,939,60,17,1,positive,dataset2
4102,940,3,2,1,positive,dataset2
4103,940,3,2,2,positive,dataset2
4104,940,3,8,1,positive,dataset2
4105,940,3,13,2,positive,dataset2
4106,940,3,26,1,positive,dataset2
4107,940,3,30,2,positive,dataset2
4108,940,21,8,1,positive,dataset2
4109,940,21,15,2,positive,dataset2
4110,940,21,17,1,positive,dataset2
4111,940,21,17,2,positive,dataset2
4112,940,21,22,2,positive,dataset2
4113,940,21,26,2,positive,dataset2
4114,940,21,28,2,positive,dataset2
4115,940,21,42,2,positive,dataset2
4116,940,21,47,1,positive,dataset2
4117,940,21,47,2,positive,dataset2
4118,940,21,49,2,positive,dataset2
4119,940,30,45,2,positive,dataset2
4120,940,31,2,2,positive,dataset2
4121,940,31,24,2,positive,dataset2
4122,940,39,5,1,positive,dataset2
4123,940,39,6,1,positive,dataset2
4124,940,39,6,2,positive,dataset2
4125,940,39,8,1,positive,dataset2
4126,940,39,12,2,positive,dataset2
4127,940,39,26,2,positive,dataset2
4128,940,40,2,2,positive,dataset2
4129,940,41,15,1,positive,dataset2
4130,940,41,17,1,positive,dataset2
4131,940,41,17,2,positive,dataset2
4132,940,42,49,2,positive,dataset2
4133,940,52,21,2,positive,dataset2
4134,940,58,6,1,positive,dataset2
4135,940,58,6,2,positive,dataset2
4136,940,60,2,1,positive,dataset2
4137,940,60,2,2,positive,dataset2
4138,940,60,22,1,positive,dataset2
4139,940,60,22,2,positive,dataset2
4140,940,71,12,1,positive,dataset2
4141,940,71,12,2,positive,dataset2
4142,940,72,25,1,positive,dataset2
4143,940,73,2,1,positive,dataset2
4144,940,75,28,2,positive,dataset2
4145,940,81,22,1,positive,dataset2
4146,940,83,6,2,positive,dataset2
4147,940,83,18,2,positive,dataset2
4148,940,84,5,1,positive,dataset2
4149,940,87,15,2,positive,dataset2
4150,940,89,2,1,positive,dataset2
4151,940,98,18,2,positive,dataset2
4152,940,107,2,1,positive,dataset2
4153,940,123,54,1,positive,dataset2
4154,941,95,17,1,positive,dataset2
4155,942,57,17,1,positive,dataset2
4156,943,31,2,2,positive,dataset2
4157,943,42,23,1,positive,dataset2
4158,943,42,23,2,positive,dataset2
4159,943,58,6,1,positive,dataset2
4160,943,58,6,2,positive,dataset2
4161,943,75,10,2,positive,dataset2
4162,943,95,17,1,positive,dataset2
4163,944,3,2,2,positive,dataset2
4164,944,12,19,1,positive,dataset2
4165,944,21,15,2,positive,dataset2
4166,944,21,17,1,positive,dataset2
4167,944,24,2,2,positive,dataset2
4168,944,26,18,1,positive,dataset2
4169,944,34,17,2,positive,dataset2
4170,944,39,23,1,positive,dataset2
4171,944,40,2,1,positive,dataset2
4172,944,41,17,2,positive,dataset2
4173,944,42,23,1,positive,dataset2
4174,944,43,32,2,positive,dataset2
4175,944,60,17,1,positive,dataset2
4176,944,83,18,1,positive,dataset2
4177,945,21,15,2,positive,dataset2
4178,945,95,17,2,positive,dataset2
4179,946,42,23,1,positive,dataset2
4180,947,3,2,1,positive,dataset2
4181,947,3,12,1,positive,dataset2
4182,947,3,12,2,positive,dataset2
4183,947,4,17,2,positive,dataset2
4184,947,16,57,1,positive,dataset2
4185,947,18,12,1,positive,dataset2
4186,947,18,12,2,positive,dataset2
4187,947,21,2,1,positive,dataset2
4188,947,21,12,2,positive,dataset2
4189,947,21,17,1,positive,dataset2
4190,947,21,17,2,positive,dataset2
4191,947,21,22,1,positive,dataset2
4192,947,21,22,2,positive,dataset2
4193,947,21,26,2,positive,dataset2
4194,947,21,31,1,positive,dataset2
4195,947,21,42,1,positive,dataset2
4196,947,26,18,2,positive,dataset2
4197,947,29,0,2,positive,dataset2
4198,947,31,22,2,positive,dataset2
4199,947,31,24,1,positive,dataset2
4200,947,31,24,2,positive,dataset2
4201,947,34,17,2,positive,dataset2
4202,947,39,6,1,positive,dataset2
4203,947,39,23,2,positive,dataset2
4204,947,39,57,1,positive,dataset2
4205,947,40,2,2,positive,dataset2
4206,947,41,15,2,positive,dataset2
4207,947,41,17,1,positive,dataset2
4208,947,41,17,2,positive,dataset2
4209,947,42,23,2,positive,dataset2
4210,947,48,6,1,positive,dataset2
4211,947,53,12,1,positive,dataset2
4212,947,53,12,2,positive,dataset2
4213,947,54,2,1,positive,dataset2
4214,947,57,17,1,positive,dataset2
4215,947,60,2,1,positive,dataset2
4216,947,60,2,2,positive,dataset2
4217,947,60,22,2,positive,dataset2
4218,947,60,24,1,positive,dataset2
4219,947,60,31,1,positive,dataset2
4220,947,60,31,2,positive,dataset2
4221,947,71,12,1,positive,dataset2
4222,947,73,2,2,positive,dataset2
4223,947,74,22,2,positive,dataset2
4224,947,74,24,1,positive,dataset2
4225,947,83,18,2,positive,dataset2
4226,947,84,5,1,positive,dataset2
4227,947,84,12,2,positive,dataset2
4228,947,89,2,1,positive,dataset2
4229,947,95,17,2,positive,dataset2
4230,947,98,18,2,positive,dataset2
4231,947,99,24,1,positive,dataset2
4232,948,3,2,1,positive,dataset2
4233,948,3,12,1,positive,dataset2
4234,948,3,21,1,positive,dataset2
4235,948,3,22,2,positive,dataset2
4236,948,18,12,1,positive,dataset2
4237,948,21,12,1,positive,dataset2
4238,948,21,15,2,positive,dataset2
4239,948,21,21,1,positive,dataset2
4240,948,21,22,1,positive,dataset2
4241,948,21,22,2,positive,dataset2
4242,948,21,26,1,positive,dataset2
4243,948,21,42,1,positive,dataset2
4244,948,21,51,1,positive,dataset2
4245,948,26,18,1,positive,dataset2
4246,948,29,48,1,positive,dataset2
4247,948,31,24,1,positive,dataset2
4248,948,35,13,1,positive,dataset2
4249,948,40,2,1,positive,dataset2
4250,948,41,17,2,positive,dataset2
4251,948,42,23,1,positive,dataset2
4252,948,47,38,1,positive,dataset2
4253,948,52,21,1,positive,dataset2
4254,948,53,12,1,positive,dataset2
4255,948,60,2,1,positive,dataset2
4256,948,60,22,1,positive,dataset2
4257,948,60,22,2,positive,dataset2
4258,948,71,12,1,positive,dataset2
4259,948,71,12,2,positive,dataset2
4260,948,73,2,2,positive,dataset2
4261,948,75,28,2,positive,dataset2
4262,948,77,13,1,positive,dataset2
4263,948,84,12,1,positive,dataset2
4264,948,89,2,1,positive,dataset2
4265,949,21,17,1,positive,dataset2
4266,949,83,18,2,positive,dataset2
4267,949,98,18,2,positive,dataset2
4268,950,21,15,2,positive,dataset2
4269,950,41,6,2,positive,dataset2
4270,950,58,6,2,positive,dataset2
4271,950,60,22,1,positive,dataset2
4272,951,39,23,2,positive,dataset2
4273,951,41,17,2,positive,dataset2
4274,951,42,23,2,positive,dataset2
4275,951,42,29,1,positive,dataset2
4276,951,95,17,1,positive,dataset2
4277,952,21,26,2,positive,dataset2
4278,952,39,26,2,positive,dataset2
4279,953,3,2,1,positive,dataset2
4280,953,3,2,2,positive,dataset2
4281,953,3,12,2,positive,dataset2
4282,953,3,26,2,positive,dataset2
4283,953,21,6,2,positive,dataset2
4284,953,21,25,2,positive,dataset2
4285,953,21,26,2,positive,dataset2
4286,953,21,35,2,positive,dataset2
4287,953,21,42,1,positive,dataset2
4288,953,21,47,2,positive,dataset2
4289,953,21,51,1,positive,dataset2
4290,953,21,51,2,positive,dataset2
4291,953,26,18,2,positive,dataset2
4292,953,31,24,2,positive,dataset2
4293,953,39,47,2,positive,dataset2
4294,953,39,51,2,positive,dataset2
4295,953,40,2,1,positive,dataset2
4296,953,41,15,1,positive,dataset2
4297,953,41,17,2,positive,dataset2
4298,953,42,23,1,positive,dataset2
4299,953,42,29,1,positive,dataset2
4300,953,60,17,2,positive,dataset2
4301,953,60,22,1,positive,dataset2
4302,953,60,24,1,positive,dataset2
4303,953,60,24,2,positive,dataset2
4304,953,73,2,2,positive,dataset2
4305,953,74,24,2,positive,dataset2
4306,953,83,18,2,positive,dataset2
4307,953,84,26,2,positive,dataset2
4308,953,89,2,1,positive,dataset2
4309,953,98,18,2,positive,dataset2
4310,953,126,12,2,positive,dataset2
4311,954,3,6,1,positive,dataset2
4312,954,35,6,1,positive,dataset2
4313,954,41,17,2,positive,dataset2
4314,954,42,23,1,positive,dataset2
4315,954,58,6,1,positive,dataset2
4316,954,60,6,1,positive,dataset2
4317,954,84,6,1,positive,dataset2
4318,954,90,6,1,positive,dataset2
4319,955,3,2,2,positive,dataset2
4320,955,21,17,1,positive,dataset2
4321,955,21,17,2,positive,dataset2
4322,955,21,22,1,positive,dataset2
4323,955,39,6,1,positive,dataset2
4324,955,39,6,2,positive,dataset2
4325,955,39,23,1,positive,dataset2
4326,955,42,23,1,positive,dataset2
4327,955,54,2,2,positive,dataset2
4328,955,60,17,2,positive,dataset2
4329,955,71,12,1,positive,dataset2
4330,955,73,2,1,positive,dataset2
4331,955,73,2,2,positive,dataset2
4332,955,97,0,1,positive,dataset2
4333,956,58,6,2,positive,dataset2
4334,956,101,6,2,positive,dataset2
4335,957,21,26,1,positive,dataset2
4336,957,21,26,2,positive,dataset2
4337,957,39,26,2,positive,dataset2
4338,957,73,2,1,positive,dataset2
4339,958,12,19,1,positive,dataset2
4340,958,21,5,2,positive,dataset2
4341,958,21,17,1,positive,dataset2
4342,958,21,22,1,positive,dataset2
4343,958,21,23,1,positive,dataset2
4344,958,26,18,1,positive,dataset2
4345,958,31,2,1,positive,dataset2
4346,958,42,23,2,positive,dataset2
4347,958,60,17,1,positive,dataset2
4348,958,83,18,1,positive,dataset2
4349,958,83,18,2,positive,dataset2
4350,958,90,2,1,positive,dataset2
4351,959,3,2,1,positive,dataset2
4352,959,3,2,2,positive,dataset2
4353,959,21,22,1,positive,dataset2
4354,959,21,26,2,positive,dataset2
4355,959,21,35,1,positive,dataset2
4356,959,21,42,2,positive,dataset2
4357,959,30,19,2,positive,dataset2
4358,959,31,2,1,positive,dataset2
4359,959,31,2,2,positive,dataset2
4360,959,31,24,2,positive,dataset2
4361,959,39,6,2,positive,dataset2
4362,959,39,23,1,positive,dataset2
4363,959,39,26,1,positive,dataset2
4364,959,40,2,1,positive,dataset2
4365,959,40,2,2,positive,dataset2
4366,959,41,17,1,positive,dataset2
4367,959,42,23,1,positive,dataset2
4368,959,48,6,2,positive,dataset2
4369,959,52,5,1,positive,dataset2
4370,959,52,6,1,positive,dataset2
4371,959,52,41,1,positive,dataset2
4372,959,60,2,2,positive,dataset2
4373,959,60,17,1,positive,dataset2
4374,959,60,17,2,positive,dataset2
4375,959,60,22,1,positive,dataset2
4376,959,60,22,2,positive,dataset2
4377,959,73,2,1,positive,dataset2
4378,959,75,10,2,positive,dataset2
4379,959,75,28,2,positive,dataset2
4380,959,100,17,1,positive,dataset2
4381,959,127,19,2,positive,dataset2
4382,960,26,18,1,positive,dataset2
4383,960,60,17,1,positive,dataset2
4384,960,83,18,1,positive,dataset2
4385,961,3,39,1,positive,dataset2
4386,961,21,22,1,positive,dataset2
4387,961,21,22,2,positive,dataset2
4388,961,21,31,1,positive,dataset2
4389,961,21,49,1,positive,dataset2
4390,961,25,2,2,positive,dataset2
4391,961,35,2,1,positive,dataset2
4392,961,35,39,1,positive,dataset2
4393,961,39,2,2,positive,dataset2
4394,961,40,2,1,positive,dataset2
4395,961,41,15,2,positive,dataset2
4396,961,42,23,2,positive,dataset2
4397,961,42,49,1,positive,dataset2
4398,961,47,38,2,positive,dataset2
4399,961,52,2,2,positive,dataset2
4400,961,58,6,1,positive,dataset2
4401,961,60,2,2,positive,dataset2
4402,961,60,22,2,positive,dataset2
4403,961,72,25,1,positive,dataset2
4404,961,102,2,2,positive,dataset2
4405,962,21,26,1,positive,dataset2
4406,962,75,28,2,positive,dataset2
4407,963,3,2,1,positive,dataset2
4408,963,12,19,2,positive,dataset2
4409,963,21,17,1,positive,dataset2
4410,963,31,2,2,positive,dataset2
4411,963,31,24,1,positive,dataset2
4412,963,47,38,1,positive,dataset2
4413,963,52,21,2,positive,dataset2
4414,963,58,6,1,positive,dataset2
4415,963,60,17,2,positive,dataset2
4416,963,73,2,1,positive,dataset2
4417,963,89,2,1,positive,dataset2
4418,964,21,17,1,positive,dataset2
4419,964,21,22,2,positive,dataset2
4420,964,31,2,2,positive,dataset2
4421,964,39,6,2,positive,dataset2
4422,964,58,6,2,positive,dataset2
4423,964,71,12,1,positive,dataset2
4424,964,95,17,1,positive,dataset2
4425,965,60,17,2,positive,dataset2
4426,965,83,18,1,positive,dataset2
4427,965,83,18,2,positive,dataset2
4428,965,98,18,1,positive,dataset2
4429,965,98,18,2,positive,dataset2
4430,966,21,15,2,positive,dataset2
4431,966,21,26,1,positive,dataset2
4432,967,3,2,2,positive,dataset2
4433,967,21,17,2,positive,dataset2
4434,967,21,22,1,positive,dataset2
4435,967,21,22,2,positive,dataset2
4436,967,21,26,2,positive,dataset2
4437,967,21,42,2,positive,dataset2
4438,967,31,2,2,positive,dataset2
4439,967,31,24,1,positive,dataset2
4440,967,41,17,1,positive,dataset2
4441,967,42,23,1,positive,dataset2
4442,967,42,23,2,positive,dataset2
4443,967,60,2,2,positive,dataset2
4444,967,60,17,2,positive,dataset2
4445,967,60,22,1,positive,dataset2
4446,967,73,2,1,positive,dataset2
4447,967,83,18,1,positive,dataset2
4448,967,83,18,2,positive,dataset2
4449,967,98,18,1,positive,dataset2
4450,967,98,18,2,positive,dataset2
4451,968,75,10,2,positive,dataset2
4452,969,95,17,2,positive,dataset2
4453,970,58,6,2,positive,dataset2
4454,971,3,2,1,positive,dataset2
4455,971,21,6,1,positive,dataset2
4456,971,21,12,2,positive,dataset2
4457,971,27,18,2,positive,dataset2
4458,971,41,17,2,positive,dataset2
4459,971,42,23,2,positive,dataset2
4460,971,58,6,1,positive,dataset2
4461,971,89,2,1,positive,dataset2
4462,971,93,24,2,positive,dataset2
4463,971,101,6,2,positive,dataset2
4464,972,58,6,2,positive,dataset2
4465,973,95,17,1,positive,dataset2
4466,974,3,12,1,positive,dataset2
4467,974,42,23,2,positive,dataset2
4468,975,3,12,1,positive,dataset2
4469,975,21,35,1,positive,dataset2
4470,975,60,17,2,positive,dataset2
4471,976,3,2,1,positive,dataset2
4472,976,58,6,1,positive,dataset2
4473,976,89,2,1,positive,dataset2
4474,977,3,2,2,positive,dataset2
4475,977,42,29,1,positive,dataset2
4476,977,60,22,2,positive,dataset2
4477,978,21,15,2,positive,dataset2
4478,978,58,6,2,positive,dataset2
4479,978,60,2,2,positive,dataset2
4480,978,60,17,1,positive,dataset2
4481,978,75,28,1,positive,dataset2
4482,979,3,0,1,positive,dataset2
4483,979,3,2,1,positive,dataset2
4484,979,3,2,2,positive,dataset2
4485,979,3,6,2,positive,dataset2
4486,979,3,12,2,positive,dataset2
4487,979,3,13,1,positive,dataset2
4488,979,3,17,1,positive,dataset2
4489,979,3,21,2,positive,dataset2
4490,979,3,45,1,positive,dataset2
4491,979,12,19,2,positive,dataset2
4492,979,21,5,1,positive,dataset2
4493,979,21,5,2,positive,dataset2
4494,979,21,17,1,positive,dataset2
4495,979,21,17,2,positive,dataset2
4496,979,21,22,2,positive,dataset2
4497,979,21,26,2,positive,dataset2
4498,979,21,35,1,positive,dataset2
4499,979,21,39,1,positive,dataset2
4500,979,21,49,1,positive,dataset2
4501,979,21,51,1,positive,dataset2
4502,979,26,18,2,positive,dataset2
4503,979,31,2,2,positive,dataset2
4504,979,35,2,1,positive,dataset2
4505,979,39,6,2,positive,dataset2
4506,979,39,23,1,positive,dataset2
4507,979,39,23,2,positive,dataset2
4508,979,40,2,2,positive,dataset2
4509,979,41,15,1,positive,dataset2
4510,979,41,15,2,positive,dataset2
4511,979,41,17,1,positive,dataset2
4512,979,41,17,2,positive,dataset2
4513,979,42,23,1,positive,dataset2
4514,979,42,23,2,positive,dataset2
4515,979,42,29,1,positive,dataset2
4516,979,42,49,1,positive,dataset2
4517,979,52,41,2,positive,dataset2
4518,979,58,6,1,positive,dataset2
4519,979,58,6,2,positive,dataset2
4520,979,60,2,1,positive,dataset2
4521,979,60,15,1,positive,dataset2
4522,979,60,22,2,positive,dataset2
4523,979,60,24,1,positive,dataset2
4524,979,60,26,1,positive,dataset2
4525,979,72,25,2,positive,dataset2
4526,979,73,2,1,positive,dataset2
4527,979,73,2,2,positive,dataset2
4528,979,75,10,1,positive,dataset2
4529,979,75,28,1,positive,dataset2
4530,979,84,0,1,positive,dataset2
4531,979,84,6,1,positive,dataset2
4532,979,89,2,1,positive,dataset2
4533,979,99,24,1,positive,dataset2
4534,979,117,37,1,positive,dataset2
4535,979,128,37,1,positive,dataset2
4536,979,129,2,1,positive,dataset2
4537,980,21,22,2,positive,dataset2
4538,980,26,18,1,positive,dataset2
4539,980,40,2,1,positive,dataset2
4540,980,60,17,1,positive,dataset2
4541,980,73,2,1,positive,dataset2
4542,980,83,18,1,positive,dataset2
4543,981,3,2,1,positive,dataset2
4544,981,3,12,1,positive,dataset2
4545,981,39,6,2,positive,dataset2
4546,981,89,2,1,positive,dataset2
4547,982,3,2,2,positive,dataset2
4548,982,3,6,2,positive,dataset2
4549,982,3,12,1,positive,dataset2
4550,982,12,19,2,positive,dataset2
4551,982,18,12,1,positive,dataset2
4552,982,21,2,2,positive,dataset2
4553,982,21,17,2,positive,dataset2
4554,982,21,22,1,positive,dataset2
4555,982,21,26,1,positive,dataset2
4556,982,21,26,2,positive,dataset2
4557,982,21,35,1,positive,dataset2
4558,982,21,42,2,positive,dataset2
4559,982,26,18,2,positive,dataset2
4560,982,29,0,1,positive,dataset2
4561,982,31,24,1,positive,dataset2
4562,982,35,6,2,positive,dataset2
4563,982,39,5,1,positive,dataset2
4564,982,39,6,2,positive,dataset2
4565,982,42,23,1,positive,dataset2
4566,982,47,38,1,positive,dataset2
4567,982,53,12,1,positive,dataset2
4568,982,58,6,1,positive,dataset2
4569,982,58,6,2,positive,dataset2
4570,982,60,6,2,positive,dataset2
4571,982,60,17,2,positive,dataset2
4572,982,60,22,1,positive,dataset2
4573,982,60,24,2,positive,dataset2
4574,982,60,32,1,positive,dataset2
4575,982,63,12,1,positive,dataset2
4576,982,73,2,2,positive,dataset2
4577,982,83,18,2,positive,dataset2
4578,982,84,5,2,positive,dataset2
4579,982,84,6,2,positive,dataset2
4580,982,90,6,2,positive,dataset2
4581,982,98,18,2,positive,dataset2
4582,983,3,2,1,positive,dataset2
4583,983,42,23,1,positive,dataset2
4584,983,89,2,1,positive,dataset2
4585,984,3,2,2,positive,dataset2
4586,984,3,21,2,positive,dataset2
4587,984,21,17,1,positive,dataset2
4588,984,21,22,1,positive,dataset2
4589,984,21,26,2,positive,dataset2
4590,984,21,31,1,positive,dataset2
4591,984,21,58,2,positive,dataset2
4592,984,26,18,1,positive,dataset2
4593,984,39,5,1,positive,dataset2
4594,984,39,6,2,positive,dataset2
4595,984,39,23,1,positive,dataset2
4596,984,41,17,1,positive,dataset2
4597,984,42,23,1,positive,dataset2
4598,984,42,23,2,positive,dataset2
4599,984,42,29,1,positive,dataset2
4600,984,47,38,1,positive,dataset2
4601,984,58,5,1,positive,dataset2
4602,984,58,6,1,positive,dataset2
4603,984,58,6,2,positive,dataset2
4604,984,60,2,1,positive,dataset2
4605,984,60,24,2,positive,dataset2
4606,984,73,2,1,positive,dataset2
4607,984,73,2,2,positive,dataset2
4608,984,83,18,2,positive,dataset2
4609,984,84,26,2,positive,dataset2
4610,984,97,0,1,positive,dataset2
4611,984,98,18,2,positive,dataset2
4612,984,130,17,2,positive,dataset2
4613,985,3,26,2,positive,dataset2
4614,986,3,6,2,positive,dataset2
4615,986,34,17,2,positive,dataset2
4616,986,35,6,2,positive,dataset2
4617,986,41,17,2,positive,dataset2
4618,986,60,6,2,positive,dataset2
4619,986,84,6,2,positive,dataset2
4620,986,90,6,2,positive,dataset2
4621,987,3,21,2,positive,dataset2
4622,987,12,19,1,positive,dataset2
4623,987,21,21,2,positive,dataset2
4624,987,54,2,2,positive,dataset2
4625,987,58,6,1,positive,dataset2
4626,987,60,17,2,positive,dataset2
4627,988,3,2,1,positive,dataset2
4628,988,3,2,2,positive,dataset2
4629,988,3,6,2,positive,dataset2
4630,988,3,12,1,positive,dataset2
4631,988,3,15,2,positive,dataset2
4632,988,3,26,2,positive,dataset2
4633,988,12,19,2,positive,dataset2
4634,988,18,12,1,positive,dataset2
4635,988,21,8,2,positive,dataset2
4636,988,21,15,2,positive,dataset2
4637,988,21,17,1,positive,dataset2
4638,988,21,22,1,positive,dataset2
4639,988,21,22,2,positive,dataset2
4640,988,21,31,1,positive,dataset2
4641,988,21,49,2,positive,dataset2
4642,988,21,59,2,positive,dataset2
4643,988,29,48,1,positive,dataset2
4644,988,31,2,2,positive,dataset2
4645,988,35,6,2,positive,dataset2
4646,988,39,6,2,positive,dataset2
4647,988,39,26,2,positive,dataset2
4648,988,42,49,2,positive,dataset2
4649,988,42,59,2,positive,dataset2
4650,988,47,38,1,positive,dataset2
4651,988,49,2,2,positive,dataset2
4652,988,53,12,1,positive,dataset2
4653,988,58,6,1,positive,dataset2
4654,988,58,6,2,positive,dataset2
4655,988,60,2,1,positive,dataset2
4656,988,60,2,2,positive,dataset2
4657,988,60,6,2,positive,dataset2
4658,988,60,12,2,positive,dataset2
4659,988,60,15,2,positive,dataset2
4660,988,60,17,2,positive,dataset2
4661,988,60,24,1,positive,dataset2
4662,988,60,24,2,positive,dataset2
4663,988,73,2,2,positive,dataset2
4664,988,75,10,1,positive,dataset2
4665,988,75,10,2,positive,dataset2
4666,988,83,18,2,positive,dataset2
4667,988,84,5,2,positive,dataset2
4668,988,84,6,2,positive,dataset2
4669,988,84,26,2,positive,dataset2
4670,988,87,59,2,positive,dataset2
4671,988,89,2,1,positive,dataset2
4672,988,90,6,2,positive,dataset2
4673,988,98,18,2,positive,dataset2
4674,989,21,22,2,positive,dataset2
4675,990,3,12,1,positive,dataset2
4676,990,26,18,2,positive,dataset2
4677,990,39,6,2,positive,dataset2
4678,990,39,23,1,positive,dataset2
4679,990,42,23,1,positive,dataset2
4680,990,60,17,2,positive,dataset2
4681,990,60,22,2,positive,dataset2
4682,990,60,24,2,positive,dataset2
4683,990,72,25,2,positive,dataset2
4684,990,74,24,1,positive,dataset2
4685,991,3,2,1,positive,dataset2
4686,991,3,2,2,positive,dataset2
4687,991,3,26,1,positive,dataset2
4688,991,12,19,2,positive,dataset2
4689,991,21,5,1,positive,dataset2
4690,991,21,17,2,positive,dataset2
4691,991,21,22,1,positive,dataset2
4692,991,21,22,2,positive,dataset2
4693,991,21,26,1,positive,dataset2
4694,991,21,26,2,positive,dataset2
4695,991,21,37,2,positive,dataset2
4696,991,29,48,1,positive,dataset2
4697,991,30,45,1,positive,dataset2
4698,991,31,2,1,positive,dataset2
4699,991,31,28,1,positive,dataset2
4700,991,34,17,2,positive,dataset2
4701,991,35,2,1,positive,dataset2
4702,991,35,13,1,positive,dataset2
4703,991,39,6,1,positive,dataset2
4704,991,39,6,2,positive,dataset2
4705,991,39,23,1,positive,dataset2
4706,991,39,26,1,positive,dataset2
4707,991,39,47,2,positive,dataset2
4708,991,40,2,1,positive,dataset2
4709,991,41,17,1,positive,dataset2
4710,991,41,17,2,positive,dataset2
4711,991,42,23,1,positive,dataset2
4712,991,42,29,1,positive,dataset2
4713,991,48,6,1,positive,dataset2
4714,991,58,6,1,positive,dataset2
4715,991,58,6,2,positive,dataset2
4716,991,60,2,1,positive,dataset2
4717,991,60,2,2,positive,dataset2
4718,991,60,17,2,positive,dataset2
4719,991,60,22,1,positive,dataset2
4720,991,60,24,1,positive,dataset2
4721,991,60,24,2,positive,dataset2
4722,991,68,46,1,positive,dataset2
4723,991,71,5,1,positive,dataset2
4724,991,71,12,2,positive,dataset2
4725,991,73,2,2,positive,dataset2
4726,991,74,24,1,positive,dataset2
4727,991,75,10,1,positive,dataset2
4728,991,75,28,1,positive,dataset2
4729,991,75,28,2,positive,dataset2
4730,991,83,18,2,positive,dataset2
4731,991,99,24,1,positive,dataset2
4732,991,104,5,1,positive,dataset2
4733,991,130,17,1,positive,dataset2
4734,991,131,17,1,positive,dataset2
4735,992,26,18,2,positive,dataset2
4736,993,21,30,2,positive,dataset2
4737,993,42,23,1,positive,dataset2
4738,993,95,17,1,positive,dataset2
4739,994,3,6,1,positive,dataset2
4740,994,21,26,1,positive,dataset2
4741,994,21,26,2,positive,dataset2
4742,994,35,6,1,positive,dataset2
4743,994,39,23,2,positive,dataset2
4744,994,42,23,2,positive,dataset2
4745,994,58,6,1,positive,dataset2
4746,994,58,6,2,positive,dataset2
4747,994,60,6,1,positive,dataset2
4748,994,60,22,2,positive,dataset2
4749,994,60,26,2,positive,dataset2
4750,994,84,6,1,positive,dataset2
4751,994,90,6,1,positive,dataset2
4752,994,95,17,1,positive,dataset2
4753,995,3,2,1,positive,dataset2
4754,995,21,17,1,positive,dataset2
4755,995,39,23,1,positive,dataset2
4756,995,41,17,1,positive,dataset2
4757,995,42,23,1,positive,dataset2
4758,995,42,29,2,positive,dataset2
4759,995,58,6,1,positive,dataset2
4760,995,60,22,1,positive,dataset2
4761,995,72,25,1,positive,dataset2
4762,995,73,2,1,positive,dataset2
4763,995,73,2,2,positive,dataset2
4764,995,89,2,1,positive,dataset2
4765,995,108,17,1,positive,dataset2
4766,996,3,2,1,positive,dataset2
4767,996,3,2,2,positive,dataset2
4768,996,3,6,1,positive,dataset2
4769,996,3,12,1,positive,dataset2
4770,996,3,13,2,positive,dataset2
4771,996,3,22,1,positive,dataset2
4772,996,3,22,2,positive,dataset2
4773,996,3,26,2,positive,dataset2
4774,996,6,13,2,positive,dataset2
4775,996,12,19,2,positive,dataset2
4776,996,18,12,1,positive,dataset2
4777,996,19,28,2,positive,dataset2
4778,996,21,2,2,positive,dataset2
4779,996,21,12,1,positive,dataset2
4780,996,21,15,1,positive,dataset2
4781,996,21,17,1,positive,dataset2
4782,996,21,22,1,positive,dataset2
4783,996,21,22,2,positive,dataset2
4784,996,21,26,2,positive,dataset2
4785,996,21,31,1,positive,dataset2
4786,996,21,47,2,positive,dataset2
4787,996,21,51,1,positive,dataset2
4788,996,29,0,2,positive,dataset2
4789,996,29,13,2,positive,dataset2
4790,996,30,19,2,positive,dataset2
4791,996,31,2,2,positive,dataset2
4792,996,31,24,1,positive,dataset2
4793,996,35,6,1,positive,dataset2
4794,996,39,5,1,positive,dataset2
4795,996,39,6,2,positive,dataset2
4796,996,41,17,1,positive,dataset2
4797,996,42,23,2,positive,dataset2
4798,996,53,12,1,positive,dataset2
4799,996,54,2,2,positive,dataset2
4800,996,58,6,1,positive,dataset2
4801,996,58,6,2,positive,dataset2
4802,996,60,2,2,positive,dataset2
4803,996,60,6,1,positive,dataset2
4804,996,60,15,1,positive,dataset2
4805,996,60,22,1,positive,dataset2
4806,996,68,2,1,positive,dataset2
4807,996,71,12,1,positive,dataset2
4808,996,73,2,2,positive,dataset2
4809,996,74,24,1,positive,dataset2
4810,996,75,10,1,positive,dataset2
4811,996,75,28,2,positive,dataset2
4812,996,81,22,2,positive,dataset2
4813,996,84,5,1,positive,dataset2
4814,996,84,6,1,positive,dataset2
4815,996,84,12,1,positive,dataset2
4816,996,84,26,2,positive,dataset2
4817,996,89,2,1,positive,dataset2
4818,996,90,6,1,positive,dataset2
4819,996,107,2,1,positive,dataset2
4820,996,122,2,1,positive,dataset2
4821,997,26,18,2,positive,dataset2
4822,998,3,2,2,positive,dataset2
4823,999,3,0,2,positive,dataset2
4824,999,3,2,1,positive,dataset2
4825,999,3,2,2,positive,dataset2
4826,999,3,6,1,positive,dataset2
4827,999,3,12,1,positive,dataset2
4828,999,3,26,2,positive,dataset2
4829,999,6,0,2,positive,dataset2
4830,999,20,26,2,positive,dataset2
4831,999,21,2,1,positive,dataset2
4832,999,21,17,1,positive,dataset2
4833,999,21,17,2,positive,dataset2
4834,999,21,26,1,positive,dataset2
4835,999,21,26,2,positive,dataset2
4836,999,21,35,1,positive,dataset2
4837,999,21,47,2,positive,dataset2
4838,999,31,24,2,positive,dataset2
4839,999,31,26,2,positive,dataset2
4840,999,35,6,1,positive,dataset2
4841,999,39,26,1,positive,dataset2
4842,999,42,22,1,positive,dataset2
4843,999,42,23,1,positive,dataset2
4844,999,42,29,2,positive,dataset2
4845,999,54,2,2,positive,dataset2
4846,999,58,6,1,positive,dataset2
4847,999,60,2,1,positive,dataset2
4848,999,60,6,1,positive,dataset2
4849,999,60,15,1,positive,dataset2
4850,999,60,17,2,positive,dataset2
4851,999,60,24,2,positive,dataset2
4852,999,60,26,2,positive,dataset2
4853,999,68,2,1,positive,dataset2
4854,999,71,12,1,positive,dataset2
4855,999,73,2,1,positive,dataset2
4856,999,73,2,2,positive,dataset2
4857,999,74,24,1,positive,dataset2
4858,999,75,10,2,positive,dataset2
4859,999,75,28,2,positive,dataset2
4860,999,77,10,2,positive,dataset2
4861,999,81,22,2,positive,dataset2
4862,999,84,6,1,positive,dataset2
4863,999,84,26,2,positive,dataset2
4864,999,90,6,1,positive,dataset2
4865,999,107,2,1,positive,dataset2
4866,999,122,2,1,positive,dataset2
4867,1000,21,26,2,positive,dataset2
4868,1000,39,26,2,positive,dataset2
4869,1001,21,22,1,positive,dataset2
4870,1001,68,2,1,positive,dataset2
4871,1001,72,25,2,positive,dataset2
4872,1001,73,2,1,positive,dataset2
4873,1001,122,2,1,positive,dataset2
4874,1002,3,2,1,positive,dataset2
4875,1002,3,2,2,positive,dataset2
4876,1002,21,17,1,positive,dataset2
4877,1002,21,22,2,positive,dataset2
4878,1002,22,17,1,positive,dataset2
4879,1002,24,2,2,positive,dataset2
4880,1002,39,23,1,positive,dataset2
4881,1002,40,2,1,positive,dataset2
4882,1002,41,17,1,positive,dataset2
4883,1002,42,23,1,positive,dataset2
4884,1002,60,15,1,positive,dataset2
4885,1002,60,22,1,positive,dataset2
4886,1002,60,22,2,positive,dataset2
4887,1002,60,23,1,positive,dataset2
4888,1002,73,2,2,positive,dataset2
4889,1002,89,2,1,positive,dataset2
4890,1003,21,26,2,positive,dataset2
4891,1004,3,2,1,positive,dataset2
4892,1004,3,2,2,positive,dataset2
4893,1004,3,6,1,positive,dataset2
4894,1004,3,12,1,positive,dataset2
4895,1004,18,12,1,positive,dataset2
4896,1004,21,12,1,positive,dataset2
4897,1004,21,15,2,positive,dataset2
4898,1004,21,17,2,positive,dataset2
4899,1004,21,22,1,positive,dataset2
4900,1004,21,35,1,positive,dataset2
4901,1004,35,6,1,positive,dataset2
4902,1004,39,23,1,positive,dataset2
4903,1004,41,17,2,positive,dataset2
4904,1004,42,23,1,positive,dataset2
4905,1004,53,12,1,positive,dataset2
4906,1004,58,6,1,positive,dataset2
4907,1004,60,6,1,positive,dataset2
4908,1004,60,17,2,positive,dataset2
4909,1004,73,2,1,positive,dataset2
4910,1004,84,6,1,positive,dataset2
4911,1004,84,12,1,positive,dataset2
4912,1004,89,2,1,positive,dataset2
4913,1004,90,6,1,positive,dataset2
4914,1005,3,2,1,positive,dataset2
4915,1005,89,2,1,positive,dataset2
4916,1006,3,2,2,positive,dataset2
4917,1006,21,0,1,positive,dataset2
4918,1006,21,2,1,positive,dataset2
4919,1006,21,12,1,positive,dataset2
4920,1006,21,15,2,positive,dataset2
4921,1006,21,17,1,positive,dataset2
4922,1006,21,22,1,positive,dataset2
4923,1006,21,22,2,positive,dataset2
4924,1006,21,31,2,positive,dataset2
4925,1006,21,35,1,positive,dataset2
4926,1006,21,49,1,positive,dataset2
4927,1006,25,2,1,positive,dataset2
4928,1006,26,18,1,positive,dataset2
4929,1006,26,18,2,positive,dataset2
4930,1006,39,2,1,positive,dataset2
4931,1006,39,6,1,positive,dataset2
4932,1006,40,2,1,positive,dataset2
4933,1006,42,49,1,positive,dataset2
4934,1006,52,2,1,positive,dataset2
4935,1006,56,2,2,positive,dataset2
4936,1006,58,6,1,positive,dataset2
4937,1006,60,2,1,positive,dataset2
4938,1006,60,2,2,positive,dataset2
4939,1006,60,17,1,positive,dataset2
4940,1006,60,17,2,positive,dataset2
4941,1006,60,22,1,positive,dataset2
4942,1006,60,22,2,positive,dataset2
4943,1006,60,24,1,positive,dataset2
4944,1006,70,2,1,positive,dataset2
4945,1006,73,2,1,positive,dataset2
4946,1006,75,28,1,positive,dataset2
4947,1006,75,28,2,positive,dataset2
4948,1006,82,2,1,positive,dataset2
4949,1006,83,18,1,positive,dataset2
4950,1006,83,18,2,positive,dataset2
4951,1006,98,18,1,positive,dataset2
4952,1006,102,2,1,positive,dataset2
4953,1006,119,17,1,positive,dataset2
4954,1006,132,60,1,positive,dataset2
4955,1007,21,22,1,positive,dataset2
4956,1007,25,2,1,positive,dataset2
4957,1007,39,2,1,positive,dataset2
4958,1007,39,23,1,positive,dataset2
4959,1007,40,2,1,positive,dataset2
4960,1007,42,23,1,positive,dataset2
4961,1007,52,2,1,positive,dataset2
4962,1007,60,2,1,positive,dataset2
4963,1007,72,25,1,positive,dataset2
4964,1007,73,2,2,positive,dataset2
4965,1007,102,2,1,positive,dataset2
4966,1008,21,26,1,positive,dataset2
4967,1009,21,22,1,positive,dataset2
4968,1009,39,6,2,positive,dataset2
4969,1010,3,2,1,positive,dataset2
4970,1010,3,12,2,positive,dataset2
4971,1010,21,2,2,positive,dataset2
4972,1010,21,15,2,positive,dataset2
4973,1010,21,17,1,positive,dataset2
4974,1010,21,22,1,positive,dataset2
4975,1010,21,23,2,positive,dataset2
4976,1010,21,35,1,positive,dataset2
4977,1010,21,51,1,positive,dataset2
4978,1010,26,18,1,positive,dataset2
4979,1010,26,18,2,positive,dataset2
4980,1010,39,6,2,positive,dataset2
4981,1010,39,12,1,positive,dataset2
4982,1010,39,32,2,positive,dataset2
4983,1010,42,29,2,positive,dataset2
4984,1010,60,17,2,positive,dataset2
4985,1010,60,22,1,positive,dataset2
4986,1010,60,22,2,positive,dataset2
4987,1010,60,24,2,positive,dataset2
4988,1010,73,2,1,positive,dataset2
4989,1010,73,2,2,positive,dataset2
4990,1010,83,18,1,positive,dataset2
4991,1010,83,18,2,positive,dataset2
4992,1010,133,2,2,positive,dataset2
4993,1011,3,21,1,positive,dataset2
4994,1011,21,17,1,positive,dataset2
4995,1011,21,17,2,positive,dataset2
4996,1011,26,18,1,positive,dataset2
4997,1011,35,2,1,positive,dataset2
4998,1011,35,34,2,positive,dataset2
4999,1011,57,17,1,positive,dataset2
5000,1011,58,6,1,positive,dataset2
5001,1011,58,6,2,positive,dataset2
5002,1011,61,17,1,positive,dataset2
5003,1011,83,18,1,positive,dataset2
5004,1011,95,17,1,positive,dataset2
5005,1012,39,6,2,positive,dataset2
5006,1012,61,2,2,positive,dataset2
5007,1012,73,2,2,positive,dataset2
5008,1013,3,2,2,positive,dataset2
5009,1013,3,12,2,positive,dataset2
5010,1013,3,26,2,positive,dataset2
5011,1013,21,2,1,positive,dataset2
5012,1013,21,17,2,positive,dataset2
5013,1013,21,22,1,positive,dataset2
5014,1013,21,22,2,positive,dataset2
5015,1013,21,26,2,positive,dataset2
5016,1013,21,35,1,positive,dataset2
5017,1013,21,51,2,positive,dataset2
5018,1013,39,6,1,positive,dataset2
5019,1013,39,6,2,positive,dataset2
5020,1013,39,26,1,positive,dataset2
5021,1013,39,26,2,positive,dataset2
5022,1013,42,22,1,positive,dataset2
5023,1013,58,6,1,positive,dataset2
5024,1013,58,6,2,positive,dataset2
5025,1013,58,26,2,positive,dataset2
5026,1013,60,17,2,positive,dataset2
5027,1013,73,2,2,positive,dataset2
5028,1013,83,18,1,positive,dataset2
5029,1013,98,18,1,positive,dataset2
5030,1014,3,12,1,positive,dataset2
5031,1014,18,12,1,positive,dataset2
5032,1014,21,12,1,positive,dataset2
5033,1014,21,15,1,positive,dataset2
5034,1014,21,15,2,positive,dataset2
5035,1014,21,17,1,positive,dataset2
5036,1014,21,22,2,positive,dataset2
5037,1014,53,12,1,positive,dataset2
5038,1014,58,6,1,positive,dataset2
5039,1014,84,12,1,positive,dataset2
5040,1015,3,2,1,positive,dataset2
5041,1015,21,5,2,positive,dataset2
5042,1015,21,17,2,positive,dataset2
5043,1015,21,22,1,positive,dataset2
5044,1015,21,22,2,positive,dataset2
5045,1015,21,28,2,positive,dataset2
5046,1015,21,35,1,positive,dataset2
5047,1015,21,49,2,positive,dataset2
5048,1015,29,48,1,positive,dataset2
5049,1015,39,6,2,positive,dataset2
5050,1015,42,49,2,positive,dataset2
5051,1015,52,6,2,positive,dataset2
5052,1015,60,17,2,positive,dataset2
5053,1015,60,22,2,positive,dataset2
5054,1015,60,24,2,positive,dataset2
5055,1015,71,12,1,positive,dataset2
5056,1015,73,2,2,positive,dataset2
5057,1015,75,10,2,positive,dataset2
5058,1015,89,2,1,positive,dataset2
5059,1015,107,2,2,positive,dataset2
5060,1015,117,13,2,positive,dataset2
5061,1016,95,17,2,positive,dataset2
5062,1017,3,2,1,positive,dataset2
5063,1017,3,21,2,positive,dataset2
5064,1017,3,61,1,positive,dataset2
5065,1017,12,61,2,positive,dataset2
5066,1017,21,26,2,positive,dataset2
5067,1017,21,47,2,positive,dataset2
5068,1017,21,61,1,positive,dataset2
5069,1017,25,61,1,positive,dataset2
5070,1017,26,18,1,positive,dataset2
5071,1017,35,2,2,positive,dataset2
5072,1017,42,61,1,positive,dataset2
5073,1017,60,17,1,positive,dataset2
5074,1017,60,17,2,positive,dataset2
5075,1017,60,22,2,positive,dataset2
5076,1017,83,18,1,positive,dataset2
5077,1017,95,17,2,positive,dataset2
5078,1017,98,18,1,positive,dataset2
5079,1018,26,18,1,positive,dataset2
5080,1018,31,2,1,positive,dataset2
5081,1018,39,23,1,positive,dataset2
5082,1018,42,23,1,positive,dataset2
5083,1018,42,23,2,positive,dataset2
5084,1018,60,2,1,positive,dataset2
5085,1018,83,18,1,positive,dataset2
5086,1019,21,26,1,positive,dataset2
5087,1020,71,12,1,positive,dataset2
5088,1021,3,2,2,positive,dataset2
5089,1021,3,39,1,positive,dataset2
5090,1021,21,35,1,positive,dataset2
5091,1021,26,18,2,positive,dataset2
5092,1021,35,39,1,positive,dataset2
5093,1021,39,23,1,positive,dataset2
5094,1021,39,26,2,positive,dataset2
5095,1021,42,23,1,positive,dataset2
5096,1021,47,38,2,positive,dataset2
5097,1021,60,32,1,positive,dataset2
5098,1021,71,12,2,positive,dataset2
5099,1021,83,18,2,positive,dataset2
5100,1022,26,18,2,positive,dataset2
5101,1022,42,23,1,positive,dataset2
5102,1022,60,17,1,positive,dataset2
5103,1022,83,18,2,positive,dataset2
5104,1023,3,2,1,positive,dataset2
5105,1023,3,2,2,positive,dataset2
5106,1023,21,17,1,positive,dataset2
5107,1023,21,22,2,positive,dataset2
5108,1023,21,31,2,positive,dataset2
5109,1023,21,35,1,positive,dataset2
5110,1023,21,51,1,positive,dataset2
5111,1023,26,18,2,positive,dataset2
5112,1023,30,45,1,positive,dataset2
5113,1023,39,6,2,positive,dataset2
5114,1023,39,23,1,positive,dataset2
5115,1023,39,47,2,positive,dataset2
5116,1023,40,2,2,positive,dataset2
5117,1023,41,17,2,positive,dataset2
5118,1023,42,23,1,positive,dataset2
5119,1023,60,2,2,positive,dataset2
5120,1023,60,24,1,positive,dataset2
5121,1023,60,37,1,positive,dataset2
5122,1023,71,12,2,positive,dataset2
5123,1023,72,25,2,positive,dataset2
5124,1023,73,2,1,positive,dataset2
5125,1023,73,2,2,positive,dataset2
5126,1023,80,2,2,positive,dataset2
5127,1023,83,18,2,positive,dataset2
5128,1023,89,2,1,positive,dataset2
5129,1023,98,18,2,positive,dataset2
5130,1023,99,24,1,positive,dataset2
5131,1023,123,54,1,positive,dataset2
5132,1023,134,62,1,positive,dataset2
5133,1024,3,2,1,positive,dataset2
5134,1024,3,12,2,positive,dataset2
5135,1024,21,18,2,positive,dataset2
5136,1024,21,22,1,positive,dataset2
5137,1024,21,22,2,positive,dataset2
5138,1024,26,18,2,positive,dataset2
5139,1024,39,6,2,positive,dataset2
5140,1024,39,23,1,positive,dataset2
5141,1024,42,23,1,positive,dataset2
5142,1024,58,6,2,positive,dataset2
5143,1024,60,17,2,positive,dataset2
5144,1024,60,22,2,positive,dataset2
5145,1024,71,12,2,positive,dataset2
5146,1024,73,2,1,positive,dataset2
5147,1024,73,2,2,positive,dataset2
5148,1024,83,18,2,positive,dataset2
5149,1024,98,18,2,positive,dataset2
5150,1025,3,12,1,positive,dataset2
5151,1025,12,19,1,positive,dataset2
5152,1025,18,12,1,positive,dataset2
5153,1025,21,12,1,positive,dataset2
5154,1025,21,17,1,positive,dataset2
5155,1025,26,18,1,positive,dataset2
5156,1025,39,23,1,positive,dataset2
5157,1025,40,2,1,positive,dataset2
5158,1025,42,23,1,positive,dataset2
5159,1025,53,12,1,positive,dataset2
5160,1025,58,6,1,positive,dataset2
5161,1025,58,6,2,positive,dataset2
5162,1025,60,17,1,positive,dataset2
5163,1025,73,2,1,positive,dataset2
5164,1025,83,18,1,positive,dataset2
5165,1025,84,12,1,positive,dataset2
5166,1025,90,17,2,positive,dataset2
5167,1026,95,17,2,positive,dataset2
5168,1027,21,26,2,positive,dataset2
5169,1027,26,18,1,positive,dataset2
5170,1027,40,2,1,positive,dataset2
5171,1027,40,2,2,positive,dataset2
5172,1027,60,17,1,positive,dataset2
5173,1027,60,22,2,positive,dataset2
5174,1027,73,2,1,positive,dataset2
5175,1027,83,18,1,positive,dataset2
5176,1027,95,17,2,positive,dataset2
5177,1028,95,17,2,positive,dataset2
5178,1029,95,17,1,positive,dataset2
5179,1030,3,2,1,positive,dataset2
5180,1030,3,26,2,positive,dataset2
5181,1030,21,26,2,positive,dataset2
5182,1030,39,6,1,positive,dataset2
5183,1030,39,26,2,positive,dataset2
5184,1030,58,6,1,positive,dataset2
5185,1030,72,25,2,positive,dataset2
5186,1030,73,2,2,positive,dataset2
5187,1030,84,26,2,positive,dataset2
5188,1030,89,2,1,positive,dataset2
5189,1030,95,17,1,positive,dataset2
5190,1031,31,2,2,positive,dataset2
5191,1031,42,23,1,positive,dataset2
5192,1031,73,2,2,positive,dataset2
5193,1032,95,17,2,positive,dataset2
5194,1033,21,35,1,positive,dataset2
5195,1033,42,23,1,positive,dataset2
5196,1033,73,2,1,positive,dataset2
5197,1034,3,2,1,positive,dataset2
5198,1034,3,2,2,positive,dataset2
5199,1034,12,19,2,positive,dataset2
5200,1034,21,17,1,positive,dataset2
5201,1034,21,47,1,positive,dataset2
5202,1034,31,24,1,positive,dataset2
5203,1034,31,24,2,positive,dataset2
5204,1034,39,6,1,positive,dataset2
5205,1034,39,23,1,positive,dataset2
5206,1034,40,2,2,positive,dataset2
5207,1034,42,23,1,positive,dataset2
5208,1034,58,5,2,positive,dataset2
5209,1034,58,6,1,positive,dataset2
5210,1034,58,6,2,positive,dataset2
5211,1034,60,15,2,positive,dataset2
5212,1034,60,17,2,positive,dataset2
5213,1034,61,17,2,positive,dataset2
5214,1034,73,2,2,positive,dataset2
5215,1034,95,17,2,positive,dataset2
5216,1035,21,26,1,positive,dataset2
5217,1035,95,17,1,positive,dataset2
5218,1036,42,23,1,positive,dataset2
5219,1037,3,2,2,positive,dataset2
5220,1037,24,2,2,positive,dataset2
5221,1037,26,18,1,positive,dataset2
5222,1037,58,6,1,positive,dataset2
5223,1037,58,6,2,positive,dataset2
5224,1037,60,22,1,positive,dataset2
5225,1037,73,2,2,positive,dataset2
5226,1037,83,18,1,positive,dataset2
5227,1037,95,17,1,positive,dataset2
5228,1038,3,12,1,positive,dataset2
5229,1038,60,2,1,positive,dataset2
5230,1039,3,12,2,positive,dataset2
5231,1040,21,23,1,positive,dataset2
5232,1040,21,26,1,positive,dataset2
5233,1040,39,23,1,positive,dataset2
5234,1040,42,23,1,positive,dataset2
5235,1040,95,17,2,positive,dataset2
5236,1041,16,6,2,positive,dataset2
5237,1041,39,6,2,positive,dataset2
5238,1041,39,23,1,positive,dataset2
5239,1041,42,23,1,positive,dataset2
5240,1041,58,6,2,positive,dataset2
5241,1041,71,12,2,positive,dataset2
5242,1042,40,2,1,positive,dataset2
5243,1042,71,12,2,positive,dataset2
5244,1042,83,18,2,positive,dataset2
5245,1042,98,18,2,positive,dataset2
5246,1043,3,2,2,positive,dataset2
5247,1043,3,6,2,positive,dataset2
5248,1043,3,12,1,positive,dataset2
5249,1043,12,19,1,positive,dataset2
5250,1043,16,6,2,positive,dataset2
5251,1043,18,12,1,positive,dataset2
5252,1043,21,12,1,positive,dataset2
5253,1043,21,17,1,positive,dataset2
5254,1043,24,2,2,positive,dataset2
5255,1043,26,18,1,positive,dataset2
5256,1043,39,6,2,positive,dataset2
5257,1043,39,23,1,positive,dataset2
5258,1043,40,2,1,positive,dataset2
5259,1043,42,23,1,positive,dataset2
5260,1043,47,38,2,positive,dataset2
5261,1043,53,6,2,positive,dataset2
5262,1043,53,12,1,positive,dataset2
5263,1043,58,6,2,positive,dataset2
5264,1043,60,17,1,positive,dataset2
5265,1043,83,18,1,positive,dataset2
5266,1043,84,6,2,positive,dataset2
5267,1043,84,12,1,positive,dataset2
5268,1043,98,18,1,positive,dataset2
5269,1044,3,12,1,positive,dataset2
5270,1045,21,26,2,positive,dataset2
5271,1045,73,2,2,positive,dataset2
5272,1045,95,17,2,positive,dataset2
5273,1046,3,2,1,positive,dataset2
5274,1046,21,17,2,positive,dataset2
5275,1046,39,6,2,positive,dataset2
5276,1046,42,23,1,positive,dataset2
5277,1046,42,23,2,positive,dataset2
5278,1046,60,24,2,positive,dataset2
5279,1046,89,2,1,positive,dataset2
5280,1047,3,2,1,positive,dataset2
5281,1047,3,2,2,positive,dataset2
5282,1047,3,6,1,positive,dataset2
5283,1047,12,19,2,positive,dataset2
5284,1047,21,17,1,positive,dataset2
5285,1047,21,17,2,positive,dataset2
5286,1047,21,35,1,positive,dataset2
5287,1047,24,17,2,positive,dataset2
5288,1047,26,18,1,positive,dataset2
5289,1047,31,17,1,positive,dataset2
5290,1047,35,6,1,positive,dataset2
5291,1047,35,17,1,positive,dataset2
5292,1047,39,5,1,positive,dataset2
5293,1047,39,6,2,positive,dataset2
5294,1047,39,47,2,positive,dataset2
5295,1047,41,17,1,positive,dataset2
5296,1047,42,23,2,positive,dataset2
5297,1047,47,38,1,positive,dataset2
5298,1047,52,21,2,positive,dataset2
5299,1047,58,6,2,positive,dataset2
5300,1047,60,6,1,positive,dataset2
5301,1047,60,24,2,positive,dataset2
5302,1047,61,17,1,positive,dataset2
5303,1047,71,12,1,positive,dataset2
5304,1047,71,12,2,positive,dataset2
5305,1047,72,25,1,positive,dataset2
5306,1047,83,18,1,positive,dataset2
5307,1047,84,6,1,positive,dataset2
5308,1047,90,6,1,positive,dataset2
5309,1047,95,17,1,positive,dataset2
5310,1047,95,17,2,positive,dataset2
5311,1047,98,18,1,positive,dataset2
5312,1048,21,26,1,positive,dataset2
5313,1048,71,12,1,positive,dataset2
5314,1048,95,17,2,positive,dataset2
5315,1049,3,0,2,positive,dataset2
5316,1049,3,2,1,positive,dataset2
5317,1049,21,2,1,positive,dataset2
5318,1049,21,22,1,positive,dataset2
5319,1049,21,49,2,positive,dataset2
5320,1049,21,51,1,positive,dataset2
5321,1049,26,18,2,positive,dataset2
5322,1049,31,12,1,positive,dataset2
5323,1049,39,12,1,positive,dataset2
5324,1049,39,23,1,positive,dataset2
5325,1049,41,17,1,positive,dataset2
5326,1049,42,23,1,positive,dataset2
5327,1049,42,23,2,positive,dataset2
5328,1049,42,49,2,positive,dataset2
5329,1049,58,6,1,positive,dataset2
5330,1049,60,12,1,positive,dataset2
5331,1049,60,17,2,positive,dataset2
5332,1049,72,25,1,positive,dataset2
5333,1049,73,2,1,positive,dataset2
5334,1049,75,28,1,positive,dataset2
5335,1049,83,18,2,positive,dataset2
5336,1049,89,2,1,positive,dataset2
5337,1049,90,12,1,positive,dataset2
5338,1049,95,17,2,positive,dataset2
5339,1049,101,6,2,positive,dataset2
5340,1049,108,17,1,positive,dataset2
5341,1049,135,6,2,positive,dataset2
5342,1050,21,17,2,positive,dataset2
5343,1050,21,42,1,positive,dataset2
5344,1050,26,18,2,positive,dataset2
5345,1050,31,24,1,positive,dataset2
5346,1050,39,6,2,positive,dataset2
5347,1050,42,23,2,positive,dataset2
5348,1050,58,6,2,positive,dataset2
5349,1050,60,22,1,positive,dataset2
5350,1050,60,22,2,positive,dataset2
5351,1050,75,10,1,positive,dataset2
5352,1050,83,18,2,positive,dataset2
5353,1050,95,17,2,positive,dataset2
5354,1050,119,17,1,positive,dataset2
5355,1051,95,17,1,positive,dataset2
5356,1052,3,2,1,positive,dataset2
5357,1052,3,2,2,positive,dataset2
5358,1052,3,12,1,positive,dataset2
5359,1052,21,22,1,positive,dataset2
5360,1052,31,2,1,positive,dataset2
5361,1052,39,47,1,positive,dataset2
5362,1052,41,17,1,positive,dataset2
5363,1052,42,23,2,positive,dataset2
5364,1052,47,38,1,positive,dataset2
5365,1052,52,5,1,positive,dataset2
5366,1052,52,6,1,positive,dataset2
5367,1052,52,41,1,positive,dataset2
5368,1052,58,6,1,positive,dataset2
5369,1052,60,22,1,positive,dataset2
5370,1052,60,22,2,positive,dataset2
5371,1052,60,24,1,positive,dataset2
5372,1052,71,12,1,positive,dataset2
5373,1052,71,12,2,positive,dataset2
5374,1052,73,2,1,positive,dataset2
5375,1052,75,28,1,positive,dataset2
5376,1052,75,28,2,positive,dataset2
5377,1052,95,17,1,positive,dataset2
5378,1052,99,24,1,positive,dataset2
5379,1053,3,12,1,positive,dataset2
5380,1053,18,12,1,positive,dataset2
5381,1053,21,12,1,positive,dataset2
5382,1053,21,17,2,positive,dataset2
5383,1053,39,23,1,positive,dataset2
5384,1053,42,23,1,positive,dataset2
5385,1053,53,12,1,positive,dataset2
5386,1053,60,22,2,positive,dataset2
5387,1053,60,26,2,positive,dataset2
5388,1053,60,32,1,positive,dataset2
5389,1053,75,28,1,positive,dataset2
5390,1053,84,12,1,positive,dataset2
5391,1053,95,17,1,positive,dataset2
5392,1054,95,17,1,positive,dataset2
5393,1055,21,15,1,positive,dataset2
5394,1055,21,17,2,positive,dataset2
5395,1055,39,6,2,positive,dataset2
5396,1055,42,23,2,positive,dataset2
5397,1055,95,17,2,positive,dataset2
5398,1056,3,2,1,positive,dataset2
5399,1056,3,12,1,positive,dataset2
5400,1056,18,12,1,positive,dataset2
5401,1056,21,2,1,positive,dataset2
5402,1056,21,6,2,positive,dataset2
5403,1056,21,12,1,positive,dataset2
5404,1056,21,15,1,positive,dataset2
5405,1056,21,17,1,positive,dataset2
5406,1056,21,17,2,positive,dataset2
5407,1056,21,22,1,positive,dataset2
5408,1056,21,26,2,positive,dataset2
5409,1056,21,51,2,positive,dataset2
5410,1056,26,18,1,positive,dataset2
5411,1056,31,17,2,positive,dataset2
5412,1056,31,24,1,positive,dataset2
5413,1056,33,2,2,positive,dataset2
5414,1056,39,6,2,positive,dataset2
5415,1056,39,47,2,positive,dataset2
5416,1056,41,17,1,positive,dataset2
5417,1056,42,23,2,positive,dataset2
5418,1056,53,12,1,positive,dataset2
5419,1056,60,2,2,positive,dataset2
5420,1056,60,22,2,positive,dataset2
5421,1056,60,24,2,positive,dataset2
5422,1056,61,17,1,positive,dataset2
5423,1056,71,12,2,positive,dataset2
5424,1056,72,25,2,positive,dataset2
5425,1056,83,18,1,positive,dataset2
5426,1056,84,12,1,positive,dataset2
5427,1056,95,17,1,positive,dataset2
5428,1056,98,18,1,positive,dataset2
5429,1057,73,2,2,positive,dataset2
5430,1058,21,6,2,positive,dataset2
5431,1058,21,15,2,positive,dataset2
5432,1059,3,2,1,positive,dataset2
5433,1059,3,2,2,positive,dataset2
5434,1059,3,5,2,positive,dataset2
5435,1059,3,30,2,positive,dataset2
5436,1059,21,12,2,positive,dataset2
5437,1059,21,17,1,positive,dataset2
5438,1059,21,18,2,positive,dataset2
5439,1059,21,22,1,positive,dataset2
5440,1059,21,22,2,positive,dataset2
5441,1059,21,49,2,positive,dataset2
5442,1059,26,18,1,positive,dataset2
5443,1059,31,2,2,positive,dataset2
5444,1059,31,24,2,positive,dataset2
5445,1059,39,6,1,positive,dataset2
5446,1059,39,6,2,positive,dataset2
5447,1059,39,12,2,positive,dataset2
5448,1059,39,26,1,positive,dataset2
5449,1059,39,26,2,positive,dataset2
5450,1059,40,2,1,positive,dataset2
5451,1059,41,17,2,positive,dataset2
5452,1059,42,17,2,positive,dataset2
5453,1059,42,49,2,positive,dataset2
5454,1059,47,38,1,positive,dataset2
5455,1059,58,6,1,positive,dataset2
5456,1059,58,6,2,positive,dataset2
5457,1059,58,26,2,positive,dataset2
5458,1059,60,22,1,positive,dataset2
5459,1059,60,22,2,positive,dataset2
5460,1059,60,32,1,positive,dataset2
5461,1059,71,12,1,positive,dataset2
5462,1059,75,10,2,positive,dataset2
5463,1059,75,18,2,positive,dataset2
5464,1059,75,28,2,positive,dataset2
5465,1059,83,18,1,positive,dataset2
5466,1059,97,0,1,positive,dataset2
5467,1059,136,17,2,positive,dataset2
5468,1060,3,6,2,positive,dataset2
5469,1060,21,22,1,positive,dataset2
5470,1060,35,6,2,positive,dataset2
5471,1060,60,6,2,positive,dataset2
5472,1060,73,2,1,positive,dataset2
5473,1060,84,6,2,positive,dataset2
5474,1060,90,6,2,positive,dataset2
5475,1060,95,17,2,positive,dataset2
5476,1061,1,26,2,positive,dataset2
5477,1061,3,2,1,positive,dataset2
5478,1061,3,12,1,positive,dataset2
5479,1061,21,17,1,positive,dataset2
5480,1061,21,17,2,positive,dataset2
5481,1061,21,22,1,positive,dataset2
5482,1061,21,22,2,positive,dataset2
5483,1061,21,31,1,positive,dataset2
5484,1061,21,35,1,positive,dataset2
5485,1061,26,18,2,positive,dataset2
5486,1061,31,2,1,positive,dataset2
5487,1061,40,2,1,positive,dataset2
5488,1061,41,17,1,positive,dataset2
5489,1061,42,23,1,positive,dataset2
5490,1061,58,6,2,positive,dataset2
5491,1061,60,2,1,positive,dataset2
5492,1061,60,24,2,positive,dataset2
5493,1061,71,12,1,positive,dataset2
5494,1061,73,2,1,positive,dataset2
5495,1061,73,2,2,positive,dataset2
5496,1061,83,18,2,positive,dataset2
5497,1061,89,2,1,positive,dataset2
5498,1061,95,17,2,positive,dataset2
5499,1061,98,18,2,positive,dataset2
5500,1061,108,17,1,positive,dataset2
5501,1062,21,26,2,positive,dataset2
5502,1062,71,12,2,positive,dataset2
5503,1063,31,2,1,positive,dataset2
5504,1064,1,26,2,positive,dataset2
5505,1064,3,2,1,positive,dataset2
5506,1064,16,57,2,positive,dataset2
5507,1064,21,17,2,positive,dataset2
5508,1064,21,23,2,positive,dataset2
5509,1064,26,18,1,positive,dataset2
5510,1064,31,24,2,positive,dataset2
5511,1064,35,12,2,positive,dataset2
5512,1064,35,13,1,positive,dataset2
5513,1064,39,6,2,positive,dataset2
5514,1064,39,23,1,positive,dataset2
5515,1064,39,57,2,positive,dataset2
5516,1064,42,23,1,positive,dataset2
5517,1064,58,6,1,positive,dataset2
5518,1064,58,6,2,positive,dataset2
5519,1064,60,22,2,positive,dataset2
5520,1064,72,25,2,positive,dataset2
5521,1064,73,2,1,positive,dataset2
5522,1064,73,2,2,positive,dataset2
5523,1064,75,10,1,positive,dataset2
5524,1064,77,13,1,positive,dataset2
5525,1064,83,18,2,positive,dataset2
5526,1064,89,2,1,positive,dataset2
5527,1064,98,18,2,positive,dataset2
5528,1065,21,26,1,positive,dataset2
5529,1066,3,17,1,positive,dataset2
5530,1066,3,26,2,positive,dataset2
5531,1066,3,37,2,positive,dataset2
5532,1066,12,19,2,positive,dataset2
5533,1066,20,26,2,positive,dataset2
5534,1066,21,17,1,positive,dataset2
5535,1066,21,26,2,positive,dataset2
5536,1066,26,18,2,positive,dataset2
5537,1066,31,26,2,positive,dataset2
5538,1066,33,2,1,positive,dataset2
5539,1066,35,2,1,positive,dataset2
5540,1066,39,5,2,positive,dataset2
5541,1066,39,6,2,positive,dataset2
5542,1066,39,26,2,positive,dataset2
5543,1066,41,17,1,positive,dataset2
5544,1066,42,23,1,positive,dataset2
5545,1066,54,2,1,positive,dataset2
5546,1066,58,6,1,positive,dataset2
5547,1066,58,6,2,positive,dataset2
5548,1066,60,17,1,positive,dataset2
5549,1066,60,17,2,positive,dataset2
5550,1066,60,22,1,positive,dataset2
5551,1066,60,22,2,positive,dataset2
5552,1066,60,26,2,positive,dataset2
5553,1066,72,25,2,positive,dataset2
5554,1066,73,2,1,positive,dataset2
5555,1066,73,2,2,positive,dataset2
5556,1066,83,18,1,positive,dataset2
5557,1066,83,18,2,positive,dataset2
5558,1066,84,26,2,positive,dataset2
5559,1066,90,17,2,positive,dataset2
5560,1066,98,18,1,positive,dataset2
5561,1066,98,18,2,positive,dataset2
5562,1067,21,17,1,positive,dataset2
5563,1067,21,35,2,positive,dataset2
5564,1067,60,17,1,positive,dataset2
5565,1068,3,2,2,positive,dataset2
5566,1068,21,22,1,positive,dataset2
5567,1068,24,2,2,positive,dataset2
5568,1068,26,18,1,positive,dataset2
5569,1068,39,23,2,positive,dataset2
5570,1068,40,2,2,positive,dataset2
5571,1068,42,23,1,positive,dataset2
5572,1068,42,23,2,positive,dataset2
5573,1068,83,18,1,positive,dataset2
5574,1068,83,18,2,positive,dataset2
5575,1068,98,18,2,positive,dataset2
5576,1068,105,12,2,positive,dataset2
5577,1068,106,12,2,positive,dataset2
5578,1069,21,22,1,positive,dataset2
5579,1069,21,35,1,positive,dataset2
5580,1069,42,23,2,positive,dataset2
5581,1069,60,15,1,positive,dataset2
5582,1069,83,18,1,positive,dataset2
5583,1069,98,18,1,positive,dataset2
5584,1069,107,2,1,positive,dataset2
5585,1070,21,17,2,positive,dataset2
5586,1071,3,37,1,positive,dataset2
5587,1071,39,23,1,positive,dataset2
5588,1071,42,23,1,positive,dataset2
5589,1071,83,18,1,positive,dataset2
5590,1071,98,18,1,positive,dataset2
5591,1072,21,17,2,positive,dataset2
5592,1072,73,2,1,positive,dataset2
5593,1073,21,15,2,positive,dataset2
5594,1073,21,22,1,positive,dataset2
5595,1073,21,26,1,positive,dataset2
5596,1073,35,2,1,positive,dataset2
5597,1073,39,26,1,positive,dataset2
5598,1073,58,6,2,positive,dataset2
5599,1073,73,28,2,positive,dataset2
5600,1073,75,10,2,positive,dataset2
5601,1074,26,18,2,positive,dataset2
5602,1075,26,18,2,positive,dataset2
5603,1076,3,2,1,positive,dataset2
5604,1076,3,21,1,positive,dataset2
5605,1076,3,22,2,positive,dataset2
5606,1076,18,21,1,positive,dataset2
5607,1076,21,2,2,positive,dataset2
5608,1076,21,21,1,positive,dataset2
5609,1076,21,22,2,positive,dataset2
5610,1076,21,64,2,positive,dataset2
5611,1076,26,18,2,positive,dataset2
5612,1076,60,37,1,positive,dataset2
5613,1076,83,18,2,positive,dataset2
5614,1076,97,0,1,positive,dataset2
5615,1077,3,0,2,positive,dataset2
5616,1077,3,2,1,positive,dataset2
5617,1077,3,2,2,positive,dataset2
5618,1077,3,6,2,positive,dataset2
5619,1077,3,12,2,positive,dataset2
5620,1077,3,17,2,positive,dataset2
5621,1077,3,21,1,positive,dataset2
5622,1077,3,22,2,positive,dataset2
5623,1077,3,26,2,positive,dataset2
5624,1077,20,26,2,positive,dataset2
5625,1077,21,6,1,positive,dataset2
5626,1077,21,12,2,positive,dataset2
5627,1077,21,21,2,positive,dataset2
5628,1077,21,22,1,positive,dataset2
5629,1077,21,22,2,positive,dataset2
5630,1077,21,31,2,positive,dataset2
5631,1077,31,2,2,positive,dataset2
5632,1077,31,17,1,positive,dataset2
5633,1077,31,26,2,positive,dataset2
5634,1077,39,26,2,positive,dataset2
5635,1077,47,38,1,positive,dataset2
5636,1077,52,41,2,positive,dataset2
5637,1077,58,17,1,positive,dataset2
5638,1077,60,2,2,positive,dataset2
5639,1077,60,17,1,positive,dataset2
5640,1077,60,22,2,positive,dataset2
5641,1077,60,24,2,positive,dataset2
5642,1077,60,26,2,positive,dataset2
5643,1077,60,32,1,positive,dataset2
5644,1077,71,12,2,positive,dataset2
5645,1077,72,25,1,positive,dataset2
5646,1077,73,2,1,positive,dataset2
5647,1077,75,10,2,positive,dataset2
5648,1077,81,17,1,positive,dataset2
5649,1077,84,2,2,positive,dataset2
5650,1077,89,2,1,positive,dataset2
5651,1077,90,17,1,positive,dataset2
5652,1077,90,17,2,positive,dataset2
5653,1078,3,22,2,positive,dataset2
5654,1078,21,22,2,positive,dataset2
5655,1078,26,18,2,positive,dataset2
5656,1078,75,28,2,positive,dataset2
5657,1078,83,18,2,positive,dataset2
5658,1079,3,2,1,positive,dataset2
5659,1079,21,6,1,positive,dataset2
5660,1079,21,22,1,positive,dataset2
5661,1079,21,22,2,positive,dataset2
5662,1079,21,51,1,positive,dataset2
5663,1079,26,18,2,positive,dataset2
5664,1079,39,6,2,positive,dataset2
5665,1079,42,29,1,positive,dataset2
5666,1079,58,6,1,positive,dataset2
5667,1079,58,6,2,positive,dataset2
5668,1079,60,27,2,positive,dataset2
5669,1079,71,12,1,positive,dataset2
5670,1079,73,2,1,positive,dataset2
5671,1079,83,18,2,positive,dataset2
5672,1079,89,2,1,positive,dataset2
5673,1079,90,17,2,positive,dataset2
5674,1079,98,18,2,positive,dataset2
5675,1080,3,2,1,positive,dataset2
5676,1080,3,26,1,positive,dataset2
5677,1080,12,19,1,positive,dataset2
5678,1080,12,19,2,positive,dataset2
5679,1080,18,22,1,positive,dataset2
5680,1080,21,17,2,positive,dataset2
5681,1080,21,22,1,positive,dataset2
5682,1080,21,22,2,positive,dataset2
5683,1080,21,26,1,positive,dataset2
5684,1080,21,49,1,positive,dataset2
5685,1080,26,18,2,positive,dataset2
5686,1080,30,45,1,positive,dataset2
5687,1080,33,2,1,positive,dataset2
5688,1080,39,6,1,positive,dataset2
5689,1080,39,26,1,positive,dataset2
5690,1080,40,2,1,positive,dataset2
5691,1080,41,17,2,positive,dataset2
5692,1080,42,23,1,positive,dataset2
5693,1080,42,23,2,positive,dataset2
5694,1080,42,49,1,positive,dataset2
5695,1080,58,6,1,positive,dataset2
5696,1080,60,2,1,positive,dataset2
5697,1080,60,15,1,positive,dataset2
5698,1080,60,15,2,positive,dataset2
5699,1080,60,17,2,positive,dataset2
5700,1080,60,22,2,positive,dataset2
5701,1080,71,12,1,positive,dataset2
5702,1080,73,2,2,positive,dataset2
5703,1080,75,28,2,positive,dataset2
5704,1080,83,18,2,positive,dataset2
5705,1080,84,26,1,positive,dataset2
5706,1080,89,2,1,positive,dataset2
5707,1080,98,18,2,positive,dataset2
5708,1081,39,6,1,positive,dataset2
5709,1081,58,6,2,positive,dataset2
5710,1082,71,12,2,positive,dataset2
5711,1082,74,24,1,positive,dataset2
5712,1083,3,2,1,positive,dataset2
5713,1083,3,6,2,positive,dataset2
5714,1083,35,6,2,positive,dataset2
5715,1083,39,23,1,positive,dataset2
5716,1083,42,23,1,positive,dataset2
5717,1083,42,23,2,positive,dataset2
5718,1083,60,6,2,positive,dataset2
5719,1083,71,12,2,positive,dataset2
5720,1083,84,6,2,positive,dataset2
5721,1083,89,2,1,positive,dataset2
5722,1083,90,6,2,positive,dataset2
5723,1084,1,26,2,positive,dataset2
5724,1084,3,2,1,positive,dataset2
5725,1084,3,26,1,positive,dataset2
5726,1084,12,19,1,positive,dataset2
5727,1084,21,8,2,positive,dataset2
5728,1084,21,17,2,positive,dataset2
5729,1084,21,22,2,positive,dataset2
5730,1084,21,26,1,positive,dataset2
5731,1084,21,31,2,positive,dataset2
5732,1084,29,48,1,positive,dataset2
5733,1084,30,45,1,positive,dataset2
5734,1084,35,2,1,positive,dataset2
5735,1084,39,5,1,positive,dataset2
5736,1084,39,6,2,positive,dataset2
5737,1084,39,23,1,positive,dataset2
5738,1084,39,26,1,positive,dataset2
5739,1084,42,23,1,positive,dataset2
5740,1084,58,5,1,positive,dataset2
5741,1084,60,17,2,positive,dataset2
5742,1084,60,22,1,positive,dataset2
5743,1084,60,24,2,positive,dataset2
5744,1084,69,2,2,positive,dataset2
5745,1084,71,12,1,positive,dataset2
5746,1084,73,2,2,positive,dataset2
5747,1084,74,24,1,positive,dataset2
5748,1084,75,28,1,positive,dataset2
5749,1084,75,28,2,positive,dataset2
5750,1084,83,18,2,positive,dataset2
5751,1084,84,26,1,positive,dataset2
5752,1084,89,2,1,positive,dataset2
5753,1084,98,18,2,positive,dataset2
5754,1084,130,17,1,positive,dataset2
5755,1085,1,26,2,positive,dataset2
5756,1085,3,2,1,positive,dataset2
5757,1085,3,2,2,positive,dataset2
5758,1085,3,12,1,positive,dataset2
5759,1085,3,37,2,positive,dataset2
5760,1085,21,2,1,positive,dataset2
5761,1085,21,12,1,positive,dataset2
5762,1085,21,17,2,positive,dataset2
5763,1085,21,22,1,positive,dataset2
5764,1085,21,35,1,positive,dataset2
5765,1085,21,42,1,positive,dataset2
5766,1085,21,47,2,positive,dataset2
5767,1085,24,12,1,positive,dataset2
5768,1085,31,2,1,positive,dataset2
5769,1085,31,24,2,positive,dataset2
5770,1085,34,17,2,positive,dataset2
5771,1085,39,6,2,positive,dataset2
5772,1085,39,12,1,positive,dataset2
5773,1085,39,23,2,positive,dataset2
5774,1085,39,26,1,positive,dataset2
5775,1085,41,15,2,positive,dataset2
5776,1085,41,17,2,positive,dataset2
5777,1085,42,2,1,positive,dataset2
5778,1085,42,23,1,positive,dataset2
5779,1085,42,23,2,positive,dataset2
5780,1085,57,17,1,positive,dataset2
5781,1085,58,6,1,positive,dataset2
5782,1085,58,6,2,positive,dataset2
5783,1085,60,2,1,positive,dataset2
5784,1085,60,22,1,positive,dataset2
5785,1085,60,22,2,positive,dataset2
5786,1085,60,32,1,positive,dataset2
5787,1085,72,25,2,positive,dataset2
5788,1085,73,2,1,positive,dataset2
5789,1085,84,6,2,positive,dataset2
5790,1085,89,2,1,positive,dataset2
5791,1085,121,36,2,positive,dataset2
5792,1085,122,6,2,positive,dataset2
5793,1085,137,17,2,positive,dataset2
5794,1086,3,2,2,positive,dataset2
5795,1086,21,42,1,positive,dataset2
5796,1086,39,6,2,positive,dataset2
5797,1086,42,23,1,positive,dataset2
5798,1087,1,26,2,positive,dataset2
5799,1087,3,2,1,positive,dataset2
5800,1087,3,2,2,positive,dataset2
5801,1087,3,30,2,positive,dataset2
5802,1087,3,37,1,positive,dataset2
5803,1087,20,2,2,positive,dataset2
5804,1087,20,18,2,positive,dataset2
5805,1087,21,2,1,positive,dataset2
5806,1087,21,2,2,positive,dataset2
5807,1087,21,17,1,positive,dataset2
5808,1087,21,17,2,positive,dataset2
5809,1087,21,22,2,positive,dataset2
5810,1087,21,30,2,positive,dataset2
5811,1087,21,36,1,positive,dataset2
5812,1087,21,42,1,positive,dataset2
5813,1087,21,47,2,positive,dataset2
5814,1087,21,49,2,positive,dataset2
5815,1087,21,58,2,positive,dataset2
5816,1087,24,12,1,positive,dataset2
5817,1087,31,2,2,positive,dataset2
5818,1087,31,15,2,positive,dataset2
5819,1087,31,17,1,positive,dataset2
5820,1087,31,24,2,positive,dataset2
5821,1087,34,17,2,positive,dataset2
5822,1087,35,30,2,positive,dataset2
5823,1087,39,6,2,positive,dataset2
5824,1087,39,37,2,positive,dataset2
5825,1087,39,47,2,positive,dataset2
5826,1087,40,2,2,positive,dataset2
5827,1087,41,17,2,positive,dataset2
5828,1087,42,23,1,positive,dataset2
5829,1087,42,23,2,positive,dataset2
5830,1087,42,29,2,positive,dataset2
5831,1087,42,49,2,positive,dataset2
5832,1087,58,6,1,positive,dataset2
5833,1087,58,6,2,positive,dataset2
5834,1087,60,18,2,positive,dataset2
5835,1087,60,22,1,positive,dataset2
5836,1087,60,24,1,positive,dataset2
5837,1087,73,2,1,positive,dataset2
5838,1087,73,2,2,positive,dataset2
5839,1087,74,22,2,positive,dataset2
5840,1087,84,26,2,positive,dataset2
5841,1087,121,36,2,positive,dataset2
5842,1088,21,42,1,positive,dataset2
5843,1088,39,6,2,positive,dataset2
5844,1088,39,23,2,positive,dataset2
5845,1088,42,23,1,positive,dataset2
5846,1088,42,23,2,positive,dataset2
5847,1088,60,32,1,positive,dataset2
5848,1089,21,26,1,positive,dataset2
5849,1089,71,12,1,positive,dataset2
5850,1090,1,26,2,positive,dataset2
5851,1090,3,2,1,positive,dataset2
5852,1090,3,2,2,positive,dataset2
5853,1090,3,8,1,positive,dataset2
5854,1090,3,26,2,positive,dataset2
5855,1090,18,22,2,positive,dataset2
5856,1090,21,2,1,positive,dataset2
5857,1090,21,6,1,positive,dataset2
5858,1090,21,6,2,positive,dataset2
5859,1090,21,8,1,positive,dataset2
5860,1090,21,17,2,positive,dataset2
5861,1090,21,18,2,positive,dataset2
5862,1090,21,21,2,positive,dataset2
5863,1090,21,22,1,positive,dataset2
5864,1090,21,22,2,positive,dataset2
5865,1090,21,25,2,positive,dataset2
5866,1090,21,26,2,positive,dataset2
5867,1090,21,36,1,positive,dataset2
5868,1090,21,49,2,positive,dataset2
5869,1090,22,17,2,positive,dataset2
5870,1090,25,2,1,positive,dataset2
5871,1090,26,18,1,positive,dataset2
5872,1090,31,2,1,positive,dataset2
5873,1090,31,24,2,positive,dataset2
5874,1090,31,26,2,positive,dataset2
5875,1090,34,17,1,positive,dataset2
5876,1090,39,2,1,positive,dataset2
5877,1090,39,2,2,positive,dataset2
5878,1090,39,5,1,positive,dataset2
5879,1090,39,6,2,positive,dataset2
5880,1090,39,8,1,positive,dataset2
5881,1090,39,26,2,positive,dataset2
5882,1090,40,2,2,positive,dataset2
5883,1090,41,17,2,positive,dataset2
5884,1090,42,17,2,positive,dataset2
5885,1090,42,23,2,positive,dataset2
5886,1090,42,49,2,positive,dataset2
5887,1090,52,2,1,positive,dataset2
5888,1090,52,15,2,positive,dataset2
5889,1090,52,21,2,positive,dataset2
5890,1090,56,22,2,positive,dataset2
5891,1090,57,17,2,positive,dataset2
5892,1090,58,6,1,positive,dataset2
5893,1090,58,6,2,positive,dataset2
5894,1090,60,2,1,positive,dataset2
5895,1090,60,2,2,positive,dataset2
5896,1090,60,15,2,positive,dataset2
5897,1090,60,17,2,positive,dataset2
5898,1090,60,22,2,positive,dataset2
5899,1090,60,24,1,positive,dataset2
5900,1090,60,24,2,positive,dataset2
5901,1090,60,26,2,positive,dataset2
5902,1090,60,36,2,positive,dataset2
5903,1090,73,2,1,positive,dataset2
5904,1090,73,2,2,positive,dataset2
5905,1090,74,22,2,positive,dataset2
5906,1090,83,18,1,positive,dataset2
5907,1090,84,26,2,positive,dataset2
5908,1090,84,36,2,positive,dataset2
5909,1090,89,2,1,positive,dataset2
5910,1090,99,24,1,positive,dataset2
5911,1090,102,2,1,positive,dataset2
5912,1090,121,36,2,positive,dataset2
5913,1090,138,36,2,positive,dataset2
5914,1090,139,6,2,positive,dataset2
5915,1091,39,23,1,positive,dataset2
5916,1091,41,17,2,positive,dataset2
5917,1091,42,23,1,positive,dataset2
5918,1091,90,17,2,positive,dataset2
5919,1092,3,21,1,positive,dataset2
5920,1092,12,19,2,positive,dataset2
5921,1092,21,17,2,positive,dataset2
5922,1092,21,35,1,positive,dataset2
5923,1092,35,2,1,positive,dataset2
5924,1092,39,26,1,positive,dataset2
5925,1092,83,18,2,positive,dataset2
5926,1092,98,18,2,positive,dataset2
5927,1093,3,2,1,positive,dataset2
5928,1093,21,17,2,positive,dataset2
5929,1093,58,6,2,positive,dataset2
5930,1094,3,2,1,positive,dataset2
5931,1094,3,2,2,positive,dataset2
5932,1094,3,12,1,positive,dataset2
5933,1094,3,21,2,positive,dataset2
5934,1094,21,2,1,positive,dataset2
5935,1094,21,6,2,positive,dataset2
5936,1094,21,15,2,positive,dataset2
5937,1094,21,17,1,positive,dataset2
5938,1094,21,17,2,positive,dataset2
5939,1094,21,21,2,positive,dataset2
5940,1094,21,22,1,positive,dataset2
5941,1094,21,23,2,positive,dataset2
5942,1094,21,26,2,positive,dataset2
5943,1094,21,47,2,positive,dataset2
5944,1094,21,49,2,positive,dataset2
5945,1094,21,51,1,positive,dataset2
5946,1094,24,2,2,positive,dataset2
5947,1094,31,2,2,positive,dataset2
5948,1094,31,24,2,positive,dataset2
5949,1094,39,2,2,positive,dataset2
5950,1094,39,5,1,positive,dataset2
5951,1094,39,5,2,positive,dataset2
5952,1094,39,6,2,positive,dataset2
5953,1094,39,26,2,positive,dataset2
5954,1094,39,47,2,positive,dataset2
5955,1094,40,2,2,positive,dataset2
5956,1094,41,17,2,positive,dataset2
5957,1094,42,17,2,positive,dataset2
5958,1094,42,23,1,positive,dataset2
5959,1094,42,49,2,positive,dataset2
5960,1094,47,28,2,positive,dataset2
5961,1094,52,21,2,positive,dataset2
5962,1094,57,17,2,positive,dataset2
5963,1094,58,6,1,positive,dataset2
5964,1094,58,6,2,positive,dataset2
5965,1094,60,2,2,positive,dataset2
5966,1094,60,5,2,positive,dataset2
5967,1094,60,6,2,positive,dataset2
5968,1094,60,22,1,positive,dataset2
5969,1094,60,24,1,positive,dataset2
5970,1094,72,25,2,positive,dataset2
5971,1094,73,2,1,positive,dataset2
5972,1094,73,2,2,positive,dataset2
5973,1094,75,10,2,positive,dataset2
5974,1094,75,18,2,positive,dataset2
5975,1094,130,17,2,positive,dataset2
5976,1095,39,6,2,positive,dataset2
5977,1095,42,23,1,positive,dataset2
5978,1096,57,17,2,positive,dataset2
5979,1097,95,17,1,positive,dataset2
5980,1098,26,18,1,positive,dataset2
5981,1098,31,2,2,positive,dataset2
5982,1098,83,18,1,positive,dataset2
5983,1099,3,39,2,positive,dataset2
5984,1099,21,6,2,positive,dataset2
5985,1099,21,17,2,positive,dataset2
5986,1099,21,22,2,positive,dataset2
5987,1099,21,26,2,positive,dataset2
5988,1099,21,30,1,positive,dataset2
5989,1099,21,31,2,positive,dataset2
5990,1099,25,2,2,positive,dataset2
5991,1099,26,18,1,positive,dataset2
5992,1099,26,18,2,positive,dataset2
5993,1099,31,2,2,positive,dataset2
5994,1099,31,24,1,positive,dataset2
5995,1099,31,24,2,positive,dataset2
5996,1099,33,2,2,positive,dataset2
5997,1099,35,39,2,positive,dataset2
5998,1099,39,2,2,positive,dataset2
5999,1099,39,6,2,positive,dataset2
6000,1099,39,26,2,positive,dataset2
6001,1099,42,23,1,positive,dataset2
6002,1099,52,41,2,positive,dataset2
6003,1099,58,6,2,positive,dataset2
6004,1099,58,26,2,positive,dataset2
6005,1099,60,22,2,positive,dataset2
6006,1099,68,12,2,positive,dataset2
6007,1099,71,12,2,positive,dataset2
6008,1099,72,25,2,positive,dataset2
6009,1099,75,28,1,positive,dataset2
6010,1099,83,18,1,positive,dataset2
6011,1099,83,18,2,positive,dataset2
6012,1099,95,17,1,positive,dataset2
6013,1099,98,18,2,positive,dataset2
6014,1100,71,12,2,positive,dataset2
6015,1100,95,17,1,positive,dataset2
6016,1101,71,12,1,positive,dataset2
6017,1102,3,2,1,positive,dataset2
6018,1102,3,2,2,positive,dataset2
6019,1102,3,18,2,positive,dataset2
6020,1102,3,22,1,positive,dataset2
6021,1102,3,37,1,positive,dataset2
6022,1102,3,37,2,positive,dataset2
6023,1102,18,17,1,positive,dataset2
6024,1102,21,2,1,positive,dataset2
6025,1102,21,2,2,positive,dataset2
6026,1102,21,10,2,positive,dataset2
6027,1102,21,17,1,positive,dataset2
6028,1102,21,17,2,positive,dataset2
6029,1102,21,18,1,positive,dataset2
6030,1102,21,18,2,positive,dataset2
6031,1102,21,22,1,positive,dataset2
6032,1102,21,24,2,positive,dataset2
6033,1102,21,37,2,positive,dataset2
6034,1102,31,2,2,positive,dataset2
6035,1102,31,24,2,positive,dataset2
6036,1102,33,2,1,positive,dataset2
6037,1102,34,18,2,positive,dataset2
6038,1102,39,23,1,positive,dataset2
6039,1102,41,2,2,positive,dataset2
6040,1102,41,17,2,positive,dataset2
6041,1102,42,23,1,positive,dataset2
6042,1102,42,23,2,positive,dataset2
6043,1102,42,29,2,positive,dataset2
6044,1102,42,42,2,positive,dataset2
6045,1102,49,2,1,positive,dataset2
6046,1102,49,2,2,positive,dataset2
6047,1102,49,18,2,positive,dataset2
6048,1102,58,6,1,positive,dataset2
6049,1102,58,6,2,positive,dataset2
6050,1102,60,2,1,positive,dataset2
6051,1102,60,2,2,positive,dataset2
6052,1102,60,15,1,positive,dataset2
6053,1102,60,37,2,positive,dataset2
6054,1102,83,65,2,positive,dataset2
6055,1102,89,2,1,positive,dataset2
6056,1102,94,36,1,positive,dataset2
6057,1102,95,17,1,positive,dataset2
6058,1103,3,2,1,positive,dataset2
6059,1103,3,45,2,positive,dataset2
6060,1103,21,2,2,positive,dataset2
6061,1103,21,15,2,positive,dataset2
6062,1103,21,22,1,positive,dataset2
6063,1103,21,26,1,positive,dataset2
6064,1103,21,26,2,positive,dataset2
6065,1103,21,51,1,positive,dataset2
6066,1103,24,17,2,positive,dataset2
6067,1103,39,6,2,positive,dataset2
6068,1103,39,22,2,positive,dataset2
6069,1103,39,26,1,positive,dataset2
6070,1103,41,17,2,positive,dataset2
6071,1103,58,6,1,positive,dataset2
6072,1103,58,6,2,positive,dataset2
6073,1103,71,12,1,positive,dataset2
6074,1103,73,2,2,positive,dataset2
6075,1103,89,2,1,positive,dataset2
6076,1103,130,17,2,positive,dataset2
6077,1103,140,27,2,positive,dataset2
6078,1104,83,18,2,positive,dataset2
6079,1105,21,35,1,positive,dataset2
6080,1106,21,17,1,positive,dataset2
6081,1106,58,6,1,positive,dataset2
6082,1107,21,26,2,positive,dataset2
6083,1108,3,12,1,positive,dataset2
6084,1108,21,35,1,positive,dataset2
6085,1108,39,6,2,positive,dataset2
6086,1108,39,26,1,positive,dataset2
6087,1109,3,2,1,positive,dataset2
6088,1109,3,12,2,positive,dataset2
6089,1109,3,21,2,positive,dataset2
6090,1109,3,26,1,positive,dataset2
6091,1109,12,19,2,positive,dataset2
6092,1109,18,21,2,positive,dataset2
6093,1109,21,6,1,positive,dataset2
6094,1109,21,17,2,positive,dataset2
6095,1109,21,21,2,positive,dataset2
6096,1109,21,22,1,positive,dataset2
6097,1109,21,22,2,positive,dataset2
6098,1109,21,26,1,positive,dataset2
6099,1109,21,31,2,positive,dataset2
6100,1109,26,18,1,positive,dataset2
6101,1109,29,48,1,positive,dataset2
6102,1109,30,45,1,positive,dataset2
6103,1109,31,26,1,positive,dataset2
6104,1109,35,13,1,positive,dataset2
6105,1109,35,21,2,positive,dataset2
6106,1109,39,6,1,positive,dataset2
6107,1109,39,6,2,positive,dataset2
6108,1109,39,23,1,positive,dataset2
6109,1109,39,26,1,positive,dataset2
6110,1109,39,41,1,positive,dataset2
6111,1109,41,17,1,positive,dataset2
6112,1109,41,17,2,positive,dataset2
6113,1109,42,23,1,positive,dataset2
6114,1109,42,23,2,positive,dataset2
6115,1109,52,21,2,positive,dataset2
6116,1109,58,6,1,positive,dataset2
6117,1109,58,6,2,positive,dataset2
6118,1109,58,41,1,positive,dataset2
6119,1109,60,2,2,positive,dataset2
6120,1109,60,15,2,positive,dataset2
6121,1109,60,22,1,positive,dataset2
6122,1109,60,24,2,positive,dataset2
6123,1109,71,12,2,positive,dataset2
6124,1109,73,2,2,positive,dataset2
6125,1109,74,24,1,positive,dataset2
6126,1109,75,28,2,positive,dataset2
6127,1109,77,41,1,positive,dataset2
6128,1109,83,18,2,positive,dataset2
6129,1109,84,26,1,positive,dataset2
6130,1109,130,17,1,positive,dataset2
6131,1110,3,12,1,positive,dataset2
6132,1110,12,19,1,positive,dataset2
6133,1110,21,23,2,positive,dataset2
6134,1110,31,2,2,positive,dataset2
6135,1110,60,32,1,positive,dataset2
6136,1110,73,2,1,positive,dataset2
6137,1111,3,2,2,positive,dataset2
6138,1111,3,12,2,positive,dataset2
6139,1111,21,17,2,positive,dataset2
6140,1111,21,22,1,positive,dataset2
6141,1111,21,22,2,positive,dataset2
6142,1111,26,18,2,positive,dataset2
6143,1111,31,24,2,positive,dataset2
6144,1111,39,5,1,positive,dataset2
6145,1111,39,5,2,positive,dataset2
6146,1111,39,6,2,positive,dataset2
6147,1111,39,23,1,positive,dataset2
6148,1111,41,17,1,positive,dataset2
6149,1111,42,23,1,positive,dataset2
6150,1111,56,22,2,positive,dataset2
6151,1111,58,6,1,positive,dataset2
6152,1111,58,6,2,positive,dataset2
6153,1111,60,2,1,positive,dataset2
6154,1111,60,2,2,positive,dataset2
6155,1111,60,17,2,positive,dataset2
6156,1111,60,22,2,positive,dataset2
6157,1111,60,24,2,positive,dataset2
6158,1111,71,12,2,positive,dataset2
6159,1111,72,25,2,positive,dataset2
6160,1111,73,2,1,positive,dataset2
6161,1111,74,24,1,positive,dataset2
6162,1111,75,28,2,positive,dataset2
6163,1111,83,18,2,positive,dataset2
6164,1112,3,12,1,positive,dataset2
6165,1112,21,22,2,positive,dataset2
6166,1112,21,23,2,positive,dataset2
6167,1112,26,18,1,positive,dataset2
6168,1112,31,2,2,positive,dataset2
6169,1112,39,6,1,positive,dataset2
6170,1112,39,23,1,positive,dataset2
6171,1112,39,23,2,positive,dataset2
6172,1112,40,2,1,positive,dataset2
6173,1112,42,23,2,positive,dataset2
6174,1112,54,2,2,positive,dataset2
6175,1112,73,2,1,positive,dataset2
6176,1112,74,24,1,positive,dataset2
6177,1112,83,18,1,positive,dataset2
6178,1113,3,2,1,positive,dataset2
6179,1113,3,2,2,positive,dataset2
6180,1113,3,6,1,positive,dataset2
6181,1113,3,8,2,positive,dataset2
6182,1113,3,12,1,positive,dataset2
6183,1113,3,24,1,positive,dataset2
6184,1113,3,26,1,positive,dataset2
6185,1113,3,28,1,positive,dataset2
6186,1113,6,13,2,positive,dataset2
6187,1113,10,12,2,positive,dataset2
6188,1113,12,19,2,positive,dataset2
6189,1113,19,10,1,positive,dataset2
6190,1113,19,28,1,positive,dataset2
6191,1113,21,2,1,positive,dataset2
6192,1113,21,8,1,positive,dataset2
6193,1113,21,8,2,positive,dataset2
6194,1113,21,10,1,positive,dataset2
6195,1113,21,12,1,positive,dataset2
6196,1113,21,12,2,positive,dataset2
6197,1113,21,15,1,positive,dataset2
6198,1113,21,17,1,positive,dataset2
6199,1113,21,21,1,positive,dataset2
6200,1113,21,22,1,positive,dataset2
6201,1113,21,22,2,positive,dataset2
6202,1113,21,23,2,positive,dataset2
6203,1113,21,26,1,positive,dataset2
6204,1113,21,30,2,positive,dataset2
6205,1113,21,31,1,positive,dataset2
6206,1113,22,17,1,positive,dataset2
6207,1113,24,2,2,positive,dataset2
6208,1113,29,13,1,positive,dataset2
6209,1113,31,2,1,positive,dataset2
6210,1113,31,17,1,positive,dataset2
6211,1113,31,24,1,positive,dataset2
6212,1113,31,26,1,positive,dataset2
6213,1113,32,24,1,positive,dataset2
6214,1113,34,17,2,positive,dataset2
6215,1113,35,6,1,positive,dataset2
6216,1113,39,5,1,positive,dataset2
6217,1113,39,5,2,positive,dataset2
6218,1113,39,6,1,positive,dataset2
6219,1113,39,6,2,positive,dataset2
6220,1113,39,8,2,positive,dataset2
6221,1113,39,12,1,positive,dataset2
6222,1113,39,23,1,positive,dataset2
6223,1113,39,25,1,positive,dataset2
6224,1113,39,26,1,positive,dataset2
6225,1113,39,47,1,positive,dataset2
6226,1113,40,2,1,positive,dataset2
6227,1113,41,15,1,positive,dataset2
6228,1113,41,17,1,positive,dataset2
6229,1113,42,2,1,positive,dataset2
6230,1113,42,22,2,positive,dataset2
6231,1113,42,23,1,positive,dataset2
6232,1113,42,23,2,positive,dataset2
6233,1113,42,29,1,positive,dataset2
6234,1113,47,38,1,positive,dataset2
6235,1113,58,5,1,positive,dataset2
6236,1113,58,5,2,positive,dataset2
6237,1113,58,6,1,positive,dataset2
6238,1113,58,6,2,positive,dataset2
6239,1113,58,25,1,positive,dataset2
6240,1113,60,2,1,positive,dataset2
6241,1113,60,2,2,positive,dataset2
6242,1113,60,15,1,positive,dataset2
6243,1113,60,17,2,positive,dataset2
6244,1113,60,22,1,positive,dataset2
6245,1113,60,22,2,positive,dataset2
6246,1113,60,24,2,positive,dataset2
6247,1113,60,25,1,positive,dataset2
6248,1113,60,26,1,positive,dataset2
6249,1113,60,28,1,positive,dataset2
6250,1113,60,31,1,positive,dataset2
6251,1113,71,12,1,positive,dataset2
6252,1113,72,25,1,positive,dataset2
6253,1113,73,2,1,positive,dataset2
6254,1113,74,24,1,positive,dataset2
6255,1113,75,28,1,positive,dataset2
6256,1113,75,28,2,positive,dataset2
6257,1113,77,28,1,positive,dataset2
6258,1113,83,18,1,positive,dataset2
6259,1113,89,2,1,positive,dataset2
6260,1113,95,17,1,positive,dataset2
6261,1113,98,18,1,positive,dataset2
6262,1113,141,17,1,positive,dataset2
6263,1113,142,25,1,positive,dataset2
6264,1114,21,26,1,positive,dataset2
6265,1114,95,17,1,positive,dataset2
6266,1115,3,2,1,positive,dataset2
6267,1115,3,2,2,positive,dataset2
6268,1115,3,12,1,positive,dataset2
6269,1115,3,25,2,positive,dataset2
6270,1115,3,26,2,positive,dataset2
6271,1115,21,2,2,positive,dataset2
6272,1115,21,22,2,positive,dataset2
6273,1115,21,26,2,positive,dataset2
6274,1115,21,35,2,positive,dataset2
6275,1115,26,18,1,positive,dataset2
6276,1115,26,18,2,positive,dataset2
6277,1115,29,0,2,positive,dataset2
6278,1115,31,2,1,positive,dataset2
6279,1115,31,24,1,positive,dataset2
6280,1115,33,2,1,positive,dataset2
6281,1115,39,6,2,positive,dataset2
6282,1115,39,23,1,positive,dataset2
6283,1115,39,26,2,positive,dataset2
6284,1115,39,47,2,positive,dataset2
6285,1115,40,2,1,positive,dataset2
6286,1115,42,23,1,positive,dataset2
6287,1115,42,23,2,positive,dataset2
6288,1115,42,29,1,positive,dataset2
6289,1115,52,5,1,positive,dataset2
6290,1115,52,6,1,positive,dataset2
6291,1115,52,41,1,positive,dataset2
6292,1115,60,17,2,positive,dataset2
6293,1115,60,22,1,positive,dataset2
6294,1115,60,22,2,positive,dataset2
6295,1115,60,32,1,positive,dataset2
6296,1115,71,12,1,positive,dataset2
6297,1115,72,25,1,positive,dataset2
6298,1115,73,2,1,positive,dataset2
6299,1115,74,24,2,positive,dataset2
6300,1115,75,10,1,positive,dataset2
6301,1115,75,28,1,positive,dataset2
6302,1115,83,18,2,positive,dataset2
6303,1115,84,26,2,positive,dataset2
6304,1115,90,2,1,positive,dataset2
6305,1115,95,17,1,positive,dataset2
6306,1115,98,18,2,positive,dataset2
6307,1115,107,2,2,positive,dataset2
6308,1116,21,35,1,positive,dataset2
6309,1117,3,12,1,positive,dataset2
6310,1117,21,18,2,positive,dataset2
6311,1117,21,26,2,positive,dataset2
6312,1117,42,23,2,positive,dataset2
6313,1117,75,10,2,positive,dataset2
6314,1117,75,28,1,positive,dataset2
6315,1117,83,18,1,positive,dataset2
6316,1117,83,18,2,positive,dataset2
6317,1117,98,18,2,positive,dataset2
6318,1118,42,23,1,positive,dataset2
6319,1119,42,23,1,positive,dataset2
6320,1119,42,23,2,positive,dataset2
6321,1120,60,32,1,positive,dataset2
6322,1120,75,28,1,positive,dataset2
6323,1120,95,17,2,positive,dataset2
6324,1121,95,17,1,positive,dataset2
6325,1122,21,35,1,positive,dataset2
6326,1122,95,17,1,positive,dataset2
6327,1123,3,12,1,positive,dataset2
6328,1123,40,2,1,positive,dataset2
6329,1124,21,26,1,positive,dataset2
6330,1124,95,17,2,positive,dataset2
6331,1125,3,2,1,positive,dataset2
6332,1125,3,29,2,positive,dataset2
6333,1125,20,18,2,positive,dataset2
6334,1125,21,22,1,positive,dataset2
6335,1125,21,35,1,positive,dataset2
6336,1125,21,42,2,positive,dataset2
6337,1125,31,17,2,positive,dataset2
6338,1125,41,17,1,positive,dataset2
6339,1125,60,17,2,positive,dataset2
6340,1125,73,2,1,positive,dataset2
6341,1125,95,17,2,positive,dataset2
6342,1126,21,6,2,positive,dataset2
6343,1126,58,6,1,positive,dataset2
6344,1126,95,17,2,positive,dataset2
6345,1127,21,22,2,positive,dataset2
6346,1128,3,2,1,positive,dataset2
6347,1128,3,2,2,positive,dataset2
6348,1128,3,12,1,positive,dataset2
6349,1128,3,22,2,positive,dataset2
6350,1128,3,49,2,positive,dataset2
6351,1128,18,34,2,positive,dataset2
6352,1128,21,2,2,positive,dataset2
6353,1128,21,22,1,positive,dataset2
6354,1128,21,22,2,positive,dataset2
6355,1128,21,25,1,positive,dataset2
6356,1128,21,26,1,positive,dataset2
6357,1128,21,31,1,positive,dataset2
6358,1128,21,49,2,positive,dataset2
6359,1128,21,51,1,positive,dataset2
6360,1128,21,66,1,positive,dataset2
6361,1128,25,2,1,positive,dataset2
6362,1128,34,17,1,positive,dataset2
6363,1128,39,2,1,positive,dataset2
6364,1128,39,5,2,positive,dataset2
6365,1128,39,26,1,positive,dataset2
6366,1128,40,2,2,positive,dataset2
6367,1128,41,15,1,positive,dataset2
6368,1128,41,17,1,positive,dataset2
6369,1128,42,23,1,positive,dataset2
6370,1128,42,29,2,positive,dataset2
6371,1128,42,49,2,positive,dataset2
6372,1128,44,24,2,positive,dataset2
6373,1128,47,38,1,positive,dataset2
6374,1128,52,2,1,positive,dataset2
6375,1128,58,6,1,positive,dataset2
6376,1128,60,2,1,positive,dataset2
6377,1128,60,32,1,positive,dataset2
6378,1128,71,12,1,positive,dataset2
6379,1128,72,25,1,positive,dataset2
6380,1128,73,2,1,positive,dataset2
6381,1128,73,2,2,positive,dataset2
6382,1128,83,18,2,positive,dataset2
6383,1128,84,34,2,positive,dataset2
6384,1128,102,2,1,positive,dataset2
6385,1129,3,2,1,positive,dataset2
6386,1129,21,22,2,positive,dataset2
6387,1129,89,2,1,positive,dataset2
6388,1130,95,17,1,positive,dataset2
6389,1131,39,5,2,positive,dataset2
6390,1132,3,2,1,positive,dataset2
6391,1132,3,6,1,positive,dataset2
6392,1132,3,12,1,positive,dataset2
6393,1132,12,19,1,positive,dataset2
6394,1132,16,57,1,positive,dataset2
6395,1132,21,17,1,positive,dataset2
6396,1132,21,17,2,positive,dataset2
6397,1132,21,22,1,positive,dataset2
6398,1132,21,22,2,positive,dataset2
6399,1132,35,6,1,positive,dataset2
6400,1132,39,6,2,positive,dataset2
6401,1132,39,57,1,positive,dataset2
6402,1132,40,2,1,positive,dataset2
6403,1132,41,17,1,positive,dataset2
6404,1132,42,23,2,positive,dataset2
6405,1132,52,21,1,positive,dataset2
6406,1132,52,41,2,positive,dataset2
6407,1132,58,6,2,positive,dataset2
6408,1132,60,6,1,positive,dataset2
6409,1132,60,31,2,positive,dataset2
6410,1132,71,12,2,positive,dataset2
6411,1132,73,2,2,positive,dataset2
6412,1132,83,18,1,positive,dataset2
6413,1132,84,5,1,positive,dataset2
6414,1132,84,6,1,positive,dataset2
6415,1132,90,6,1,positive,dataset2
6416,1132,95,17,1,positive,dataset2
6417,1132,98,18,1,positive,dataset2
6418,1132,143,5,1,positive,dataset2
6419,1133,3,2,1,positive,dataset2
6420,1133,3,30,1,positive,dataset2
6421,1133,3,30,2,positive,dataset2
6422,1133,21,22,1,positive,dataset2
6423,1133,39,6,1,positive,dataset2
6424,1133,58,6,1,positive,dataset2
6425,1133,58,26,1,positive,dataset2
6426,1133,71,12,1,positive,dataset2
6427,1133,89,2,1,positive,dataset2
6428,1134,3,2,1,positive,dataset2
6429,1134,18,17,1,positive,dataset2
6430,1134,21,17,1,positive,dataset2
6431,1134,21,17,2,positive,dataset2
6432,1134,21,21,2,positive,dataset2
6433,1134,21,22,2,positive,dataset2
6434,1134,58,6,2,positive,dataset2
6435,1134,60,22,2,positive,dataset2
6436,1134,60,24,2,positive,dataset2
6437,1134,83,18,2,positive,dataset2
6438,1134,89,2,1,positive,dataset2
6439,1135,21,26,1,positive,dataset2
6440,1136,3,0,2,positive,dataset2
6441,1136,3,26,2,positive,dataset2
6442,1136,3,30,2,positive,dataset2
6443,1136,18,22,1,positive,dataset2
6444,1136,20,2,2,positive,dataset2
6445,1136,20,18,2,positive,dataset2
6446,1136,21,2,2,positive,dataset2
6447,1136,21,17,2,positive,dataset2
6448,1136,21,22,2,positive,dataset2
6449,1136,28,13,2,positive,dataset2
6450,1136,31,2,2,positive,dataset2
6451,1136,31,24,2,positive,dataset2
6452,1136,35,2,1,positive,dataset2
6453,1136,39,6,2,positive,dataset2
6454,1136,41,18,2,positive,dataset2
6455,1136,42,23,2,positive,dataset2
6456,1136,49,2,1,positive,dataset2
6457,1136,58,6,2,positive,dataset2
6458,1136,60,12,1,positive,dataset2
6459,1136,60,18,1,positive,dataset2
6460,1136,60,18,2,positive,dataset2
6461,1136,60,26,2,positive,dataset2
6462,1136,71,12,1,positive,dataset2
6463,1136,73,2,1,positive,dataset2
6464,1137,31,2,2,positive,dataset2
6465,1137,101,6,2,positive,dataset2
6466,1138,144,10,1,positive,dataset2
6467,1139,21,22,2,positive,dataset2
6468,1140,3,2,2,positive,dataset2
6469,1140,3,12,2,positive,dataset2
6470,1140,3,26,2,positive,dataset2
6471,1140,18,17,2,positive,dataset2
6472,1140,21,2,2,positive,dataset2
6473,1140,21,17,2,positive,dataset2
6474,1140,21,22,2,positive,dataset2
6475,1140,21,24,2,positive,dataset2
6476,1140,21,26,2,positive,dataset2
6477,1140,21,49,2,positive,dataset2
6478,1140,26,18,1,positive,dataset2
6479,1140,35,2,1,positive,dataset2
6480,1140,39,6,2,positive,dataset2
6481,1140,39,23,1,positive,dataset2
6482,1140,39,26,2,positive,dataset2
6483,1140,41,17,1,positive,dataset2
6484,1140,41,17,2,positive,dataset2
6485,1140,42,23,1,positive,dataset2
6486,1140,42,42,2,positive,dataset2
6487,1140,42,49,2,positive,dataset2
6488,1140,47,38,2,positive,dataset2
6489,1140,58,6,1,positive,dataset2
6490,1140,58,6,2,positive,dataset2
6491,1140,58,26,2,positive,dataset2
6492,1140,60,2,2,positive,dataset2
6493,1140,60,22,1,positive,dataset2
6494,1140,60,22,2,positive,dataset2
6495,1140,60,36,2,positive,dataset2
6496,1140,73,2,2,positive,dataset2
6497,1140,75,28,1,positive,dataset2
6498,1140,83,18,1,positive,dataset2
6499,1140,84,5,1,positive,dataset2
6500,1140,98,18,1,positive,dataset2
6501,1140,119,17,2,positive,dataset2
6502,1141,58,6,1,positive,dataset2
6503,1141,58,6,2,positive,dataset2
6504,1142,21,22,2,positive,dataset2
6505,1142,71,12,1,positive,dataset2
6506,1143,60,32,1,positive,dataset2
6507,1144,47,38,2,positive,dataset2
6508,1145,3,2,1,positive,dataset2
6509,1145,21,17,2,positive,dataset2
6510,1145,21,26,1,positive,dataset2
6511,1145,39,5,2,positive,dataset2
6512,1145,39,6,2,positive,dataset2
6513,1145,39,26,1,positive,dataset2
6514,1145,58,5,2,positive,dataset2
6515,1145,71,12,1,positive,dataset2
6516,1145,89,2,1,positive,dataset2
6517,1146,60,32,2,positive,dataset2
6518,1147,42,23,1,positive,dataset2
6519,1147,47,38,1,positive,dataset2
6520,1147,75,10,1,positive,dataset2
6521,1148,21,26,1,positive,dataset2
6522,1149,3,2,1,positive,dataset2
6523,1149,3,2,2,positive,dataset2
6524,1149,3,12,1,positive,dataset2
6525,1149,3,21,2,positive,dataset2
6526,1149,3,26,2,positive,dataset2
6527,1149,18,12,1,positive,dataset2
6528,1149,21,10,2,positive,dataset2
6529,1149,21,12,1,positive,dataset2
6530,1149,21,21,2,positive,dataset2
6531,1149,21,22,1,positive,dataset2
6532,1149,21,26,2,positive,dataset2
6533,1149,21,35,2,positive,dataset2
6534,1149,21,38,2,positive,dataset2
6535,1149,21,51,1,positive,dataset2
6536,1149,39,6,2,positive,dataset2
6537,1149,39,26,2,positive,dataset2
6538,1149,41,15,1,positive,dataset2
6539,1149,53,12,1,positive,dataset2
6540,1149,58,5,1,positive,dataset2
6541,1149,58,6,2,positive,dataset2
6542,1149,58,26,2,positive,dataset2
6543,1149,60,2,2,positive,dataset2
6544,1149,60,5,2,positive,dataset2
6545,1149,60,12,2,positive,dataset2
6546,1149,60,17,2,positive,dataset2
6547,1149,60,18,2,positive,dataset2
6548,1149,60,22,2,positive,dataset2
6549,1149,71,12,1,positive,dataset2
6550,1149,73,2,1,positive,dataset2
6551,1149,73,2,2,positive,dataset2
6552,1149,75,28,1,positive,dataset2
6553,1149,84,12,1,positive,dataset2
6554,1149,84,26,2,positive,dataset2
6555,1149,87,17,1,positive,dataset2
6556,1149,145,12,2,positive,dataset2
6557,1150,12,19,1,positive,dataset2
6558,1150,39,23,1,positive,dataset2
6559,1150,42,23,1,positive,dataset2
6560,1150,71,12,1,positive,dataset2
6561,1151,21,26,1,positive,dataset2
6562,1151,21,26,2,positive,dataset2
6563,1151,73,2,2,positive,dataset2
6564,1151,95,17,1,positive,dataset2
6565,1152,3,2,1,positive,dataset2
6566,1152,3,2,2,positive,dataset2
6567,1152,3,12,1,positive,dataset2
6568,1152,3,13,1,positive,dataset2
6569,1152,3,13,2,positive,dataset2
6570,1152,3,21,1,positive,dataset2
6571,1152,19,28,1,positive,dataset2
6572,1152,21,2,1,positive,dataset2
6573,1152,21,2,2,positive,dataset2
6574,1152,21,17,1,positive,dataset2
6575,1152,21,21,1,positive,dataset2
6576,1152,21,22,1,positive,dataset2
6577,1152,21,22,2,positive,dataset2
6578,1152,21,49,2,positive,dataset2
6579,1152,21,51,1,positive,dataset2
6580,1152,26,18,1,positive,dataset2
6581,1152,30,19,1,positive,dataset2
6582,1152,39,6,2,positive,dataset2
6583,1152,39,8,1,positive,dataset2
6584,1152,39,23,1,positive,dataset2
6585,1152,40,2,1,positive,dataset2
6586,1152,40,2,2,positive,dataset2
6587,1152,41,17,1,positive,dataset2
6588,1152,42,23,1,positive,dataset2
6589,1152,42,49,2,positive,dataset2
6590,1152,47,38,2,positive,dataset2
6591,1152,51,19,1,positive,dataset2
6592,1152,58,6,1,positive,dataset2
6593,1152,58,6,2,positive,dataset2
6594,1152,60,2,2,positive,dataset2
6595,1152,60,17,2,positive,dataset2
6596,1152,60,22,2,positive,dataset2
6597,1152,60,24,2,positive,dataset2
6598,1152,60,32,1,positive,dataset2
6599,1152,71,12,1,positive,dataset2
6600,1152,71,12,2,positive,dataset2
6601,1152,73,2,1,positive,dataset2
6602,1152,75,28,1,positive,dataset2
6603,1152,83,18,1,positive,dataset2
6604,1152,83,18,2,positive,dataset2
6605,1152,84,6,2,positive,dataset2
6606,1152,89,2,1,positive,dataset2
6607,1152,95,17,1,positive,dataset2
6608,1152,98,18,2,positive,dataset2
6609,1152,146,24,1,positive,dataset2
6610,1152,147,63,2,positive,dataset2
6611,1153,21,35,1,positive,dataset2
6612,1153,21,42,2,positive,dataset2
6613,1153,26,18,1,positive,dataset2
6614,1153,26,18,2,positive,dataset2
6615,1153,31,2,2,positive,dataset2
6616,1153,39,6,2,positive,dataset2
6617,1153,39,23,1,positive,dataset2
6618,1153,42,23,1,positive,dataset2
6619,1153,60,17,2,positive,dataset2
6620,1153,83,18,1,positive,dataset2
6621,1153,83,18,2,positive,dataset2
6622,1153,95,17,1,positive,dataset2
6623,1154,21,26,2,positive,dataset2
6624,1154,73,2,2,positive,dataset2
6625,1154,95,17,1,positive,dataset2
6626,1155,3,2,1,positive,dataset2
6627,1155,3,2,2,positive,dataset2
6628,1155,3,5,1,positive,dataset2
6629,1155,21,2,1,positive,dataset2
6630,1155,21,2,2,positive,dataset2
6631,1155,21,12,1,positive,dataset2
6632,1155,21,17,1,positive,dataset2
6633,1155,21,22,1,positive,dataset2
6634,1155,21,22,2,positive,dataset2
6635,1155,21,30,2,positive,dataset2
6636,1155,26,18,1,positive,dataset2
6637,1155,29,48,1,positive,dataset2
6638,1155,30,19,1,positive,dataset2
6639,1155,31,2,1,positive,dataset2
6640,1155,31,2,2,positive,dataset2
6641,1155,39,6,2,positive,dataset2
6642,1155,39,26,2,positive,dataset2
6643,1155,39,47,1,positive,dataset2
6644,1155,40,2,1,positive,dataset2
6645,1155,41,17,1,positive,dataset2
6646,1155,51,19,1,positive,dataset2
6647,1155,58,6,1,positive,dataset2
6648,1155,58,6,2,positive,dataset2
6649,1155,60,2,2,positive,dataset2
6650,1155,60,22,1,positive,dataset2
6651,1155,60,22,2,positive,dataset2
6652,1155,60,24,2,positive,dataset2
6653,1155,71,12,1,positive,dataset2
6654,1155,71,12,2,positive,dataset2
6655,1155,72,25,2,positive,dataset2
6656,1155,73,2,1,positive,dataset2
6657,1155,83,18,1,positive,dataset2
6658,1155,84,6,2,positive,dataset2
6659,1155,84,34,1,positive,dataset2
6660,1155,95,17,1,positive,dataset2
6661,1155,98,18,1,positive,dataset2
6662,1155,125,25,2,positive,dataset2
6663,1155,146,24,1,positive,dataset2
6664,1156,3,2,2,positive,dataset2
6665,1156,21,17,1,positive,dataset2
6666,1156,21,42,2,positive,dataset2
6667,1156,24,2,2,positive,dataset2
6668,1156,31,2,2,positive,dataset2
6669,1156,39,23,1,positive,dataset2
6670,1156,40,2,2,positive,dataset2
6671,1156,41,17,1,positive,dataset2
6672,1156,42,23,1,positive,dataset2
6673,1156,60,17,2,positive,dataset2
6674,1156,72,25,2,positive,dataset2
6675,1156,95,17,1,positive,dataset2
6676,1157,3,2,2,positive,dataset2
6677,1157,3,6,1,positive,dataset2
6678,1157,3,12,2,positive,dataset2
6679,1157,3,17,1,positive,dataset2
6680,1157,3,47,2,positive,dataset2
6681,1157,21,2,2,positive,dataset2
6682,1157,21,5,2,positive,dataset2
6683,1157,21,8,2,positive,dataset2
6684,1157,21,17,1,positive,dataset2
6685,1157,21,21,2,positive,dataset2
6686,1157,21,22,1,positive,dataset2
6687,1157,21,23,1,positive,dataset2
6688,1157,21,26,1,positive,dataset2
6689,1157,21,31,1,positive,dataset2
6690,1157,21,35,1,positive,dataset2
6691,1157,21,47,2,positive,dataset2
6692,1157,31,24,1,positive,dataset2
6693,1157,31,42,2,positive,dataset2
6694,1157,34,17,1,positive,dataset2
6695,1157,34,17,2,positive,dataset2
6696,1157,39,2,2,positive,dataset2
6697,1157,39,5,2,positive,dataset2
6698,1157,39,6,1,positive,dataset2
6699,1157,42,23,1,positive,dataset2
6700,1157,47,38,1,positive,dataset2
6701,1157,53,47,2,positive,dataset2
6702,1157,58,6,1,positive,dataset2
6703,1157,60,2,2,positive,dataset2
6704,1157,60,12,2,positive,dataset2
6705,1157,60,17,2,positive,dataset2
6706,1157,71,12,1,positive,dataset2
6707,1157,72,25,1,positive,dataset2
6708,1157,75,28,1,positive,dataset2
6709,1157,107,2,1,positive,dataset2
6710,1157,107,2,2,positive,dataset2
6711,1158,3,2,2,positive,dataset2
6712,1158,21,42,1,positive,dataset2
6713,1158,39,6,2,positive,dataset2
6714,1158,39,23,2,positive,dataset2
6715,1158,42,23,2,positive,dataset2
6716,1158,60,26,2,positive,dataset2
6717,1158,75,10,2,positive,dataset2
6718,1159,1,26,2,positive,dataset2
6719,1159,3,2,1,positive,dataset2
6720,1159,3,2,2,positive,dataset2
6721,1159,3,26,1,positive,dataset2
6722,1159,20,26,1,positive,dataset2
6723,1159,21,15,1,positive,dataset2
6724,1159,21,17,1,positive,dataset2
6725,1159,21,17,2,positive,dataset2
6726,1159,21,22,1,positive,dataset2
6727,1159,21,26,1,positive,dataset2
6728,1159,21,30,2,positive,dataset2
6729,1159,21,42,1,positive,dataset2
6730,1159,26,18,1,positive,dataset2
6731,1159,31,26,1,positive,dataset2
6732,1159,39,6,1,positive,dataset2
6733,1159,39,6,2,positive,dataset2
6734,1159,41,15,2,positive,dataset2
6735,1159,41,17,2,positive,dataset2
6736,1159,42,23,1,positive,dataset2
6737,1159,42,23,2,positive,dataset2
6738,1159,42,29,1,positive,dataset2
6739,1159,52,5,1,positive,dataset2
6740,1159,52,5,2,positive,dataset2
6741,1159,52,6,2,positive,dataset2
6742,1159,52,41,2,positive,dataset2
6743,1159,54,2,1,positive,dataset2
6744,1159,58,6,1,positive,dataset2
6745,1159,60,26,1,positive,dataset2
6746,1159,60,26,2,positive,dataset2
6747,1159,71,12,1,positive,dataset2
6748,1160,95,17,2,positive,dataset2
6749,1161,73,2,1,positive,dataset2
6750,1161,95,17,2,positive,dataset2
6751,1162,95,17,2,positive,dataset2
6752,1163,3,12,1,positive,dataset2
6753,1163,40,2,1,positive,dataset2
6754,1163,60,32,1,positive,dataset2
6755,1164,60,32,2,positive,dataset2
6756,1165,21,17,2,positive,dataset2
6757,1166,21,17,1,positive,dataset2
6758,1166,39,23,2,positive,dataset2
6759,1166,41,17,1,positive,dataset2
6760,1166,42,23,2,positive,dataset2
6761,1166,75,10,1,positive,dataset2
6762,1167,39,23,1,positive,dataset2
6763,1167,47,38,2,positive,dataset2
6764,1167,60,17,1,positive,dataset2
6765,1168,21,2,2,positive,dataset2
6766,1168,21,26,2,positive,dataset2
6767,1169,3,2,1,positive,dataset2
6768,1169,3,2,2,positive,dataset2
6769,1169,3,12,1,positive,dataset2
6770,1169,18,12,1,positive,dataset2
6771,1169,21,12,1,positive,dataset2
6772,1169,21,17,1,positive,dataset2
6773,1169,21,22,1,positive,dataset2
6774,1169,21,22,2,positive,dataset2
6775,1169,21,30,2,positive,dataset2
6776,1169,21,47,2,positive,dataset2
6777,1169,25,2,2,positive,dataset2
6778,1169,35,12,2,positive,dataset2
6779,1169,39,2,2,positive,dataset2
6780,1169,39,6,1,positive,dataset2
6781,1169,39,6,2,positive,dataset2
6782,1169,40,2,2,positive,dataset2
6783,1169,52,2,2,positive,dataset2
6784,1169,53,12,1,positive,dataset2
6785,1169,58,6,2,positive,dataset2
6786,1169,60,2,2,positive,dataset2
6787,1169,60,17,2,positive,dataset2
6788,1169,60,22,1,positive,dataset2
6789,1169,68,2,1,positive,dataset2
6790,1169,71,12,2,positive,dataset2
6791,1169,75,28,1,positive,dataset2
6792,1169,75,28,2,positive,dataset2
6793,1169,83,18,1,positive,dataset2
6794,1169,84,6,2,positive,dataset2
6795,1169,84,12,1,positive,dataset2
6796,1169,97,0,1,positive,dataset2
6797,1169,98,18,1,positive,dataset2
6798,1169,102,2,2,positive,dataset2
6799,1170,26,18,2,positive,dataset2
6800,1170,83,18,2,positive,dataset2
6801,1170,107,2,1,positive,dataset2
6802,1171,21,2,2,positive,dataset2
6803,1171,21,26,1,positive,dataset2
6804,1171,71,12,1,positive,dataset2
6805,1172,3,2,2,positive,dataset2
6806,1172,21,17,1,positive,dataset2
6807,1172,21,17,2,positive,dataset2
6808,1172,21,22,1,positive,dataset2
6809,1172,21,26,2,positive,dataset2
6810,1172,21,49,2,positive,dataset2
6811,1172,21,50,2,positive,dataset2
6812,1172,25,2,2,positive,dataset2
6813,1172,35,2,1,positive,dataset2
6814,1172,39,2,2,positive,dataset2
6815,1172,39,6,1,positive,dataset2
6816,1172,39,6,2,positive,dataset2
6817,1172,39,26,2,positive,dataset2
6818,1172,42,49,2,positive,dataset2
6819,1172,52,2,2,positive,dataset2
6820,1172,58,6,1,positive,dataset2
6821,1172,58,6,2,positive,dataset2
6822,1172,60,2,2,positive,dataset2
6823,1172,60,15,1,positive,dataset2
6824,1172,60,17,2,positive,dataset2
6825,1172,60,22,1,positive,dataset2
6826,1172,60,24,1,positive,dataset2
6827,1172,72,25,2,positive,dataset2
6828,1172,73,2,1,positive,dataset2
6829,1172,73,2,2,positive,dataset2
6830,1172,75,10,2,positive,dataset2
6831,1172,75,28,1,positive,dataset2
6832,1172,84,6,2,positive,dataset2
6833,1172,84,26,2,positive,dataset2
6834,1172,85,12,2,positive,dataset2
6835,1172,90,17,2,positive,dataset2
6836,1172,99,24,1,positive,dataset2
6837,1172,102,2,2,positive,dataset2
6838,1173,3,12,1,positive,dataset2
6839,1173,21,23,2,positive,dataset2
6840,1173,26,18,1,positive,dataset2
6841,1173,26,18,2,positive,dataset2
6842,1173,58,6,1,positive,dataset2
6843,1173,75,10,2,positive,dataset2
6844,1173,83,18,1,positive,dataset2
6845,1173,83,18,2,positive,dataset2
6846,1174,42,23,2,positive,dataset2
6847,1174,60,22,1,positive,dataset2
6848,1174,60,24,1,positive,dataset2
6849,1174,60,32,2,positive,dataset2
6850,1175,21,26,2,positive,dataset2
6851,1175,41,17,1,positive,dataset2
6852,1175,42,17,2,positive,dataset2
6853,1175,58,6,2,positive,dataset2
6854,1175,73,2,2,positive,dataset2
6855,1176,6,0,2,positive,dataset2
6856,1176,21,2,1,positive,dataset2
6857,1176,21,17,1,positive,dataset2
6858,1176,21,22,1,positive,dataset2
6859,1176,21,26,2,positive,dataset2
6860,1176,21,39,2,positive,dataset2
6861,1176,21,49,2,positive,dataset2
6862,1176,25,2,1,positive,dataset2
6863,1176,31,16,1,positive,dataset2
6864,1176,31,24,1,positive,dataset2
6865,1176,31,26,1,positive,dataset2
6866,1176,35,30,2,positive,dataset2
6867,1176,35,39,2,positive,dataset2
6868,1176,39,2,1,positive,dataset2
6869,1176,39,5,1,positive,dataset2
6870,1176,39,6,1,positive,dataset2
6871,1176,39,6,2,positive,dataset2
6872,1176,42,49,2,positive,dataset2
6873,1176,52,2,1,positive,dataset2
6874,1176,52,5,2,positive,dataset2
6875,1176,54,2,1,positive,dataset2
6876,1176,58,6,1,positive,dataset2
6877,1176,60,2,1,positive,dataset2
6878,1176,60,2,2,positive,dataset2
6879,1176,60,17,2,positive,dataset2
6880,1176,60,22,1,positive,dataset2
6881,1176,60,24,2,positive,dataset2
6882,1176,60,36,2,positive,dataset2
6883,1176,73,2,2,positive,dataset2
6884,1176,75,28,2,positive,dataset2
6885,1176,83,18,2,positive,dataset2
6886,1176,97,0,1,positive,dataset2
6887,1176,98,18,2,positive,dataset2
6888,1176,102,2,1,positive,dataset2
6889,1177,39,23,2,positive,dataset2
6890,1177,42,23,2,positive,dataset2
6891,1178,21,22,1,positive,dataset2
6892,1179,3,12,1,positive,dataset2
6893,1179,41,17,1,positive,dataset2
6894,1180,21,35,1,positive,dataset2
6895,1181,21,35,2,positive,dataset2
6896,1182,21,30,1,positive,dataset2
6897,1183,3,21,1,positive,dataset2
6898,1183,21,21,1,positive,dataset2
6899,1183,52,21,1,positive,dataset2
6900,1184,52,21,1,positive,dataset2
6901,1185,21,35,1,positive,dataset2
6902,1186,21,30,1,positive,dataset2
6903,1187,21,30,2,positive,dataset2
6904,1188,21,35,1,positive,dataset2
6905,1189,21,35,1,positive,dataset2
6906,1190,21,35,1,positive,dataset2
6907,1191,32,24,1,positive,dataset2
6908,1192,21,30,2,positive,dataset2
6909,1193,21,35,1,positive,dataset2
6910,1194,57,15,1,positive,dataset2
6911,1195,3,2,1,positive,dataset2
6912,1195,21,2,1,positive,dataset2
6913,1195,42,2,1,positive,dataset2
6914,1195,60,2,1,positive,dataset2
6915,1196,21,30,1,positive,dataset2
6916,1197,21,35,2,positive,dataset2
6917,1198,21,35,1,positive,dataset2
6918,1199,21,30,1,positive,dataset2
6919,1199,32,24,2,positive,dataset2
6920,1200,21,35,2,positive,dataset2
6921,1201,21,35,1,positive,dataset2
6922,1202,21,35,2,positive,dataset2
6923,1203,21,35,2,positive,dataset2
6924,1204,32,24,1,positive,dataset2
6925,1205,60,22,2,positive,dataset2
6926,1206,21,30,2,positive,dataset2
6927,1207,21,35,1,positive,dataset2
6928,1208,21,35,1,positive,dataset2
6929,1209,21,30,1,positive,dataset2
6930,1210,21,30,1,positive,dataset2
6931,1210,32,24,2,positive,dataset2
6932,1211,21,30,1,positive,dataset2
6933,1212,21,30,1,positive,dataset2
6934,1213,21,35,1,positive,dataset2
6935,1214,21,35,1,positive,dataset2
6936,1215,21,35,2,positive,dataset2
6937,1216,21,35,2,positive,dataset2
6938,1217,21,35,1,positive,dataset2
6939,1218,21,35,1,positive,dataset2
6940,1219,3,0,2,positive,dataset2
6941,1220,57,15,1,positive,dataset2
6942,1221,21,35,1,positive,dataset2
6943,1222,21,30,2,positive,dataset2
6944,1223,21,30,2,positive,dataset2
6945,1224,21,35,1,positive,dataset2
6946,1225,21,35,2,positive,dataset2
6947,1226,21,30,1,positive,dataset2
6948,1227,21,35,1,positive,dataset2
6949,1228,21,30,1,positive,dataset2
6950,1229,32,24,2,positive,dataset2
6951,1230,21,35,1,positive,dataset2
6952,1231,21,30,2,positive,dataset2
6953,1232,21,30,1,positive,dataset2
6954,1232,21,35,2,positive,dataset2
6955,1233,21,35,2,positive,dataset2
6956,1234,21,35,1,positive,dataset2
6957,1235,21,30,2,positive,dataset2
6958,1236,21,35,1,positive,dataset2
6959,1237,21,35,1,positive,dataset2
6960,1238,21,30,2,positive,dataset2
6961,1239,21,30,1,positive,dataset2
6962,1240,21,35,2,positive,dataset2
6963,1241,21,35,2,positive,dataset2
6964,1242,21,35,2,positive,dataset2
6965,1243,21,35,1,positive,dataset2
6966,1244,21,35,1,positive,dataset2
6967,1245,21,35,1,positive,dataset2
6968,1246,21,35,1,positive,dataset2
6969,1247,21,30,1,positive,dataset2
6970,1248,21,30,2,positive,dataset2
6971,1249,21,35,2,positive,dataset2
6972,1250,21,30,1,positive,dataset2
6973,1251,21,35,2,positive,dataset2
6974,1252,21,35,2,positive,dataset2
6975,1253,21,35,2,positive,dataset2
6976,1254,21,35,1,positive,dataset2
6977,1255,21,30,1,positive,dataset2
6978,1256,21,35,2,positive,dataset2
6979,1257,21,35,2,positive,dataset2
6980,1258,21,35,1,positive,dataset2
6981,1259,21,30,1,positive,dataset2
6982,1260,21,30,2,positive,dataset2
6983,1261,75,28,1,positive,dataset2
6984,1262,75,28,1,positive,dataset2
6985,1263,21,35,2,positive,dataset2
6986,1264,21,30,1,positive,dataset2
6987,1265,21,30,1,positive,dataset2
6988,1266,21,30,1,positive,dataset2
6989,1267,21,30,1,positive,dataset2
6990,1268,21,35,1,positive,dataset2
6991,1269,21,35,2,positive,dataset2
6992,1270,12,19,1,positive,dataset2
6993,1271,75,28,1,positive,dataset2
6994,1272,21,30,2,positive,dataset2
6995,1273,21,30,1,positive,dataset2
6996,1274,21,35,2,positive,dataset2
6997,1275,21,35,1,positive,dataset2
6998,1276,21,35,2,positive,dataset2
6999,1277,21,30,1,positive,dataset2
7000,1278,3,21,1,positive,dataset2
7001,1278,21,21,1,positive,dataset2
7002,1278,52,21,1,positive,dataset2
7003,1279,21,35,1,positive,dataset2
7004,1280,21,35,1,positive,dataset2
7005,1281,21,35,1,positive,dataset2
7006,1282,75,28,1,positive,dataset2
7007,1283,21,35,2,positive,dataset2
7008,1284,21,35,2,positive,dataset2
7009,1285,21,35,2,positive,dataset2
7010,1286,21,30,1,positive,dataset2
7011,1287,21,35,2,positive,dataset2
7012,1288,31,15,1,positive,dataset2
7013,1289,21,35,2,positive,dataset2
7014,1290,21,30,2,positive,dataset2
7015,1291,21,35,1,positive,dataset2
7016,1292,21,35,2,positive,dataset2
7017,1293,21,30,2,positive,dataset2
7018,1294,21,35,1,positive,dataset2
7019,1295,21,30,2,positive,dataset2
7020,1296,21,35,2,positive,dataset2
7021,1297,21,35,1,positive,dataset2
7022,1298,21,30,1,positive,dataset2
7023,1299,3,21,1,positive,dataset2
7024,1299,21,21,1,positive,dataset2
7025,1299,52,21,1,positive,dataset2
7026,1300,21,35,2,positive,dataset2
7027,1301,21,35,1,positive,dataset2
7028,1302,21,35,2,positive,dataset2
7029,1303,21,30,1,positive,dataset2
7030,1304,21,35,2,positive,dataset2
7031,1305,21,30,1,positive,dataset2
7032,1306,21,30,2,positive,dataset2
7033,1307,21,35,1,positive,dataset2
7034,1308,21,30,1,positive,dataset2
7035,1309,21,35,1,positive,dataset2
7036,1310,21,35,2,positive,dataset2
7037,1311,21,35,2,positive,dataset2
7038,1312,21,30,1,positive,dataset2
7039,1313,21,35,2,positive,dataset2
7040,1314,21,35,1,positive,dataset2
7041,1315,21,30,1,positive,dataset2
7042,1316,21,35,2,positive,dataset2
7043,1317,21,35,2,positive,dataset2
7044,1318,21,35,2,positive,dataset2
7045,1319,21,30,1,positive,dataset2
7046,1320,21,30,1,positive,dataset2
7047,1321,21,35,2,positive,dataset2
7048,1322,21,30,1,positive,dataset2
7049,1323,21,35,1,positive,dataset2
7050,1324,21,30,2,positive,dataset2
7051,1325,21,30,1,positive,dataset2
7052,1326,21,30,1,positive,dataset2
7053,1327,75,28,2,positive,dataset2
7054,1328,21,35,1,positive,dataset2
7055,1329,21,35,1,positive,dataset2
7056,1330,21,35,2,positive,dataset2
7057,1331,21,35,2,positive,dataset2
7058,1332,21,30,1,positive,dataset2
7059,1333,21,30,2,positive,dataset2
7060,1334,57,15,1,positive,dataset2
7061,1335,21,35,2,positive,dataset2
7062,1336,21,35,1,positive,dataset2
7063,1337,21,30,1,positive,dataset2
7064,1338,21,30,1,positive,dataset2
7065,1339,21,35,2,positive,dataset2
7066,1340,21,30,1,positive,dataset2
7067,1341,21,35,1,positive,dataset2
7068,1342,21,30,2,positive,dataset2
7069,1343,21,30,1,positive,dataset2
7070,1344,21,35,1,positive,dataset2
7071,1345,21,30,2,positive,dataset2
7072,1346,21,35,2,positive,dataset2
7073,1347,21,35,1,positive,dataset2
7074,1348,21,30,1,positive,dataset2
7075,1349,21,30,2,positive,dataset2
7076,1350,21,35,2,positive,dataset2
7077,1351,21,30,1,positive,dataset2
7078,1352,21,30,1,positive,dataset2
7079,1353,71,12,2,positive,dataset2
7080,1354,21,35,1,positive,dataset2
7081,1355,21,35,1,positive,dataset2
7082,1356,21,35,1,positive,dataset2
7083,1357,21,35,1,positive,dataset2
7084,1358,21,35,1,positive,dataset2
7085,1359,21,35,1,positive,dataset2
7086,1360,21,35,2,positive,dataset2
7087,1361,21,35,1,positive,dataset2
7088,1362,21,30,1,positive,dataset2
7089,1363,21,35,2,positive,dataset2
7090,1364,21,30,1,positive,dataset2
7091,1365,21,30,1,positive,dataset2
7092,1366,21,35,2,positive,dataset2
7093,1367,21,35,1,positive,dataset2
7094,1368,21,35,1,positive,dataset2
7095,1369,21,30,1,positive,dataset2
7096,1370,21,35,1,positive,dataset2
7097,1371,21,30,1,positive,dataset2
7098,1372,21,35,1,positive,dataset2
7099,1373,21,30,1,positive,dataset2
7100,1374,21,35,2,positive,dataset2
7101,1375,21,35,2,positive,dataset2
7102,1376,21,35,1,positive,dataset2
7103,1377,21,35,1,positive,dataset2
7104,1378,57,15,1,positive,dataset2
7105,1379,21,30,1,positive,dataset2
7106,1380,21,35,1,positive,dataset2
7107,1381,21,30,1,positive,dataset2
7108,1382,21,35,1,positive,dataset2
7109,1383,21,35,1,positive,dataset2
7110,1384,21,35,1,positive,dataset2
7111,1385,21,35,2,positive,dataset2
7112,1386,21,30,2,positive,dataset2
7113,1387,21,35,2,positive,dataset2
7114,1388,21,35,2,positive,dataset2
7115,1389,21,35,2,positive,dataset2
7116,1390,21,35,2,positive,dataset2
7117,1391,21,30,1,positive,dataset2
7118,1392,21,35,1,positive,dataset2
7119,1393,21,35,2,positive,dataset2
7120,1394,21,30,1,positive,dataset2
7121,1395,21,30,1,positive,dataset2
7122,1396,60,22,2,positive,dataset2
7123,1397,21,35,2,positive,dataset2
7124,1398,21,35,2,positive,dataset2
7125,1399,75,28,1,positive,dataset2
7126,1400,21,15,2,positive,dataset2
7127,1401,42,23,1,positive,dataset2
7128,1402,39,26,2,positive,dataset2
7129,1402,58,26,2,positive,dataset2
7130,1403,21,15,1,positive,dataset2
7131,1404,39,6,1,positive,dataset2
7132,1404,41,17,1,positive,dataset2
7133,1405,21,35,1,positive,dataset2
7134,1405,32,24,1,positive,dataset2
7135,1406,39,26,2,positive,dataset2
7136,1406,58,26,2,positive,dataset2
7137,1407,21,15,1,positive,dataset2
7138,1408,21,15,2,positive,dataset2
7139,1408,73,2,2,positive,dataset2
7140,1409,21,22,1,positive,dataset2
7141,1410,58,6,2,positive,dataset2
7142,1411,39,26,2,positive,dataset2
7143,1411,58,26,2,positive,dataset2
7144,1412,21,35,1,positive,dataset2
7145,1412,39,5,1,positive,dataset2
7146,1413,21,15,2,positive,dataset2
7147,1414,21,22,1,positive,dataset2
7148,1415,75,28,1,positive,dataset2
7149,1416,21,15,1,positive,dataset2
7150,1417,60,2,1,positive,dataset2
7151,1417,75,28,2,positive,dataset2
7152,1418,21,15,2,positive,dataset2
7153,1419,3,2,1,positive,dataset2
7154,1420,21,35,2,positive,dataset2
7155,1421,39,26,1,positive,dataset2
7156,1421,58,26,1,positive,dataset2
7157,1422,21,22,1,positive,dataset2
7158,1423,21,17,1,positive,dataset2
7159,1423,39,26,2,positive,dataset2
7160,1423,58,26,2,positive,dataset2
7161,1424,52,6,2,positive,dataset2
7162,1425,39,26,2,positive,dataset2
7163,1425,58,26,2,positive,dataset2
7164,1426,21,35,2,positive,dataset2
7165,1427,3,21,2,positive,dataset2
7166,1427,21,21,2,positive,dataset2
7167,1427,41,17,2,positive,dataset2
7168,1427,52,21,2,positive,dataset2
7169,1428,41,17,1,positive,dataset2
7170,1428,75,28,2,positive,dataset2
7171,1429,42,23,2,positive,dataset2
7172,1430,21,15,2,positive,dataset2
7173,1430,41,17,2,positive,dataset2
7174,1431,60,36,1,positive,dataset2
7175,1432,75,28,1,positive,dataset2
7176,1433,39,26,2,positive,dataset2
7177,1433,58,26,2,positive,dataset2
7178,1434,41,17,1,positive,dataset2
7179,1435,73,2,2,positive,dataset2
7180,1436,3,2,2,positive,dataset2
7181,1437,42,23,2,positive,dataset2
7182,1438,21,15,1,positive,dataset2
7183,1439,41,17,2,positive,dataset2
7184,1440,21,2,1,positive,dataset2
7185,1440,21,17,1,positive,dataset2
7186,1440,22,17,2,positive,dataset2
7187,1440,60,22,1,positive,dataset2
7188,1440,71,12,1,positive,dataset2
7189,1440,75,28,2,positive,dataset2
7190,1440,85,12,1,positive,dataset2
7191,1441,21,17,2,positive,dataset2
7192,1441,71,12,1,positive,dataset2
7193,1442,3,2,2,positive,dataset2
7194,1443,21,26,1,positive,dataset2
7195,1443,22,17,2,positive,dataset2
7196,1443,60,24,1,positive,dataset2
7197,1444,3,2,1,positive,dataset2
7198,1444,21,17,1,positive,dataset2
7199,1444,21,26,1,positive,dataset2
7200,1444,31,15,1,positive,dataset2
7201,1444,60,2,1,positive,dataset2
7202,1444,60,22,1,positive,dataset2
7203,1444,75,28,2,positive,dataset2
7204,1445,21,22,1,positive,dataset2
7205,1446,21,12,1,positive,dataset2
7206,1446,21,17,1,positive,dataset2
7207,1446,41,17,2,positive,dataset2
7208,1447,21,31,1,positive,dataset2
7209,1447,60,31,1,positive,dataset2
7210,1448,21,15,1,positive,dataset2
7211,1448,34,15,1,positive,dataset2
7212,1448,75,28,1,positive,dataset2
7213,1449,3,2,1,positive,dataset2
7214,1450,42,42,1,positive,dataset2
7215,1451,3,2,2,positive,dataset2
7216,1452,34,17,2,positive,dataset2
7217,1453,21,22,2,positive,dataset2
7218,1454,39,26,1,positive,dataset2
7219,1454,58,26,1,positive,dataset2
7220,1455,21,35,2,positive,dataset2
7221,1456,21,15,2,positive,dataset2
7222,1457,21,35,1,positive,dataset2
7223,1458,75,28,1,positive,dataset2
7224,1459,39,26,2,positive,dataset2
7225,1459,58,26,2,positive,dataset2
7226,1460,39,26,2,positive,dataset2
7227,1460,58,26,2,positive,dataset2
7228,1461,21,35,2,positive,dataset2
7229,1462,21,15,1,positive,dataset2
7230,1463,21,17,1,positive,dataset2
7231,1464,18,22,1,positive,dataset2
7232,1465,21,35,2,positive,dataset2
7233,1466,39,26,2,positive,dataset2
7234,1466,58,26,2,positive,dataset2
7235,1467,60,36,2,positive,dataset2
7236,1467,75,28,1,positive,dataset2
7237,1468,21,15,1,positive,dataset2
7238,1469,21,35,1,positive,dataset2
7239,1470,39,22,1,positive,dataset2
7240,1470,66,8,1,positive,dataset2
7241,1471,21,15,2,positive,dataset2
7242,1472,39,26,2,positive,dataset2
7243,1472,58,26,2,positive,dataset2
7244,1473,22,17,2,positive,dataset2
7245,1473,60,2,2,positive,dataset2
7246,1474,41,17,1,positive,dataset2
7247,1475,71,12,1,positive,dataset2
7248,1476,22,17,2,positive,dataset2
7249,1477,75,28,2,positive,dataset2
7250,1478,21,21,1,positive,dataset2
7251,1478,71,12,1,positive,dataset2
7252,1479,42,23,1,positive,dataset2
7253,1480,21,35,2,positive,dataset2
7254,1481,21,17,2,positive,dataset2
7255,1482,42,23,2,positive,dataset2
7256,1483,75,28,2,positive,dataset2
7257,1484,21,22,1,positive,dataset2
7258,1485,75,28,2,positive,dataset2
7259,1486,3,13,2,positive,dataset2
7260,1487,42,23,2,positive,dataset2
7261,1488,75,28,1,positive,dataset2
7262,1489,21,15,2,positive,dataset2
7263,1490,73,2,2,positive,dataset2
7264,1491,21,15,1,positive,dataset2
7265,1492,21,17,1,positive,dataset2
7266,270,142,22,0,non_association,sampled_union_space
7267,619,129,26,0,non_association,sampled_union_space
7268,892,42,2,0,non_association,sampled_union_space
7269,1346,27,12,0,non_association,sampled_union_space
7270,451,55,24,0,non_association,sampled_union_space
7271,1139,130,21,0,non_association,sampled_union_space
7272,444,7,6,0,non_association,sampled_union_space
7273,130,33,15,0,non_association,sampled_union_space
7274,333,32,22,0,non_association,sampled_union_space
7275,1122,74,26,0,non_association,sampled_union_space
7276,691,24,26,0,non_association,sampled_union_space
7277,542,3,26,0,non_association,sampled_union_space
7278,579,35,23,0,non_association,sampled_union_space
7279,895,44,12,0,non_association,sampled_union_space
7280,1245,70,6,0,non_association,sampled_union_space
7281,199,73,22,0,non_association,sampled_union_space
7282,1207,127,6,0,non_association,sampled_union_space
7283,235,57,12,0,non_association,sampled_union_space
7284,675,120,12,0,non_association,sampled_union_space
7285,653,110,2,0,non_association,sampled_union_space
7286,21,94,36,0,non_association,sampled_union_space
7287,648,0,2,0,non_association,sampled_union_space
7288,1400,103,6,0,non_association,sampled_union_space
7289,1238,66,3,0,non_association,sampled_union_space
7290,755,49,12,0,non_association,sampled_union_space
7291,1465,57,26,0,non_association,sampled_union_space
7292,336,57,23,0,non_association,sampled_union_space
7293,567,148,24,0,non_association,sampled_union_space
7294,890,145,2,0,non_association,sampled_union_space
7295,802,147,2,0,non_association,sampled_union_space
7296,1342,3,10,0,non_association,sampled_union_space
7297,600,10,26,0,non_association,sampled_union_space
7298,55,7,2,0,non_association,sampled_union_space
7299,1396,85,26,0,non_association,sampled_union_space
7300,186,114,17,0,non_association,sampled_union_space
7301,898,24,26,0,non_association,sampled_union_space
7302,176,123,13,0,non_association,sampled_union_space
7303,147,50,5,0,non_association,sampled_union_space
7304,65,101,2,0,non_association,sampled_union_space
7305,74,69,6,0,non_association,sampled_union_space
7306,643,101,15,0,non_association,sampled_union_space
7307,176,59,17,0,non_association,sampled_union_space
7308,651,31,15,0,non_association,sampled_union_space
7309,143,49,5,0,non_association,sampled_union_space
7310,430,149,12,0,non_association,sampled_union_space
7311,486,67,22,0,non_association,sampled_union_space
7312,269,144,22,0,non_association,sampled_union_space
7313,864,11,22,0,non_association,sampled_union_space
7314,1209,22,0,0,non_association,sampled_union_space
7315,1039,2,12,0,non_association,sampled_union_space
7316,1288,38,14,0,non_association,sampled_union_space
7317,259,23,20,0,non_association,sampled_union_space
7318,776,137,12,0,non_association,sampled_union_space
7319,932,146,14,0,non_association,sampled_union_space
7320,956,102,22,0,non_association,sampled_union_space
7321,598,122,31,0,non_association,sampled_union_space
7322,30,117,2,0,non_association,sampled_union_space
7323,1189,79,12,0,non_association,sampled_union_space
7324,71,47,14,0,non_association,sampled_union_space
7325,194,85,26,0,non_association,sampled_union_space
7326,76,91,26,0,non_association,sampled_union_space
7327,1261,42,6,0,non_association,sampled_union_space
7328,1367,87,26,0,non_association,sampled_union_space
7329,1075,142,6,0,non_association,sampled_union_space
7330,83,12,31,0,non_association,sampled_union_space
7331,296,127,12,0,non_association,sampled_union_space
7332,215,13,10,0,non_association,sampled_union_space
7333,133,15,12,0,non_association,sampled_union_space
7334,450,99,12,0,non_association,sampled_union_space
7335,917,127,24,0,non_association,sampled_union_space
7336,343,29,22,0,non_association,sampled_union_space
7337,622,19,10,0,non_association,sampled_union_space
7338,1125,56,22,0,non_association,sampled_union_space
7339,707,18,22,0,non_association,sampled_union_space
7340,1148,65,22,0,non_association,sampled_union_space
7341,483,84,22,0,non_association,sampled_union_space
7342,1214,138,20,0,non_association,sampled_union_space
7343,686,91,12,0,non_association,sampled_union_space
7344,425,42,2,0,non_association,sampled_union_space
7345,1025,21,21,0,non_association,sampled_union_space
7346,1228,44,21,0,non_association,sampled_union_space
7347,1382,79,37,0,non_association,sampled_union_space
7348,156,61,36,0,non_association,sampled_union_space
7349,1152,122,10,0,non_association,sampled_union_space
7350,1448,133,28,0,non_association,sampled_union_space
7351,939,20,16,0,non_association,sampled_union_space
7352,620,70,23,0,non_association,sampled_union_space
7353,1472,90,21,0,non_association,sampled_union_space
7354,550,82,2,0,non_association,sampled_union_space
7355,1291,45,18,0,non_association,sampled_union_space
7356,792,18,21,0,non_association,sampled_union_space
7357,1119,0,1,0,non_association,sampled_union_space
7358,682,106,12,0,non_association,sampled_union_space
7359,481,78,2,0,non_association,sampled_union_space
7360,323,73,12,0,non_association,sampled_union_space
7361,358,80,26,0,non_association,sampled_union_space
7362,143,111,24,0,non_association,sampled_union_space
7363,489,138,2,0,non_association,sampled_union_space
7364,959,87,12,0,non_association,sampled_union_space
7365,1230,72,26,0,non_association,sampled_union_space
7366,709,95,37,0,non_association,sampled_union_space
7367,127,116,24,0,non_association,sampled_union_space
7368,1201,59,3,0,non_association,sampled_union_space
7369,80,119,9,0,non_association,sampled_union_space
7370,611,57,12,0,non_association,sampled_union_space
7371,782,72,17,0,non_association,sampled_union_space
7372,1021,7,22,0,non_association,sampled_union_space
7373,170,43,18,0,non_association,sampled_union_space
7374,809,25,37,0,non_association,sampled_union_space
7375,761,27,23,0,non_association,sampled_union_space
7376,1005,25,24,0,non_association,sampled_union_space
7377,139,8,24,0,non_association,sampled_union_space
7378,1038,53,23,0,non_association,sampled_union_space
7379,204,82,25,0,non_association,sampled_union_space
7380,1454,104,12,0,non_association,sampled_union_space
7381,214,36,22,0,non_association,sampled_union_space
7382,973,39,24,0,non_association,sampled_union_space
7383,640,123,12,0,non_association,sampled_union_space
7384,911,4,36,0,non_association,sampled_union_space
7385,1335,48,37,0,non_association,sampled_union_space
7386,246,64,2,0,non_association,sampled_union_space
7387,165,120,12,0,non_association,sampled_union_space
7388,497,61,2,0,non_association,sampled_union_space
7389,490,135,28,0,non_association,sampled_union_space
7390,264,112,24,0,non_association,sampled_union_space
7391,1267,25,12,0,non_association,sampled_union_space
7392,161,140,6,0,non_association,sampled_union_space
7393,916,132,6,0,non_association,sampled_union_space
7394,325,17,12,0,non_association,sampled_union_space
7395,678,110,5,0,non_association,sampled_union_space
7396,6,30,12,0,non_association,sampled_union_space
7397,98,2,13,0,non_association,sampled_union_space
7398,836,107,19,0,non_association,sampled_union_space
7399,990,51,2,0,non_association,sampled_union_space
7400,867,34,15,0,non_association,sampled_union_space
7401,451,112,18,0,non_association,sampled_union_space
7402,1307,93,22,0,non_association,sampled_union_space
7403,1137,51,22,0,non_association,sampled_union_space
7404,784,27,17,0,non_association,sampled_union_space
7405,1144,147,43,0,non_association,sampled_union_space
7406,992,149,13,0,non_association,sampled_union_space
7407,674,143,12,0,non_association,sampled_union_space
7408,624,63,24,0,non_association,sampled_union_space
7409,719,3,17,0,non_association,sampled_union_space
7410,1491,46,17,0,non_association,sampled_union_space
7411,810,111,6,0,non_association,sampled_union_space
7412,1463,58,6,0,non_association,sampled_union_space
7413,422,72,5,0,non_association,sampled_union_space
7414,584,70,6,0,non_association,sampled_union_space
7415,1347,95,2,0,non_association,sampled_union_space
7416,82,116,23,0,non_association,sampled_union_space
7417,179,95,17,0,non_association,sampled_union_space
7418,831,99,14,0,non_association,sampled_union_space
7419,469,47,6,0,non_association,sampled_union_space
7420,654,134,6,0,non_association,sampled_union_space
7421,713,142,24,0,non_association,sampled_union_space
7422,1369,39,2,0,non_association,sampled_union_space
7423,1070,60,22,0,non_association,sampled_union_space
7424,611,58,22,0,non_association,sampled_union_space
7425,358,38,36,0,non_association,sampled_union_space
7426,1491,21,16,0,non_association,sampled_union_space
7427,812,79,2,0,non_association,sampled_union_space
7428,270,4,12,0,non_association,sampled_union_space
7429,933,142,2,0,non_association,sampled_union_space
7430,616,28,2,0,non_association,sampled_union_space
7431,1457,112,10,0,non_association,sampled_union_space
7432,1183,100,28,0,non_association,sampled_union_space
7433,958,114,28,0,non_association,sampled_union_space
7434,1265,39,2,0,non_association,sampled_union_space
7435,313,130,19,0,non_association,sampled_union_space
7436,534,105,26,0,non_association,sampled_union_space
7437,576,5,18,0,non_association,sampled_union_space
7438,984,89,44,0,non_association,sampled_union_space
7439,1007,147,44,0,non_association,sampled_union_space
7440,324,144,22,0,non_association,sampled_union_space
7441,1242,140,22,0,non_association,sampled_union_space
7442,467,109,30,0,non_association,sampled_union_space
7443,183,78,1,0,non_association,sampled_union_space
7444,1406,45,15,0,non_association,sampled_union_space
7445,1106,52,0,0,non_association,sampled_union_space
7446,8,105,12,0,non_association,sampled_union_space
7447,613,129,2,0,non_association,sampled_union_space
7448,579,145,26,0,non_association,sampled_union_space
7449,1407,41,22,0,non_association,sampled_union_space
7450,352,88,6,0,non_association,sampled_union_space
7451,925,46,12,0,non_association,sampled_union_space
7452,141,146,15,0,non_association,sampled_union_space
7453,1271,124,15,0,non_association,sampled_union_space
7454,336,21,16,0,non_association,sampled_union_space
7455,1221,87,22,0,non_association,sampled_union_space
7456,1004,12,21,0,non_association,sampled_union_space
7457,1003,111,22,0,non_association,sampled_union_space
7458,566,148,26,0,non_association,sampled_union_space
7459,840,22,26,0,non_association,sampled_union_space
7460,917,74,36,0,non_association,sampled_union_space
7461,530,109,17,0,non_association,sampled_union_space
7462,325,88,17,0,non_association,sampled_union_space
7463,1279,145,17,0,non_association,sampled_union_space
7464,501,18,8,0,non_association,sampled_union_space
7465,181,13,26,0,non_association,sampled_union_space
7466,233,27,26,0,non_association,sampled_union_space
7467,673,81,16,0,non_association,sampled_union_space
7468,1313,111,17,0,non_association,sampled_union_space
7469,949,100,22,0,non_association,sampled_union_space
7470,469,25,23,0,non_association,sampled_union_space
7471,608,102,24,0,non_association,sampled_union_space
7472,645,132,38,0,non_association,sampled_union_space
7473,262,128,26,0,non_association,sampled_union_space
7474,953,62,26,0,non_association,sampled_union_space
7475,273,83,6,0,non_association,sampled_union_space
7476,1197,12,12,0,non_association,sampled_union_space
7477,463,93,22,0,non_association,sampled_union_space
7478,1029,34,24,0,non_association,sampled_union_space
7479,872,38,3,0,non_association,sampled_union_space
7480,445,109,23,0,non_association,sampled_union_space
7481,1155,126,25,0,non_association,sampled_union_space
7482,1201,57,2,0,non_association,sampled_union_space
7483,128,34,8,0,non_association,sampled_union_space
7484,1066,95,28,0,non_association,sampled_union_space
7485,434,49,24,0,non_association,sampled_union_space
7486,542,49,26,0,non_association,sampled_union_space
7487,1016,74,36,0,non_association,sampled_union_space
7488,99,147,8,0,non_association,sampled_union_space
7489,803,129,30,0,non_association,sampled_union_space
7490,1473,105,11,0,non_association,sampled_union_space
7491,1191,110,23,0,non_association,sampled_union_space
7492,462,92,24,0,non_association,sampled_union_space
7493,88,120,37,0,non_association,sampled_union_space
7494,1130,139,30,0,non_association,sampled_union_space
7495,1212,12,30,0,non_association,sampled_union_space
7496,1139,58,6,0,non_association,sampled_union_space
7497,762,19,17,0,non_association,sampled_union_space
7498,767,10,12,0,non_association,sampled_union_space
7499,900,22,22,0,non_association,sampled_union_space
7500,162,75,22,0,non_association,sampled_union_space
7501,966,49,26,0,non_association,sampled_union_space
7502,1480,17,26,0,non_association,sampled_union_space
7503,1246,56,12,0,non_association,sampled_union_space
7504,667,95,26,0,non_association,sampled_union_space
7505,101,25,12,0,non_association,sampled_union_space
7506,821,25,12,0,non_association,sampled_union_space
7507,267,142,17,0,non_association,sampled_union_space
7508,965,128,12,0,non_association,sampled_union_space
7509,1462,105,17,0,non_association,sampled_union_space
7510,1311,54,2,0,non_association,sampled_union_space
7511,405,55,45,0,non_association,sampled_union_space
7512,263,1,12,0,non_association,sampled_union_space
7513,1266,11,22,0,non_association,sampled_union_space
7514,1100,20,12,0,non_association,sampled_union_space
7515,480,7,22,0,non_association,sampled_union_space
7516,1299,8,28,0,non_association,sampled_union_space
7517,172,53,21,0,non_association,sampled_union_space
7518,754,102,22,0,non_association,sampled_union_space
7519,756,114,0,0,non_association,sampled_union_space
7520,70,70,5,0,non_association,sampled_union_space
7521,365,13,2,0,non_association,sampled_union_space
7522,891,147,23,0,non_association,sampled_union_space
7523,1347,135,6,0,non_association,sampled_union_space
7524,110,52,36,0,non_association,sampled_union_space
7525,718,19,15,0,non_association,sampled_union_space
7526,1152,138,17,0,non_association,sampled_union_space
7527,1154,58,28,0,non_association,sampled_union_space
7528,1113,110,0,0,non_association,sampled_union_space
7529,1151,103,6,0,non_association,sampled_union_space
7530,722,66,12,0,non_association,sampled_union_space
7531,537,98,28,0,non_association,sampled_union_space
7532,179,11,21,0,non_association,sampled_union_space
7533,1426,142,22,0,non_association,sampled_union_space
7534,869,67,6,0,non_association,sampled_union_space
7535,968,49,6,0,non_association,sampled_union_space
7536,309,89,28,0,non_association,sampled_union_space
7537,825,24,31,0,non_association,sampled_union_space
7538,474,38,2,0,non_association,sampled_union_space
7539,151,103,2,0,non_association,sampled_union_space
7540,1077,144,3,0,non_association,sampled_union_space
7541,1415,12,31,0,non_association,sampled_union_space
7542,346,112,28,0,non_association,sampled_union_space
7543,1230,12,19,0,non_association,sampled_union_space
7544,1153,65,22,0,non_association,sampled_union_space
7545,581,81,22,0,non_association,sampled_union_space
7546,46,89,22,0,non_association,sampled_union_space
7547,1132,140,2,0,non_association,sampled_union_space
7548,287,87,2,0,non_association,sampled_union_space
7549,113,135,28,0,non_association,sampled_union_space
7550,763,53,42,0,non_association,sampled_union_space
7551,652,5,9,0,non_association,sampled_union_space
7552,629,36,2,0,non_association,sampled_union_space
7553,1316,91,6,0,non_association,sampled_union_space
7554,176,73,6,0,non_association,sampled_union_space
7555,971,98,17,0,non_association,sampled_union_space
7556,1021,83,6,0,non_association,sampled_union_space
7557,987,83,21,0,non_association,sampled_union_space
7558,627,145,6,0,non_association,sampled_union_space
7559,723,94,26,0,non_association,sampled_union_space
7560,1257,94,2,0,non_association,sampled_union_space
7561,54,131,2,0,non_association,sampled_union_space
7562,213,48,17,0,non_association,sampled_union_space
7563,804,52,17,0,non_association,sampled_union_space
7564,23,59,19,0,non_association,sampled_union_space
7565,517,2,36,0,non_association,sampled_union_space
7566,1360,78,19,0,non_association,sampled_union_space
7567,135,71,16,0,non_association,sampled_union_space
7568,701,41,17,0,non_association,sampled_union_space
7569,201,143,17,0,non_association,sampled_union_space
7570,550,69,12,0,non_association,sampled_union_space
7571,976,66,26,0,non_association,sampled_union_space
7572,1226,76,31,0,non_association,sampled_union_space
7573,33,115,24,0,non_association,sampled_union_space
7574,180,73,6,0,non_association,sampled_union_space
7575,1126,111,12,0,non_association,sampled_union_space
7576,1429,97,14,0,non_association,sampled_union_space
7577,1486,146,26,0,non_association,sampled_union_space
7578,1418,114,21,0,non_association,sampled_union_space
7579,731,56,22,0,non_association,sampled_union_space
7580,471,99,36,0,non_association,sampled_union_space
7581,931,114,14,0,non_association,sampled_union_space
7582,255,7,12,0,non_association,sampled_union_space
7583,880,126,12,0,non_association,sampled_union_space
7584,717,108,17,0,non_association,sampled_union_space
7585,637,55,12,0,non_association,sampled_union_space
7586,932,17,2,0,non_association,sampled_union_space
7587,337,21,26,0,non_association,sampled_union_space
7588,344,42,6,0,non_association,sampled_union_space
7589,82,113,17,0,non_association,sampled_union_space
7590,294,27,31,0,non_association,sampled_union_space
7591,1446,68,12,0,non_association,sampled_union_space
7592,699,80,25,0,non_association,sampled_union_space
7593,1023,142,2,0,non_association,sampled_union_space
7594,259,50,2,0,non_association,sampled_union_space
7595,798,94,6,0,non_association,sampled_union_space
7596,321,106,26,0,non_association,sampled_union_space
7597,326,142,26,0,non_association,sampled_union_space
7598,44,62,2,0,non_association,sampled_union_space
7599,1140,145,0,0,non_association,sampled_union_space
7600,981,59,2,0,non_association,sampled_union_space
7601,354,109,10,0,non_association,sampled_union_space
7602,1467,31,10,0,non_association,sampled_union_space
7603,286,145,15,0,non_association,sampled_union_space
7604,987,73,17,0,non_association,sampled_union_space
7605,206,88,6,0,non_association,sampled_union_space
7606,1176,115,30,0,non_association,sampled_union_space
7607,988,52,17,0,non_association,sampled_union_space
7608,1146,148,2,0,non_association,sampled_union_space
7609,1198,71,17,0,non_association,sampled_union_space
7610,1105,125,23,0,non_association,sampled_union_space
7611,247,114,23,0,non_association,sampled_union_space
7612,157,149,4,0,non_association,sampled_union_space
7613,1474,71,6,0,non_association,sampled_union_space
7614,1250,74,2,0,non_association,sampled_union_space
7615,408,53,2,0,non_association,sampled_union_space
7616,306,38,16,0,non_association,sampled_union_space
7617,456,85,6,0,non_association,sampled_union_space
7618,713,66,10,0,non_association,sampled_union_space
7619,114,142,13,0,non_association,sampled_union_space
7620,1408,33,18,0,non_association,sampled_union_space
7621,1297,13,17,0,non_association,sampled_union_space
7622,1192,123,2,0,non_association,sampled_union_space
7623,1125,86,17,0,non_association,sampled_union_space
7624,958,6,22,0,non_association,sampled_union_space
7625,1384,106,17,0,non_association,sampled_union_space
7626,1410,90,23,0,non_association,sampled_union_space
7627,65,32,26,0,non_association,sampled_union_space
7628,268,9,26,0,non_association,sampled_union_space
7629,1417,9,6,0,non_association,sampled_union_space
7630,1348,92,49,0,non_association,sampled_union_space
7631,610,96,19,0,non_association,sampled_union_space
7632,975,119,2,0,non_association,sampled_union_space
7633,1243,131,16,0,non_association,sampled_union_space
7634,561,149,17,0,non_association,sampled_union_space
7635,880,123,2,0,non_association,sampled_union_space
7636,262,13,21,0,non_association,sampled_union_space
7637,514,126,22,0,non_association,sampled_union_space
7638,707,112,37,0,non_association,sampled_union_space
7639,15,149,2,0,non_association,sampled_union_space
7640,380,88,2,0,non_association,sampled_union_space
7641,346,135,24,0,non_association,sampled_union_space
7642,1166,4,12,0,non_association,sampled_union_space
7643,1354,75,2,0,non_association,sampled_union_space
7644,27,90,6,0,non_association,sampled_union_space
7645,274,71,12,0,non_association,sampled_union_space
7646,917,29,17,0,non_association,sampled_union_space
7647,551,77,23,0,non_association,sampled_union_space
7648,71,112,12,0,non_association,sampled_union_space
7649,888,108,26,0,non_association,sampled_union_space
7650,1348,5,2,0,non_association,sampled_union_space
7651,743,73,17,0,non_association,sampled_union_space
7652,600,110,17,0,non_association,sampled_union_space
7653,666,46,22,0,non_association,sampled_union_space
7654,1480,63,36,0,non_association,sampled_union_space
7655,891,91,37,0,non_association,sampled_union_space
7656,232,83,6,0,non_association,sampled_union_space
7657,402,85,12,0,non_association,sampled_union_space
7658,1198,26,2,0,non_association,sampled_union_space
7659,341,88,28,0,non_association,sampled_union_space
7660,481,147,5,0,non_association,sampled_union_space
7661,634,74,26,0,non_association,sampled_union_space
7662,932,39,12,0,non_association,sampled_union_space
7663,1476,113,17,0,non_association,sampled_union_space
7664,376,81,17,0,non_association,sampled_union_space
7665,361,98,21,0,non_association,sampled_union_space
7666,978,30,22,0,non_association,sampled_union_space
7667,1431,112,18,0,non_association,sampled_union_space
7668,434,117,12,0,non_association,sampled_union_space
7669,20,44,22,0,non_association,sampled_union_space
7670,867,86,22,0,non_association,sampled_union_space
7671,923,82,22,0,non_association,sampled_union_space
7672,1262,87,21,0,non_association,sampled_union_space
7673,68,17,21,0,non_association,sampled_union_space
7674,944,113,10,0,non_association,sampled_union_space
7675,1072,40,5,0,non_association,sampled_union_space
7676,71,117,23,0,non_association,sampled_union_space
7677,900,39,2,0,non_association,sampled_union_space
7678,243,122,28,0,non_association,sampled_union_space
7679,1168,80,2,0,non_association,sampled_union_space
7680,1440,56,2,0,non_association,sampled_union_space
7681,1391,23,9,0,non_association,sampled_union_space
7682,93,36,19,0,non_association,sampled_union_space
7683,462,78,26,0,non_association,sampled_union_space
7684,973,7,6,0,non_association,sampled_union_space
7685,1470,106,17,0,non_association,sampled_union_space
7686,1464,123,24,0,non_association,sampled_union_space
7687,266,46,2,0,non_association,sampled_union_space
7688,1355,136,23,0,non_association,sampled_union_space
7689,16,18,24,0,non_association,sampled_union_space
7690,1166,85,15,0,non_association,sampled_union_space
7691,589,71,12,0,non_association,sampled_union_space
7692,1156,138,2,0,non_association,sampled_union_space
7693,193,111,21,0,non_association,sampled_union_space
7694,545,83,22,0,non_association,sampled_union_space
7695,853,67,15,0,non_association,sampled_union_space
7696,1468,145,6,0,non_association,sampled_union_space
7697,1044,48,22,0,non_association,sampled_union_space
7698,243,69,26,0,non_association,sampled_union_space
7699,923,41,22,0,non_association,sampled_union_space
7700,464,139,12,0,non_association,sampled_union_space
7701,1344,47,26,0,non_association,sampled_union_space
7702,1151,12,26,0,non_association,sampled_union_space
7703,342,25,21,0,non_association,sampled_union_space
7704,105,104,23,0,non_association,sampled_union_space
7705,1167,139,23,0,non_association,sampled_union_space
7706,1455,103,26,0,non_association,sampled_union_space
7707,268,60,3,0,non_association,sampled_union_space
7708,1195,80,2,0,non_association,sampled_union_space
7709,613,93,10,0,non_association,sampled_union_space
7710,790,74,6,0,non_association,sampled_union_space
7711,1017,124,36,0,non_association,sampled_union_space
7712,438,139,28,0,non_association,sampled_union_space
7713,432,85,15,0,non_association,sampled_union_space
7714,235,9,22,0,non_association,sampled_union_space
7715,673,60,22,0,non_association,sampled_union_space
7716,1121,56,22,0,non_association,sampled_union_space
7717,871,4,10,0,non_association,sampled_union_space
7718,1470,79,22,0,non_association,sampled_union_space
7719,27,99,17,0,non_association,sampled_union_space
7720,1374,86,0,0,non_association,sampled_union_space
7721,14,27,16,0,non_association,sampled_union_space
7722,936,91,26,0,non_association,sampled_union_space
7723,1101,40,26,0,non_association,sampled_union_space
7724,717,1,15,0,non_association,sampled_union_space
7725,529,10,4,0,non_association,sampled_union_space
7726,566,75,12,0,non_association,sampled_union_space
7727,1211,63,26,0,non_association,sampled_union_space
7728,596,85,22,0,non_association,sampled_union_space
7729,1211,76,21,0,non_association,sampled_union_space
7730,324,36,28,0,non_association,sampled_union_space
7731,392,113,5,0,non_association,sampled_union_space
7732,1001,43,24,0,non_association,sampled_union_space
7733,344,140,17,0,non_association,sampled_union_space
7734,20,80,28,0,non_association,sampled_union_space
7735,698,95,2,0,non_association,sampled_union_space
7736,691,113,13,0,non_association,sampled_union_space
7737,326,31,17,0,non_association,sampled_union_space
7738,107,86,22,0,non_association,sampled_union_space
7739,1172,118,22,0,non_association,sampled_union_space
7740,75,85,15,0,non_association,sampled_union_space
7741,72,45,28,0,non_association,sampled_union_space
7742,215,53,28,0,non_association,sampled_union_space
7743,1411,66,12,0,non_association,sampled_union_space
7744,154,72,5,0,non_association,sampled_union_space
7745,1178,96,17,0,non_association,sampled_union_space
7746,1125,127,22,0,non_association,sampled_union_space
7747,298,145,0,0,non_association,sampled_union_space
7748,297,3,21,0,non_association,sampled_union_space
7749,115,104,30,0,non_association,sampled_union_space
7750,619,105,0,0,non_association,sampled_union_space
7751,1416,105,26,0,non_association,sampled_union_space
7752,1228,40,6,0,non_association,sampled_union_space
7753,604,116,9,0,non_association,sampled_union_space
7754,620,3,17,0,non_association,sampled_union_space
7755,590,56,21,0,non_association,sampled_union_space
7756,678,4,30,0,non_association,sampled_union_space
7757,585,116,37,0,non_association,sampled_union_space
7758,891,14,30,0,non_association,sampled_union_space
7759,1417,137,29,0,non_association,sampled_union_space
7760,237,47,29,0,non_association,sampled_union_space
7761,104,78,26,0,non_association,sampled_union_space
7762,389,35,6,0,non_association,sampled_union_space
7763,462,106,2,0,non_association,sampled_union_space
7764,1165,7,10,0,non_association,sampled_union_space
7765,478,72,9,0,non_association,sampled_union_space
7766,534,23,36,0,non_association,sampled_union_space
7767,703,17,9,0,non_association,sampled_union_space
7768,527,76,36,0,non_association,sampled_union_space
7769,408,129,28,0,non_association,sampled_union_space
7770,545,34,0,0,non_association,sampled_union_space
7771,399,104,0,0,non_association,sampled_union_space
7772,735,114,12,0,non_association,sampled_union_space
7773,659,20,34,0,non_association,sampled_union_space
7774,777,118,1,0,non_association,sampled_union_space
7775,950,93,3,0,non_association,sampled_union_space
7776,1461,136,26,0,non_association,sampled_union_space
7777,1128,30,18,0,non_association,sampled_union_space
7778,1201,106,2,0,non_association,sampled_union_space
7779,1162,96,22,0,non_association,sampled_union_space
7780,895,125,26,0,non_association,sampled_union_space
7781,490,33,34,0,non_association,sampled_union_space
7782,1433,99,5,0,non_association,sampled_union_space
7783,431,112,24,0,non_association,sampled_union_space
7784,1177,22,2,0,non_association,sampled_union_space
7785,1385,114,26,0,non_association,sampled_union_space
7786,1128,50,6,0,non_association,sampled_union_space
7787,1385,80,26,0,non_association,sampled_union_space
7788,314,112,34,0,non_association,sampled_union_space
7789,1328,75,17,0,non_association,sampled_union_space
7790,155,22,1,0,non_association,sampled_union_space
7791,539,26,2,0,non_association,sampled_union_space
7792,746,59,22,0,non_association,sampled_union_space
7793,223,148,24,0,non_association,sampled_union_space
7794,1401,40,2,0,non_association,sampled_union_space
7795,57,26,6,0,non_association,sampled_union_space
7796,413,94,22,0,non_association,sampled_union_space
7797,1436,101,36,0,non_association,sampled_union_space
7798,390,61,1,0,non_association,sampled_union_space
7799,793,48,2,0,non_association,sampled_union_space
7800,619,3,34,0,non_association,sampled_union_space
7801,265,63,15,0,non_association,sampled_union_space
7802,976,107,6,0,non_association,sampled_union_space
7803,710,93,15,0,non_association,sampled_union_space
7804,389,102,17,0,non_association,sampled_union_space
7805,1174,105,12,0,non_association,sampled_union_space
7806,916,52,22,0,non_association,sampled_union_space
7807,40,81,10,0,non_association,sampled_union_space
7808,1293,26,26,0,non_association,sampled_union_space
7809,965,94,26,0,non_association,sampled_union_space
7810,482,21,2,0,non_association,sampled_union_space
7811,786,115,13,0,non_association,sampled_union_space
7812,313,136,37,0,non_association,sampled_union_space
7813,327,83,15,0,non_association,sampled_union_space
7814,566,10,22,0,non_association,sampled_union_space
7815,1051,13,22,0,non_association,sampled_union_space
7816,1486,59,22,0,non_association,sampled_union_space
7817,974,17,37,0,non_association,sampled_union_space
7818,381,118,3,0,non_association,sampled_union_space
7819,1463,146,28,0,non_association,sampled_union_space
7820,955,23,26,0,non_association,sampled_union_space
7821,1257,120,26,0,non_association,sampled_union_space
7822,1015,132,17,0,non_association,sampled_union_space
7823,617,133,12,0,non_association,sampled_union_space
7824,1368,86,22,0,non_association,sampled_union_space
7825,335,99,12,0,non_association,sampled_union_space
7826,1163,84,26,0,non_association,sampled_union_space
7827,633,79,22,0,non_association,sampled_union_space
7828,1323,135,22,0,non_association,sampled_union_space
7829,1216,14,2,0,non_association,sampled_union_space
7830,1279,18,2,0,non_association,sampled_union_space
7831,614,36,5,0,non_association,sampled_union_space
7832,68,134,24,0,non_association,sampled_union_space
7833,1386,7,21,0,non_association,sampled_union_space
7834,1180,49,21,0,non_association,sampled_union_space
7835,720,77,2,0,non_association,sampled_union_space
7836,794,49,21,0,non_association,sampled_union_space
7837,175,132,21,0,non_association,sampled_union_space
7838,488,115,2,0,non_association,sampled_union_space
7839,1045,120,21,0,non_association,sampled_union_space
7840,579,68,21,0,non_association,sampled_union_space
7841,883,100,21,0,non_association,sampled_union_space
7842,1354,28,21,0,non_association,sampled_union_space
7843,767,35,6,0,non_association,sampled_union_space
7844,1099,32,30,0,non_association,sampled_union_space
7845,527,89,17,0,non_association,sampled_union_space
7846,1063,2,2,0,non_association,sampled_union_space
7847,472,35,21,0,non_association,sampled_union_space
7848,1412,129,21,0,non_association,sampled_union_space
7849,1311,42,21,0,non_association,sampled_union_space
7850,1337,115,2,0,non_association,sampled_union_space
7851,20,43,18,0,non_association,sampled_union_space
7852,792,105,17,0,non_association,sampled_union_space
7853,804,144,2,0,non_association,sampled_union_space
7854,647,15,2,0,non_association,sampled_union_space
7855,1320,68,21,0,non_association,sampled_union_space
7856,1357,6,21,0,non_association,sampled_union_space
7857,1256,37,21,0,non_association,sampled_union_space
7858,1094,94,21,0,non_association,sampled_union_space
7859,201,146,21,0,non_association,sampled_union_space
7860,815,4,17,0,non_association,sampled_union_space
7861,729,27,17,0,non_association,sampled_union_space
7862,304,43,21,0,non_association,sampled_union_space
7863,540,134,21,0,non_association,sampled_union_space
7864,788,88,21,0,non_association,sampled_union_space
7865,729,43,2,0,non_association,sampled_union_space
7866,1284,7,2,0,non_association,sampled_union_space
7867,463,125,2,0,non_association,sampled_union_space
7868,151,112,2,0,non_association,sampled_union_space
7869,964,26,17,0,non_association,sampled_union_space
7870,1223,144,21,0,non_association,sampled_union_space
7871,734,141,21,0,non_association,sampled_union_space
7872,919,37,21,0,non_association,sampled_union_space
7873,1227,7,12,0,non_association,sampled_union_space
7874,1056,103,21,0,non_association,sampled_union_space
7875,288,61,21,0,non_association,sampled_union_space
7876,1466,8,21,0,non_association,sampled_union_space
7877,1376,130,23,0,non_association,sampled_union_space
7878,1090,83,2,0,non_association,sampled_union_space
7879,375,129,2,0,non_association,sampled_union_space
7880,405,113,21,0,non_association,sampled_union_space
7881,331,94,22,0,non_association,sampled_union_space
7882,561,48,21,0,non_association,sampled_union_space
7883,37,44,7,0,non_association,sampled_union_space
7884,594,139,21,0,non_association,sampled_union_space
7885,449,45,21,0,non_association,sampled_union_space
7886,1050,75,17,0,non_association,sampled_union_space
7887,1346,35,2,0,non_association,sampled_union_space
7888,62,39,21,0,non_association,sampled_union_space
7889,434,103,35,0,non_association,sampled_union_space
7890,694,118,21,0,non_association,sampled_union_space
7891,974,78,6,0,non_association,sampled_union_space
7892,1047,8,21,0,non_association,sampled_union_space
7893,1389,105,21,0,non_association,sampled_union_space
7894,46,61,22,0,non_association,sampled_union_space
7895,147,56,6,0,non_association,sampled_union_space
7896,1191,106,2,0,non_association,sampled_union_space
7897,274,30,6,0,non_association,sampled_union_space
7898,1181,71,21,0,non_association,sampled_union_space
7899,1342,51,12,0,non_association,sampled_union_space
7900,1424,16,21,0,non_association,sampled_union_space
7901,1307,134,21,0,non_association,sampled_union_space
7902,1019,91,2,0,non_association,sampled_union_space
7903,219,35,47,0,non_association,sampled_union_space
7904,1435,38,17,0,non_association,sampled_union_space
7905,1384,15,21,0,non_association,sampled_union_space
7906,1189,116,21,0,non_association,sampled_union_space
7907,1023,51,1,0,non_association,sampled_union_space
7908,777,2,2,0,non_association,sampled_union_space
7909,784,117,2,0,non_association,sampled_union_space
7910,1130,27,6,0,non_association,sampled_union_space
7911,1446,62,6,0,non_association,sampled_union_space
7912,1260,84,2,0,non_association,sampled_union_space
7913,996,135,17,0,non_association,sampled_union_space
7914,1261,77,22,0,non_association,sampled_union_space
7915,1461,94,2,0,non_association,sampled_union_space
7916,1172,70,6,0,non_association,sampled_union_space
7917,885,88,6,0,non_association,sampled_union_space
7918,1369,40,6,0,non_association,sampled_union_space
7919,65,87,17,0,non_association,sampled_union_space
7920,544,31,17,0,non_association,sampled_union_space
7921,1414,95,17,0,non_association,sampled_union_space
7922,1039,24,22,0,non_association,sampled_union_space
7923,865,135,15,0,non_association,sampled_union_space
7924,727,131,21,0,non_association,sampled_union_space
7925,119,135,2,0,non_association,sampled_union_space
7926,950,36,16,0,non_association,sampled_union_space
7927,1061,140,2,0,non_association,sampled_union_space
7928,581,142,17,0,non_association,sampled_union_space
7929,300,120,6,0,non_association,sampled_union_space
7930,331,138,6,0,non_association,sampled_union_space
7931,388,121,17,0,non_association,sampled_union_space
7932,349,57,17,0,non_association,sampled_union_space
7933,145,99,17,0,non_association,sampled_union_space
7934,354,114,17,0,non_association,sampled_union_space
7935,932,34,2,0,non_association,sampled_union_space
7936,1441,35,17,0,non_association,sampled_union_space
7937,1089,78,17,0,non_association,sampled_union_space
7938,1016,42,17,0,non_association,sampled_union_space
7939,1398,136,23,0,non_association,sampled_union_space
7940,145,50,17,0,non_association,sampled_union_space
7941,876,49,17,0,non_association,sampled_union_space
7942,924,147,17,0,non_association,sampled_union_space
7943,518,62,17,0,non_association,sampled_union_space
7944,1150,37,17,0,non_association,sampled_union_space
7945,918,10,17,0,non_association,sampled_union_space
7946,433,107,17,0,non_association,sampled_union_space
7947,1356,27,17,0,non_association,sampled_union_space
7948,236,36,28,0,non_association,sampled_union_space
7949,520,50,6,0,non_association,sampled_union_space
7950,19,126,17,0,non_association,sampled_union_space
7951,1330,55,17,0,non_association,sampled_union_space
7952,1392,54,17,0,non_association,sampled_union_space
7953,1227,137,17,0,non_association,sampled_union_space
7954,1366,40,17,0,non_association,sampled_union_space
7955,821,13,17,0,non_association,sampled_union_space
7956,655,145,21,0,non_association,sampled_union_space
7957,725,44,21,0,non_association,sampled_union_space
7958,723,62,6,0,non_association,sampled_union_space
7959,1303,57,17,0,non_association,sampled_union_space
7960,243,2,17,0,non_association,sampled_union_space
7961,637,96,21,0,non_association,sampled_union_space
7962,149,127,2,0,non_association,sampled_union_space
7963,828,52,21,0,non_association,sampled_union_space
7964,558,149,17,0,non_association,sampled_union_space
7965,725,122,17,0,non_association,sampled_union_space
7966,1286,76,17,0,non_association,sampled_union_space
7967,121,46,21,0,non_association,sampled_union_space
7968,535,64,21,0,non_association,sampled_union_space
7969,469,38,21,0,non_association,sampled_union_space
7970,977,24,21,0,non_association,sampled_union_space
7971,665,19,17,0,non_association,sampled_union_space
7972,789,71,7,0,non_association,sampled_union_space
7973,1222,131,17,0,non_association,sampled_union_space
7974,617,50,17,0,non_association,sampled_union_space
7975,797,147,17,0,non_association,sampled_union_space
7976,536,101,6,0,non_association,sampled_union_space
7977,655,72,6,0,non_association,sampled_union_space
7978,1337,5,15,0,non_association,sampled_union_space
7979,1229,68,6,0,non_association,sampled_union_space
7980,1462,131,21,0,non_association,sampled_union_space
7981,389,147,17,0,non_association,sampled_union_space
7982,102,75,21,0,non_association,sampled_union_space
7983,186,133,21,0,non_association,sampled_union_space
7984,1387,133,21,0,non_association,sampled_union_space
7985,989,119,6,0,non_association,sampled_union_space
7986,458,55,6,0,non_association,sampled_union_space
7987,1306,116,2,0,non_association,sampled_union_space
7988,120,66,2,0,non_association,sampled_union_space
7989,768,7,2,0,non_association,sampled_union_space
7990,997,144,6,0,non_association,sampled_union_space
7991,1046,49,17,0,non_association,sampled_union_space
7992,1474,142,17,0,non_association,sampled_union_space
7993,455,35,17,0,non_association,sampled_union_space
7994,920,42,17,0,non_association,sampled_union_space
7995,748,147,2,0,non_association,sampled_union_space
7996,276,18,2,0,non_association,sampled_union_space
7997,563,48,0,0,non_association,sampled_union_space
7998,470,69,17,0,non_association,sampled_union_space
7999,145,79,23,0,non_association,sampled_union_space
8000,1427,121,22,0,non_association,sampled_union_space
8001,958,109,15,0,non_association,sampled_union_space
8002,181,65,17,0,non_association,sampled_union_space
8003,897,40,23,0,non_association,sampled_union_space
8004,1366,76,11,0,non_association,sampled_union_space
8005,1146,139,11,0,non_association,sampled_union_space
8006,1358,95,11,0,non_association,sampled_union_space
8007,814,114,23,0,non_association,sampled_union_space
8008,199,0,11,0,non_association,sampled_union_space
8009,626,133,2,0,non_association,sampled_union_space
8010,550,141,17,0,non_association,sampled_union_space
8011,1042,16,23,0,non_association,sampled_union_space
8012,1292,119,22,0,non_association,sampled_union_space
8013,1236,14,13,0,non_association,sampled_union_space
8014,1200,7,26,0,non_association,sampled_union_space
8015,759,21,13,0,non_association,sampled_union_space
8016,606,41,12,0,non_association,sampled_union_space
8017,1216,91,15,0,non_association,sampled_union_space
8018,234,143,26,0,non_association,sampled_union_space
8019,581,74,4,0,non_association,sampled_union_space
8020,683,60,17,0,non_association,sampled_union_space
8021,781,76,2,0,non_association,sampled_union_space
8022,31,121,8,0,non_association,sampled_union_space
8023,1067,40,26,0,non_association,sampled_union_space
8024,568,0,26,0,non_association,sampled_union_space
8025,732,32,6,0,non_association,sampled_union_space
8026,1413,123,17,0,non_association,sampled_union_space
8027,1211,27,9,0,non_association,sampled_union_space
8028,132,88,26,0,non_association,sampled_union_space
8029,843,15,11,0,non_association,sampled_union_space
8030,140,121,21,0,non_association,sampled_union_space
8031,219,36,6,0,non_association,sampled_union_space
8032,1448,120,11,0,non_association,sampled_union_space
8033,1186,127,22,0,non_association,sampled_union_space
8034,863,71,26,0,non_association,sampled_union_space
8035,492,73,15,0,non_association,sampled_union_space
8036,1458,63,11,0,non_association,sampled_union_space
8037,437,17,23,0,non_association,sampled_union_space
8038,1184,64,11,0,non_association,sampled_union_space
8039,564,74,2,0,non_association,sampled_union_space
8040,851,65,28,0,non_association,sampled_union_space
8041,619,139,18,0,non_association,sampled_union_space
8042,183,135,2,0,non_association,sampled_union_space
8043,1295,5,26,0,non_association,sampled_union_space
8044,346,101,16,0,non_association,sampled_union_space
8045,219,2,5,0,non_association,sampled_union_space
8046,49,45,26,0,non_association,sampled_union_space
8047,1051,84,22,0,non_association,sampled_union_space
8048,562,44,12,0,non_association,sampled_union_space
8049,61,98,14,0,non_association,sampled_union_space
8050,1016,116,21,0,non_association,sampled_union_space
8051,426,48,1,0,non_association,sampled_union_space
8052,400,11,6,0,non_association,sampled_union_space
8053,1222,23,11,0,non_association,sampled_union_space
8054,1310,34,17,0,non_association,sampled_union_space
8055,910,66,26,0,non_association,sampled_union_space
8056,187,22,5,0,non_association,sampled_union_space
8057,755,106,11,0,non_association,sampled_union_space
8058,238,132,12,0,non_association,sampled_union_space
8059,1319,85,23,0,non_association,sampled_union_space
8060,1382,120,4,0,non_association,sampled_union_space
8061,1120,114,11,0,non_association,sampled_union_space
8062,472,96,2,0,non_association,sampled_union_space
8063,780,103,26,0,non_association,sampled_union_space
8064,1384,36,23,0,non_association,sampled_union_space
8065,889,38,2,0,non_association,sampled_union_space
8066,1204,31,6,0,non_association,sampled_union_space
8067,41,142,13,0,non_association,sampled_union_space
8068,498,83,2,0,non_association,sampled_union_space
8069,519,41,26,0,non_association,sampled_union_space
8070,902,120,17,0,non_association,sampled_union_space
8071,1219,25,17,0,non_association,sampled_union_space
8072,238,108,22,0,non_association,sampled_union_space
8073,885,24,26,0,non_association,sampled_union_space
8074,899,48,16,0,non_association,sampled_union_space
8075,1263,6,6,0,non_association,sampled_union_space
8076,100,84,17,0,non_association,sampled_union_space
8077,412,89,22,0,non_association,sampled_union_space
8078,729,125,16,0,non_association,sampled_union_space
8079,1273,27,26,0,non_association,sampled_union_space
8080,1025,123,2,0,non_association,sampled_union_space
8081,1108,12,2,0,non_association,sampled_union_space
8082,139,141,2,0,non_association,sampled_union_space
8083,504,123,17,0,non_association,sampled_union_space
8084,1148,101,26,0,non_association,sampled_union_space
8085,206,68,17,0,non_association,sampled_union_space
8086,1028,111,26,0,non_association,sampled_union_space
8087,45,149,26,0,non_association,sampled_union_space
8088,1053,54,17,0,non_association,sampled_union_space
8089,1293,49,17,0,non_association,sampled_union_space
8090,1240,0,22,0,non_association,sampled_union_space
8091,43,12,26,0,non_association,sampled_union_space
8092,1392,37,17,0,non_association,sampled_union_space
8093,1329,59,16,0,non_association,sampled_union_space
8094,921,37,23,0,non_association,sampled_union_space
8095,220,105,6,0,non_association,sampled_union_space
8096,1430,131,26,0,non_association,sampled_union_space
8097,513,37,23,0,non_association,sampled_union_space
8098,850,136,2,0,non_association,sampled_union_space
8099,531,104,1,0,non_association,sampled_union_space
8100,636,43,17,0,non_association,sampled_union_space
8101,845,105,20,0,non_association,sampled_union_space
8102,1231,131,6,0,non_association,sampled_union_space
8103,38,59,23,0,non_association,sampled_union_space
8104,1152,123,12,0,non_association,sampled_union_space
8105,212,136,5,0,non_association,sampled_union_space
8106,1000,56,6,0,non_association,sampled_union_space
8107,1157,75,6,0,non_association,sampled_union_space
8108,1147,70,12,0,non_association,sampled_union_space
8109,754,61,12,0,non_association,sampled_union_space
8110,912,59,26,0,non_association,sampled_union_space
8111,717,104,14,0,non_association,sampled_union_space
8112,490,30,26,0,non_association,sampled_union_space
8113,23,72,22,0,non_association,sampled_union_space
8114,559,134,17,0,non_association,sampled_union_space
8115,1407,20,6,0,non_association,sampled_union_space
8116,1117,42,7,0,non_association,sampled_union_space
8117,715,97,7,0,non_association,sampled_union_space
8118,459,28,30,0,non_association,sampled_union_space
8119,541,120,7,0,non_association,sampled_union_space
8120,538,117,16,0,non_association,sampled_union_space
8121,880,62,26,0,non_association,sampled_union_space
8122,617,75,2,0,non_association,sampled_union_space
8123,1391,8,6,0,non_association,sampled_union_space
8124,198,138,14,0,non_association,sampled_union_space
8125,848,82,21,0,non_association,sampled_union_space
8126,1323,38,22,0,non_association,sampled_union_space
8127,3,11,21,0,non_association,sampled_union_space
8128,261,108,6,0,non_association,sampled_union_space
8129,306,62,2,0,non_association,sampled_union_space
8130,1239,63,21,0,non_association,sampled_union_space
8131,843,110,17,0,non_association,sampled_union_space
8132,256,79,23,0,non_association,sampled_union_space
8133,18,128,2,0,non_association,sampled_union_space
8134,583,134,23,0,non_association,sampled_union_space
8135,1313,61,23,0,non_association,sampled_union_space
8136,1120,124,26,0,non_association,sampled_union_space
8137,473,20,17,0,non_association,sampled_union_space
8138,675,15,2,0,non_association,sampled_union_space
8139,759,20,6,0,non_association,sampled_union_space
8140,470,55,23,0,non_association,sampled_union_space
8141,1280,121,2,0,non_association,sampled_union_space
8142,241,13,35,0,non_association,sampled_union_space
8143,816,129,0,0,non_association,sampled_union_space
8144,820,77,17,0,non_association,sampled_union_space
8145,796,56,17,0,non_association,sampled_union_space
8146,325,84,5,0,non_association,sampled_union_space
8147,1407,88,14,0,non_association,sampled_union_space
8148,46,115,0,0,non_association,sampled_union_space
8149,264,88,20,0,non_association,sampled_union_space
8150,462,116,13,0,non_association,sampled_union_space
8151,585,107,23,0,non_association,sampled_union_space
8152,1486,36,5,0,non_association,sampled_union_space
8153,137,72,2,0,non_association,sampled_union_space
8154,745,29,24,0,non_association,sampled_union_space
8155,831,65,26,0,non_association,sampled_union_space
8156,500,11,47,0,non_association,sampled_union_space
8157,1012,30,9,0,non_association,sampled_union_space
8158,1105,25,8,0,non_association,sampled_union_space
8159,523,33,26,0,non_association,sampled_union_space
8160,972,131,17,0,non_association,sampled_union_space
8161,1201,35,2,0,non_association,sampled_union_space
8162,769,42,7,0,non_association,sampled_union_space
8163,313,146,5,0,non_association,sampled_union_space
8164,705,31,5,0,non_association,sampled_union_space
8165,288,6,7,0,non_association,sampled_union_space
8166,615,128,26,0,non_association,sampled_union_space
8167,272,64,17,0,non_association,sampled_union_space
8168,734,51,26,0,non_association,sampled_union_space
8169,618,105,3,0,non_association,sampled_union_space
8170,1354,3,23,0,non_association,sampled_union_space
8171,302,77,5,0,non_association,sampled_union_space
8172,898,76,22,0,non_association,sampled_union_space
8173,143,139,17,0,non_association,sampled_union_space
8174,778,50,26,0,non_association,sampled_union_space
8175,102,120,18,0,non_association,sampled_union_space
8176,785,121,0,0,non_association,sampled_union_space
8177,192,138,5,0,non_association,sampled_union_space
8178,320,148,23,0,non_association,sampled_union_space
8179,662,146,23,0,non_association,sampled_union_space
8180,914,59,8,0,non_association,sampled_union_space
8181,758,139,2,0,non_association,sampled_union_space
8182,1247,141,10,0,non_association,sampled_union_space
8183,799,27,14,0,non_association,sampled_union_space
8184,1363,78,2,0,non_association,sampled_union_space
8185,336,96,6,0,non_association,sampled_union_space
8186,886,129,26,0,non_association,sampled_union_space
8187,657,93,17,0,non_association,sampled_union_space
8188,1128,11,26,0,non_association,sampled_union_space
8189,905,72,5,0,non_association,sampled_union_space
8190,174,52,8,0,non_association,sampled_union_space
8191,1297,98,3,0,non_association,sampled_union_space
8192,349,39,26,0,non_association,sampled_union_space
8193,621,102,23,0,non_association,sampled_union_space
8194,580,89,2,0,non_association,sampled_union_space
8195,196,115,8,0,non_association,sampled_union_space
8196,1320,65,22,0,non_association,sampled_union_space
8197,438,97,26,0,non_association,sampled_union_space
8198,628,24,23,0,non_association,sampled_union_space
8199,834,123,4,0,non_association,sampled_union_space
8200,1362,14,2,0,non_association,sampled_union_space
8201,1014,37,22,0,non_association,sampled_union_space
8202,1240,55,2,0,non_association,sampled_union_space
8203,1014,11,11,0,non_association,sampled_union_space
8204,854,36,11,0,non_association,sampled_union_space
8205,1370,15,12,0,non_association,sampled_union_space
8206,906,135,23,0,non_association,sampled_union_space
8207,1056,27,11,0,non_association,sampled_union_space
8208,1377,88,17,0,non_association,sampled_union_space
8209,1146,11,4,0,non_association,sampled_union_space
8210,1413,86,11,0,non_association,sampled_union_space
8211,395,140,11,0,non_association,sampled_union_space
8212,798,124,22,0,non_association,sampled_union_space
8213,864,105,24,0,non_association,sampled_union_space
8214,1422,7,17,0,non_association,sampled_union_space
8215,944,104,21,0,non_association,sampled_union_space
8216,123,35,9,0,non_association,sampled_union_space
8217,424,90,17,0,non_association,sampled_union_space
8218,1117,29,18,0,non_association,sampled_union_space
8219,413,113,2,0,non_association,sampled_union_space
8220,146,54,2,0,non_association,sampled_union_space
8221,1448,78,16,0,non_association,sampled_union_space
8222,1346,82,22,0,non_association,sampled_union_space
8223,149,97,22,0,non_association,sampled_union_space
8224,1238,6,22,0,non_association,sampled_union_space
8225,1397,63,22,0,non_association,sampled_union_space
8226,818,50,26,0,non_association,sampled_union_space
8227,908,76,26,0,non_association,sampled_union_space
8228,638,0,2,0,non_association,sampled_union_space
8229,513,13,20,0,non_association,sampled_union_space
8230,282,23,26,0,non_association,sampled_union_space
8231,171,139,22,0,non_association,sampled_union_space
8232,1072,104,16,0,non_association,sampled_union_space
8233,1103,52,22,0,non_association,sampled_union_space
8234,940,100,26,0,non_association,sampled_union_space
8235,1148,104,17,0,non_association,sampled_union_space
8236,907,67,22,0,non_association,sampled_union_space
8237,253,71,22,0,non_association,sampled_union_space
8238,508,118,17,0,non_association,sampled_union_space
8239,478,82,2,0,non_association,sampled_union_space
8240,1022,135,15,0,non_association,sampled_union_space
8241,1187,80,23,0,non_association,sampled_union_space
8242,635,112,22,0,non_association,sampled_union_space
8243,1297,59,3,0,non_association,sampled_union_space
8244,1244,74,26,0,non_association,sampled_union_space
8245,973,7,26,0,non_association,sampled_union_space
8246,1314,52,17,0,non_association,sampled_union_space
8247,543,43,6,0,non_association,sampled_union_space
8248,441,49,6,0,non_association,sampled_union_space
8249,212,42,24,0,non_association,sampled_union_space
8250,670,56,26,0,non_association,sampled_union_space
8251,283,94,15,0,non_association,sampled_union_space
8252,345,52,2,0,non_association,sampled_union_space
8253,1235,89,22,0,non_association,sampled_union_space
8254,1238,77,30,0,non_association,sampled_union_space
8255,67,121,14,0,non_association,sampled_union_space
8256,934,114,39,0,non_association,sampled_union_space
8257,362,104,16,0,non_association,sampled_union_space
8258,972,142,22,0,non_association,sampled_union_space
8259,439,99,19,0,non_association,sampled_union_space
8260,956,101,19,0,non_association,sampled_union_space
8261,148,79,3,0,non_association,sampled_union_space
8262,1103,136,4,0,non_association,sampled_union_space
8263,34,16,16,0,non_association,sampled_union_space
8264,1362,11,12,0,non_association,sampled_union_space
8265,162,90,2,0,non_association,sampled_union_space
8266,1468,108,26,0,non_association,sampled_union_space
8267,224,3,17,0,non_association,sampled_union_space
8268,49,92,22,0,non_association,sampled_union_space
8269,989,148,2,0,non_association,sampled_union_space
8270,253,36,20,0,non_association,sampled_union_space
8271,1145,9,22,0,non_association,sampled_union_space
8272,894,14,26,0,non_association,sampled_union_space
8273,1476,1,17,0,non_association,sampled_union_space
8274,1437,141,6,0,non_association,sampled_union_space
8275,365,64,5,0,non_association,sampled_union_space
8276,890,141,21,0,non_association,sampled_union_space
8277,955,118,5,0,non_association,sampled_union_space
8278,821,29,21,0,non_association,sampled_union_space
8279,608,130,12,0,non_association,sampled_union_space
8280,443,130,14,0,non_association,sampled_union_space
8281,47,95,22,0,non_association,sampled_union_space
8282,1473,42,15,0,non_association,sampled_union_space
8283,504,85,21,0,non_association,sampled_union_space
8284,906,114,2,0,non_association,sampled_union_space
8285,16,16,26,0,non_association,sampled_union_space
8286,1114,75,17,0,non_association,sampled_union_space
8287,1289,142,22,0,non_association,sampled_union_space
8288,866,74,26,0,non_association,sampled_union_space
8289,1278,70,6,0,non_association,sampled_union_space
8290,198,52,17,0,non_association,sampled_union_space
8291,809,127,6,0,non_association,sampled_union_space
8292,583,8,12,0,non_association,sampled_union_space
8293,495,4,23,0,non_association,sampled_union_space
8294,534,102,6,0,non_association,sampled_union_space
8295,133,30,8,0,non_association,sampled_union_space
8296,8,119,6,0,non_association,sampled_union_space
8297,985,126,17,0,non_association,sampled_union_space
8298,774,109,17,0,non_association,sampled_union_space
8299,456,69,5,0,non_association,sampled_union_space
8300,968,21,18,0,non_association,sampled_union_space
8301,579,143,22,0,non_association,sampled_union_space
8302,1160,61,23,0,non_association,sampled_union_space
8303,1395,56,22,0,non_association,sampled_union_space
8304,359,72,21,0,non_association,sampled_union_space
8305,868,116,26,0,non_association,sampled_union_space
8306,1342,90,51,0,non_association,sampled_union_space
8307,777,143,22,0,non_association,sampled_union_space
8308,773,146,1,0,non_association,sampled_union_space
8309,346,137,12,0,non_association,sampled_union_space
8310,1343,142,6,0,non_association,sampled_union_space
8311,204,36,2,0,non_association,sampled_union_space
8312,1142,80,6,0,non_association,sampled_union_space
8313,1385,102,24,0,non_association,sampled_union_space
8314,542,88,4,0,non_association,sampled_union_space
8315,99,121,16,0,non_association,sampled_union_space
8316,1451,50,2,0,non_association,sampled_union_space
8317,186,86,2,0,non_association,sampled_union_space
8318,998,78,26,0,non_association,sampled_union_space
8319,1321,47,17,0,non_association,sampled_union_space
8320,952,19,6,0,non_association,sampled_union_space
8321,206,20,6,0,non_association,sampled_union_space
8322,645,20,26,0,non_association,sampled_union_space
8323,303,72,3,0,non_association,sampled_union_space
8324,736,118,6,0,non_association,sampled_union_space
8325,545,141,6,0,non_association,sampled_union_space
8326,916,61,19,0,non_association,sampled_union_space
8327,961,9,6,0,non_association,sampled_union_space
8328,25,32,5,0,non_association,sampled_union_space
8329,753,73,21,0,non_association,sampled_union_space
8330,19,6,12,0,non_association,sampled_union_space
8331,129,20,0,0,non_association,sampled_union_space
8332,308,49,12,0,non_association,sampled_union_space
8333,286,123,16,0,non_association,sampled_union_space
8334,1219,124,16,0,non_association,sampled_union_space
8335,1173,100,17,0,non_association,sampled_union_space
8336,619,13,22,0,non_association,sampled_union_space
8337,1440,145,23,0,non_association,sampled_union_space
8338,415,56,23,0,non_association,sampled_union_space
8339,1195,62,12,0,non_association,sampled_union_space
8340,627,90,22,0,non_association,sampled_union_space
8341,994,63,2,0,non_association,sampled_union_space
8342,48,24,13,0,non_association,sampled_union_space
8343,430,78,22,0,non_association,sampled_union_space
8344,307,3,5,0,non_association,sampled_union_space
8345,65,26,12,0,non_association,sampled_union_space
8346,32,128,21,0,non_association,sampled_union_space
8347,1200,59,17,0,non_association,sampled_union_space
8348,172,24,12,0,non_association,sampled_union_space
8349,690,134,21,0,non_association,sampled_union_space
8350,1240,132,21,0,non_association,sampled_union_space
8351,1484,59,12,0,non_association,sampled_union_space
8352,926,25,12,0,non_association,sampled_union_space
8353,1057,52,17,0,non_association,sampled_union_space
8354,1112,92,14,0,non_association,sampled_union_space
8355,604,99,6,0,non_association,sampled_union_space
8356,1250,65,24,0,non_association,sampled_union_space
8357,99,140,2,0,non_association,sampled_union_space
8358,673,9,2,0,non_association,sampled_union_space
8359,1052,133,19,0,non_association,sampled_union_space
8360,931,9,26,0,non_association,sampled_union_space
8361,813,82,9,0,non_association,sampled_union_space
8362,539,77,26,0,non_association,sampled_union_space
8363,848,48,7,0,non_association,sampled_union_space
8364,1420,25,17,0,non_association,sampled_union_space
8365,1466,83,7,0,non_association,sampled_union_space
8366,1160,98,7,0,non_association,sampled_union_space
8367,1302,129,7,0,non_association,sampled_union_space
8368,214,1,2,0,non_association,sampled_union_space
8369,206,89,23,0,non_association,sampled_union_space
8370,105,126,2,0,non_association,sampled_union_space
8371,1236,111,23,0,non_association,sampled_union_space
8372,410,97,2,0,non_association,sampled_union_space
8373,260,115,22,0,non_association,sampled_union_space
8374,773,124,47,0,non_association,sampled_union_space
8375,1049,64,6,0,non_association,sampled_union_space
8376,1184,48,22,0,non_association,sampled_union_space
8377,1004,24,25,0,non_association,sampled_union_space
8378,306,13,4,0,non_association,sampled_union_space
8379,911,59,21,0,non_association,sampled_union_space
8380,1422,73,23,0,non_association,sampled_union_space
8381,743,139,24,0,non_association,sampled_union_space
8382,1138,87,21,0,non_association,sampled_union_space
8383,1085,37,2,0,non_association,sampled_union_space
8384,169,28,6,0,non_association,sampled_union_space
8385,1079,74,23,0,non_association,sampled_union_space
8386,1227,39,17,0,non_association,sampled_union_space
8387,1413,67,0,0,non_association,sampled_union_space
8388,1091,47,14,0,non_association,sampled_union_space
8389,950,85,14,0,non_association,sampled_union_space
8390,1179,32,12,0,non_association,sampled_union_space
8391,66,36,13,0,non_association,sampled_union_space
8392,492,71,16,0,non_association,sampled_union_space
8393,138,6,19,0,non_association,sampled_union_space
8394,1315,126,21,0,non_association,sampled_union_space
8395,1379,33,3,0,non_association,sampled_union_space
8396,1107,60,5,0,non_association,sampled_union_space
8397,1291,87,16,0,non_association,sampled_union_space
8398,1405,48,22,0,non_association,sampled_union_space
8399,40,128,2,0,non_association,sampled_union_space
8400,1266,26,2,0,non_association,sampled_union_space
8401,638,131,2,0,non_association,sampled_union_space
8402,818,98,2,0,non_association,sampled_union_space
8403,881,22,7,0,non_association,sampled_union_space
8404,505,138,2,0,non_association,sampled_union_space
8405,331,121,15,0,non_association,sampled_union_space
8406,891,41,26,0,non_association,sampled_union_space
8407,1380,21,28,0,non_association,sampled_union_space
8408,997,129,26,0,non_association,sampled_union_space
8409,846,12,26,0,non_association,sampled_union_space
8410,734,29,23,0,non_association,sampled_union_space
8411,501,20,26,0,non_association,sampled_union_space
8412,971,92,17,0,non_association,sampled_union_space
8413,790,114,6,0,non_association,sampled_union_space
8414,532,59,26,0,non_association,sampled_union_space
8415,837,15,12,0,non_association,sampled_union_space
8416,1086,94,26,0,non_association,sampled_union_space
8417,1168,97,19,0,non_association,sampled_union_space
8418,415,44,26,0,non_association,sampled_union_space
8419,1176,98,12,0,non_association,sampled_union_space
8420,1459,87,2,0,non_association,sampled_union_space
8421,825,19,12,0,non_association,sampled_union_space
8422,142,29,16,0,non_association,sampled_union_space
8423,915,89,10,0,non_association,sampled_union_space
8424,67,112,5,0,non_association,sampled_union_space
8425,587,133,26,0,non_association,sampled_union_space
8426,653,35,17,0,non_association,sampled_union_space
8427,1259,108,17,0,non_association,sampled_union_space
8428,884,130,26,0,non_association,sampled_union_space
8429,68,43,2,0,non_association,sampled_union_space
8430,704,51,26,0,non_association,sampled_union_space
8431,1105,48,5,0,non_association,sampled_union_space
8432,462,35,26,0,non_association,sampled_union_space
8433,227,79,17,0,non_association,sampled_union_space
8434,877,18,6,0,non_association,sampled_union_space
8435,251,104,35,0,non_association,sampled_union_space
8436,1239,74,17,0,non_association,sampled_union_space
8437,20,22,6,0,non_association,sampled_union_space
8438,379,115,6,0,non_association,sampled_union_space
8439,802,8,2,0,non_association,sampled_union_space
8440,85,99,16,0,non_association,sampled_union_space
8441,472,101,26,0,non_association,sampled_union_space
8442,1423,10,24,0,non_association,sampled_union_space
8443,800,138,26,0,non_association,sampled_union_space
8444,276,66,22,0,non_association,sampled_union_space
8445,325,137,17,0,non_association,sampled_union_space
8446,258,75,2,0,non_association,sampled_union_space
8447,443,37,18,0,non_association,sampled_union_space
8448,743,43,2,0,non_association,sampled_union_space
8449,410,146,22,0,non_association,sampled_union_space
8450,1123,44,22,0,non_association,sampled_union_space
8451,1427,72,12,0,non_association,sampled_union_space
8452,758,101,12,0,non_association,sampled_union_space
8453,425,109,17,0,non_association,sampled_union_space
8454,606,5,26,0,non_association,sampled_union_space
8455,267,43,6,0,non_association,sampled_union_space
8456,987,106,24,0,non_association,sampled_union_space
8457,1330,136,17,0,non_association,sampled_union_space
8458,262,16,14,0,non_association,sampled_union_space
8459,544,79,12,0,non_association,sampled_union_space
8460,195,132,2,0,non_association,sampled_union_space
8461,1160,92,22,0,non_association,sampled_union_space
8462,527,18,12,0,non_association,sampled_union_space
8463,67,89,10,0,non_association,sampled_union_space
8464,1013,26,12,0,non_association,sampled_union_space
8465,330,40,26,0,non_association,sampled_union_space
8466,696,66,8,0,non_association,sampled_union_space
8467,1168,80,15,0,non_association,sampled_union_space
8468,941,42,26,0,non_association,sampled_union_space
8469,576,116,18,0,non_association,sampled_union_space
8470,1426,4,2,0,non_association,sampled_union_space
8471,1251,93,2,0,non_association,sampled_union_space
8472,854,38,12,0,non_association,sampled_union_space
8473,406,77,16,0,non_association,sampled_union_space
8474,1081,21,22,0,non_association,sampled_union_space
8475,1114,48,0,0,non_association,sampled_union_space
8476,1416,124,11,0,non_association,sampled_union_space
8477,810,80,16,0,non_association,sampled_union_space
8478,126,105,17,0,non_association,sampled_union_space
8479,504,94,16,0,non_association,sampled_union_space
8480,1305,131,22,0,non_association,sampled_union_space
8481,1047,52,16,0,non_association,sampled_union_space
8482,617,83,22,0,non_association,sampled_union_space
8483,165,62,23,0,non_association,sampled_union_space
8484,108,10,11,0,non_association,sampled_union_space
8485,1158,62,11,0,non_association,sampled_union_space
8486,341,49,10,0,non_association,sampled_union_space
8487,393,69,10,0,non_association,sampled_union_space
8488,230,26,16,0,non_association,sampled_union_space
8489,718,132,26,0,non_association,sampled_union_space
8490,275,57,8,0,non_association,sampled_union_space
8491,758,147,51,0,non_association,sampled_union_space
8492,454,58,10,0,non_association,sampled_union_space
8493,1167,112,26,0,non_association,sampled_union_space
8494,204,96,17,0,non_association,sampled_union_space
8495,295,35,17,0,non_association,sampled_union_space
8496,880,140,23,0,non_association,sampled_union_space
8497,615,35,23,0,non_association,sampled_union_space
8498,657,57,4,0,non_association,sampled_union_space
8499,1324,94,23,0,non_association,sampled_union_space
8500,417,117,23,0,non_association,sampled_union_space
8501,224,82,15,0,non_association,sampled_union_space
8502,1173,1,11,0,non_association,sampled_union_space
8503,27,140,12,0,non_association,sampled_union_space
8504,167,39,12,0,non_association,sampled_union_space
8505,142,14,11,0,non_association,sampled_union_space
8506,621,99,12,0,non_association,sampled_union_space
8507,352,97,17,0,non_association,sampled_union_space
8508,689,94,11,0,non_association,sampled_union_space
8509,1225,61,12,0,non_association,sampled_union_space
8510,135,22,11,0,non_association,sampled_union_space
8511,483,117,12,0,non_association,sampled_union_space
8512,409,97,12,0,non_association,sampled_union_space
8513,741,111,17,0,non_association,sampled_union_space
8514,363,3,6,0,non_association,sampled_union_space
8515,1391,5,2,0,non_association,sampled_union_space
8516,731,38,2,0,non_association,sampled_union_space
8517,1454,108,2,0,non_association,sampled_union_space
8518,225,84,2,0,non_association,sampled_union_space
8519,985,12,14,0,non_association,sampled_union_space
8520,774,105,20,0,non_association,sampled_union_space
8521,397,90,0,0,non_association,sampled_union_space
8522,1216,10,6,0,non_association,sampled_union_space
8523,1344,121,2,0,non_association,sampled_union_space
8524,340,6,5,0,non_association,sampled_union_space
8525,1024,16,26,0,non_association,sampled_union_space
8526,1321,140,4,0,non_association,sampled_union_space
8527,1204,78,2,0,non_association,sampled_union_space
8528,1386,58,26,0,non_association,sampled_union_space
8529,360,50,2,0,non_association,sampled_union_space
8530,587,28,17,0,non_association,sampled_union_space
8531,225,134,22,0,non_association,sampled_union_space
8532,175,141,17,0,non_association,sampled_union_space
8533,370,63,17,0,non_association,sampled_union_space
8534,192,67,22,0,non_association,sampled_union_space
8535,84,115,23,0,non_association,sampled_union_space
8536,1160,19,22,0,non_association,sampled_union_space
8537,171,103,2,0,non_association,sampled_union_space
8538,1457,86,16,0,non_association,sampled_union_space
8539,119,100,23,0,non_association,sampled_union_space
8540,1152,18,17,0,non_association,sampled_union_space
8541,604,48,2,0,non_association,sampled_union_space
8542,1475,95,8,0,non_association,sampled_union_space
8543,1297,26,8,0,non_association,sampled_union_space
8544,1224,47,2,0,non_association,sampled_union_space
8545,788,83,14,0,non_association,sampled_union_space
8546,657,73,22,0,non_association,sampled_union_space
8547,1196,117,8,0,non_association,sampled_union_space
8548,370,119,15,0,non_association,sampled_union_space
8549,1360,88,14,0,non_association,sampled_union_space
8550,1001,108,14,0,non_association,sampled_union_space
8551,1304,52,6,0,non_association,sampled_union_space
8552,370,123,6,0,non_association,sampled_union_space
8553,862,15,16,0,non_association,sampled_union_space
8554,275,88,15,0,non_association,sampled_union_space
8555,124,103,23,0,non_association,sampled_union_space
8556,1278,46,8,0,non_association,sampled_union_space
8557,594,139,19,0,non_association,sampled_union_space
8558,313,80,23,0,non_association,sampled_union_space
8559,801,74,1,0,non_association,sampled_union_space
8560,23,40,18,0,non_association,sampled_union_space
8561,1418,128,26,0,non_association,sampled_union_space
8562,473,92,12,0,non_association,sampled_union_space
8563,352,77,5,0,non_association,sampled_union_space
8564,648,36,1,0,non_association,sampled_union_space
8565,716,135,24,0,non_association,sampled_union_space
8566,1297,119,14,0,non_association,sampled_union_space
8567,1152,108,2,0,non_association,sampled_union_space
8568,1072,136,22,0,non_association,sampled_union_space
8569,1016,144,23,0,non_association,sampled_union_space
8570,210,63,8,0,non_association,sampled_union_space
8571,336,39,30,0,non_association,sampled_union_space
8572,1232,69,22,0,non_association,sampled_union_space
8573,319,129,2,0,non_association,sampled_union_space
8574,827,7,5,0,non_association,sampled_union_space
8575,410,62,11,0,non_association,sampled_union_space
8576,1060,4,11,0,non_association,sampled_union_space
8577,768,144,24,0,non_association,sampled_union_space
8578,43,100,5,0,non_association,sampled_union_space
8579,915,142,11,0,non_association,sampled_union_space
8580,1135,99,0,0,non_association,sampled_union_space
8581,194,95,11,0,non_association,sampled_union_space
8582,867,27,3,0,non_association,sampled_union_space
8583,945,37,11,0,non_association,sampled_union_space
8584,802,15,22,0,non_association,sampled_union_space
8585,321,105,10,0,non_association,sampled_union_space
8586,1248,77,6,0,non_association,sampled_union_space
8587,840,7,26,0,non_association,sampled_union_space
8588,92,79,17,0,non_association,sampled_union_space
8589,78,83,1,0,non_association,sampled_union_space
8590,824,76,1,0,non_association,sampled_union_space
8591,342,112,26,0,non_association,sampled_union_space
8592,1040,57,12,0,non_association,sampled_union_space
8593,658,113,2,0,non_association,sampled_union_space
8594,1306,146,6,0,non_association,sampled_union_space
8595,442,145,8,0,non_association,sampled_union_space
8596,1286,144,11,0,non_association,sampled_union_space
8597,1096,66,2,0,non_association,sampled_union_space
8598,991,125,11,0,non_association,sampled_union_space
8599,348,38,2,0,non_association,sampled_union_space
8600,658,72,11,0,non_association,sampled_union_space
8601,976,52,26,0,non_association,sampled_union_space
8602,274,80,11,0,non_association,sampled_union_space
8603,194,77,11,0,non_association,sampled_union_space
8604,62,27,22,0,non_association,sampled_union_space
8605,271,66,17,0,non_association,sampled_union_space
8606,405,91,17,0,non_association,sampled_union_space
8607,1060,98,17,0,non_association,sampled_union_space
8608,119,130,17,0,non_association,sampled_union_space
8609,1117,14,2,0,non_association,sampled_union_space
8610,179,142,12,0,non_association,sampled_union_space
8611,407,143,21,0,non_association,sampled_union_space
8612,787,136,21,0,non_association,sampled_union_space
8613,1322,78,21,0,non_association,sampled_union_space
8614,353,75,35,0,non_association,sampled_union_space
8615,398,122,21,0,non_association,sampled_union_space
8616,35,32,22,0,non_association,sampled_union_space
8617,497,95,22,0,non_association,sampled_union_space
8618,834,96,2,0,non_association,sampled_union_space
8619,162,40,12,0,non_association,sampled_union_space
8620,1235,28,42,0,non_association,sampled_union_space
8621,1280,113,22,0,non_association,sampled_union_space
8622,202,87,4,0,non_association,sampled_union_space
8623,396,73,6,0,non_association,sampled_union_space
8624,1056,16,6,0,non_association,sampled_union_space
8625,436,68,4,0,non_association,sampled_union_space
8626,674,52,5,0,non_association,sampled_union_space
8627,562,56,22,0,non_association,sampled_union_space
8628,1450,123,4,0,non_association,sampled_union_space
8629,599,67,15,0,non_association,sampled_union_space
8630,622,82,12,0,non_association,sampled_union_space
8631,42,117,5,0,non_association,sampled_union_space
8632,131,140,2,0,non_association,sampled_union_space
8633,1166,75,26,0,non_association,sampled_union_space
8634,1369,51,2,0,non_association,sampled_union_space
8635,1195,54,23,0,non_association,sampled_union_space
8636,803,142,2,0,non_association,sampled_union_space
8637,1474,109,17,0,non_association,sampled_union_space
8638,1216,117,2,0,non_association,sampled_union_space
8639,894,75,22,0,non_association,sampled_union_space
8640,646,82,8,0,non_association,sampled_union_space
8641,59,122,12,0,non_association,sampled_union_space
8642,436,145,26,0,non_association,sampled_union_space
8643,1018,37,2,0,non_association,sampled_union_space
8644,848,86,2,0,non_association,sampled_union_space
8645,1430,134,18,0,non_association,sampled_union_space
8646,845,135,16,0,non_association,sampled_union_space
8647,801,61,6,0,non_association,sampled_union_space
8648,1181,135,12,0,non_association,sampled_union_space
8649,1031,31,15,0,non_association,sampled_union_space
8650,845,145,15,0,non_association,sampled_union_space
8651,937,14,24,0,non_association,sampled_union_space
8652,38,137,15,0,non_association,sampled_union_space
8653,405,20,23,0,non_association,sampled_union_space
8654,1392,33,18,0,non_association,sampled_union_space
8655,834,44,16,0,non_association,sampled_union_space
8656,747,66,24,0,non_association,sampled_union_space
8657,475,14,8,0,non_association,sampled_union_space
8658,1138,40,26,0,non_association,sampled_union_space
8659,451,129,6,0,non_association,sampled_union_space
8660,255,91,2,0,non_association,sampled_union_space
8661,724,71,18,0,non_association,sampled_union_space
8662,1377,31,26,0,non_association,sampled_union_space
8663,895,41,25,0,non_association,sampled_union_space
8664,1002,45,8,0,non_association,sampled_union_space
8665,485,49,16,0,non_association,sampled_union_space
8666,602,140,17,0,non_association,sampled_union_space
8667,12,67,21,0,non_association,sampled_union_space
8668,1200,127,22,0,non_association,sampled_union_space
8669,1457,39,26,0,non_association,sampled_union_space
8670,1215,24,26,0,non_association,sampled_union_space
8671,303,75,16,0,non_association,sampled_union_space
8672,998,140,8,0,non_association,sampled_union_space
8673,294,114,24,0,non_association,sampled_union_space
8674,329,32,2,0,non_association,sampled_union_space
8675,1068,120,6,0,non_association,sampled_union_space
8676,1213,96,8,0,non_association,sampled_union_space
8677,960,85,26,0,non_association,sampled_union_space
8678,43,105,17,0,non_association,sampled_union_space
8679,769,94,23,0,non_association,sampled_union_space
8680,755,3,5,0,non_association,sampled_union_space
8681,697,140,16,0,non_association,sampled_union_space
8682,1033,38,21,0,non_association,sampled_union_space
8683,329,96,16,0,non_association,sampled_union_space
8684,559,148,22,0,non_association,sampled_union_space
8685,887,22,26,0,non_association,sampled_union_space
8686,339,94,25,0,non_association,sampled_union_space
8687,1060,10,16,0,non_association,sampled_union_space
8688,1200,60,2,0,non_association,sampled_union_space
8689,1262,89,15,0,non_association,sampled_union_space
8690,829,103,21,0,non_association,sampled_union_space
8691,215,36,19,0,non_association,sampled_union_space
8692,1346,43,17,0,non_association,sampled_union_space
8693,1329,99,19,0,non_association,sampled_union_space
8694,1191,90,2,0,non_association,sampled_union_space
8695,427,116,4,0,non_association,sampled_union_space
8696,1391,121,19,0,non_association,sampled_union_space
8697,947,41,30,0,non_association,sampled_union_space
8698,704,107,8,0,non_association,sampled_union_space
8699,147,50,21,0,non_association,sampled_union_space
8700,860,56,21,0,non_association,sampled_union_space
8701,1239,25,12,0,non_association,sampled_union_space
8702,475,59,21,0,non_association,sampled_union_space
8703,661,110,10,0,non_association,sampled_union_space
8704,1363,52,2,0,non_association,sampled_union_space
8705,450,80,8,0,non_association,sampled_union_space
8706,972,96,2,0,non_association,sampled_union_space
8707,680,83,2,0,non_association,sampled_union_space
8708,1087,65,26,0,non_association,sampled_union_space
8709,1318,28,26,0,non_association,sampled_union_space
8710,330,88,6,0,non_association,sampled_union_space
8711,509,52,6,0,non_association,sampled_union_space
8712,1019,51,22,0,non_association,sampled_union_space
8713,1191,93,2,0,non_association,sampled_union_space
8714,242,53,10,0,non_association,sampled_union_space
8715,110,107,24,0,non_association,sampled_union_space
8716,323,58,19,0,non_association,sampled_union_space
8717,204,95,2,0,non_association,sampled_union_space
8718,200,105,0,0,non_association,sampled_union_space
8719,837,65,24,0,non_association,sampled_union_space
8720,613,28,2,0,non_association,sampled_union_space
8721,631,138,6,0,non_association,sampled_union_space
8722,586,27,23,0,non_association,sampled_union_space
8723,280,48,17,0,non_association,sampled_union_space
8724,1293,105,2,0,non_association,sampled_union_space
8725,323,100,3,0,non_association,sampled_union_space
8726,754,15,15,0,non_association,sampled_union_space
8727,963,78,42,0,non_association,sampled_union_space
8728,543,7,15,0,non_association,sampled_union_space
8729,1005,63,5,0,non_association,sampled_union_space
8730,1250,113,17,0,non_association,sampled_union_space
8731,485,109,22,0,non_association,sampled_union_space
8732,1071,135,25,0,non_association,sampled_union_space
8733,288,58,26,0,non_association,sampled_union_space
8734,1042,117,23,0,non_association,sampled_union_space
8735,1196,33,26,0,non_association,sampled_union_space
8736,145,56,26,0,non_association,sampled_union_space
8737,377,66,6,0,non_association,sampled_union_space
8738,893,65,26,0,non_association,sampled_union_space
8739,1068,20,21,0,non_association,sampled_union_space
8740,748,113,21,0,non_association,sampled_union_space
8741,1096,91,23,0,non_association,sampled_union_space
8742,481,59,6,0,non_association,sampled_union_space
8743,396,47,23,0,non_association,sampled_union_space
8744,1130,16,42,0,non_association,sampled_union_space
8745,0,42,2,0,non_association,sampled_union_space
8746,36,8,1,0,non_association,sampled_union_space
8747,208,125,2,0,non_association,sampled_union_space
8748,858,116,2,0,non_association,sampled_union_space
8749,878,37,26,0,non_association,sampled_union_space
8750,711,91,7,0,non_association,sampled_union_space
8751,129,3,26,0,non_association,sampled_union_space
8752,1134,128,22,0,non_association,sampled_union_space
8753,1451,138,0,0,non_association,sampled_union_space
8754,1440,53,12,0,non_association,sampled_union_space
8755,1258,53,10,0,non_association,sampled_union_space
8756,982,131,22,0,non_association,sampled_union_space
8757,191,47,3,0,non_association,sampled_union_space
8758,507,148,16,0,non_association,sampled_union_space
8759,223,75,17,0,non_association,sampled_union_space
8760,1145,113,17,0,non_association,sampled_union_space
8761,630,123,18,0,non_association,sampled_union_space
8762,389,0,21,0,non_association,sampled_union_space
8763,422,96,21,0,non_association,sampled_union_space
8764,375,141,22,0,non_association,sampled_union_space
8765,982,48,26,0,non_association,sampled_union_space
8766,1061,37,2,0,non_association,sampled_union_space
8767,335,10,2,0,non_association,sampled_union_space
8768,1317,107,13,0,non_association,sampled_union_space
8769,1484,49,17,0,non_association,sampled_union_space
8770,1247,29,24,0,non_association,sampled_union_space
8771,1014,124,13,0,non_association,sampled_union_space
8772,882,145,5,0,non_association,sampled_union_space
8773,1371,20,6,0,non_association,sampled_union_space
8774,1111,45,26,0,non_association,sampled_union_space
8775,497,82,23,0,non_association,sampled_union_space
8776,1000,137,23,0,non_association,sampled_union_space
8777,109,114,2,0,non_association,sampled_union_space
8778,84,52,17,0,non_association,sampled_union_space
8779,1125,109,2,0,non_association,sampled_union_space
8780,1414,28,6,0,non_association,sampled_union_space
8781,485,12,22,0,non_association,sampled_union_space
8782,239,95,4,0,non_association,sampled_union_space
8783,1284,98,6,0,non_association,sampled_union_space
8784,1056,28,2,0,non_association,sampled_union_space
8785,67,121,3,0,non_association,sampled_union_space
8786,1181,63,22,0,non_association,sampled_union_space
8787,1427,118,2,0,non_association,sampled_union_space
8788,57,108,7,0,non_association,sampled_union_space
8789,892,86,12,0,non_association,sampled_union_space
8790,1028,52,2,0,non_association,sampled_union_space
8791,1410,47,12,0,non_association,sampled_union_space
8792,820,62,10,0,non_association,sampled_union_space
8793,1420,140,18,0,non_association,sampled_union_space
8794,996,18,8,0,non_association,sampled_union_space
8795,835,74,26,0,non_association,sampled_union_space
8796,173,102,6,0,non_association,sampled_union_space
8797,419,26,6,0,non_association,sampled_union_space
8798,827,104,14,0,non_association,sampled_union_space
8799,93,51,21,0,non_association,sampled_union_space
8800,765,11,17,0,non_association,sampled_union_space
8801,1188,41,26,0,non_association,sampled_union_space
8802,676,3,49,0,non_association,sampled_union_space
8803,626,36,22,0,non_association,sampled_union_space
8804,763,55,8,0,non_association,sampled_union_space
8805,1367,149,14,0,non_association,sampled_union_space
8806,188,42,18,0,non_association,sampled_union_space
8807,1075,79,23,0,non_association,sampled_union_space
8808,150,141,18,0,non_association,sampled_union_space
8809,642,18,23,0,non_association,sampled_union_space
8810,1452,35,2,0,non_association,sampled_union_space
8811,583,111,15,0,non_association,sampled_union_space
8812,632,53,2,0,non_association,sampled_union_space
8813,717,67,28,0,non_association,sampled_union_space
8814,623,134,14,0,non_association,sampled_union_space
8815,1222,67,1,0,non_association,sampled_union_space
8816,1025,19,3,0,non_association,sampled_union_space
8817,855,96,21,0,non_association,sampled_union_space
8818,577,56,22,0,non_association,sampled_union_space
8819,1190,121,17,0,non_association,sampled_union_space
8820,1229,94,21,0,non_association,sampled_union_space
8821,124,4,12,0,non_association,sampled_union_space
8822,573,94,17,0,non_association,sampled_union_space
8823,556,120,17,0,non_association,sampled_union_space
8824,1413,133,23,0,non_association,sampled_union_space
8825,1200,140,24,0,non_association,sampled_union_space
8826,414,119,2,0,non_association,sampled_union_space
8827,150,107,14,0,non_association,sampled_union_space
8828,336,146,22,0,non_association,sampled_union_space
8829,904,45,30,0,non_association,sampled_union_space
8830,998,44,21,0,non_association,sampled_union_space
8831,1386,106,5,0,non_association,sampled_union_space
8832,1058,45,22,0,non_association,sampled_union_space
8833,783,75,2,0,non_association,sampled_union_space
8834,29,14,17,0,non_association,sampled_union_space
8835,523,33,22,0,non_association,sampled_union_space
8836,648,119,6,0,non_association,sampled_union_space
8837,493,116,18,0,non_association,sampled_union_space
8838,331,19,22,0,non_association,sampled_union_space
8839,251,114,0,0,non_association,sampled_union_space
8840,1271,5,18,0,non_association,sampled_union_space
8841,262,13,16,0,non_association,sampled_union_space
8842,1391,89,4,0,non_association,sampled_union_space
8843,544,67,36,0,non_association,sampled_union_space
8844,412,39,14,0,non_association,sampled_union_space
8845,969,139,22,0,non_association,sampled_union_space
8846,1486,1,17,0,non_association,sampled_union_space
8847,1037,140,35,0,non_association,sampled_union_space
8848,954,68,6,0,non_association,sampled_union_space
8849,32,1,26,0,non_association,sampled_union_space
8850,111,149,2,0,non_association,sampled_union_space
8851,523,43,5,0,non_association,sampled_union_space
8852,54,63,1,0,non_association,sampled_union_space
8853,531,83,16,0,non_association,sampled_union_space
8854,763,15,6,0,non_association,sampled_union_space
8855,898,149,2,0,non_association,sampled_union_space
8856,774,66,1,0,non_association,sampled_union_space
8857,1095,91,26,0,non_association,sampled_union_space
8858,335,21,2,0,non_association,sampled_union_space
8859,1478,118,12,0,non_association,sampled_union_space
8860,747,127,13,0,non_association,sampled_union_space
8861,946,119,16,0,non_association,sampled_union_space
8862,850,71,21,0,non_association,sampled_union_space
8863,720,140,16,0,non_association,sampled_union_space
8864,435,52,16,0,non_association,sampled_union_space
8865,785,49,23,0,non_association,sampled_union_space
8866,370,31,19,0,non_association,sampled_union_space
8867,322,133,26,0,non_association,sampled_union_space
8868,934,45,2,0,non_association,sampled_union_space
8869,1137,128,2,0,non_association,sampled_union_space
8870,1171,48,2,0,non_association,sampled_union_space
8871,365,137,10,0,non_association,sampled_union_space
8872,1360,120,23,0,non_association,sampled_union_space
8873,930,116,2,0,non_association,sampled_union_space
8874,1289,82,2,0,non_association,sampled_union_space
8875,336,133,2,0,non_association,sampled_union_space
8876,313,8,16,0,non_association,sampled_union_space
8877,826,64,2,0,non_association,sampled_union_space
8878,1276,75,12,0,non_association,sampled_union_space
8879,499,35,6,0,non_association,sampled_union_space
8880,1065,144,6,0,non_association,sampled_union_space
8881,1475,61,8,0,non_association,sampled_union_space
8882,1350,118,2,0,non_association,sampled_union_space
8883,1253,147,6,0,non_association,sampled_union_space
8884,1491,24,11,0,non_association,sampled_union_space
8885,491,104,2,0,non_association,sampled_union_space
8886,1330,125,21,0,non_association,sampled_union_space
8887,83,39,26,0,non_association,sampled_union_space
8888,1076,23,17,0,non_association,sampled_union_space
8889,619,26,23,0,non_association,sampled_union_space
8890,399,138,2,0,non_association,sampled_union_space
8891,13,67,17,0,non_association,sampled_union_space
8892,1398,137,24,0,non_association,sampled_union_space
8893,966,62,26,0,non_association,sampled_union_space
8894,382,16,6,0,non_association,sampled_union_space
8895,1004,75,23,0,non_association,sampled_union_space
8896,2,28,9,0,non_association,sampled_union_space
8897,599,49,15,0,non_association,sampled_union_space
8898,337,126,24,0,non_association,sampled_union_space
8899,1388,56,21,0,non_association,sampled_union_space
8900,267,140,17,0,non_association,sampled_union_space
8901,707,128,6,0,non_association,sampled_union_space
8902,948,49,9,0,non_association,sampled_union_space
8903,490,4,21,0,non_association,sampled_union_space
8904,902,136,2,0,non_association,sampled_union_space
8905,968,77,5,0,non_association,sampled_union_space
8906,751,142,3,0,non_association,sampled_union_space
8907,845,72,7,0,non_association,sampled_union_space
8908,1001,128,7,0,non_association,sampled_union_space
8909,910,94,2,0,non_association,sampled_union_space
8910,288,139,4,0,non_association,sampled_union_space
8911,838,143,22,0,non_association,sampled_union_space
8912,407,126,16,0,non_association,sampled_union_space
8913,906,63,12,0,non_association,sampled_union_space
8914,749,129,6,0,non_association,sampled_union_space
8915,926,112,8,0,non_association,sampled_union_space
8916,640,70,2,0,non_association,sampled_union_space
8917,113,29,21,0,non_association,sampled_union_space
8918,534,4,2,0,non_association,sampled_union_space
8919,179,89,2,0,non_association,sampled_union_space
8920,116,66,10,0,non_association,sampled_union_space
8921,744,143,26,0,non_association,sampled_union_space
8922,332,49,22,0,non_association,sampled_union_space
8923,1465,120,12,0,non_association,sampled_union_space
8924,1337,100,26,0,non_association,sampled_union_space
8925,729,68,15,0,non_association,sampled_union_space
8926,1298,71,26,0,non_association,sampled_union_space
8927,1284,102,11,0,non_association,sampled_union_space
8928,962,114,17,0,non_association,sampled_union_space
8929,1224,41,26,0,non_association,sampled_union_space
8930,1113,88,15,0,non_association,sampled_union_space
8931,296,108,8,0,non_association,sampled_union_space
8932,13,115,8,0,non_association,sampled_union_space
8933,949,56,12,0,non_association,sampled_union_space
8934,1257,146,2,0,non_association,sampled_union_space
8935,1270,100,2,0,non_association,sampled_union_space
8936,688,6,2,0,non_association,sampled_union_space
8937,490,120,26,0,non_association,sampled_union_space
8938,111,9,9,0,non_association,sampled_union_space
8939,993,137,13,0,non_association,sampled_union_space
8940,1350,98,18,0,non_association,sampled_union_space
8941,1416,112,6,0,non_association,sampled_union_space
8942,1470,87,2,0,non_association,sampled_union_space
8943,982,142,8,0,non_association,sampled_union_space
8944,165,33,12,0,non_association,sampled_union_space
8945,1245,73,22,0,non_association,sampled_union_space
8946,196,55,21,0,non_association,sampled_union_space
8947,24,38,9,0,non_association,sampled_union_space
8948,84,17,26,0,non_association,sampled_union_space
8949,1260,7,22,0,non_association,sampled_union_space
8950,97,118,9,0,non_association,sampled_union_space
8951,1437,133,26,0,non_association,sampled_union_space
8952,235,139,2,0,non_association,sampled_union_space
8953,1148,89,12,0,non_association,sampled_union_space
8954,1123,32,14,0,non_association,sampled_union_space
8955,1086,125,26,0,non_association,sampled_union_space
8956,1066,90,6,0,non_association,sampled_union_space
8957,1471,132,8,0,non_association,sampled_union_space
8958,295,133,12,0,non_association,sampled_union_space
8959,225,1,26,0,non_association,sampled_union_space
8960,564,20,17,0,non_association,sampled_union_space
8961,1401,5,26,0,non_association,sampled_union_space
8962,1341,30,17,0,non_association,sampled_union_space
8963,1099,90,30,0,non_association,sampled_union_space
8964,1171,52,14,0,non_association,sampled_union_space
8965,1343,38,14,0,non_association,sampled_union_space
8966,1323,17,26,0,non_association,sampled_union_space
8967,994,5,14,0,non_association,sampled_union_space
8968,283,80,12,0,non_association,sampled_union_space
8969,1068,68,14,0,non_association,sampled_union_space
8970,900,102,2,0,non_association,sampled_union_space
8971,623,89,12,0,non_association,sampled_union_space
8972,785,116,8,0,non_association,sampled_union_space
8973,788,117,2,0,non_association,sampled_union_space
8974,153,33,2,0,non_association,sampled_union_space
8975,871,64,14,0,non_association,sampled_union_space
8976,1377,71,17,0,non_association,sampled_union_space
8977,112,35,5,0,non_association,sampled_union_space
8978,926,40,9,0,non_association,sampled_union_space
8979,130,26,26,0,non_association,sampled_union_space
8980,231,80,5,0,non_association,sampled_union_space
8981,1432,82,9,0,non_association,sampled_union_space
8982,483,88,8,0,non_association,sampled_union_space
8983,1043,20,2,0,non_association,sampled_union_space
8984,52,93,2,0,non_association,sampled_union_space
8985,108,23,23,0,non_association,sampled_union_space
8986,1231,110,2,0,non_association,sampled_union_space
8987,1082,36,2,0,non_association,sampled_union_space
8988,215,149,18,0,non_association,sampled_union_space
8989,193,1,17,0,non_association,sampled_union_space
8990,738,49,2,0,non_association,sampled_union_space
8991,1390,96,22,0,non_association,sampled_union_space
8992,1436,33,22,0,non_association,sampled_union_space
8993,217,73,23,0,non_association,sampled_union_space
8994,267,91,21,0,non_association,sampled_union_space
8995,395,40,35,0,non_association,sampled_union_space
8996,803,72,4,0,non_association,sampled_union_space
8997,627,140,17,0,non_association,sampled_union_space
8998,318,69,19,0,non_association,sampled_union_space
8999,868,25,20,0,non_association,sampled_union_space
9000,472,30,26,0,non_association,sampled_union_space
9001,873,130,2,0,non_association,sampled_union_space
9002,15,18,23,0,non_association,sampled_union_space
9003,1361,25,21,0,non_association,sampled_union_space
9004,447,118,2,0,non_association,sampled_union_space
9005,192,3,22,0,non_association,sampled_union_space
9006,1152,90,10,0,non_association,sampled_union_space
9007,712,32,21,0,non_association,sampled_union_space
9008,509,36,18,0,non_association,sampled_union_space
9009,808,112,21,0,non_association,sampled_union_space
9010,693,101,18,0,non_association,sampled_union_space
9011,1440,119,23,0,non_association,sampled_union_space
9012,853,42,15,0,non_association,sampled_union_space
9013,788,70,17,0,non_association,sampled_union_space
9014,268,76,17,0,non_association,sampled_union_space
9015,168,59,2,0,non_association,sampled_union_space
9016,1032,79,5,0,non_association,sampled_union_space
9017,1026,56,2,0,non_association,sampled_union_space
9018,193,54,2,0,non_association,sampled_union_space
9019,1017,102,26,0,non_association,sampled_union_space
9020,407,27,22,0,non_association,sampled_union_space
9021,794,21,2,0,non_association,sampled_union_space
9022,42,72,2,0,non_association,sampled_union_space
9023,1330,131,2,0,non_association,sampled_union_space
9024,1144,108,12,0,non_association,sampled_union_space
9025,1304,149,21,0,non_association,sampled_union_space
9026,1254,74,26,0,non_association,sampled_union_space
9027,1469,11,26,0,non_association,sampled_union_space
9028,336,26,28,0,non_association,sampled_union_space
9029,1383,83,4,0,non_association,sampled_union_space
9030,1294,97,25,0,non_association,sampled_union_space
9031,423,24,26,0,non_association,sampled_union_space
9032,1004,74,22,0,non_association,sampled_union_space
9033,1263,95,22,0,non_association,sampled_union_space
9034,1309,107,17,0,non_association,sampled_union_space
9035,1395,140,17,0,non_association,sampled_union_space
9036,966,90,17,0,non_association,sampled_union_space
9037,1016,77,12,0,non_association,sampled_union_space
9038,1101,12,12,0,non_association,sampled_union_space
9039,410,70,26,0,non_association,sampled_union_space
9040,329,61,16,0,non_association,sampled_union_space
9041,1332,1,12,0,non_association,sampled_union_space
9042,1442,72,22,0,non_association,sampled_union_space
9043,577,31,2,0,non_association,sampled_union_space
9044,66,123,4,0,non_association,sampled_union_space
9045,685,82,2,0,non_association,sampled_union_space
9046,792,74,26,0,non_association,sampled_union_space
9047,803,78,17,0,non_association,sampled_union_space
9048,816,66,26,0,non_association,sampled_union_space
9049,75,84,17,0,non_association,sampled_union_space
9050,158,108,24,0,non_association,sampled_union_space
9051,1167,103,13,0,non_association,sampled_union_space
9052,185,119,24,0,non_association,sampled_union_space
9053,876,32,2,0,non_association,sampled_union_space
9054,36,109,6,0,non_association,sampled_union_space
9055,955,90,26,0,non_association,sampled_union_space
9056,353,29,26,0,non_association,sampled_union_space
9057,1487,4,8,0,non_association,sampled_union_space
9058,1346,53,8,0,non_association,sampled_union_space
9059,1159,72,12,0,non_association,sampled_union_space
9060,241,27,17,0,non_association,sampled_union_space
9061,920,44,26,0,non_association,sampled_union_space
9062,22,134,23,0,non_association,sampled_union_space
9063,83,121,17,0,non_association,sampled_union_space
9064,449,102,26,0,non_association,sampled_union_space
9065,927,58,26,0,non_association,sampled_union_space
9066,978,9,20,0,non_association,sampled_union_space
9067,1240,54,6,0,non_association,sampled_union_space
9068,926,130,26,0,non_association,sampled_union_space
9069,743,118,23,0,non_association,sampled_union_space
9070,1304,73,8,0,non_association,sampled_union_space
9071,213,24,21,0,non_association,sampled_union_space
9072,642,98,8,0,non_association,sampled_union_space
9073,1331,64,26,0,non_association,sampled_union_space
9074,7,7,19,0,non_association,sampled_union_space
9075,1155,148,23,0,non_association,sampled_union_space
9076,279,34,2,0,non_association,sampled_union_space
9077,970,16,2,0,non_association,sampled_union_space
9078,512,42,2,0,non_association,sampled_union_space
9079,469,149,2,0,non_association,sampled_union_space
9080,497,135,19,0,non_association,sampled_union_space
9081,54,96,22,0,non_association,sampled_union_space
9082,989,1,2,0,non_association,sampled_union_space
9083,535,105,12,0,non_association,sampled_union_space
9084,801,95,14,0,non_association,sampled_union_space
9085,1330,85,12,0,non_association,sampled_union_space
9086,379,86,26,0,non_association,sampled_union_space
9087,1246,57,2,0,non_association,sampled_union_space
9088,301,108,12,0,non_association,sampled_union_space
9089,593,8,14,0,non_association,sampled_union_space
9090,523,42,17,0,non_association,sampled_union_space
9091,382,8,4,0,non_association,sampled_union_space
9092,350,8,12,0,non_association,sampled_union_space
9093,1106,26,5,0,non_association,sampled_union_space
9094,102,21,16,0,non_association,sampled_union_space
9095,588,137,22,0,non_association,sampled_union_space
9096,1069,54,2,0,non_association,sampled_union_space
9097,968,80,22,0,non_association,sampled_union_space
9098,842,139,8,0,non_association,sampled_union_space
9099,272,2,23,0,non_association,sampled_union_space
9100,1198,29,0,0,non_association,sampled_union_space
9101,103,101,18,0,non_association,sampled_union_space
9102,1411,45,22,0,non_association,sampled_union_space
9103,1304,116,18,0,non_association,sampled_union_space
9104,567,100,22,0,non_association,sampled_union_space
9105,988,149,22,0,non_association,sampled_union_space
9106,213,28,2,0,non_association,sampled_union_space
9107,1076,12,61,0,non_association,sampled_union_space
9108,1148,30,21,0,non_association,sampled_union_space
9109,84,72,21,0,non_association,sampled_union_space
9110,1069,53,21,0,non_association,sampled_union_space
9111,20,137,21,0,non_association,sampled_union_space
9112,1357,21,17,0,non_association,sampled_union_space
9113,469,56,2,0,non_association,sampled_union_space
9114,428,103,26,0,non_association,sampled_union_space
9115,287,15,2,0,non_association,sampled_union_space
9116,1060,103,5,0,non_association,sampled_union_space
9117,879,24,18,0,non_association,sampled_union_space
9118,15,83,24,0,non_association,sampled_union_space
9119,827,111,8,0,non_association,sampled_union_space
9120,64,24,7,0,non_association,sampled_union_space
9121,926,45,12,0,non_association,sampled_union_space
9122,739,38,7,0,non_association,sampled_union_space
9123,1339,132,7,0,non_association,sampled_union_space
9124,1158,121,7,0,non_association,sampled_union_space
9125,360,57,15,0,non_association,sampled_union_space
9126,533,96,12,0,non_association,sampled_union_space
9127,1288,82,19,0,non_association,sampled_union_space
9128,950,102,0,0,non_association,sampled_union_space
9129,1417,102,23,0,non_association,sampled_union_space
9130,441,144,16,0,non_association,sampled_union_space
9131,1289,21,26,0,non_association,sampled_union_space
9132,1322,64,26,0,non_association,sampled_union_space
9133,756,29,12,0,non_association,sampled_union_space
9134,364,117,21,0,non_association,sampled_union_space
9135,607,4,22,0,non_association,sampled_union_space
9136,173,135,2,0,non_association,sampled_union_space
9137,214,138,21,0,non_association,sampled_union_space
9138,21,94,2,0,non_association,sampled_union_space
9139,779,103,14,0,non_association,sampled_union_space
9140,646,121,26,0,non_association,sampled_union_space
9141,263,143,0,0,non_association,sampled_union_space
9142,421,148,2,0,non_association,sampled_union_space
9143,1119,5,0,0,non_association,sampled_union_space
9144,229,68,2,0,non_association,sampled_union_space
9145,395,40,26,0,non_association,sampled_union_space
9146,7,114,2,0,non_association,sampled_union_space
9147,240,101,2,0,non_association,sampled_union_space
9148,490,138,0,0,non_association,sampled_union_space
9149,340,71,2,0,non_association,sampled_union_space
9150,1322,125,17,0,non_association,sampled_union_space
9151,1199,144,2,0,non_association,sampled_union_space
9152,1365,122,1,0,non_association,sampled_union_space
9153,772,27,16,0,non_association,sampled_union_space
9154,124,83,17,0,non_association,sampled_union_space
9155,996,48,21,0,non_association,sampled_union_space
9156,711,19,22,0,non_association,sampled_union_space
9157,926,57,26,0,non_association,sampled_union_space
9158,645,64,2,0,non_association,sampled_union_space
9159,1149,96,24,0,non_association,sampled_union_space
9160,965,48,24,0,non_association,sampled_union_space
9161,19,48,17,0,non_association,sampled_union_space
9162,1037,137,5,0,non_association,sampled_union_space
9163,985,62,5,0,non_association,sampled_union_space
9164,431,30,17,0,non_association,sampled_union_space
9165,1109,89,23,0,non_association,sampled_union_space
9166,606,82,26,0,non_association,sampled_union_space
9167,1481,39,5,0,non_association,sampled_union_space
9168,390,1,2,0,non_association,sampled_union_space
9169,1242,104,2,0,non_association,sampled_union_space
9170,721,32,23,0,non_association,sampled_union_space
9171,691,120,12,0,non_association,sampled_union_space
9172,1487,31,18,0,non_association,sampled_union_space
9173,650,139,21,0,non_association,sampled_union_space
9174,714,35,21,0,non_association,sampled_union_space
9175,408,14,38,0,non_association,sampled_union_space
9176,737,78,21,0,non_association,sampled_union_space
9177,494,33,21,0,non_association,sampled_union_space
9178,812,66,26,0,non_association,sampled_union_space
9179,1400,97,2,0,non_association,sampled_union_space
9180,392,44,21,0,non_association,sampled_union_space
9181,314,79,23,0,non_association,sampled_union_space
9182,1130,29,14,0,non_association,sampled_union_space
9183,764,11,22,0,non_association,sampled_union_space
9184,1419,110,2,0,non_association,sampled_union_space
9185,905,111,16,0,non_association,sampled_union_space
9186,980,72,26,0,non_association,sampled_union_space
9187,894,73,3,0,non_association,sampled_union_space
9188,235,30,8,0,non_association,sampled_union_space
9189,1343,122,26,0,non_association,sampled_union_space
9190,396,0,23,0,non_association,sampled_union_space
9191,677,136,6,0,non_association,sampled_union_space
9192,538,57,12,0,non_association,sampled_union_space
9193,374,128,22,0,non_association,sampled_union_space
9194,141,134,26,0,non_association,sampled_union_space
9195,914,99,45,0,non_association,sampled_union_space
9196,120,79,26,0,non_association,sampled_union_space
9197,614,77,0,0,non_association,sampled_union_space
9198,1382,149,22,0,non_association,sampled_union_space
9199,690,132,2,0,non_association,sampled_union_space
9200,988,122,14,0,non_association,sampled_union_space
9201,1365,134,12,0,non_association,sampled_union_space
9202,511,51,17,0,non_association,sampled_union_space
9203,1101,33,2,0,non_association,sampled_union_space
9204,1245,103,7,0,non_association,sampled_union_space
9205,1108,128,17,0,non_association,sampled_union_space
9206,31,44,23,0,non_association,sampled_union_space
9207,78,83,17,0,non_association,sampled_union_space
9208,992,71,14,0,non_association,sampled_union_space
9209,310,87,23,0,non_association,sampled_union_space
9210,263,62,6,0,non_association,sampled_union_space
9211,1037,36,26,0,non_association,sampled_union_space
9212,1018,122,26,0,non_association,sampled_union_space
9213,1077,96,22,0,non_association,sampled_union_space
9214,303,122,23,0,non_association,sampled_union_space
9215,1286,130,6,0,non_association,sampled_union_space
9216,31,73,12,0,non_association,sampled_union_space
9217,431,129,2,0,non_association,sampled_union_space
9218,487,12,22,0,non_association,sampled_union_space
9219,24,71,24,0,non_association,sampled_union_space
9220,342,44,21,0,non_association,sampled_union_space
9221,665,127,22,0,non_association,sampled_union_space
9222,837,42,3,0,non_association,sampled_union_space
9223,599,63,2,0,non_association,sampled_union_space
9224,1040,107,2,0,non_association,sampled_union_space
9225,440,31,17,0,non_association,sampled_union_space
9226,324,58,21,0,non_association,sampled_union_space
9227,1157,6,15,0,non_association,sampled_union_space
9228,1040,27,1,0,non_association,sampled_union_space
9229,471,142,14,0,non_association,sampled_union_space
9230,561,15,26,0,non_association,sampled_union_space
9231,1436,102,22,0,non_association,sampled_union_space
9232,1326,32,8,0,non_association,sampled_union_space
9233,41,92,26,0,non_association,sampled_union_space
9234,1050,107,23,0,non_association,sampled_union_space
9235,887,148,12,0,non_association,sampled_union_space
9236,20,44,14,0,non_association,sampled_union_space
9237,580,53,17,0,non_association,sampled_union_space
9238,1465,49,12,0,non_association,sampled_union_space
9239,493,98,12,0,non_association,sampled_union_space
9240,1311,34,14,0,non_association,sampled_union_space
9241,619,117,2,0,non_association,sampled_union_space
9242,860,115,2,0,non_association,sampled_union_space
9243,1019,50,17,0,non_association,sampled_union_space
9244,1485,113,21,0,non_association,sampled_union_space
9245,1237,119,22,0,non_association,sampled_union_space
9246,762,75,17,0,non_association,sampled_union_space
9247,800,109,21,0,non_association,sampled_union_space
9248,1038,129,21,0,non_association,sampled_union_space
9249,635,94,2,0,non_association,sampled_union_space
9250,1302,19,21,0,non_association,sampled_union_space
9251,311,105,12,0,non_association,sampled_union_space
9252,1286,71,22,0,non_association,sampled_union_space
9253,736,129,18,0,non_association,sampled_union_space
9254,1086,104,26,0,non_association,sampled_union_space
9255,349,3,14,0,non_association,sampled_union_space
9256,800,26,5,0,non_association,sampled_union_space
9257,89,117,49,0,non_association,sampled_union_space
9258,1068,50,21,0,non_association,sampled_union_space
9259,638,111,21,0,non_association,sampled_union_space
9260,168,113,8,0,non_association,sampled_union_space
9261,1456,20,22,0,non_association,sampled_union_space
9262,664,65,2,0,non_association,sampled_union_space
9263,662,18,26,0,non_association,sampled_union_space
9264,722,5,26,0,non_association,sampled_union_space
9265,599,101,21,0,non_association,sampled_union_space
9266,1491,1,21,0,non_association,sampled_union_space
9267,555,80,26,0,non_association,sampled_union_space
9268,1430,32,26,0,non_association,sampled_union_space
9269,553,145,6,0,non_association,sampled_union_space
9270,658,16,13,0,non_association,sampled_union_space
9271,546,122,18,0,non_association,sampled_union_space
9272,1263,136,22,0,non_association,sampled_union_space
9273,760,79,5,0,non_association,sampled_union_space
9274,194,68,18,0,non_association,sampled_union_space
9275,934,111,17,0,non_association,sampled_union_space
9276,285,99,12,0,non_association,sampled_union_space
9277,463,16,47,0,non_association,sampled_union_space
9278,1476,117,6,0,non_association,sampled_union_space
9279,1237,17,6,0,non_association,sampled_union_space
9280,1458,144,26,0,non_association,sampled_union_space
9281,1488,13,26,0,non_association,sampled_union_space
9282,951,143,17,0,non_association,sampled_union_space
9283,403,13,22,0,non_association,sampled_union_space
9284,324,102,38,0,non_association,sampled_union_space
9285,913,149,23,0,non_association,sampled_union_space
9286,396,95,16,0,non_association,sampled_union_space
9287,616,46,22,0,non_association,sampled_union_space
9288,1168,33,10,0,non_association,sampled_union_space
9289,1145,37,26,0,non_association,sampled_union_space
9290,1143,13,26,0,non_association,sampled_union_space
9291,1388,130,23,0,non_association,sampled_union_space
9292,196,114,2,0,non_association,sampled_union_space
9293,226,91,23,0,non_association,sampled_union_space
9294,733,1,22,0,non_association,sampled_union_space
9295,272,81,2,0,non_association,sampled_union_space
9296,661,83,23,0,non_association,sampled_union_space
9297,102,30,6,0,non_association,sampled_union_space
9298,1475,108,2,0,non_association,sampled_union_space
9299,105,98,2,0,non_association,sampled_union_space
9300,729,89,2,0,non_association,sampled_union_space
9301,536,144,15,0,non_association,sampled_union_space
9302,1347,144,2,0,non_association,sampled_union_space
9303,1425,13,23,0,non_association,sampled_union_space
9304,653,48,23,0,non_association,sampled_union_space
9305,82,137,15,0,non_association,sampled_union_space
9306,298,117,7,0,non_association,sampled_union_space
9307,1463,82,14,0,non_association,sampled_union_space
9308,185,111,2,0,non_association,sampled_union_space
9309,721,73,9,0,non_association,sampled_union_space
9310,1169,138,7,0,non_association,sampled_union_space
9311,1318,61,9,0,non_association,sampled_union_space
9312,1247,10,2,0,non_association,sampled_union_space
9313,855,103,23,0,non_association,sampled_union_space
9314,906,87,7,0,non_association,sampled_union_space
9315,1270,149,7,0,non_association,sampled_union_space
9316,397,102,8,0,non_association,sampled_union_space
9317,1238,131,23,0,non_association,sampled_union_space
9318,1260,43,26,0,non_association,sampled_union_space
9319,256,41,26,0,non_association,sampled_union_space
9320,241,26,23,0,non_association,sampled_union_space
9321,1021,31,26,0,non_association,sampled_union_space
9322,509,134,23,0,non_association,sampled_union_space
9323,1302,70,23,0,non_association,sampled_union_space
9324,167,21,9,0,non_association,sampled_union_space
9325,1137,139,23,0,non_association,sampled_union_space
9326,444,60,21,0,non_association,sampled_union_space
9327,1310,91,2,0,non_association,sampled_union_space
9328,1326,8,25,0,non_association,sampled_union_space
9329,1170,37,14,0,non_association,sampled_union_space
9330,1054,1,2,0,non_association,sampled_union_space
9331,1218,12,2,0,non_association,sampled_union_space
9332,799,12,26,0,non_association,sampled_union_space
9333,117,18,2,0,non_association,sampled_union_space
9334,535,120,2,0,non_association,sampled_union_space
9335,526,27,15,0,non_association,sampled_union_space
9336,162,138,16,0,non_association,sampled_union_space
9337,822,82,49,0,non_association,sampled_union_space
9338,1028,125,19,0,non_association,sampled_union_space
9339,831,50,22,0,non_association,sampled_union_space
9340,885,22,22,0,non_association,sampled_union_space
9341,144,28,22,0,non_association,sampled_union_space
9342,1213,37,21,0,non_association,sampled_union_space
9343,752,34,26,0,non_association,sampled_union_space
9344,583,78,2,0,non_association,sampled_union_space
9345,1262,111,16,0,non_association,sampled_union_space
9346,718,113,26,0,non_association,sampled_union_space
9347,395,30,26,0,non_association,sampled_union_space
9348,1326,97,5,0,non_association,sampled_union_space
9349,955,95,26,0,non_association,sampled_union_space
9350,181,78,2,0,non_association,sampled_union_space
9351,508,142,12,0,non_association,sampled_union_space
9352,668,144,26,0,non_association,sampled_union_space
9353,535,145,4,0,non_association,sampled_union_space
9354,1413,98,6,0,non_association,sampled_union_space
9355,237,142,26,0,non_association,sampled_union_space
9356,687,95,17,0,non_association,sampled_union_space
9357,658,52,26,0,non_association,sampled_union_space
9358,704,146,26,0,non_association,sampled_union_space
9359,882,26,26,0,non_association,sampled_union_space
9360,434,103,26,0,non_association,sampled_union_space
9361,476,96,2,0,non_association,sampled_union_space
9362,238,144,6,0,non_association,sampled_union_space
9363,842,149,6,0,non_association,sampled_union_space
9364,470,112,26,0,non_association,sampled_union_space
9365,84,136,23,0,non_association,sampled_union_space
9366,1332,43,6,0,non_association,sampled_union_space
9367,301,13,23,0,non_association,sampled_union_space
9368,678,23,22,0,non_association,sampled_union_space
9369,325,97,18,0,non_association,sampled_union_space
9370,325,107,7,0,non_association,sampled_union_space
9371,1124,96,16,0,non_association,sampled_union_space
9372,880,14,2,0,non_association,sampled_union_space
9373,1048,47,2,0,non_association,sampled_union_space
9374,553,23,26,0,non_association,sampled_union_space
9375,1398,95,10,0,non_association,sampled_union_space
9376,606,112,26,0,non_association,sampled_union_space
9377,771,87,22,0,non_association,sampled_union_space
9378,1282,102,15,0,non_association,sampled_union_space
9379,1210,122,12,0,non_association,sampled_union_space
9380,1195,124,14,0,non_association,sampled_union_space
9381,504,120,12,0,non_association,sampled_union_space
9382,1251,78,16,0,non_association,sampled_union_space
9383,686,129,17,0,non_association,sampled_union_space
9384,569,35,22,0,non_association,sampled_union_space
9385,229,123,26,0,non_association,sampled_union_space
9386,645,6,2,0,non_association,sampled_union_space
9387,256,26,12,0,non_association,sampled_union_space
9388,1056,38,2,0,non_association,sampled_union_space
9389,257,134,2,0,non_association,sampled_union_space
9390,325,122,19,0,non_association,sampled_union_space
9391,1353,70,6,0,non_association,sampled_union_space
9392,592,142,6,0,non_association,sampled_union_space
9393,976,136,17,0,non_association,sampled_union_space
9394,625,120,26,0,non_association,sampled_union_space
9395,499,120,26,0,non_association,sampled_union_space
9396,640,86,26,0,non_association,sampled_union_space
9397,9,133,26,0,non_association,sampled_union_space
9398,735,124,22,0,non_association,sampled_union_space
9399,972,72,22,0,non_association,sampled_union_space
9400,36,73,23,0,non_association,sampled_union_space
9401,321,109,26,0,non_association,sampled_union_space
9402,154,130,16,0,non_association,sampled_union_space
9403,784,36,14,0,non_association,sampled_union_space
9404,1233,55,15,0,non_association,sampled_union_space
9405,117,10,14,0,non_association,sampled_union_space
9406,609,7,14,0,non_association,sampled_union_space
9407,650,0,22,0,non_association,sampled_union_space
9408,499,146,41,0,non_association,sampled_union_space
9409,933,139,2,0,non_association,sampled_union_space
9410,1472,34,2,0,non_association,sampled_union_space
9411,1195,48,35,0,non_association,sampled_union_space
9412,129,90,2,0,non_association,sampled_union_space
9413,1475,96,26,0,non_association,sampled_union_space
9414,365,142,26,0,non_association,sampled_union_space
9415,1140,36,2,0,non_association,sampled_union_space
9416,547,139,0,0,non_association,sampled_union_space
9417,720,6,14,0,non_association,sampled_union_space
9418,395,137,7,0,non_association,sampled_union_space
9419,471,140,2,0,non_association,sampled_union_space
9420,961,51,7,0,non_association,sampled_union_space
9421,1323,0,19,0,non_association,sampled_union_space
9422,70,49,22,0,non_association,sampled_union_space
9423,192,25,22,0,non_association,sampled_union_space
9424,1296,8,6,0,non_association,sampled_union_space
9425,52,137,6,0,non_association,sampled_union_space
9426,88,96,26,0,non_association,sampled_union_space
9427,1312,80,2,0,non_association,sampled_union_space
9428,1353,11,5,0,non_association,sampled_union_space
9429,73,34,2,0,non_association,sampled_union_space
9430,684,68,2,0,non_association,sampled_union_space
9431,390,94,2,0,non_association,sampled_union_space
9432,745,125,35,0,non_association,sampled_union_space
9433,499,22,26,0,non_association,sampled_union_space
9434,1407,145,8,0,non_association,sampled_union_space
9435,397,7,0,0,non_association,sampled_union_space
9436,1341,138,17,0,non_association,sampled_union_space
9437,576,148,23,0,non_association,sampled_union_space
9438,1428,32,22,0,non_association,sampled_union_space
9439,632,50,2,0,non_association,sampled_union_space
9440,499,63,6,0,non_association,sampled_union_space
9441,468,66,16,0,non_association,sampled_union_space
9442,868,32,2,0,non_association,sampled_union_space
9443,835,27,17,0,non_association,sampled_union_space
9444,807,27,26,0,non_association,sampled_union_space
9445,640,119,22,0,non_association,sampled_union_space
9446,1449,82,49,0,non_association,sampled_union_space
9447,1058,2,13,0,non_association,sampled_union_space
9448,96,107,2,0,non_association,sampled_union_space
9449,1427,34,2,0,non_association,sampled_union_space
9450,1042,132,23,0,non_association,sampled_union_space
9451,583,110,2,0,non_association,sampled_union_space
9452,1069,26,6,0,non_association,sampled_union_space
9453,59,121,5,0,non_association,sampled_union_space
9454,702,10,1,0,non_association,sampled_union_space
9455,1078,112,5,0,non_association,sampled_union_space
9456,204,115,2,0,non_association,sampled_union_space
9457,1260,137,2,0,non_association,sampled_union_space
9458,733,134,2,0,non_association,sampled_union_space
9459,557,67,6,0,non_association,sampled_union_space
9460,476,109,6,0,non_association,sampled_union_space
9461,176,104,22,0,non_association,sampled_union_space
9462,704,3,12,0,non_association,sampled_union_space
9463,1082,80,2,0,non_association,sampled_union_space
9464,697,107,26,0,non_association,sampled_union_space
9465,713,45,26,0,non_association,sampled_union_space
9466,197,48,26,0,non_association,sampled_union_space
9467,1492,18,22,0,non_association,sampled_union_space
9468,266,62,16,0,non_association,sampled_union_space
9469,463,148,14,0,non_association,sampled_union_space
9470,74,12,14,0,non_association,sampled_union_space
9471,1267,81,22,0,non_association,sampled_union_space
9472,1165,143,2,0,non_association,sampled_union_space
9473,1491,97,12,0,non_association,sampled_union_space
9474,1410,85,17,0,non_association,sampled_union_space
9475,1474,87,26,0,non_association,sampled_union_space
9476,553,69,14,0,non_association,sampled_union_space
9477,946,79,14,0,non_association,sampled_union_space
9478,1326,96,22,0,non_association,sampled_union_space
9479,879,131,26,0,non_association,sampled_union_space
9480,343,20,14,0,non_association,sampled_union_space
9481,108,79,2,0,non_association,sampled_union_space
9482,1390,95,6,0,non_association,sampled_union_space
9483,958,47,25,0,non_association,sampled_union_space
9484,817,34,2,0,non_association,sampled_union_space
9485,530,106,2,0,non_association,sampled_union_space
9486,1293,113,24,0,non_association,sampled_union_space
9487,471,92,15,0,non_association,sampled_union_space
9488,1325,27,2,0,non_association,sampled_union_space
9489,184,83,2,0,non_association,sampled_union_space
9490,863,111,17,0,non_association,sampled_union_space
9491,812,30,22,0,non_association,sampled_union_space
9492,81,57,2,0,non_association,sampled_union_space
9493,126,22,26,0,non_association,sampled_union_space
9494,1003,133,14,0,non_association,sampled_union_space
9495,503,82,22,0,non_association,sampled_union_space
9496,1469,84,22,0,non_association,sampled_union_space
9497,188,27,22,0,non_association,sampled_union_space
9498,92,148,20,0,non_association,sampled_union_space
9499,1361,28,10,0,non_association,sampled_union_space
9500,217,51,14,0,non_association,sampled_union_space
9501,553,49,2,0,non_association,sampled_union_space
9502,1294,17,2,0,non_association,sampled_union_space
9503,1207,142,8,0,non_association,sampled_union_space
9504,1245,102,17,0,non_association,sampled_union_space
9505,203,13,18,0,non_association,sampled_union_space
9506,372,66,14,0,non_association,sampled_union_space
9507,588,99,2,0,non_association,sampled_union_space
9508,818,24,14,0,non_association,sampled_union_space
9509,1310,7,2,0,non_association,sampled_union_space
9510,1368,82,2,0,non_association,sampled_union_space
9511,1275,65,2,0,non_association,sampled_union_space
9512,211,127,21,0,non_association,sampled_union_space
9513,379,133,22,0,non_association,sampled_union_space
9514,56,140,22,0,non_association,sampled_union_space
9515,35,13,2,0,non_association,sampled_union_space
9516,350,47,2,0,non_association,sampled_union_space
9517,620,40,51,0,non_association,sampled_union_space
9518,1393,1,4,0,non_association,sampled_union_space
9519,376,47,24,0,non_association,sampled_union_space
9520,438,117,8,0,non_association,sampled_union_space
9521,614,144,2,0,non_association,sampled_union_space
9522,839,27,5,0,non_association,sampled_union_space
9523,508,71,5,0,non_association,sampled_union_space
9524,538,49,5,0,non_association,sampled_union_space
9525,672,54,12,0,non_association,sampled_union_space
9526,852,79,12,0,non_association,sampled_union_space
9527,1205,91,12,0,non_association,sampled_union_space
9528,1226,66,12,0,non_association,sampled_union_space
9529,1047,119,12,0,non_association,sampled_union_space
9530,866,56,12,0,non_association,sampled_union_space
9531,1300,144,12,0,non_association,sampled_union_space
9532,962,120,12,0,non_association,sampled_union_space
9533,908,90,12,0,non_association,sampled_union_space
9534,1335,25,26,0,non_association,sampled_union_space
9535,1318,146,3,0,non_association,sampled_union_space
9536,1202,1,12,0,non_association,sampled_union_space
9537,1043,47,26,0,non_association,sampled_union_space
9538,772,9,14,0,non_association,sampled_union_space
9539,65,141,22,0,non_association,sampled_union_space
9540,920,46,2,0,non_association,sampled_union_space
9541,848,21,8,0,non_association,sampled_union_space
9542,603,46,2,0,non_association,sampled_union_space
9543,1388,134,2,0,non_association,sampled_union_space
9544,382,107,35,0,non_association,sampled_union_space
9545,1486,148,12,0,non_association,sampled_union_space
9546,573,14,6,0,non_association,sampled_union_space
9547,769,106,2,0,non_association,sampled_union_space
9548,612,55,26,0,non_association,sampled_union_space
9549,1360,81,17,0,non_association,sampled_union_space
9550,142,54,17,0,non_association,sampled_union_space
9551,160,116,22,0,non_association,sampled_union_space
9552,1104,26,22,0,non_association,sampled_union_space
9553,117,97,18,0,non_association,sampled_union_space
9554,1006,34,22,0,non_association,sampled_union_space
9555,1415,54,22,0,non_association,sampled_union_space
9556,885,141,17,0,non_association,sampled_union_space
9557,893,44,22,0,non_association,sampled_union_space
9558,484,28,2,0,non_association,sampled_union_space
9559,713,94,26,0,non_association,sampled_union_space
9560,1108,71,23,0,non_association,sampled_union_space
9561,1038,109,6,0,non_association,sampled_union_space
9562,679,113,6,0,non_association,sampled_union_space
9563,978,66,26,0,non_association,sampled_union_space
9564,1317,69,14,0,non_association,sampled_union_space
9565,585,123,2,0,non_association,sampled_union_space
9566,96,108,14,0,non_association,sampled_union_space
9567,201,5,14,0,non_association,sampled_union_space
9568,1475,104,14,0,non_association,sampled_union_space
9569,980,45,12,0,non_association,sampled_union_space
9570,753,98,26,0,non_association,sampled_union_space
9571,1483,10,8,0,non_association,sampled_union_space
9572,1102,94,18,0,non_association,sampled_union_space
9573,614,20,17,0,non_association,sampled_union_space
9574,817,131,23,0,non_association,sampled_union_space
9575,1070,138,5,0,non_association,sampled_union_space
9576,1328,110,0,0,non_association,sampled_union_space
9577,752,124,2,0,non_association,sampled_union_space
9578,134,144,22,0,non_association,sampled_union_space
9579,718,67,22,0,non_association,sampled_union_space
9580,771,52,2,0,non_association,sampled_union_space
9581,325,49,14,0,non_association,sampled_union_space
9582,288,131,14,0,non_association,sampled_union_space
9583,379,117,14,0,non_association,sampled_union_space
9584,180,24,8,0,non_association,sampled_union_space
9585,1346,7,17,0,non_association,sampled_union_space
9586,1436,51,26,0,non_association,sampled_union_space
9587,119,62,12,0,non_association,sampled_union_space
9588,1118,55,8,0,non_association,sampled_union_space
9589,1251,89,6,0,non_association,sampled_union_space
9590,193,140,12,0,non_association,sampled_union_space
9591,878,97,6,0,non_association,sampled_union_space
9592,1447,122,2,0,non_association,sampled_union_space
9593,526,35,26,0,non_association,sampled_union_space
9594,276,31,1,0,non_association,sampled_union_space
9595,774,137,13,0,non_association,sampled_union_space
9596,494,33,13,0,non_association,sampled_union_space
9597,1107,108,14,0,non_association,sampled_union_space
9598,1445,58,1,0,non_association,sampled_union_space
9599,1320,132,15,0,non_association,sampled_union_space
9600,793,79,15,0,non_association,sampled_union_space
9601,1491,16,16,0,non_association,sampled_union_space
9602,541,75,26,0,non_association,sampled_union_space
9603,667,84,7,0,non_association,sampled_union_space
9604,304,124,7,0,non_association,sampled_union_space
9605,185,44,7,0,non_association,sampled_union_space
9606,670,0,7,0,non_association,sampled_union_space
9607,1440,81,26,0,non_association,sampled_union_space
9608,850,76,22,0,non_association,sampled_union_space
9609,358,46,22,0,non_association,sampled_union_space
9610,1157,123,26,0,non_association,sampled_union_space
9611,803,56,8,0,non_association,sampled_union_space
9612,244,74,8,0,non_association,sampled_union_space
9613,254,66,26,0,non_association,sampled_union_space
9614,992,103,2,0,non_association,sampled_union_space
9615,692,94,2,0,non_association,sampled_union_space
9616,964,71,26,0,non_association,sampled_union_space
9617,337,9,17,0,non_association,sampled_union_space
9618,1046,17,22,0,non_association,sampled_union_space
9619,419,26,22,0,non_association,sampled_union_space
9620,907,68,47,0,non_association,sampled_union_space
9621,612,0,48,0,non_association,sampled_union_space
9622,253,107,5,0,non_association,sampled_union_space
9623,909,115,6,0,non_association,sampled_union_space
9624,1006,5,2,0,non_association,sampled_union_space
9625,475,80,6,0,non_association,sampled_union_space
9626,1381,41,8,0,non_association,sampled_union_space
9627,252,3,17,0,non_association,sampled_union_space
9628,1325,78,38,0,non_association,sampled_union_space
9629,372,142,6,0,non_association,sampled_union_space
9630,1215,75,17,0,non_association,sampled_union_space
9631,6,1,2,0,non_association,sampled_union_space
9632,1245,59,6,0,non_association,sampled_union_space
9633,355,83,26,0,non_association,sampled_union_space
9634,303,53,2,0,non_association,sampled_union_space
9635,594,13,6,0,non_association,sampled_union_space
9636,840,126,26,0,non_association,sampled_union_space
9637,1313,120,18,0,non_association,sampled_union_space
9638,1268,32,6,0,non_association,sampled_union_space
9639,1053,38,13,0,non_association,sampled_union_space
9640,11,81,8,0,non_association,sampled_union_space
9641,707,37,22,0,non_association,sampled_union_space
9642,510,146,22,0,non_association,sampled_union_space
9643,1378,85,31,0,non_association,sampled_union_space
9644,4,50,2,0,non_association,sampled_union_space
9645,724,130,17,0,non_association,sampled_union_space
9646,1220,78,6,0,non_association,sampled_union_space
9647,1293,87,15,0,non_association,sampled_union_space
9648,1029,32,2,0,non_association,sampled_union_space
9649,1357,98,2,0,non_association,sampled_union_space
9650,1248,71,2,0,non_association,sampled_union_space
9651,133,116,8,0,non_association,sampled_union_space
9652,43,59,17,0,non_association,sampled_union_space
9653,923,84,18,0,non_association,sampled_union_space
9654,1264,144,2,0,non_association,sampled_union_space
9655,999,146,18,0,non_association,sampled_union_space
9656,298,70,23,0,non_association,sampled_union_space
9657,652,109,23,0,non_association,sampled_union_space
9658,1483,131,23,0,non_association,sampled_union_space
9659,1071,82,38,0,non_association,sampled_union_space
9660,1248,22,22,0,non_association,sampled_union_space
9661,471,143,6,0,non_association,sampled_union_space
9662,996,127,2,0,non_association,sampled_union_space
9663,1428,20,22,0,non_association,sampled_union_space
9664,1353,121,2,0,non_association,sampled_union_space
9665,431,133,0,0,non_association,sampled_union_space
9666,1355,52,24,0,non_association,sampled_union_space
9667,322,12,2,0,non_association,sampled_union_space
9668,1141,39,22,0,non_association,sampled_union_space
9669,1242,92,23,0,non_association,sampled_union_space
9670,75,119,24,0,non_association,sampled_union_space
9671,588,18,2,0,non_association,sampled_union_space
9672,1362,63,2,0,non_association,sampled_union_space
9673,454,64,6,0,non_association,sampled_union_space
9674,1128,133,21,0,non_association,sampled_union_space
9675,210,141,26,0,non_association,sampled_union_space
9676,992,2,30,0,non_association,sampled_union_space
9677,167,84,2,0,non_association,sampled_union_space
9678,362,102,17,0,non_association,sampled_union_space
9679,88,40,2,0,non_association,sampled_union_space
9680,11,64,4,0,non_association,sampled_union_space
9681,589,114,22,0,non_association,sampled_union_space
9682,1124,137,22,0,non_association,sampled_union_space
9683,1218,50,23,0,non_association,sampled_union_space
9684,1257,53,30,0,non_association,sampled_union_space
9685,671,116,30,0,non_association,sampled_union_space
9686,1056,16,31,0,non_association,sampled_union_space
9687,51,107,9,0,non_association,sampled_union_space
9688,889,39,49,0,non_association,sampled_union_space
9689,1077,29,50,0,non_association,sampled_union_space
9690,1008,70,49,0,non_association,sampled_union_space
9691,740,2,2,0,non_association,sampled_union_space
9692,1196,62,2,0,non_association,sampled_union_space
9693,138,89,15,0,non_association,sampled_union_space
9694,1060,113,17,0,non_association,sampled_union_space
9695,282,71,24,0,non_association,sampled_union_space
9696,248,33,6,0,non_association,sampled_union_space
9697,1359,100,30,0,non_association,sampled_union_space
9698,91,44,6,0,non_association,sampled_union_space
9699,1019,116,26,0,non_association,sampled_union_space
9700,1126,75,2,0,non_association,sampled_union_space
9701,1474,38,15,0,non_association,sampled_union_space
9702,894,72,17,0,non_association,sampled_union_space
9703,1216,117,23,0,non_association,sampled_union_space
9704,707,28,29,0,non_association,sampled_union_space
9705,224,108,49,0,non_association,sampled_union_space
9706,291,41,41,0,non_association,sampled_union_space
9707,531,53,2,0,non_association,sampled_union_space
9708,964,54,6,0,non_association,sampled_union_space
9709,560,39,6,0,non_association,sampled_union_space
9710,905,0,21,0,non_association,sampled_union_space
9711,1165,117,2,0,non_association,sampled_union_space
9712,52,77,6,0,non_association,sampled_union_space
9713,156,13,17,0,non_association,sampled_union_space
9714,818,111,22,0,non_association,sampled_union_space
9715,11,126,24,0,non_association,sampled_union_space
9716,162,61,6,0,non_association,sampled_union_space
9717,1103,57,2,0,non_association,sampled_union_space
9718,110,93,17,0,non_association,sampled_union_space
9719,128,78,18,0,non_association,sampled_union_space
9720,165,100,5,0,non_association,sampled_union_space
9721,791,85,6,0,non_association,sampled_union_space
9722,1118,16,26,0,non_association,sampled_union_space
9723,1161,20,2,0,non_association,sampled_union_space
9724,515,93,6,0,non_association,sampled_union_space
9725,937,44,18,0,non_association,sampled_union_space
9726,77,89,18,0,non_association,sampled_union_space
9727,1115,50,17,0,non_association,sampled_union_space
9728,1129,55,12,0,non_association,sampled_union_space
9729,1079,59,12,0,non_association,sampled_union_space
9730,805,44,21,0,non_association,sampled_union_space
9731,648,99,18,0,non_association,sampled_union_space
9732,343,76,21,0,non_association,sampled_union_space
9733,1292,131,17,0,non_association,sampled_union_space
9734,1487,26,22,0,non_association,sampled_union_space
9735,881,101,25,0,non_association,sampled_union_space
9736,31,133,26,0,non_association,sampled_union_space
9737,468,104,49,0,non_association,sampled_union_space
9738,83,0,30,0,non_association,sampled_union_space
9739,607,146,24,0,non_association,sampled_union_space
9740,1251,92,5,0,non_association,sampled_union_space
9741,453,110,12,0,non_association,sampled_union_space
9742,1091,121,23,0,non_association,sampled_union_space
9743,1025,87,17,0,non_association,sampled_union_space
9744,1361,48,23,0,non_association,sampled_union_space
9745,694,31,23,0,non_association,sampled_union_space
9746,1488,114,49,0,non_association,sampled_union_space
9747,656,33,26,0,non_association,sampled_union_space
9748,524,91,6,0,non_association,sampled_union_space
9749,942,138,12,0,non_association,sampled_union_space
9750,4,124,15,0,non_association,sampled_union_space
9751,311,42,17,0,non_association,sampled_union_space
9752,1192,60,24,0,non_association,sampled_union_space
9753,982,44,5,0,non_association,sampled_union_space
9754,111,21,18,0,non_association,sampled_union_space
9755,588,75,2,0,non_association,sampled_union_space
9756,687,36,28,0,non_association,sampled_union_space
9757,1371,83,5,0,non_association,sampled_union_space
9758,567,56,6,0,non_association,sampled_union_space
9759,1321,11,0,0,non_association,sampled_union_space
9760,625,74,6,0,non_association,sampled_union_space
9761,797,106,2,0,non_association,sampled_union_space
9762,1492,68,2,0,non_association,sampled_union_space
9763,1425,44,26,0,non_association,sampled_union_space
9764,1219,80,12,0,non_association,sampled_union_space
9765,767,28,22,0,non_association,sampled_union_space
9766,94,146,2,0,non_association,sampled_union_space
9767,1140,104,17,0,non_association,sampled_union_space
9768,454,44,26,0,non_association,sampled_union_space
9769,663,100,6,0,non_association,sampled_union_space
9770,1120,19,42,0,non_association,sampled_union_space
9771,691,70,18,0,non_association,sampled_union_space
9772,1443,121,2,0,non_association,sampled_union_space
9773,1172,121,24,0,non_association,sampled_union_space
9774,301,3,6,0,non_association,sampled_union_space
9775,1136,147,26,0,non_association,sampled_union_space
9776,818,53,17,0,non_association,sampled_union_space
9777,613,15,22,0,non_association,sampled_union_space
9778,571,52,12,0,non_association,sampled_union_space
9779,1090,55,21,0,non_association,sampled_union_space
9780,781,77,2,0,non_association,sampled_union_space
9781,439,88,18,0,non_association,sampled_union_space
9782,1332,82,6,0,non_association,sampled_union_space
9783,1183,48,2,0,non_association,sampled_union_space
9784,77,70,2,0,non_association,sampled_union_space
9785,313,75,26,0,non_association,sampled_union_space
9786,757,93,2,0,non_association,sampled_union_space
9787,504,106,26,0,non_association,sampled_union_space
9788,1254,18,22,0,non_association,sampled_union_space
9789,163,22,26,0,non_association,sampled_union_space
9790,107,36,2,0,non_association,sampled_union_space
9791,151,99,10,0,non_association,sampled_union_space
9792,840,65,12,0,non_association,sampled_union_space
9793,183,94,17,0,non_association,sampled_union_space
9794,1260,20,17,0,non_association,sampled_union_space
9795,1274,59,16,0,non_association,sampled_union_space
9796,188,144,35,0,non_association,sampled_union_space
9797,910,41,26,0,non_association,sampled_union_space
9798,531,90,2,0,non_association,sampled_union_space
9799,1068,132,18,0,non_association,sampled_union_space
9800,841,62,2,0,non_association,sampled_union_space
9801,282,95,6,0,non_association,sampled_union_space
9802,855,128,23,0,non_association,sampled_union_space
9803,770,26,26,0,non_association,sampled_union_space
9804,1002,52,10,0,non_association,sampled_union_space
9805,901,114,17,0,non_association,sampled_union_space
9806,1344,79,17,0,non_association,sampled_union_space
9807,633,66,23,0,non_association,sampled_union_space
9808,1042,3,6,0,non_association,sampled_union_space
9809,593,135,6,0,non_association,sampled_union_space
9810,925,69,15,0,non_association,sampled_union_space
9811,928,97,17,0,non_association,sampled_union_space
9812,1348,129,17,0,non_association,sampled_union_space
9813,1252,137,26,0,non_association,sampled_union_space
9814,1432,48,28,0,non_association,sampled_union_space
9815,899,59,26,0,non_association,sampled_union_space
9816,744,98,15,0,non_association,sampled_union_space
9817,1243,22,17,0,non_association,sampled_union_space
9818,137,82,2,0,non_association,sampled_union_space
9819,338,106,28,0,non_association,sampled_union_space
9820,384,127,17,0,non_association,sampled_union_space
9821,441,57,2,0,non_association,sampled_union_space
9822,1065,0,5,0,non_association,sampled_union_space
9823,1300,111,5,0,non_association,sampled_union_space
9824,907,47,17,0,non_association,sampled_union_space
9825,642,7,22,0,non_association,sampled_union_space
9826,786,137,12,0,non_association,sampled_union_space
9827,887,25,17,0,non_association,sampled_union_space
9828,1156,122,2,0,non_association,sampled_union_space
9829,1120,44,6,0,non_association,sampled_union_space
9830,703,146,17,0,non_association,sampled_union_space
9831,440,79,15,0,non_association,sampled_union_space
9832,453,78,23,0,non_association,sampled_union_space
9833,342,89,32,0,non_association,sampled_union_space
9834,363,86,21,0,non_association,sampled_union_space
9835,1177,85,2,0,non_association,sampled_union_space
9836,525,44,17,0,non_association,sampled_union_space
9837,237,85,15,0,non_association,sampled_union_space
9838,641,35,5,0,non_association,sampled_union_space
9839,1060,47,12,0,non_association,sampled_union_space
9840,1458,23,2,0,non_association,sampled_union_space
9841,549,101,28,0,non_association,sampled_union_space
9842,791,100,5,0,non_association,sampled_union_space
9843,651,50,32,0,non_association,sampled_union_space
9844,593,133,22,0,non_association,sampled_union_space
9845,502,78,21,0,non_association,sampled_union_space
9846,379,27,2,0,non_association,sampled_union_space
9847,492,67,8,0,non_association,sampled_union_space
9848,272,123,17,0,non_association,sampled_union_space
9849,507,6,17,0,non_association,sampled_union_space
9850,806,33,23,0,non_association,sampled_union_space
9851,1083,75,17,0,non_association,sampled_union_space
9852,260,119,2,0,non_association,sampled_union_space
9853,1325,140,21,0,non_association,sampled_union_space
9854,563,26,5,0,non_association,sampled_union_space
9855,1243,127,5,0,non_association,sampled_union_space
9856,1237,21,38,0,non_association,sampled_union_space
9857,623,18,22,0,non_association,sampled_union_space
9858,411,17,6,0,non_association,sampled_union_space
9859,595,111,2,0,non_association,sampled_union_space
9860,1167,120,17,0,non_association,sampled_union_space
9861,837,142,22,0,non_association,sampled_union_space
9862,1279,57,35,0,non_association,sampled_union_space
9863,1444,30,17,0,non_association,sampled_union_space
9864,340,68,12,0,non_association,sampled_union_space
9865,1147,112,26,0,non_association,sampled_union_space
9866,661,35,15,0,non_association,sampled_union_space
9867,520,146,17,0,non_association,sampled_union_space
9868,742,1,18,0,non_association,sampled_union_space
9869,364,99,12,0,non_association,sampled_union_space
9870,681,38,12,0,non_association,sampled_union_space
9871,1138,115,26,0,non_association,sampled_union_space
9872,1183,44,17,0,non_association,sampled_union_space
9873,140,130,12,0,non_association,sampled_union_space
9874,859,86,15,0,non_association,sampled_union_space
9875,1025,97,42,0,non_association,sampled_union_space
9876,16,130,23,0,non_association,sampled_union_space
9877,58,64,17,0,non_association,sampled_union_space
9878,1028,14,17,0,non_association,sampled_union_space
9879,10,134,17,0,non_association,sampled_union_space
9880,492,31,26,0,non_association,sampled_union_space
9881,1407,49,2,0,non_association,sampled_union_space
9882,1003,137,2,0,non_association,sampled_union_space
9883,1409,93,26,0,non_association,sampled_union_space
9884,1491,32,15,0,non_association,sampled_union_space
9885,946,12,2,0,non_association,sampled_union_space
9886,717,13,12,0,non_association,sampled_union_space
9887,1450,83,45,0,non_association,sampled_union_space
9888,843,10,17,0,non_association,sampled_union_space
9889,831,52,22,0,non_association,sampled_union_space
9890,1055,141,31,0,non_association,sampled_union_space
9891,1113,30,22,0,non_association,sampled_union_space
9892,1068,104,35,0,non_association,sampled_union_space
9893,1312,59,6,0,non_association,sampled_union_space
9894,221,88,17,0,non_association,sampled_union_space
9895,117,22,23,0,non_association,sampled_union_space
9896,339,30,22,0,non_association,sampled_union_space
9897,801,54,6,0,non_association,sampled_union_space
9898,445,38,17,0,non_association,sampled_union_space
9899,1061,117,22,0,non_association,sampled_union_space
9900,488,126,22,0,non_association,sampled_union_space
9901,1010,100,24,0,non_association,sampled_union_space
9902,890,82,12,0,non_association,sampled_union_space
9903,196,19,2,0,non_association,sampled_union_space
9904,756,126,28,0,non_association,sampled_union_space
9905,1360,24,0,0,non_association,sampled_union_space
9906,653,71,17,0,non_association,sampled_union_space
9907,963,58,17,0,non_association,sampled_union_space
9908,1069,139,24,0,non_association,sampled_union_space
9909,1455,73,6,0,non_association,sampled_union_space
9910,292,101,6,0,non_association,sampled_union_space
9911,297,27,6,0,non_association,sampled_union_space
9912,1308,19,23,0,non_association,sampled_union_space
9913,785,136,6,0,non_association,sampled_union_space
9914,1119,73,6,0,non_association,sampled_union_space
9915,602,55,6,0,non_association,sampled_union_space
9916,1441,125,12,0,non_association,sampled_union_space
9917,1398,87,0,0,non_association,sampled_union_space
9918,1183,56,2,0,non_association,sampled_union_space
9919,959,77,24,0,non_association,sampled_union_space
9920,844,111,0,0,non_association,sampled_union_space
9921,1194,142,2,0,non_association,sampled_union_space
9922,301,108,10,0,non_association,sampled_union_space
9923,858,75,17,0,non_association,sampled_union_space
9924,702,46,22,0,non_association,sampled_union_space
9925,373,70,26,0,non_association,sampled_union_space
9926,59,42,35,0,non_association,sampled_union_space
9927,42,114,49,0,non_association,sampled_union_space
9928,653,98,24,0,non_association,sampled_union_space
9929,1350,120,28,0,non_association,sampled_union_space
9930,251,105,6,0,non_association,sampled_union_space
9931,154,110,26,0,non_association,sampled_union_space
9932,174,108,17,0,non_association,sampled_union_space
9933,322,1,23,0,non_association,sampled_union_space
9934,1120,72,22,0,non_association,sampled_union_space
9935,561,57,49,0,non_association,sampled_union_space
9936,1312,37,6,0,non_association,sampled_union_space
9937,1352,148,2,0,non_association,sampled_union_space
9938,418,64,6,0,non_association,sampled_union_space
9939,1450,39,17,0,non_association,sampled_union_space
9940,735,22,22,0,non_association,sampled_union_space
9941,112,22,24,0,non_association,sampled_union_space
9942,1383,46,12,0,non_association,sampled_union_space
9943,589,24,6,0,non_association,sampled_union_space
9944,1396,137,24,0,non_association,sampled_union_space
9945,408,67,18,0,non_association,sampled_union_space
9946,1296,69,18,0,non_association,sampled_union_space
9947,1488,111,6,0,non_association,sampled_union_space
9948,233,59,2,0,non_association,sampled_union_space
9949,841,132,6,0,non_association,sampled_union_space
9950,375,50,17,0,non_association,sampled_union_space
9951,1319,92,23,0,non_association,sampled_union_space
9952,345,22,18,0,non_association,sampled_union_space
9953,443,130,18,0,non_association,sampled_union_space
9954,504,8,24,0,non_association,sampled_union_space
9955,444,148,6,0,non_association,sampled_union_space
9956,1024,82,18,0,non_association,sampled_union_space
9957,1435,100,18,0,non_association,sampled_union_space
9958,1104,25,6,0,non_association,sampled_union_space
9959,763,130,26,0,non_association,sampled_union_space
9960,129,49,22,0,non_association,sampled_union_space
9961,166,131,2,0,non_association,sampled_union_space
9962,755,6,18,0,non_association,sampled_union_space
9963,624,76,6,0,non_association,sampled_union_space
9964,1460,76,26,0,non_association,sampled_union_space
9965,460,21,23,0,non_association,sampled_union_space
9966,1056,52,17,0,non_association,sampled_union_space
9967,1294,126,22,0,non_association,sampled_union_space
9968,643,72,35,0,non_association,sampled_union_space
9969,525,73,6,0,non_association,sampled_union_space
9970,413,38,17,0,non_association,sampled_union_space
9971,1288,74,12,0,non_association,sampled_union_space
9972,1199,27,26,0,non_association,sampled_union_space
9973,438,61,49,0,non_association,sampled_union_space
9974,1358,74,24,0,non_association,sampled_union_space
9975,1464,14,6,0,non_association,sampled_union_space
9976,1050,23,6,0,non_association,sampled_union_space
9977,705,16,6,0,non_association,sampled_union_space
9978,0,69,18,0,non_association,sampled_union_space
9979,466,26,18,0,non_association,sampled_union_space
9980,1298,42,26,0,non_association,sampled_union_space
9981,842,140,6,0,non_association,sampled_union_space
9982,311,105,28,0,non_association,sampled_union_space
9983,665,134,18,0,non_association,sampled_union_space
9984,976,119,18,0,non_association,sampled_union_space
9985,128,10,17,0,non_association,sampled_union_space
9986,1441,65,32,0,non_association,sampled_union_space
9987,289,109,6,0,non_association,sampled_union_space
9988,319,70,32,0,non_association,sampled_union_space
9989,760,60,28,0,non_association,sampled_union_space
9990,965,111,19,0,non_association,sampled_union_space
9991,872,94,6,0,non_association,sampled_union_space
9992,1141,106,23,0,non_association,sampled_union_space
9993,1018,83,2,0,non_association,sampled_union_space
9994,1085,19,23,0,non_association,sampled_union_space
9995,332,86,2,0,non_association,sampled_union_space
9996,960,114,22,0,non_association,sampled_union_space
9997,272,81,6,0,non_association,sampled_union_space
9998,837,72,14,0,non_association,sampled_union_space
9999,1151,98,12,0,non_association,sampled_union_space
10000,877,54,2,0,non_association,sampled_union_space
10001,529,117,0,0,non_association,sampled_union_space
10002,1334,82,28,0,non_association,sampled_union_space
10003,527,72,23,0,non_association,sampled_union_space
10004,871,26,17,0,non_association,sampled_union_space
10005,848,132,24,0,non_association,sampled_union_space
10006,700,17,18,0,non_association,sampled_union_space
10007,702,1,18,0,non_association,sampled_union_space
10008,443,70,13,0,non_association,sampled_union_space
10009,1390,49,23,0,non_association,sampled_union_space
10010,1181,104,6,0,non_association,sampled_union_space
10011,591,19,2,0,non_association,sampled_union_space
10012,819,141,26,0,non_association,sampled_union_space
10013,1109,136,38,0,non_association,sampled_union_space
10014,145,53,6,0,non_association,sampled_union_space
10015,1369,23,6,0,non_association,sampled_union_space
10016,1282,42,26,0,non_association,sampled_union_space
10017,313,61,15,0,non_association,sampled_union_space
10018,1108,49,18,0,non_association,sampled_union_space
10019,799,149,18,0,non_association,sampled_union_space
10020,316,97,23,0,non_association,sampled_union_space
10021,1416,80,2,0,non_association,sampled_union_space
10022,1162,131,6,0,non_association,sampled_union_space
10023,176,137,37,0,non_association,sampled_union_space
10024,789,81,12,0,non_association,sampled_union_space
10025,927,57,25,0,non_association,sampled_union_space
10026,120,131,2,0,non_association,sampled_union_space
10027,610,45,25,0,non_association,sampled_union_space
10028,980,5,26,0,non_association,sampled_union_space
10029,504,140,6,0,non_association,sampled_union_space
10030,928,61,12,0,non_association,sampled_union_space
10031,452,91,53,0,non_association,sampled_union_space
10032,1141,72,19,0,non_association,sampled_union_space
10033,320,104,8,0,non_association,sampled_union_space
10034,411,17,12,0,non_association,sampled_union_space
10035,920,139,2,0,non_association,sampled_union_space
10036,1406,74,2,0,non_association,sampled_union_space
10037,388,108,6,0,non_association,sampled_union_space
10038,212,14,17,0,non_association,sampled_union_space
10039,36,119,12,0,non_association,sampled_union_space
10040,1399,113,26,0,non_association,sampled_union_space
10041,452,10,2,0,non_association,sampled_union_space
10042,1110,8,15,0,non_association,sampled_union_space
10043,1089,47,6,0,non_association,sampled_union_space
10044,539,141,6,0,non_association,sampled_union_space
10045,1149,20,12,0,non_association,sampled_union_space
10046,1338,71,12,0,non_association,sampled_union_space
10047,978,92,26,0,non_association,sampled_union_space
10048,648,76,12,0,non_association,sampled_union_space
10049,796,4,12,0,non_association,sampled_union_space
10050,1023,2,26,0,non_association,sampled_union_space
10051,663,106,26,0,non_association,sampled_union_space
10052,370,101,26,0,non_association,sampled_union_space
10053,179,15,38,0,non_association,sampled_union_space
10054,1238,117,6,0,non_association,sampled_union_space
10055,755,70,26,0,non_association,sampled_union_space
10056,784,47,19,0,non_association,sampled_union_space
10057,1446,109,24,0,non_association,sampled_union_space
10058,484,50,17,0,non_association,sampled_union_space
10059,542,40,23,0,non_association,sampled_union_space
10060,392,121,15,0,non_association,sampled_union_space
10061,1113,6,18,0,non_association,sampled_union_space
10062,335,37,17,0,non_association,sampled_union_space
10063,155,41,41,0,non_association,sampled_union_space
10064,110,132,18,0,non_association,sampled_union_space
10065,243,105,18,0,non_association,sampled_union_space
10066,486,40,38,0,non_association,sampled_union_space
10067,743,91,5,0,non_association,sampled_union_space
10068,977,92,6,0,non_association,sampled_union_space
10069,522,144,12,0,non_association,sampled_union_space
10070,1345,137,17,0,non_association,sampled_union_space
10071,1099,95,18,0,non_association,sampled_union_space
10072,1144,70,2,0,non_association,sampled_union_space
10073,323,45,23,0,non_association,sampled_union_space
10074,1465,81,2,0,non_association,sampled_union_space
10075,939,48,17,0,non_association,sampled_union_space
10076,1136,148,12,0,non_association,sampled_union_space
10077,1243,62,18,0,non_association,sampled_union_space
10078,272,23,12,0,non_association,sampled_union_space
10079,494,21,6,0,non_association,sampled_union_space
10080,937,3,23,0,non_association,sampled_union_space
10081,800,7,2,0,non_association,sampled_union_space
10082,59,120,6,0,non_association,sampled_union_space
10083,1410,93,11,0,non_association,sampled_union_space
10084,785,146,2,0,non_association,sampled_union_space
10085,1011,102,26,0,non_association,sampled_union_space
10086,641,141,2,0,non_association,sampled_union_space
10087,523,54,2,0,non_association,sampled_union_space
10088,1299,42,18,0,non_association,sampled_union_space
10089,238,15,17,0,non_association,sampled_union_space
10090,538,18,18,0,non_association,sampled_union_space
10091,1209,21,26,0,non_association,sampled_union_space
10092,524,49,35,0,non_association,sampled_union_space
10093,829,57,23,0,non_association,sampled_union_space
10094,40,104,2,0,non_association,sampled_union_space
10095,1209,92,17,0,non_association,sampled_union_space
10096,650,133,23,0,non_association,sampled_union_space
10097,580,73,38,0,non_association,sampled_union_space
10098,1475,50,2,0,non_association,sampled_union_space
10099,715,144,12,0,non_association,sampled_union_space
10100,113,5,6,0,non_association,sampled_union_space
10101,1116,82,18,0,non_association,sampled_union_space
10102,886,40,23,0,non_association,sampled_union_space
10103,871,85,23,0,non_association,sampled_union_space
10104,21,12,17,0,non_association,sampled_union_space
10105,874,113,2,0,non_association,sampled_union_space
10106,769,54,26,0,non_association,sampled_union_space
10107,1442,144,26,0,non_association,sampled_union_space
10108,278,71,26,0,non_association,sampled_union_space
10109,1083,66,26,0,non_association,sampled_union_space
10110,245,71,6,0,non_association,sampled_union_space
10111,359,32,57,0,non_association,sampled_union_space
10112,135,35,12,0,non_association,sampled_union_space
10113,340,126,18,0,non_association,sampled_union_space
10114,92,99,26,0,non_association,sampled_union_space
10115,351,52,18,0,non_association,sampled_union_space
10116,494,17,35,0,non_association,sampled_union_space
10117,1015,132,6,0,non_association,sampled_union_space
10118,243,71,22,0,non_association,sampled_union_space
10119,112,141,17,0,non_association,sampled_union_space
10120,1075,92,37,0,non_association,sampled_union_space
10121,274,70,15,0,non_association,sampled_union_space
10122,1045,135,22,0,non_association,sampled_union_space
10123,915,146,18,0,non_association,sampled_union_space
10124,28,41,2,0,non_association,sampled_union_space
10125,1263,16,23,0,non_association,sampled_union_space
10126,148,107,17,0,non_association,sampled_union_space
10127,252,25,11,0,non_association,sampled_union_space
10128,628,102,18,0,non_association,sampled_union_space
10129,27,68,12,0,non_association,sampled_union_space
10130,929,63,5,0,non_association,sampled_union_space
10131,1348,74,2,0,non_association,sampled_union_space
10132,891,38,17,0,non_association,sampled_union_space
10133,743,101,6,0,non_association,sampled_union_space
10134,131,84,24,0,non_association,sampled_union_space
10135,1360,148,2,0,non_association,sampled_union_space
10136,1434,118,2,0,non_association,sampled_union_space
10137,1082,27,2,0,non_association,sampled_union_space
10138,67,15,2,0,non_association,sampled_union_space
10139,878,135,17,0,non_association,sampled_union_space
10140,937,130,2,0,non_association,sampled_union_space
10141,1478,90,17,0,non_association,sampled_union_space
10142,574,49,12,0,non_association,sampled_union_space
10143,146,41,22,0,non_association,sampled_union_space
10144,1190,44,6,0,non_association,sampled_union_space
10145,270,113,23,0,non_association,sampled_union_space
10146,786,121,23,0,non_association,sampled_union_space
10147,280,60,2,0,non_association,sampled_union_space
10148,1039,0,18,0,non_association,sampled_union_space
10149,475,62,17,0,non_association,sampled_union_space
10150,686,30,18,0,non_association,sampled_union_space
10151,1385,106,22,0,non_association,sampled_union_space
10152,1149,145,2,0,non_association,sampled_union_space
10153,386,99,17,0,non_association,sampled_union_space
10154,618,18,2,0,non_association,sampled_union_space
10155,906,108,23,0,non_association,sampled_union_space
10156,107,81,23,0,non_association,sampled_union_space
10157,1273,68,6,0,non_association,sampled_union_space
10158,853,22,28,0,non_association,sampled_union_space
10159,1420,18,35,0,non_association,sampled_union_space
10160,442,98,35,0,non_association,sampled_union_space
10161,917,49,23,0,non_association,sampled_union_space
10162,1247,60,23,0,non_association,sampled_union_space
10163,547,142,18,0,non_association,sampled_union_space
10164,6,56,17,0,non_association,sampled_union_space
10165,1196,46,2,0,non_association,sampled_union_space
10166,693,7,23,0,non_association,sampled_union_space
10167,463,86,2,0,non_association,sampled_union_space
10168,595,131,26,0,non_association,sampled_union_space
10169,350,27,6,0,non_association,sampled_union_space
10170,868,2,28,0,non_association,sampled_union_space
10171,782,35,23,0,non_association,sampled_union_space
10172,729,19,49,0,non_association,sampled_union_space
10173,1407,127,6,0,non_association,sampled_union_space
10174,617,35,2,0,non_association,sampled_union_space
10175,581,71,2,0,non_association,sampled_union_space
10176,1181,131,12,0,non_association,sampled_union_space
10177,635,104,21,0,non_association,sampled_union_space
10178,1385,78,25,0,non_association,sampled_union_space
10179,1240,57,23,0,non_association,sampled_union_space
10180,1372,27,22,0,non_association,sampled_union_space
10181,310,125,22,0,non_association,sampled_union_space
10182,698,40,22,0,non_association,sampled_union_space
10183,164,103,12,0,non_association,sampled_union_space
10184,1106,73,17,0,non_association,sampled_union_space
10185,703,45,17,0,non_association,sampled_union_space
10186,1347,148,28,0,non_association,sampled_union_space
10187,726,33,26,0,non_association,sampled_union_space
10188,1407,2,39,0,non_association,sampled_union_space
10189,761,54,49,0,non_association,sampled_union_space
10190,1366,81,2,0,non_association,sampled_union_space
10191,373,87,24,0,non_association,sampled_union_space
10192,499,87,22,0,non_association,sampled_union_space
10193,168,58,16,0,non_association,sampled_union_space
10194,773,45,21,0,non_association,sampled_union_space
10195,280,143,39,0,non_association,sampled_union_space
10196,1374,125,2,0,non_association,sampled_union_space
10197,91,74,17,0,non_association,sampled_union_space
10198,1284,111,17,0,non_association,sampled_union_space
10199,1446,11,49,0,non_association,sampled_union_space
10200,1133,112,45,0,non_association,sampled_union_space
10201,701,51,12,0,non_association,sampled_union_space
10202,406,30,2,0,non_association,sampled_union_space
10203,462,121,28,0,non_association,sampled_union_space
10204,1361,66,26,0,non_association,sampled_union_space
10205,77,27,32,0,non_association,sampled_union_space
10206,171,21,5,0,non_association,sampled_union_space
10207,873,18,2,0,non_association,sampled_union_space
10208,1234,133,2,0,non_association,sampled_union_space
10209,198,149,26,0,non_association,sampled_union_space
10210,1308,83,42,0,non_association,sampled_union_space
10211,971,58,2,0,non_association,sampled_union_space
10212,803,81,23,0,non_association,sampled_union_space
10213,1067,148,2,0,non_association,sampled_union_space
10214,1063,11,18,0,non_association,sampled_union_space
10215,710,80,18,0,non_association,sampled_union_space
10216,865,38,18,0,non_association,sampled_union_space
10217,714,3,18,0,non_association,sampled_union_space
10218,861,77,26,0,non_association,sampled_union_space
10219,1435,53,13,0,non_association,sampled_union_space
10220,956,18,26,0,non_association,sampled_union_space
10221,1357,61,22,0,non_association,sampled_union_space
10222,347,94,12,0,non_association,sampled_union_space
10223,322,78,17,0,non_association,sampled_union_space
10224,1403,33,26,0,non_association,sampled_union_space
10225,1407,66,42,0,non_association,sampled_union_space
10226,629,26,18,0,non_association,sampled_union_space
10227,544,141,2,0,non_association,sampled_union_space
10228,252,104,2,0,non_association,sampled_union_space
10229,91,95,2,0,non_association,sampled_union_space
10230,419,44,4,0,non_association,sampled_union_space
10231,966,11,12,0,non_association,sampled_union_space
10232,1121,1,18,0,non_association,sampled_union_space
10233,1130,24,23,0,non_association,sampled_union_space
10234,194,49,2,0,non_association,sampled_union_space
10235,977,93,23,0,non_association,sampled_union_space
10236,1309,24,29,0,non_association,sampled_union_space
10237,583,107,2,0,non_association,sampled_union_space
10238,236,56,6,0,non_association,sampled_union_space
10239,1028,20,2,0,non_association,sampled_union_space
10240,286,115,15,0,non_association,sampled_union_space
10241,83,12,17,0,non_association,sampled_union_space
10242,1005,66,22,0,non_association,sampled_union_space
10243,683,79,12,0,non_association,sampled_union_space
10244,1135,87,0,0,non_association,sampled_union_space
10245,6,44,2,0,non_association,sampled_union_space
10246,29,121,17,0,non_association,sampled_union_space
10247,18,3,26,0,non_association,sampled_union_space
10248,846,63,17,0,non_association,sampled_union_space
10249,1242,8,18,0,non_association,sampled_union_space
10250,1046,23,24,0,non_association,sampled_union_space
10251,171,121,22,0,non_association,sampled_union_space
10252,1402,47,12,0,non_association,sampled_union_space
10253,246,98,17,0,non_association,sampled_union_space
10254,1267,141,17,0,non_association,sampled_union_space
10255,813,0,17,0,non_association,sampled_union_space
10256,287,138,17,0,non_association,sampled_union_space
10257,309,46,23,0,non_association,sampled_union_space
10258,1091,62,6,0,non_association,sampled_union_space
10259,839,75,17,0,non_association,sampled_union_space
10260,1306,1,15,0,non_association,sampled_union_space
10261,59,88,17,0,non_association,sampled_union_space
10262,1295,78,23,0,non_association,sampled_union_space
10263,1070,34,49,0,non_association,sampled_union_space
10264,1247,90,11,0,non_association,sampled_union_space
10265,1425,80,25,0,non_association,sampled_union_space
10266,1164,146,5,0,non_association,sampled_union_space
10267,1002,147,17,0,non_association,sampled_union_space
10268,1356,49,2,0,non_association,sampled_union_space
10269,385,115,21,0,non_association,sampled_union_space
10270,1290,37,23,0,non_association,sampled_union_space
10271,1221,122,2,0,non_association,sampled_union_space
10272,101,35,2,0,non_association,sampled_union_space
10273,1398,47,2,0,non_association,sampled_union_space
10274,1303,127,6,0,non_association,sampled_union_space
10275,748,141,6,0,non_association,sampled_union_space
10276,1159,22,23,0,non_association,sampled_union_space
10277,1279,32,38,0,non_association,sampled_union_space
10278,624,100,2,0,non_association,sampled_union_space
10279,1408,113,12,0,non_association,sampled_union_space
10280,687,141,25,0,non_association,sampled_union_space
10281,1311,111,17,0,non_association,sampled_union_space
10282,641,125,18,0,non_association,sampled_union_space
10283,489,133,18,0,non_association,sampled_union_space
10284,1308,78,17,0,non_association,sampled_union_space
10285,106,120,18,0,non_association,sampled_union_space
10286,986,71,12,0,non_association,sampled_union_space
10287,906,139,2,0,non_association,sampled_union_space
10288,713,6,5,0,non_association,sampled_union_space
10289,132,149,2,0,non_association,sampled_union_space
10290,901,56,2,0,non_association,sampled_union_space
10291,479,52,18,0,non_association,sampled_union_space
10292,170,103,12,0,non_association,sampled_union_space
10293,215,53,6,0,non_association,sampled_union_space
10294,738,97,22,0,non_association,sampled_union_space
10295,989,129,12,0,non_association,sampled_union_space
10296,175,65,18,0,non_association,sampled_union_space
10297,1112,133,18,0,non_association,sampled_union_space
10298,1071,88,2,0,non_association,sampled_union_space
10299,416,22,37,0,non_association,sampled_union_space
10300,527,131,18,0,non_association,sampled_union_space
10301,216,115,22,0,non_association,sampled_union_space
10302,217,3,6,0,non_association,sampled_union_space
10303,1406,124,18,0,non_association,sampled_union_space
10304,797,121,18,0,non_association,sampled_union_space
10305,427,48,2,0,non_association,sampled_union_space
10306,326,100,37,0,non_association,sampled_union_space
10307,1140,25,6,0,non_association,sampled_union_space
10308,1320,2,6,0,non_association,sampled_union_space
10309,1246,24,12,0,non_association,sampled_union_space
10310,850,89,22,0,non_association,sampled_union_space
10311,1289,30,38,0,non_association,sampled_union_space
10312,480,43,17,0,non_association,sampled_union_space
10313,893,81,6,0,non_association,sampled_union_space
10314,1068,125,35,0,non_association,sampled_union_space
10315,1426,24,2,0,non_association,sampled_union_space
10316,748,58,24,0,non_association,sampled_union_space
10317,1466,105,6,0,non_association,sampled_union_space
10318,614,127,23,0,non_association,sampled_union_space
10319,1011,87,29,0,non_association,sampled_union_space
10320,744,8,6,0,non_association,sampled_union_space
10321,981,123,6,0,non_association,sampled_union_space
10322,1291,115,31,0,non_association,sampled_union_space
10323,391,146,24,0,non_association,sampled_union_space
10324,975,103,0,0,non_association,sampled_union_space
10325,1003,117,2,0,non_association,sampled_union_space
10326,795,69,2,0,non_association,sampled_union_space
10327,1200,45,26,0,non_association,sampled_union_space
10328,661,99,30,0,non_association,sampled_union_space
10329,182,7,2,0,non_association,sampled_union_space
10330,939,72,15,0,non_association,sampled_union_space
10331,426,4,6,0,non_association,sampled_union_space
10332,1146,84,22,0,non_association,sampled_union_space
10333,1066,98,26,0,non_association,sampled_union_space
10334,1091,90,2,0,non_association,sampled_union_space
10335,1159,63,2,0,non_association,sampled_union_space
10336,916,52,13,0,non_association,sampled_union_space
10337,765,73,2,0,non_association,sampled_union_space
10338,180,118,17,0,non_association,sampled_union_space
10339,698,40,26,0,non_association,sampled_union_space
10340,241,40,17,0,non_association,sampled_union_space
10341,756,18,23,0,non_association,sampled_union_space
10342,1309,62,23,0,non_association,sampled_union_space
10343,175,78,38,0,non_association,sampled_union_space
10344,1074,94,6,0,non_association,sampled_union_space
10345,196,30,17,0,non_association,sampled_union_space
10346,751,25,22,0,non_association,sampled_union_space
10347,650,17,12,0,non_association,sampled_union_space
10348,385,70,2,0,non_association,sampled_union_space
10349,998,59,23,0,non_association,sampled_union_space
10350,88,26,18,0,non_association,sampled_union_space
10351,966,78,26,0,non_association,sampled_union_space
10352,1355,140,0,0,non_association,sampled_union_space
10353,1214,30,17,0,non_association,sampled_union_space
10354,18,145,12,0,non_association,sampled_union_space
10355,1029,18,39,0,non_association,sampled_union_space
10356,818,96,18,0,non_association,sampled_union_space
10357,1042,63,39,0,non_association,sampled_union_space
10358,1326,130,5,0,non_association,sampled_union_space
10359,486,85,2,0,non_association,sampled_union_space
10360,1475,149,42,0,non_association,sampled_union_space
10361,549,126,2,0,non_association,sampled_union_space
10362,279,36,23,0,non_association,sampled_union_space
10363,170,121,2,0,non_association,sampled_union_space
10364,723,31,2,0,non_association,sampled_union_space
10365,1293,95,12,0,non_association,sampled_union_space
10366,489,68,18,0,non_association,sampled_union_space
10367,388,9,41,0,non_association,sampled_union_space
10368,633,47,17,0,non_association,sampled_union_space
10369,985,81,15,0,non_association,sampled_union_space
10370,281,26,22,0,non_association,sampled_union_space
10371,852,50,26,0,non_association,sampled_union_space
10372,577,70,18,0,non_association,sampled_union_space
10373,886,124,26,0,non_association,sampled_union_space
10374,734,129,6,0,non_association,sampled_union_space
10375,1457,71,18,0,non_association,sampled_union_space
10376,332,82,17,0,non_association,sampled_union_space
10377,577,62,2,0,non_association,sampled_union_space
10378,476,124,2,0,non_association,sampled_union_space
10379,122,135,2,0,non_association,sampled_union_space
10380,822,17,13,0,non_association,sampled_union_space
10381,730,59,25,0,non_association,sampled_union_space
10382,537,55,33,0,non_association,sampled_union_space
10383,1331,149,50,0,non_association,sampled_union_space
10384,437,20,19,0,non_association,sampled_union_space
10385,1205,20,53,0,non_association,sampled_union_space
10386,47,145,17,0,non_association,sampled_union_space
10387,954,98,24,0,non_association,sampled_union_space
10388,144,38,21,0,non_association,sampled_union_space
10389,300,119,35,0,non_association,sampled_union_space
10390,69,69,26,0,non_association,sampled_union_space
10391,206,84,30,0,non_association,sampled_union_space
10392,534,144,15,0,non_association,sampled_union_space
10393,753,98,40,0,non_association,sampled_union_space
10394,1291,44,42,0,non_association,sampled_union_space
10395,1228,21,49,0,non_association,sampled_union_space
10396,1176,137,18,0,non_association,sampled_union_space
10397,760,92,22,0,non_association,sampled_union_space
10398,147,76,19,0,non_association,sampled_union_space
10399,828,128,2,0,non_association,sampled_union_space
10400,615,23,33,0,non_association,sampled_union_space
10401,886,127,2,0,non_association,sampled_union_space
10402,540,106,5,0,non_association,sampled_union_space
10403,1263,139,6,0,non_association,sampled_union_space
10404,865,107,6,0,non_association,sampled_union_space
10405,1004,103,12,0,non_association,sampled_union_space
10406,1193,81,26,0,non_association,sampled_union_space
10407,1240,135,15,0,non_association,sampled_union_space
10408,1399,74,17,0,non_association,sampled_union_space
10409,635,13,2,0,non_association,sampled_union_space
10410,889,53,2,0,non_association,sampled_union_space
10411,709,80,23,0,non_association,sampled_union_space
10412,448,117,23,0,non_association,sampled_union_space
10413,1435,146,29,0,non_association,sampled_union_space
10414,784,3,49,0,non_association,sampled_union_space
10415,1077,64,5,0,non_association,sampled_union_space
10416,364,128,6,0,non_association,sampled_union_space
10417,1066,42,2,0,non_association,sampled_union_space
10418,940,85,5,0,non_association,sampled_union_space
10419,563,62,45,0,non_association,sampled_union_space
10420,494,24,17,0,non_association,sampled_union_space
10421,195,47,21,0,non_association,sampled_union_space
10422,1044,128,28,0,non_association,sampled_union_space
10423,1423,121,17,0,non_association,sampled_union_space
10424,567,21,40,0,non_association,sampled_union_space
10425,1086,66,25,0,non_association,sampled_union_space
10426,252,76,2,0,non_association,sampled_union_space
10427,436,130,6,0,non_association,sampled_union_space
10428,819,74,28,0,non_association,sampled_union_space
10429,1328,14,55,0,non_association,sampled_union_space
10430,849,11,0,0,non_association,sampled_union_space
10431,1234,67,5,0,non_association,sampled_union_space
10432,1034,148,2,0,non_association,sampled_union_space
10433,265,59,18,0,non_association,sampled_union_space
10434,1259,109,17,0,non_association,sampled_union_space
10435,888,35,2,0,non_association,sampled_union_space
10436,280,44,26,0,non_association,sampled_union_space
10437,1391,137,17,0,non_association,sampled_union_space
10438,338,14,17,0,non_association,sampled_union_space
10439,1342,59,22,0,non_association,sampled_union_space
10440,746,42,9,0,non_association,sampled_union_space
10441,342,148,0,0,non_association,sampled_union_space
10442,86,100,2,0,non_association,sampled_union_space
10443,1486,49,22,0,non_association,sampled_union_space
10444,1367,57,23,0,non_association,sampled_union_space
10445,353,112,25,0,non_association,sampled_union_space
10446,1406,15,35,0,non_association,sampled_union_space
10447,900,8,42,0,non_association,sampled_union_space
10448,372,44,18,0,non_association,sampled_union_space
10449,405,87,2,0,non_association,sampled_union_space
10450,1212,54,6,0,non_association,sampled_union_space
10451,570,74,38,0,non_association,sampled_union_space
10452,387,58,15,0,non_association,sampled_union_space
10453,895,111,23,0,non_association,sampled_union_space
10454,109,97,23,0,non_association,sampled_union_space
10455,1286,25,22,0,non_association,sampled_union_space
10456,685,73,6,0,non_association,sampled_union_space
10457,371,7,6,0,non_association,sampled_union_space
10458,1150,70,6,0,non_association,sampled_union_space
10459,444,117,22,0,non_association,sampled_union_space
10460,1288,60,24,0,non_association,sampled_union_space
10461,1167,137,2,0,non_association,sampled_union_space
10462,480,54,12,0,non_association,sampled_union_space
10463,328,128,2,0,non_association,sampled_union_space
10464,985,0,2,0,non_association,sampled_union_space
10465,929,1,12,0,non_association,sampled_union_space
10466,266,19,18,0,non_association,sampled_union_space
10467,1458,11,5,0,non_association,sampled_union_space
10468,1282,96,6,0,non_association,sampled_union_space
10469,526,51,17,0,non_association,sampled_union_space
10470,915,70,26,0,non_association,sampled_union_space
10471,753,50,6,0,non_association,sampled_union_space
10472,748,80,2,0,non_association,sampled_union_space
10473,1321,26,18,0,non_association,sampled_union_space
10474,1151,31,24,0,non_association,sampled_union_space
10475,1121,53,17,0,non_association,sampled_union_space
10476,417,44,2,0,non_association,sampled_union_space
10477,227,108,2,0,non_association,sampled_union_space
10478,1460,36,26,0,non_association,sampled_union_space
10479,1277,33,0,0,non_association,sampled_union_space
10480,805,112,17,0,non_association,sampled_union_space
10481,1099,149,22,0,non_association,sampled_union_space
10482,1105,121,23,0,non_association,sampled_union_space
10483,301,68,23,0,non_association,sampled_union_space
10484,209,125,6,0,non_association,sampled_union_space
10485,987,87,2,0,non_association,sampled_union_space
10486,1375,71,6,0,non_association,sampled_union_space
10487,1079,19,12,0,non_association,sampled_union_space
10488,1044,16,2,0,non_association,sampled_union_space
10489,177,122,6,0,non_association,sampled_union_space
10490,1215,33,6,0,non_association,sampled_union_space
10491,429,7,0,0,non_association,sampled_union_space
10492,859,87,6,0,non_association,sampled_union_space
10493,1424,58,22,0,non_association,sampled_union_space
10494,1110,126,6,0,non_association,sampled_union_space
10495,1055,78,2,0,non_association,sampled_union_space
10496,768,49,2,0,non_association,sampled_union_space
10497,335,68,23,0,non_association,sampled_union_space
10498,654,128,15,0,non_association,sampled_union_space
10499,895,27,17,0,non_association,sampled_union_space
10500,584,120,12,0,non_association,sampled_union_space
10501,90,90,2,0,non_association,sampled_union_space
10502,635,110,6,0,non_association,sampled_union_space
10503,1083,21,6,0,non_association,sampled_union_space
10504,1361,126,2,0,non_association,sampled_union_space
10505,43,78,0,0,non_association,sampled_union_space
10506,529,79,15,0,non_association,sampled_union_space
10507,1115,84,23,0,non_association,sampled_union_space
10508,1052,109,23,0,non_association,sampled_union_space
10509,93,113,23,0,non_association,sampled_union_space
10510,335,33,38,0,non_association,sampled_union_space
10511,627,107,2,0,non_association,sampled_union_space
10512,603,42,15,0,non_association,sampled_union_space
10513,1263,9,17,0,non_association,sampled_union_space
10514,658,27,10,0,non_association,sampled_union_space
10515,1019,104,28,0,non_association,sampled_union_space
10516,1445,111,2,0,non_association,sampled_union_space
10517,463,128,23,0,non_association,sampled_union_space
10518,869,95,23,0,non_association,sampled_union_space
10519,1120,94,26,0,non_association,sampled_union_space
10520,611,50,6,0,non_association,sampled_union_space
10521,1011,139,6,0,non_association,sampled_union_space
10522,1391,102,24,0,non_association,sampled_union_space
10523,835,36,12,0,non_association,sampled_union_space
10524,1230,115,23,0,non_association,sampled_union_space
10525,1427,43,6,0,non_association,sampled_union_space
10526,699,141,23,0,non_association,sampled_union_space
10527,61,86,32,0,non_association,sampled_union_space
10528,947,147,17,0,non_association,sampled_union_space
10529,565,14,18,0,non_association,sampled_union_space
10530,370,143,23,0,non_association,sampled_union_space
10531,1082,8,17,0,non_association,sampled_union_space
10532,328,68,24,0,non_association,sampled_union_space
10533,640,148,6,0,non_association,sampled_union_space
10534,1076,97,6,0,non_association,sampled_union_space
10535,349,122,17,0,non_association,sampled_union_space
10536,261,46,2,0,non_association,sampled_union_space
10537,955,56,6,0,non_association,sampled_union_space
10538,919,8,23,0,non_association,sampled_union_space
10539,312,32,23,0,non_association,sampled_union_space
10540,1469,102,47,0,non_association,sampled_union_space
10541,1364,109,26,0,non_association,sampled_union_space
10542,1127,119,38,0,non_association,sampled_union_space
10543,461,20,6,0,non_association,sampled_union_space
10544,690,26,2,0,non_association,sampled_union_space
10545,8,60,6,0,non_association,sampled_union_space
10546,1198,37,17,0,non_association,sampled_union_space
10547,1279,138,32,0,non_association,sampled_union_space
10548,991,111,19,0,non_association,sampled_union_space
10549,911,98,18,0,non_association,sampled_union_space
10550,986,117,6,0,non_association,sampled_union_space
10551,1249,69,2,0,non_association,sampled_union_space
10552,238,116,6,0,non_association,sampled_union_space
10553,683,38,18,0,non_association,sampled_union_space
10554,1124,30,2,0,non_association,sampled_union_space
10555,255,18,6,0,non_association,sampled_union_space
10556,1101,10,23,0,non_association,sampled_union_space
10557,1441,118,26,0,non_association,sampled_union_space
10558,1132,118,2,0,non_association,sampled_union_space
10559,1347,31,6,0,non_association,sampled_union_space
10560,137,68,2,0,non_association,sampled_union_space
10561,892,16,37,0,non_association,sampled_union_space
10562,1119,73,2,0,non_association,sampled_union_space
10563,901,124,17,0,non_association,sampled_union_space
10564,847,80,6,0,non_association,sampled_union_space
10565,271,114,2,0,non_association,sampled_union_space
10566,732,86,2,0,non_association,sampled_union_space
10567,567,105,17,0,non_association,sampled_union_space
10568,1077,36,18,0,non_association,sampled_union_space
10569,145,86,25,0,non_association,sampled_union_space
10570,1367,114,18,0,non_association,sampled_union_space
10571,73,147,12,0,non_association,sampled_union_space
10572,310,37,17,0,non_association,sampled_union_space
10573,881,122,2,0,non_association,sampled_union_space
10574,649,17,18,0,non_association,sampled_union_space
10575,258,112,35,0,non_association,sampled_union_space
10576,1069,0,6,0,non_association,sampled_union_space
10577,855,61,31,0,non_association,sampled_union_space
10578,828,115,30,0,non_association,sampled_union_space
10579,136,100,2,0,non_association,sampled_union_space
10580,910,70,17,0,non_association,sampled_union_space
10581,1058,44,26,0,non_association,sampled_union_space
10582,679,69,17,0,non_association,sampled_union_space
10583,215,60,18,0,non_association,sampled_union_space
10584,1054,86,2,0,non_association,sampled_union_space
10585,956,134,15,0,non_association,sampled_union_space
10586,1228,42,6,0,non_association,sampled_union_space
10587,1058,99,17,0,non_association,sampled_union_space
10588,304,141,18,0,non_association,sampled_union_space
10589,1222,139,1,0,non_association,sampled_union_space
10590,1109,65,6,0,non_association,sampled_union_space
10591,340,116,2,0,non_association,sampled_union_space
10592,549,58,17,0,non_association,sampled_union_space
10593,51,47,2,0,non_association,sampled_union_space
10594,759,104,6,0,non_association,sampled_union_space
10595,552,104,22,0,non_association,sampled_union_space
10596,940,83,22,0,non_association,sampled_union_space
10597,993,17,26,0,non_association,sampled_union_space
10598,1008,4,25,0,non_association,sampled_union_space
10599,1217,54,17,0,non_association,sampled_union_space
10600,1075,40,2,0,non_association,sampled_union_space
10601,584,32,26,0,non_association,sampled_union_space
10602,622,104,22,0,non_association,sampled_union_space
10603,325,106,17,0,non_association,sampled_union_space
10604,416,30,17,0,non_association,sampled_union_space
10605,786,144,23,0,non_association,sampled_union_space
10606,753,37,23,0,non_association,sampled_union_space
10607,207,30,35,0,non_association,sampled_union_space
10608,575,65,6,0,non_association,sampled_union_space
10609,187,90,2,0,non_association,sampled_union_space
10610,1339,96,18,0,non_association,sampled_union_space
10611,66,52,22,0,non_association,sampled_union_space
10612,411,102,22,0,non_association,sampled_union_space
10613,1034,81,35,0,non_association,sampled_union_space
10614,1222,145,47,0,non_association,sampled_union_space
10615,208,33,2,0,non_association,sampled_union_space
10616,869,8,6,0,non_association,sampled_union_space
10617,596,41,12,0,non_association,sampled_union_space
10618,644,79,2,0,non_association,sampled_union_space
10619,1285,126,12,0,non_association,sampled_union_space
10620,1209,84,32,0,non_association,sampled_union_space
10621,245,14,16,0,non_association,sampled_union_space
10622,1181,75,0,0,non_association,sampled_union_space
10623,1204,142,18,0,non_association,sampled_union_space
10624,286,40,18,0,non_association,sampled_union_space
10625,996,64,17,0,non_association,sampled_union_space
10626,972,77,17,0,non_association,sampled_union_space
10627,1107,39,17,0,non_association,sampled_union_space
10628,562,39,17,0,non_association,sampled_union_space
10629,1463,40,2,0,non_association,sampled_union_space
10630,1068,83,3,0,non_association,sampled_union_space
10631,1037,78,10,0,non_association,sampled_union_space
10632,655,2,2,0,non_association,sampled_union_space
10633,738,17,22,0,non_association,sampled_union_space
10634,430,29,17,0,non_association,sampled_union_space
10635,716,112,24,0,non_association,sampled_union_space
10636,792,47,36,0,non_association,sampled_union_space
10637,1068,116,26,0,non_association,sampled_union_space
10638,314,40,32,0,non_association,sampled_union_space
10639,1177,0,35,0,non_association,sampled_union_space
10640,801,131,49,0,non_association,sampled_union_space
10641,394,91,2,0,non_association,sampled_union_space
10642,1376,92,6,0,non_association,sampled_union_space
10643,1454,103,17,0,non_association,sampled_union_space
10644,689,39,17,0,non_association,sampled_union_space
10645,753,56,17,0,non_association,sampled_union_space
10646,352,73,23,0,non_association,sampled_union_space
10647,1391,42,49,0,non_association,sampled_union_space
10648,895,121,6,0,non_association,sampled_union_space
10649,1329,107,6,0,non_association,sampled_union_space
10650,958,95,15,0,non_association,sampled_union_space
10651,714,35,17,0,non_association,sampled_union_space
10652,865,8,17,0,non_association,sampled_union_space
10653,339,132,22,0,non_association,sampled_union_space
10654,433,126,22,0,non_association,sampled_union_space
10655,396,87,17,0,non_association,sampled_union_space
10656,386,113,32,0,non_association,sampled_union_space
10657,463,18,12,0,non_association,sampled_union_space
10658,1014,121,2,0,non_association,sampled_union_space
10659,448,84,16,0,non_association,sampled_union_space
10660,107,140,2,0,non_association,sampled_union_space
10661,1308,105,0,0,non_association,sampled_union_space
10662,677,47,2,0,non_association,sampled_union_space
10663,865,95,2,0,non_association,sampled_union_space
10664,563,130,2,0,non_association,sampled_union_space
10665,1277,28,2,0,non_association,sampled_union_space
10666,835,34,35,0,non_association,sampled_union_space
10667,1054,113,2,0,non_association,sampled_union_space
10668,1284,143,6,0,non_association,sampled_union_space
10669,252,135,2,0,non_association,sampled_union_space
10670,309,64,2,0,non_association,sampled_union_space
10671,1489,89,26,0,non_association,sampled_union_space
10672,1481,128,17,0,non_association,sampled_union_space
10673,344,23,12,0,non_association,sampled_union_space
10674,1472,109,17,0,non_association,sampled_union_space
10675,183,137,17,0,non_association,sampled_union_space
10676,1291,15,35,0,non_association,sampled_union_space
10677,991,80,6,0,non_association,sampled_union_space
10678,1372,23,23,0,non_association,sampled_union_space
10679,499,101,23,0,non_association,sampled_union_space
10680,553,50,37,0,non_association,sampled_union_space
10681,203,78,32,0,non_association,sampled_union_space
10682,500,74,22,0,non_association,sampled_union_space
10683,440,2,2,0,non_association,sampled_union_space
10684,932,10,26,0,non_association,sampled_union_space
10685,939,45,18,0,non_association,sampled_union_space
10686,705,12,17,0,non_association,sampled_union_space
10687,6,26,18,0,non_association,sampled_union_space
10688,67,15,23,0,non_association,sampled_union_space
10689,1332,14,17,0,non_association,sampled_union_space
10690,639,46,6,0,non_association,sampled_union_space
10691,844,59,26,0,non_association,sampled_union_space
10692,968,80,18,0,non_association,sampled_union_space
10693,608,19,17,0,non_association,sampled_union_space
10694,22,98,35,0,non_association,sampled_union_space
10695,1321,127,6,0,non_association,sampled_union_space
10696,988,36,23,0,non_association,sampled_union_space
10697,1492,15,12,0,non_association,sampled_union_space
10698,1236,27,17,0,non_association,sampled_union_space
10699,380,30,18,0,non_association,sampled_union_space
10700,62,62,18,0,non_association,sampled_union_space
10701,205,131,2,0,non_association,sampled_union_space
10702,659,73,17,0,non_association,sampled_union_space
10703,736,15,23,0,non_association,sampled_union_space
10704,859,71,6,0,non_association,sampled_union_space
10705,1058,111,18,0,non_association,sampled_union_space
10706,323,1,17,0,non_association,sampled_union_space
10707,1199,38,17,0,non_association,sampled_union_space
10708,1216,69,0,0,non_association,sampled_union_space
10709,648,1,19,0,non_association,sampled_union_space
10710,1327,128,26,0,non_association,sampled_union_space
10711,145,42,17,0,non_association,sampled_union_space
10712,694,120,2,0,non_association,sampled_union_space
10713,973,124,30,0,non_association,sampled_union_space
10714,1335,83,26,0,non_association,sampled_union_space
10715,75,37,26,0,non_association,sampled_union_space
10716,1224,49,19,0,non_association,sampled_union_space
10717,318,59,19,0,non_association,sampled_union_space
10718,1444,43,2,0,non_association,sampled_union_space
10719,760,73,6,0,non_association,sampled_union_space
10720,316,124,10,0,non_association,sampled_union_space
10721,163,0,17,0,non_association,sampled_union_space
10722,781,146,26,0,non_association,sampled_union_space
10723,15,138,26,0,non_association,sampled_union_space
10724,641,138,49,0,non_association,sampled_union_space
10725,978,51,39,0,non_association,sampled_union_space
10726,529,117,2,0,non_association,sampled_union_space
10727,418,93,24,0,non_association,sampled_union_space
10728,1431,131,2,0,non_association,sampled_union_space
10729,1458,15,6,0,non_association,sampled_union_space
10730,597,60,21,0,non_association,sampled_union_space
10731,605,83,6,0,non_association,sampled_union_space
10732,1180,98,23,0,non_association,sampled_union_space
10733,175,3,49,0,non_association,sampled_union_space
10734,96,123,17,0,non_association,sampled_union_space
10735,150,97,6,0,non_association,sampled_union_space
10736,999,27,12,0,non_association,sampled_union_space
10737,1315,147,2,0,non_association,sampled_union_space
10738,267,58,17,0,non_association,sampled_union_space
10739,426,124,12,0,non_association,sampled_union_space
10740,554,16,28,0,non_association,sampled_union_space
10741,998,116,28,0,non_association,sampled_union_space
10742,280,143,18,0,non_association,sampled_union_space
10743,1252,129,2,0,non_association,sampled_union_space
10744,1230,61,26,0,non_association,sampled_union_space
10745,216,129,26,0,non_association,sampled_union_space
10746,786,40,26,0,non_association,sampled_union_space
10747,1076,43,26,0,non_association,sampled_union_space
10748,228,109,37,0,non_association,sampled_union_space
10749,643,70,19,0,non_association,sampled_union_space
10750,1198,132,22,0,non_association,sampled_union_space
10751,524,74,24,0,non_association,sampled_union_space
10752,436,50,6,0,non_association,sampled_union_space
10753,1110,31,23,0,non_association,sampled_union_space
10754,1096,21,2,0,non_association,sampled_union_space
10755,461,16,2,0,non_association,sampled_union_space
10756,37,95,6,0,non_association,sampled_union_space
10757,1146,21,2,0,non_association,sampled_union_space
10758,373,25,15,0,non_association,sampled_union_space
10759,1411,140,17,0,non_association,sampled_union_space
10760,594,134,12,0,non_association,sampled_union_space
10761,191,81,12,0,non_association,sampled_union_space
10762,1294,80,10,0,non_association,sampled_union_space
10763,1148,55,2,0,non_association,sampled_union_space
10764,1262,133,23,0,non_association,sampled_union_space
10765,1086,129,23,0,non_association,sampled_union_space
10766,356,125,32,0,non_association,sampled_union_space
10767,744,145,12,0,non_association,sampled_union_space
10768,734,122,35,0,non_association,sampled_union_space
10769,1247,66,17,0,non_association,sampled_union_space
10770,66,65,2,0,non_association,sampled_union_space
10771,1117,12,6,0,non_association,sampled_union_space
10772,1332,71,12,0,non_association,sampled_union_space
10773,98,66,12,0,non_association,sampled_union_space
10774,174,52,17,0,non_association,sampled_union_space
10775,22,20,23,0,non_association,sampled_union_space
10776,863,60,38,0,non_association,sampled_union_space
10777,1366,140,6,0,non_association,sampled_union_space
10778,1180,119,6,0,non_association,sampled_union_space
10779,1479,48,18,0,non_association,sampled_union_space
10780,586,25,17,0,non_association,sampled_union_space
10781,710,39,18,0,non_association,sampled_union_space
10782,1141,83,22,0,non_association,sampled_union_space
10783,545,32,10,0,non_association,sampled_union_space
10784,945,131,12,0,non_association,sampled_union_space
10785,915,72,10,0,non_association,sampled_union_space
10786,1294,25,26,0,non_association,sampled_union_space
10787,982,115,2,0,non_association,sampled_union_space
10788,1392,60,37,0,non_association,sampled_union_space
10789,793,129,2,0,non_association,sampled_union_space
10790,466,95,2,0,non_association,sampled_union_space
10791,143,61,23,0,non_association,sampled_union_space
10792,1011,111,19,0,non_association,sampled_union_space
10793,1367,138,2,0,non_association,sampled_union_space
10794,299,5,22,0,non_association,sampled_union_space
10795,864,42,18,0,non_association,sampled_union_space
10796,603,90,6,0,non_association,sampled_union_space
10797,793,111,6,0,non_association,sampled_union_space
10798,1125,51,26,0,non_association,sampled_union_space
10799,363,5,12,0,non_association,sampled_union_space
10800,678,55,22,0,non_association,sampled_union_space
10801,859,95,6,0,non_association,sampled_union_space
10802,40,69,26,0,non_association,sampled_union_space
10803,527,129,17,0,non_association,sampled_union_space
10804,663,103,17,0,non_association,sampled_union_space
10805,287,61,23,0,non_association,sampled_union_space
10806,864,125,26,0,non_association,sampled_union_space
10807,353,12,2,0,non_association,sampled_union_space
10808,1067,122,18,0,non_association,sampled_union_space
10809,748,1,21,0,non_association,sampled_union_space
10810,1405,94,26,0,non_association,sampled_union_space
10811,734,83,6,0,non_association,sampled_union_space
10812,839,100,23,0,non_association,sampled_union_space
10813,359,50,6,0,non_association,sampled_union_space
10814,1167,73,18,0,non_association,sampled_union_space
10815,1070,10,18,0,non_association,sampled_union_space
10816,487,35,26,0,non_association,sampled_union_space
10817,69,58,18,0,non_association,sampled_union_space
10818,882,25,6,0,non_association,sampled_union_space
10819,469,125,6,0,non_association,sampled_union_space
10820,1416,107,12,0,non_association,sampled_union_space
10821,1089,55,19,0,non_association,sampled_union_space
10822,197,56,6,0,non_association,sampled_union_space
10823,1172,92,6,0,non_association,sampled_union_space
10824,719,54,22,0,non_association,sampled_union_space
10825,1251,53,16,0,non_association,sampled_union_space
10826,1445,0,6,0,non_association,sampled_union_space
10827,870,5,35,0,non_association,sampled_union_space
10828,1040,18,23,0,non_association,sampled_union_space
10829,1158,110,6,0,non_association,sampled_union_space
10830,708,82,2,0,non_association,sampled_union_space
10831,1486,79,17,0,non_association,sampled_union_space
10832,855,125,18,0,non_association,sampled_union_space
10833,1393,49,25,0,non_association,sampled_union_space
10834,820,19,17,0,non_association,sampled_union_space
10835,19,126,26,0,non_association,sampled_union_space
10836,974,88,6,0,non_association,sampled_union_space
10837,1273,99,6,0,non_association,sampled_union_space
10838,1147,59,2,0,non_association,sampled_union_space
10839,862,91,5,0,non_association,sampled_union_space
10840,823,114,2,0,non_association,sampled_union_space
10841,518,43,12,0,non_association,sampled_union_space
10842,1406,27,6,0,non_association,sampled_union_space
10843,82,23,18,0,non_association,sampled_union_space
10844,227,76,23,0,non_association,sampled_union_space
10845,997,3,26,0,non_association,sampled_union_space
10846,611,79,2,0,non_association,sampled_union_space
10847,537,10,22,0,non_association,sampled_union_space
10848,520,99,26,0,non_association,sampled_union_space
10849,395,117,2,0,non_association,sampled_union_space
10850,148,33,0,0,non_association,sampled_union_space
10851,1412,0,2,0,non_association,sampled_union_space
10852,404,122,2,0,non_association,sampled_union_space
10853,333,56,19,0,non_association,sampled_union_space
10854,1470,76,2,0,non_association,sampled_union_space
10855,656,50,17,0,non_association,sampled_union_space
10856,878,19,17,0,non_association,sampled_union_space
10857,666,96,22,0,non_association,sampled_union_space
10858,459,53,22,0,non_association,sampled_union_space
10859,847,83,31,0,non_association,sampled_union_space
10860,980,97,18,0,non_association,sampled_union_space
10861,1137,6,18,0,non_association,sampled_union_space
10862,1054,52,12,0,non_association,sampled_union_space
10863,481,41,23,0,non_association,sampled_union_space
10864,1411,14,23,0,non_association,sampled_union_space
10865,589,0,15,0,non_association,sampled_union_space
10866,306,72,17,0,non_association,sampled_union_space
10867,1256,142,12,0,non_association,sampled_union_space
10868,1387,82,17,0,non_association,sampled_union_space
10869,1316,78,26,0,non_association,sampled_union_space
10870,146,30,23,0,non_association,sampled_union_space
10871,1281,38,41,0,non_association,sampled_union_space
10872,530,78,12,0,non_association,sampled_union_space
10873,861,66,6,0,non_association,sampled_union_space
10874,671,137,2,0,non_association,sampled_union_space
10875,995,146,24,0,non_association,sampled_union_space
10876,804,18,26,0,non_association,sampled_union_space
10877,572,78,32,0,non_association,sampled_union_space
10878,967,127,6,0,non_association,sampled_union_space
10879,557,9,22,0,non_association,sampled_union_space
10880,148,29,28,0,non_association,sampled_union_space
10881,1284,96,18,0,non_association,sampled_union_space
10882,910,123,26,0,non_association,sampled_union_space
10883,1343,44,12,0,non_association,sampled_union_space
10884,1076,144,17,0,non_association,sampled_union_space
10885,359,119,26,0,non_association,sampled_union_space
10886,27,60,30,0,non_association,sampled_union_space
10887,236,84,17,0,non_association,sampled_union_space
10888,1328,13,17,0,non_association,sampled_union_space
10889,1480,118,22,0,non_association,sampled_union_space
10890,534,61,26,0,non_association,sampled_union_space
10891,156,134,19,0,non_association,sampled_union_space
10892,966,39,5,0,non_association,sampled_union_space
10893,1321,37,26,0,non_association,sampled_union_space
10894,374,66,23,0,non_association,sampled_union_space
10895,1322,76,38,0,non_association,sampled_union_space
10896,1473,44,2,0,non_association,sampled_union_space
10897,1284,128,6,0,non_association,sampled_union_space
10898,501,100,17,0,non_association,sampled_union_space
10899,562,91,22,0,non_association,sampled_union_space
10900,810,113,22,0,non_association,sampled_union_space
10901,377,97,14,0,non_association,sampled_union_space
10902,212,86,12,0,non_association,sampled_union_space
10903,17,122,25,0,non_association,sampled_union_space
10904,1485,132,2,0,non_association,sampled_union_space
10905,392,42,18,0,non_association,sampled_union_space
10906,1069,5,24,0,non_association,sampled_union_space
10907,110,135,2,0,non_association,sampled_union_space
10908,1028,13,23,0,non_association,sampled_union_space
10909,395,79,17,0,non_association,sampled_union_space
10910,810,126,10,0,non_association,sampled_union_space
10911,96,7,32,0,non_association,sampled_union_space
10912,1231,84,2,0,non_association,sampled_union_space
10913,897,9,22,0,non_association,sampled_union_space
10914,513,75,26,0,non_association,sampled_union_space
10915,122,45,2,0,non_association,sampled_union_space
10916,446,76,2,0,non_association,sampled_union_space
10917,891,79,22,0,non_association,sampled_union_space
10918,317,128,2,0,non_association,sampled_union_space
10919,1433,83,17,0,non_association,sampled_union_space
10920,154,99,15,0,non_association,sampled_union_space
10921,634,117,26,0,non_association,sampled_union_space
10922,483,25,35,0,non_association,sampled_union_space
10923,609,39,2,0,non_association,sampled_union_space
10924,723,123,23,0,non_association,sampled_union_space
10925,931,66,18,0,non_association,sampled_union_space
10926,1492,116,15,0,non_association,sampled_union_space
10927,732,16,26,0,non_association,sampled_union_space
10928,314,1,23,0,non_association,sampled_union_space
10929,986,133,17,0,non_association,sampled_union_space
10930,509,76,17,0,non_association,sampled_union_space
10931,1403,19,22,0,non_association,sampled_union_space
10932,269,103,17,0,non_association,sampled_union_space
10933,559,23,12,0,non_association,sampled_union_space
10934,532,66,7,0,non_association,sampled_union_space
10935,466,71,28,0,non_association,sampled_union_space
10936,349,145,18,0,non_association,sampled_union_space
10937,1401,27,2,0,non_association,sampled_union_space
10938,1093,5,17,0,non_association,sampled_union_space
10939,174,113,18,0,non_association,sampled_union_space
10940,1129,94,6,0,non_association,sampled_union_space
10941,1184,62,15,0,non_association,sampled_union_space
10942,134,106,22,0,non_association,sampled_union_space
10943,1300,29,6,0,non_association,sampled_union_space
10944,1058,92,18,0,non_association,sampled_union_space
10945,1002,52,23,0,non_association,sampled_union_space
10946,570,69,6,0,non_association,sampled_union_space
10947,749,123,6,0,non_association,sampled_union_space
10948,326,7,2,0,non_association,sampled_union_space
10949,775,21,22,0,non_association,sampled_union_space
10950,1359,98,6,0,non_association,sampled_union_space
10951,1134,148,12,0,non_association,sampled_union_space
10952,842,30,2,0,non_association,sampled_union_space
10953,627,67,12,0,non_association,sampled_union_space
10954,597,10,17,0,non_association,sampled_union_space
10955,16,111,23,0,non_association,sampled_union_space
10956,193,0,22,0,non_association,sampled_union_space
10957,94,127,49,0,non_association,sampled_union_space
10958,133,129,6,0,non_association,sampled_union_space
10959,111,10,12,0,non_association,sampled_union_space
10960,407,1,26,0,non_association,sampled_union_space
10961,1484,139,17,0,non_association,sampled_union_space
10962,1314,50,49,0,non_association,sampled_union_space
10963,1179,123,6,0,non_association,sampled_union_space
10964,701,100,17,0,non_association,sampled_union_space
10965,564,147,22,0,non_association,sampled_union_space
10966,38,91,6,0,non_association,sampled_union_space
10967,1104,115,6,0,non_association,sampled_union_space
10968,818,91,25,0,non_association,sampled_union_space
10969,335,42,2,0,non_association,sampled_union_space
10970,31,72,25,0,non_association,sampled_union_space
10971,1151,136,26,0,non_association,sampled_union_space
10972,999,143,17,0,non_association,sampled_union_space
10973,1132,80,17,0,non_association,sampled_union_space
10974,1403,71,22,0,non_association,sampled_union_space
10975,1002,32,25,0,non_association,sampled_union_space
10976,1176,86,26,0,non_association,sampled_union_space
10977,1193,134,49,0,non_association,sampled_union_space
10978,1084,132,37,0,non_association,sampled_union_space
10979,1080,110,26,0,non_association,sampled_union_space
10980,86,108,17,0,non_association,sampled_union_space
10981,1102,148,6,0,non_association,sampled_union_space
10982,746,48,26,0,non_association,sampled_union_space
10983,725,128,17,0,non_association,sampled_union_space
10984,270,41,49,0,non_association,sampled_union_space
10985,673,23,6,0,non_association,sampled_union_space
10986,1061,66,26,0,non_association,sampled_union_space
10987,153,125,22,0,non_association,sampled_union_space
10988,779,41,39,0,non_association,sampled_union_space
10989,347,54,6,0,non_association,sampled_union_space
10990,262,105,26,0,non_association,sampled_union_space
10991,723,5,17,0,non_association,sampled_union_space
10992,681,59,2,0,non_association,sampled_union_space
10993,916,37,21,0,non_association,sampled_union_space
10994,319,6,24,0,non_association,sampled_union_space
10995,272,97,30,0,non_association,sampled_union_space
10996,1454,85,2,0,non_association,sampled_union_space
10997,883,129,17,0,non_association,sampled_union_space
10998,1375,105,12,0,non_association,sampled_union_space
10999,253,49,26,0,non_association,sampled_union_space
11000,186,39,15,0,non_association,sampled_union_space
11001,1264,114,17,0,non_association,sampled_union_space
11002,2,90,23,0,non_association,sampled_union_space
11003,564,133,23,0,non_association,sampled_union_space
11004,31,19,38,0,non_association,sampled_union_space
11005,374,50,17,0,non_association,sampled_union_space
11006,1209,36,17,0,non_association,sampled_union_space
11007,556,20,49,0,non_association,sampled_union_space
11008,108,95,22,0,non_association,sampled_union_space
11009,623,62,17,0,non_association,sampled_union_space
11010,264,8,18,0,non_association,sampled_union_space
11011,284,24,2,0,non_association,sampled_union_space
11012,1338,78,37,0,non_association,sampled_union_space
11013,79,114,23,0,non_association,sampled_union_space
11014,771,102,6,0,non_association,sampled_union_space
11015,71,74,18,0,non_association,sampled_union_space
11016,790,16,17,0,non_association,sampled_union_space
11017,68,118,18,0,non_association,sampled_union_space
11018,782,132,22,0,non_association,sampled_union_space
11019,555,135,21,0,non_association,sampled_union_space
11020,1256,28,22,0,non_association,sampled_union_space
11021,538,137,18,0,non_association,sampled_union_space
11022,1018,73,18,0,non_association,sampled_union_space
11023,1036,97,12,0,non_association,sampled_union_space
11024,1409,71,26,0,non_association,sampled_union_space
11025,1218,33,19,0,non_association,sampled_union_space
11026,386,73,44,0,non_association,sampled_union_space
11027,1154,49,26,0,non_association,sampled_union_space
11028,1103,71,49,0,non_association,sampled_union_space
11029,1484,134,24,0,non_association,sampled_union_space
11030,47,2,2,0,non_association,sampled_union_space
11031,854,82,6,0,non_association,sampled_union_space
11032,1303,94,17,0,non_association,sampled_union_space
11033,559,134,49,0,non_association,sampled_union_space
11034,1188,10,31,0,non_association,sampled_union_space
11035,959,47,6,0,non_association,sampled_union_space
11036,1327,95,26,0,non_association,sampled_union_space
11037,1393,3,17,0,non_association,sampled_union_space
11038,764,146,24,0,non_association,sampled_union_space
11039,842,110,12,0,non_association,sampled_union_space
11040,1075,84,2,0,non_association,sampled_union_space
11041,1038,90,2,0,non_association,sampled_union_space
11042,408,87,26,0,non_association,sampled_union_space
11043,899,96,6,0,non_association,sampled_union_space
11044,690,114,2,0,non_association,sampled_union_space
11045,1299,118,17,0,non_association,sampled_union_space
11046,149,114,17,0,non_association,sampled_union_space
11047,836,50,26,0,non_association,sampled_union_space
11048,933,100,0,0,non_association,sampled_union_space
11049,483,82,17,0,non_association,sampled_union_space
11050,266,123,14,0,non_association,sampled_union_space
11051,1330,85,2,0,non_association,sampled_union_space
11052,235,80,6,0,non_association,sampled_union_space
11053,857,92,17,0,non_association,sampled_union_space
11054,1344,83,23,0,non_association,sampled_union_space
11055,263,61,38,0,non_association,sampled_union_space
11056,69,40,2,0,non_association,sampled_union_space
11057,51,108,6,0,non_association,sampled_union_space
11058,782,141,2,0,non_association,sampled_union_space
11059,1406,147,24,0,non_association,sampled_union_space
11060,1179,136,2,0,non_association,sampled_union_space
11061,1398,64,24,0,non_association,sampled_union_space
11062,649,85,13,0,non_association,sampled_union_space
11063,883,91,2,0,non_association,sampled_union_space
11064,1414,8,22,0,non_association,sampled_union_space
11065,192,83,10,0,non_association,sampled_union_space
11066,168,28,15,0,non_association,sampled_union_space
11067,105,107,22,0,non_association,sampled_union_space
11068,928,138,17,0,non_association,sampled_union_space
11069,447,81,22,0,non_association,sampled_union_space
11070,774,75,12,0,non_association,sampled_union_space
11071,122,107,2,0,non_association,sampled_union_space
11072,1255,143,17,0,non_association,sampled_union_space
11073,1207,14,6,0,non_association,sampled_union_space
11074,382,27,26,0,non_association,sampled_union_space
11075,22,145,26,0,non_association,sampled_union_space
11076,304,69,23,0,non_association,sampled_union_space
11077,1264,46,39,0,non_association,sampled_union_space
11078,849,122,15,0,non_association,sampled_union_space
11079,597,47,17,0,non_association,sampled_union_space
11080,1110,30,17,0,non_association,sampled_union_space
11081,1134,100,21,0,non_association,sampled_union_space
11082,799,104,22,0,non_association,sampled_union_space
11083,961,91,23,0,non_association,sampled_union_space
11084,1189,103,30,0,non_association,sampled_union_space
11085,623,26,17,0,non_association,sampled_union_space
11086,893,10,24,0,non_association,sampled_union_space
11087,15,135,2,0,non_association,sampled_union_space
11088,505,33,2,0,non_association,sampled_union_space
11089,164,117,17,0,non_association,sampled_union_space
11090,730,16,5,0,non_association,sampled_union_space
11091,411,115,2,0,non_association,sampled_union_space
11092,1182,119,17,0,non_association,sampled_union_space
11093,820,10,22,0,non_association,sampled_union_space
11094,646,74,12,0,non_association,sampled_union_space
11095,1426,77,2,0,non_association,sampled_union_space
11096,976,53,26,0,non_association,sampled_union_space
11097,587,104,18,0,non_association,sampled_union_space
11098,567,80,2,0,non_association,sampled_union_space
11099,1317,11,22,0,non_association,sampled_union_space
11100,1067,95,18,0,non_association,sampled_union_space
11101,379,131,2,0,non_association,sampled_union_space
11102,1324,82,2,0,non_association,sampled_union_space
11103,69,59,2,0,non_association,sampled_union_space
11104,394,86,17,0,non_association,sampled_union_space
11105,660,134,15,0,non_association,sampled_union_space
11106,532,8,25,0,non_association,sampled_union_space
11107,944,87,6,0,non_association,sampled_union_space
11108,569,68,12,0,non_association,sampled_union_space
11109,303,30,17,0,non_association,sampled_union_space
11110,1328,126,2,0,non_association,sampled_union_space
11111,353,34,12,0,non_association,sampled_union_space
11112,1327,54,17,0,non_association,sampled_union_space
11113,101,92,17,0,non_association,sampled_union_space
11114,1082,102,6,0,non_association,sampled_union_space
11115,1026,11,38,0,non_association,sampled_union_space
11116,460,26,12,0,non_association,sampled_union_space
11117,1137,97,2,0,non_association,sampled_union_space
11118,114,141,19,0,non_association,sampled_union_space
11119,876,20,12,0,non_association,sampled_union_space
11120,1400,26,15,0,non_association,sampled_union_space
11121,476,61,17,0,non_association,sampled_union_space
11122,363,50,22,0,non_association,sampled_union_space
11123,24,109,22,0,non_association,sampled_union_space
11124,449,2,22,0,non_association,sampled_union_space
11125,772,45,26,0,non_association,sampled_union_space
11126,746,7,26,0,non_association,sampled_union_space
11127,1467,127,49,0,non_association,sampled_union_space
11128,1451,87,28,0,non_association,sampled_union_space
11129,237,139,2,0,non_association,sampled_union_space
11130,1122,139,2,0,non_association,sampled_union_space
11131,969,83,24,0,non_association,sampled_union_space
11132,313,140,49,0,non_association,sampled_union_space
11133,223,47,34,0,non_association,sampled_union_space
11134,268,124,23,0,non_association,sampled_union_space
11135,533,31,23,0,non_association,sampled_union_space
11136,605,105,17,0,non_association,sampled_union_space
11137,297,86,17,0,non_association,sampled_union_space
11138,1349,29,17,0,non_association,sampled_union_space
11139,1438,93,29,0,non_association,sampled_union_space
11140,380,29,18,0,non_association,sampled_union_space
11141,347,139,6,0,non_association,sampled_union_space
11142,83,25,22,0,non_association,sampled_union_space
11143,157,127,24,0,non_association,sampled_union_space
11144,1278,78,28,0,non_association,sampled_union_space
11145,475,111,2,0,non_association,sampled_union_space
11146,870,14,1,0,non_association,sampled_union_space
11147,1091,58,2,0,non_association,sampled_union_space
11148,705,115,17,0,non_association,sampled_union_space
11149,378,102,24,0,non_association,sampled_union_space
11150,764,108,26,0,non_association,sampled_union_space
11151,32,63,17,0,non_association,sampled_union_space
11152,1190,25,26,0,non_association,sampled_union_space
11153,499,18,23,0,non_association,sampled_union_space
11154,426,125,6,0,non_association,sampled_union_space
11155,753,102,18,0,non_association,sampled_union_space
11156,1317,27,18,0,non_association,sampled_union_space
11157,1001,52,15,0,non_association,sampled_union_space
11158,218,36,12,0,non_association,sampled_union_space
11159,411,148,10,0,non_association,sampled_union_space
11160,481,29,24,0,non_association,sampled_union_space
11161,1238,60,22,0,non_association,sampled_union_space
11162,1362,95,26,0,non_association,sampled_union_space
11163,1136,13,42,0,non_association,sampled_union_space
11164,1337,131,17,0,non_association,sampled_union_space
11165,557,98,48,0,non_association,sampled_union_space
11166,511,11,2,0,non_association,sampled_union_space
11167,323,32,2,0,non_association,sampled_union_space
11168,1344,32,2,0,non_association,sampled_union_space
11169,308,47,6,0,non_association,sampled_union_space
11170,596,9,36,0,non_association,sampled_union_space
11171,291,50,17,0,non_association,sampled_union_space
11172,308,149,26,0,non_association,sampled_union_space
11173,1123,19,37,0,non_association,sampled_union_space
11174,801,127,17,0,non_association,sampled_union_space
11175,1219,111,23,0,non_association,sampled_union_space
11176,1107,37,23,0,non_association,sampled_union_space
11177,1076,6,30,0,non_association,sampled_union_space
11178,1089,56,22,0,non_association,sampled_union_space
11179,482,142,6,0,non_association,sampled_union_space
11180,885,69,22,0,non_association,sampled_union_space
11181,176,120,17,0,non_association,sampled_union_space
11182,1256,25,25,0,non_association,sampled_union_space
11183,497,141,23,0,non_association,sampled_union_space
11184,302,6,6,0,non_association,sampled_union_space
11185,136,13,6,0,non_association,sampled_union_space
11186,645,140,17,0,non_association,sampled_union_space
11187,52,68,26,0,non_association,sampled_union_space
11188,111,67,17,0,non_association,sampled_union_space
11189,1008,138,35,0,non_association,sampled_union_space
11190,772,149,2,0,non_association,sampled_union_space
11191,965,126,6,0,non_association,sampled_union_space
11192,103,68,17,0,non_association,sampled_union_space
11193,9,93,6,0,non_association,sampled_union_space
11194,1042,140,12,0,non_association,sampled_union_space
11195,271,29,23,0,non_association,sampled_union_space
11196,755,121,2,0,non_association,sampled_union_space
11197,411,63,2,0,non_association,sampled_union_space
11198,77,26,2,0,non_association,sampled_union_space
11199,473,27,12,0,non_association,sampled_union_space
11200,65,106,21,0,non_association,sampled_union_space
11201,159,1,26,0,non_association,sampled_union_space
11202,626,135,2,0,non_association,sampled_union_space
11203,284,114,2,0,non_association,sampled_union_space
11204,2,49,17,0,non_association,sampled_union_space
11205,1426,108,21,0,non_association,sampled_union_space
11206,276,36,35,0,non_association,sampled_union_space
11207,1415,21,18,0,non_association,sampled_union_space
11208,1214,111,48,0,non_association,sampled_union_space
11209,363,88,5,0,non_association,sampled_union_space
11210,1284,4,23,0,non_association,sampled_union_space
11211,338,35,2,0,non_association,sampled_union_space
11212,978,31,15,0,non_association,sampled_union_space
11213,944,29,23,0,non_association,sampled_union_space
11214,984,9,2,0,non_association,sampled_union_space
11215,495,71,5,0,non_association,sampled_union_space
11216,744,61,22,0,non_association,sampled_union_space
11217,1370,93,2,0,non_association,sampled_union_space
11218,403,126,4,0,non_association,sampled_union_space
11219,1389,5,32,0,non_association,sampled_union_space
11220,1208,9,12,0,non_association,sampled_union_space
11221,1019,72,28,0,non_association,sampled_union_space
11222,474,38,18,0,non_association,sampled_union_space
11223,765,25,2,0,non_association,sampled_union_space
11224,535,38,26,0,non_association,sampled_union_space
11225,804,35,2,0,non_association,sampled_union_space
11226,182,92,2,0,non_association,sampled_union_space
11227,509,31,22,0,non_association,sampled_union_space
11228,1071,40,2,0,non_association,sampled_union_space
11229,668,13,5,0,non_association,sampled_union_space
11230,614,35,15,0,non_association,sampled_union_space
11231,1099,136,21,0,non_association,sampled_union_space
11232,158,117,26,0,non_association,sampled_union_space
11233,1289,65,39,0,non_association,sampled_union_space
11234,1325,99,2,0,non_association,sampled_union_space
11235,925,7,3,0,non_association,sampled_union_space
11236,1227,129,2,0,non_association,sampled_union_space
11237,731,9,17,0,non_association,sampled_union_space
11238,643,122,2,0,non_association,sampled_union_space
11239,489,21,5,0,non_association,sampled_union_space
11240,324,112,6,0,non_association,sampled_union_space
11241,455,5,17,0,non_association,sampled_union_space
11242,1281,27,23,0,non_association,sampled_union_space
11243,299,137,6,0,non_association,sampled_union_space
11244,251,30,2,0,non_association,sampled_union_space
11245,264,131,6,0,non_association,sampled_union_space
11246,708,79,6,0,non_association,sampled_union_space
11247,8,103,2,0,non_association,sampled_union_space
11248,195,82,11,0,non_association,sampled_union_space
11249,321,45,22,0,non_association,sampled_union_space
11250,293,123,24,0,non_association,sampled_union_space
11251,460,55,25,0,non_association,sampled_union_space
11252,1053,39,2,0,non_association,sampled_union_space
11253,868,136,12,0,non_association,sampled_union_space
11254,1359,129,6,0,non_association,sampled_union_space
11255,595,78,2,0,non_association,sampled_union_space
11256,1090,51,2,0,non_association,sampled_union_space
11257,464,18,5,0,non_association,sampled_union_space
11258,980,104,6,0,non_association,sampled_union_space
11259,1144,54,2,0,non_association,sampled_union_space
11260,1366,54,22,0,non_association,sampled_union_space
11261,353,7,21,0,non_association,sampled_union_space
11262,464,79,17,0,non_association,sampled_union_space
11263,1386,59,23,0,non_association,sampled_union_space
11264,1304,21,23,0,non_association,sampled_union_space
11265,1098,121,19,0,non_association,sampled_union_space
11266,686,87,2,0,non_association,sampled_union_space
11267,119,98,2,0,non_association,sampled_union_space
11268,626,56,21,0,non_association,sampled_union_space
11269,602,111,22,0,non_association,sampled_union_space
11270,255,33,19,0,non_association,sampled_union_space
11271,1159,80,5,0,non_association,sampled_union_space
11272,838,126,15,0,non_association,sampled_union_space
11273,664,20,23,0,non_association,sampled_union_space
11274,746,96,6,0,non_association,sampled_union_space
11275,1111,102,2,0,non_association,sampled_union_space
11276,1107,71,2,0,non_association,sampled_union_space
11277,109,138,17,0,non_association,sampled_union_space
11278,1454,44,0,0,non_association,sampled_union_space
11279,658,146,2,0,non_association,sampled_union_space
11280,1284,109,17,0,non_association,sampled_union_space
11281,493,41,17,0,non_association,sampled_union_space
11282,94,59,2,0,non_association,sampled_union_space
11283,37,122,11,0,non_association,sampled_union_space
11284,1197,118,6,0,non_association,sampled_union_space
11285,683,39,2,0,non_association,sampled_union_space
11286,1195,122,17,0,non_association,sampled_union_space
11287,757,93,12,0,non_association,sampled_union_space
11288,1350,110,23,0,non_association,sampled_union_space
11289,334,0,17,0,non_association,sampled_union_space
11290,829,127,17,0,non_association,sampled_union_space
11291,1137,127,6,0,non_association,sampled_union_space
11292,271,143,56,0,non_association,sampled_union_space
11293,173,52,22,0,non_association,sampled_union_space
11294,88,95,17,0,non_association,sampled_union_space
11295,319,61,2,0,non_association,sampled_union_space
11296,1352,65,15,0,non_association,sampled_union_space
11297,85,23,17,0,non_association,sampled_union_space
11298,350,43,38,0,non_association,sampled_union_space
11299,184,37,2,0,non_association,sampled_union_space
11300,1116,7,6,0,non_association,sampled_union_space
11301,950,36,2,0,non_association,sampled_union_space
11302,1049,77,22,0,non_association,sampled_union_space
11303,240,5,12,0,non_association,sampled_union_space
11304,635,120,10,0,non_association,sampled_union_space
11305,292,103,5,0,non_association,sampled_union_space
11306,969,0,2,0,non_association,sampled_union_space
11307,194,75,6,0,non_association,sampled_union_space
11308,1040,75,21,0,non_association,sampled_union_space
11309,1111,56,30,0,non_association,sampled_union_space
11310,1056,104,39,0,non_association,sampled_union_space
11311,956,133,0,0,non_association,sampled_union_space
11312,494,6,19,0,non_association,sampled_union_space
11313,110,103,2,0,non_association,sampled_union_space
11314,136,5,22,0,non_association,sampled_union_space
11315,565,144,26,0,non_association,sampled_union_space
11316,946,118,49,0,non_association,sampled_union_space
11317,348,1,24,0,non_association,sampled_union_space
11318,569,87,17,0,non_association,sampled_union_space
11319,270,132,6,0,non_association,sampled_union_space
11320,945,61,6,0,non_association,sampled_union_space
11321,1180,71,26,0,non_association,sampled_union_space
11322,1485,127,15,0,non_association,sampled_union_space
11323,404,103,23,0,non_association,sampled_union_space
11324,895,72,26,0,non_association,sampled_union_space
11325,1264,59,38,0,non_association,sampled_union_space
11326,186,92,22,0,non_association,sampled_union_space
11327,299,11,2,0,non_association,sampled_union_space
11328,340,120,2,0,non_association,sampled_union_space
11329,126,120,6,0,non_association,sampled_union_space
11330,1010,31,17,0,non_association,sampled_union_space
11331,176,76,22,0,non_association,sampled_union_space
11332,846,2,12,0,non_association,sampled_union_space
11333,1204,20,2,0,non_association,sampled_union_space
11334,1228,81,18,0,non_association,sampled_union_space
11335,1204,4,18,0,non_association,sampled_union_space
11336,659,89,21,0,non_association,sampled_union_space
11337,237,119,6,0,non_association,sampled_union_space
11338,562,113,2,0,non_association,sampled_union_space
11339,783,65,6,0,non_association,sampled_union_space
11340,387,104,54,0,non_association,sampled_union_space
11341,154,77,26,0,non_association,sampled_union_space
11342,701,54,2,0,non_association,sampled_union_space
11343,428,145,2,0,non_association,sampled_union_space
11344,823,128,17,0,non_association,sampled_union_space
11345,930,23,2,0,non_association,sampled_union_space
11346,1026,149,2,0,non_association,sampled_union_space
11347,855,46,39,0,non_association,sampled_union_space
11348,283,9,2,0,non_association,sampled_union_space
11349,832,97,12,0,non_association,sampled_union_space
11350,1130,65,21,0,non_association,sampled_union_space
11351,505,3,12,0,non_association,sampled_union_space
11352,813,74,0,0,non_association,sampled_union_space
11353,751,18,49,0,non_association,sampled_union_space
11354,1385,137,26,0,non_association,sampled_union_space
11355,643,20,49,0,non_association,sampled_union_space
11356,1114,62,6,0,non_association,sampled_union_space
11357,755,149,24,0,non_association,sampled_union_space
11358,1420,46,17,0,non_association,sampled_union_space
11359,556,89,25,0,non_association,sampled_union_space
11360,1173,71,28,0,non_association,sampled_union_space
11361,495,51,17,0,non_association,sampled_union_space
11362,529,16,24,0,non_association,sampled_union_space
11363,672,118,25,0,non_association,sampled_union_space
11364,1154,4,49,0,non_association,sampled_union_space
11365,652,74,49,0,non_association,sampled_union_space
11366,635,52,2,0,non_association,sampled_union_space
11367,648,55,2,0,non_association,sampled_union_space
11368,521,16,2,0,non_association,sampled_union_space
11369,146,31,2,0,non_association,sampled_union_space
11370,1086,70,8,0,non_association,sampled_union_space
11371,904,64,13,0,non_association,sampled_union_space
11372,1241,24,26,0,non_association,sampled_union_space
11373,39,70,30,0,non_association,sampled_union_space
11374,570,94,8,0,non_association,sampled_union_space
11375,14,43,15,0,non_association,sampled_union_space
11376,448,24,17,0,non_association,sampled_union_space
11377,888,22,17,0,non_association,sampled_union_space
11378,1137,65,18,0,non_association,sampled_union_space
11379,1195,42,6,0,non_association,sampled_union_space
11380,1327,136,47,0,non_association,sampled_union_space
11381,1417,138,22,0,non_association,sampled_union_space
11382,226,122,47,0,non_association,sampled_union_space
11383,691,131,47,0,non_association,sampled_union_space
11384,366,70,49,0,non_association,sampled_union_space
11385,1085,81,45,0,non_association,sampled_union_space
11386,1269,83,2,0,non_association,sampled_union_space
11387,1384,23,24,0,non_association,sampled_union_space
11388,902,4,5,0,non_association,sampled_union_space
11389,929,30,6,0,non_association,sampled_union_space
11390,397,59,6,0,non_association,sampled_union_space
11391,318,127,8,0,non_association,sampled_union_space
11392,986,124,6,0,non_association,sampled_union_space
11393,53,42,2,0,non_association,sampled_union_space
11394,512,56,2,0,non_association,sampled_union_space
11395,556,6,15,0,non_association,sampled_union_space
11396,494,48,17,0,non_association,sampled_union_space
11397,118,126,17,0,non_association,sampled_union_space
11398,95,124,49,0,non_association,sampled_union_space
11399,1372,37,21,0,non_association,sampled_union_space
11400,711,29,6,0,non_association,sampled_union_space
11401,978,104,6,0,non_association,sampled_union_space
11402,1427,99,2,0,non_association,sampled_union_space
11403,54,32,2,0,non_association,sampled_union_space
11404,661,18,22,0,non_association,sampled_union_space
11405,647,70,2,0,non_association,sampled_union_space
11406,201,98,12,0,non_association,sampled_union_space
11407,1354,79,12,0,non_association,sampled_union_space
11408,1216,71,25,0,non_association,sampled_union_space
11409,1227,138,2,0,non_association,sampled_union_space
11410,954,104,28,0,non_association,sampled_union_space
11411,927,105,22,0,non_association,sampled_union_space
11412,535,43,6,0,non_association,sampled_union_space
11413,1040,84,30,0,non_association,sampled_union_space
11414,1452,98,5,0,non_association,sampled_union_space
11415,1345,17,15,0,non_association,sampled_union_space
11416,1410,45,18,0,non_association,sampled_union_space
11417,271,107,18,0,non_association,sampled_union_space
11418,1298,23,2,0,non_association,sampled_union_space
11419,244,147,35,0,non_association,sampled_union_space
11420,997,76,12,0,non_association,sampled_union_space
11421,890,136,17,0,non_association,sampled_union_space
11422,740,90,2,0,non_association,sampled_union_space
11423,918,18,23,0,non_association,sampled_union_space
11424,25,120,23,0,non_association,sampled_union_space
11425,251,98,6,0,non_association,sampled_union_space
11426,823,131,6,0,non_association,sampled_union_space
11427,550,60,10,0,non_association,sampled_union_space
11428,923,9,17,0,non_association,sampled_union_space
11429,937,98,2,0,non_association,sampled_union_space
11430,984,7,19,0,non_association,sampled_union_space
11431,693,27,15,0,non_association,sampled_union_space
11432,1378,127,6,0,non_association,sampled_union_space
11433,1025,28,2,0,non_association,sampled_union_space
11434,978,35,2,0,non_association,sampled_union_space
11435,1142,84,17,0,non_association,sampled_union_space
11436,1090,79,23,0,non_association,sampled_union_space
11437,60,81,2,0,non_association,sampled_union_space
11438,773,42,17,0,non_association,sampled_union_space
11439,413,46,23,0,non_association,sampled_union_space
11440,515,117,12,0,non_association,sampled_union_space
11441,94,39,17,0,non_association,sampled_union_space
11442,970,34,18,0,non_association,sampled_union_space
11443,494,62,15,0,non_association,sampled_union_space
11444,652,15,6,0,non_association,sampled_union_space
11445,12,28,23,0,non_association,sampled_union_space
11446,468,50,2,0,non_association,sampled_union_space
11447,1377,92,12,0,non_association,sampled_union_space
11448,847,69,12,0,non_association,sampled_union_space
11449,818,22,17,0,non_association,sampled_union_space
11450,618,6,57,0,non_association,sampled_union_space
11451,827,72,12,0,non_association,sampled_union_space
11452,855,76,2,0,non_association,sampled_union_space
11453,941,54,20,0,non_association,sampled_union_space
11454,871,65,12,0,non_association,sampled_union_space
11455,1152,85,17,0,non_association,sampled_union_space
11456,934,2,17,0,non_association,sampled_union_space
11457,1227,23,22,0,non_association,sampled_union_space
11458,174,133,22,0,non_association,sampled_union_space
11459,152,75,26,0,non_association,sampled_union_space
11460,7,4,31,0,non_association,sampled_union_space
11461,656,121,42,0,non_association,sampled_union_space
11462,1076,56,18,0,non_association,sampled_union_space
11463,545,100,0,0,non_association,sampled_union_space
11464,724,112,22,0,non_association,sampled_union_space
11465,1242,47,24,0,non_association,sampled_union_space
11466,892,110,26,0,non_association,sampled_union_space
11467,9,37,17,0,non_association,sampled_union_space
11468,843,125,6,0,non_association,sampled_union_space
11469,260,25,23,0,non_association,sampled_union_space
11470,841,141,26,0,non_association,sampled_union_space
11471,1192,9,2,0,non_association,sampled_union_space
11472,1346,31,15,0,non_association,sampled_union_space
11473,932,123,21,0,non_association,sampled_union_space
11474,157,131,17,0,non_association,sampled_union_space
11475,847,105,23,0,non_association,sampled_union_space
11476,1106,124,6,0,non_association,sampled_union_space
11477,1364,145,12,0,non_association,sampled_union_space
11478,1349,9,12,0,non_association,sampled_union_space
11479,1058,107,2,0,non_association,sampled_union_space
11480,118,93,17,0,non_association,sampled_union_space
11481,448,47,2,0,non_association,sampled_union_space
11482,107,81,2,0,non_association,sampled_union_space
11483,147,38,22,0,non_association,sampled_union_space
11484,1312,82,22,0,non_association,sampled_union_space
11485,405,9,31,0,non_association,sampled_union_space
11486,905,143,31,0,non_association,sampled_union_space
11487,387,133,12,0,non_association,sampled_union_space
11488,194,17,2,0,non_association,sampled_union_space
11489,1039,32,22,0,non_association,sampled_union_space
11490,222,119,24,0,non_association,sampled_union_space
11491,155,117,21,0,non_association,sampled_union_space
11492,951,76,14,0,non_association,sampled_union_space
11493,850,128,12,0,non_association,sampled_union_space
11494,77,142,18,0,non_association,sampled_union_space
11495,265,71,17,0,non_association,sampled_union_space
11496,680,71,35,0,non_association,sampled_union_space
11497,801,65,17,0,non_association,sampled_union_space
11498,1338,10,2,0,non_association,sampled_union_space
11499,777,100,12,0,non_association,sampled_union_space
11500,1180,143,21,0,non_association,sampled_union_space
11501,182,113,22,0,non_association,sampled_union_space
11502,12,114,12,0,non_association,sampled_union_space
11503,363,81,12,0,non_association,sampled_union_space
11504,1227,17,15,0,non_association,sampled_union_space
11505,524,39,21,0,non_association,sampled_union_space
11506,594,105,22,0,non_association,sampled_union_space
11507,610,144,22,0,non_association,sampled_union_space
11508,1253,135,26,0,non_association,sampled_union_space
11509,218,126,42,0,non_association,sampled_union_space
11510,1429,144,51,0,non_association,sampled_union_space
11511,53,98,18,0,non_association,sampled_union_space
11512,374,118,48,0,non_association,sampled_union_space
11513,29,137,24,0,non_association,sampled_union_space
11514,527,35,13,0,non_association,sampled_union_space
11515,90,40,2,0,non_association,sampled_union_space
11516,1204,142,17,0,non_association,sampled_union_space
11517,273,7,23,0,non_association,sampled_union_space
11518,707,128,38,0,non_association,sampled_union_space
11519,1473,60,21,0,non_association,sampled_union_space
11520,568,18,12,0,non_association,sampled_union_space
11521,1180,125,2,0,non_association,sampled_union_space
11522,103,146,22,0,non_association,sampled_union_space
11523,618,113,22,0,non_association,sampled_union_space
11524,1119,128,12,0,non_association,sampled_union_space
11525,708,43,12,0,non_association,sampled_union_space
11526,965,59,2,0,non_association,sampled_union_space
11527,498,121,28,0,non_association,sampled_union_space
11528,1355,54,13,0,non_association,sampled_union_space
11529,948,61,12,0,non_association,sampled_union_space
11530,403,67,2,0,non_association,sampled_union_space
11531,494,100,17,0,non_association,sampled_union_space
11532,525,130,18,0,non_association,sampled_union_space
11533,1214,144,21,0,non_association,sampled_union_space
11534,907,61,15,0,non_association,sampled_union_space
11535,79,61,6,0,non_association,sampled_union_space
11536,872,57,6,0,non_association,sampled_union_space
11537,968,126,22,0,non_association,sampled_union_space
11538,231,148,23,0,non_association,sampled_union_space
11539,1190,10,17,0,non_association,sampled_union_space
11540,635,89,23,0,non_association,sampled_union_space
11541,1378,12,29,0,non_association,sampled_union_space
11542,1282,109,17,0,non_association,sampled_union_space
11543,1235,82,17,0,non_association,sampled_union_space
11544,1409,83,26,0,non_association,sampled_union_space
11545,83,10,2,0,non_association,sampled_union_space
11546,228,103,2,0,non_association,sampled_union_space
11547,623,92,12,0,non_association,sampled_union_space
11548,27,119,26,0,non_association,sampled_union_space
11549,479,134,6,0,non_association,sampled_union_space
11550,1220,76,25,0,non_association,sampled_union_space
11551,1113,139,26,0,non_association,sampled_union_space
11552,660,80,35,0,non_association,sampled_union_space
11553,962,77,42,0,non_association,sampled_union_space
11554,1198,89,47,0,non_association,sampled_union_space
11555,871,120,51,0,non_association,sampled_union_space
11556,1386,6,26,0,non_association,sampled_union_space
11557,1285,144,18,0,non_association,sampled_union_space
11558,619,92,24,0,non_association,sampled_union_space
11559,908,127,47,0,non_association,sampled_union_space
11560,407,22,51,0,non_association,sampled_union_space
11561,826,55,2,0,non_association,sampled_union_space
11562,1490,111,15,0,non_association,sampled_union_space
11563,497,53,17,0,non_association,sampled_union_space
11564,101,48,6,0,non_association,sampled_union_space
11565,49,8,29,0,non_association,sampled_union_space
11566,437,118,17,0,non_association,sampled_union_space
11567,1456,140,22,0,non_association,sampled_union_space
11568,148,52,6,0,non_association,sampled_union_space
11569,316,15,24,0,non_association,sampled_union_space
11570,422,72,26,0,non_association,sampled_union_space
11571,970,125,24,0,non_association,sampled_union_space
11572,380,63,18,0,non_association,sampled_union_space
11573,42,13,26,0,non_association,sampled_union_space
11574,1114,23,2,0,non_association,sampled_union_space
11575,146,148,18,0,non_association,sampled_union_space
11576,912,73,18,0,non_association,sampled_union_space
11577,701,58,35,0,non_association,sampled_union_space
11578,986,104,6,0,non_association,sampled_union_space
11579,635,60,22,0,non_association,sampled_union_space
11580,733,34,23,0,non_association,sampled_union_space
11581,697,147,6,0,non_association,sampled_union_space
11582,315,7,6,0,non_association,sampled_union_space
11583,959,131,6,0,non_association,sampled_union_space
11584,1473,102,6,0,non_association,sampled_union_space
11585,222,122,2,0,non_association,sampled_union_space
11586,759,79,2,0,non_association,sampled_union_space
11587,444,141,35,0,non_association,sampled_union_space
11588,1261,139,22,0,non_association,sampled_union_space
11589,888,61,22,0,non_association,sampled_union_space
11590,91,77,12,0,non_association,sampled_union_space
11591,863,69,12,0,non_association,sampled_union_space
11592,501,33,23,0,non_association,sampled_union_space
11593,329,62,2,0,non_association,sampled_union_space
11594,48,120,17,0,non_association,sampled_union_space
11595,1133,37,12,0,non_association,sampled_union_space
11596,608,2,48,0,non_association,sampled_union_space
11597,637,86,18,0,non_association,sampled_union_space
11598,1236,92,15,0,non_association,sampled_union_space
11599,67,59,6,0,non_association,sampled_union_space
11600,612,98,6,0,non_association,sampled_union_space
11601,941,101,26,0,non_association,sampled_union_space
11602,917,2,26,0,non_association,sampled_union_space
11603,43,78,26,0,non_association,sampled_union_space
11604,1019,123,2,0,non_association,sampled_union_space
11605,457,134,19,0,non_association,sampled_union_space
11606,1406,18,5,0,non_association,sampled_union_space
11607,180,44,18,0,non_association,sampled_union_space
11608,1053,28,22,0,non_association,sampled_union_space
11609,939,89,23,0,non_association,sampled_union_space
11610,1274,90,18,0,non_association,sampled_union_space
11611,502,103,2,0,non_association,sampled_union_space
11612,714,63,18,0,non_association,sampled_union_space
11613,22,24,17,0,non_association,sampled_union_space
11614,836,48,18,0,non_association,sampled_union_space
11615,1109,62,18,0,non_association,sampled_union_space
11616,242,149,2,0,non_association,sampled_union_space
11617,461,84,2,0,non_association,sampled_union_space
11618,711,78,2,0,non_association,sampled_union_space
11619,805,84,22,0,non_association,sampled_union_space
11620,225,14,23,0,non_association,sampled_union_space
11621,1211,81,35,0,non_association,sampled_union_space
11622,741,114,17,0,non_association,sampled_union_space
11623,931,34,19,0,non_association,sampled_union_space
11624,337,0,2,0,non_association,sampled_union_space
11625,1322,46,2,0,non_association,sampled_union_space
11626,570,121,24,0,non_association,sampled_union_space
11627,59,133,16,0,non_association,sampled_union_space
11628,1209,83,23,0,non_association,sampled_union_space
11629,838,90,26,0,non_association,sampled_union_space
11630,844,146,2,0,non_association,sampled_union_space
11631,424,133,2,0,non_association,sampled_union_space
11632,192,118,6,0,non_association,sampled_union_space
11633,210,43,23,0,non_association,sampled_union_space
11634,41,66,15,0,non_association,sampled_union_space
11635,1073,86,5,0,non_association,sampled_union_space
11636,1058,28,6,0,non_association,sampled_union_space
11637,1031,78,41,0,non_association,sampled_union_space
11638,827,30,2,0,non_association,sampled_union_space
11639,724,61,17,0,non_association,sampled_union_space
11640,952,26,17,0,non_association,sampled_union_space
11641,1047,38,22,0,non_association,sampled_union_space
11642,489,123,22,0,non_association,sampled_union_space
11643,1218,141,3,0,non_association,sampled_union_space
11644,221,140,10,0,non_association,sampled_union_space
11645,725,147,28,0,non_association,sampled_union_space
11646,1300,16,17,0,non_association,sampled_union_space
11647,330,66,19,0,non_association,sampled_union_space
11648,749,73,18,0,non_association,sampled_union_space
11649,120,41,17,0,non_association,sampled_union_space
11650,1243,57,18,0,non_association,sampled_union_space
11651,1266,120,23,0,non_association,sampled_union_space
11652,1227,25,22,0,non_association,sampled_union_space
11653,932,123,22,0,non_association,sampled_union_space
11654,909,48,31,0,non_association,sampled_union_space
11655,1030,41,49,0,non_association,sampled_union_space
11656,542,52,2,0,non_association,sampled_union_space
11657,193,144,6,0,non_association,sampled_union_space
11658,176,110,2,0,non_association,sampled_union_space
11659,893,118,2,0,non_association,sampled_union_space
11660,140,56,2,0,non_association,sampled_union_space
11661,834,2,15,0,non_association,sampled_union_space
11662,19,89,23,0,non_association,sampled_union_space
11663,991,10,49,0,non_association,sampled_union_space
11664,1192,118,10,0,non_association,sampled_union_space
11665,491,28,2,0,non_association,sampled_union_space
11666,724,148,6,0,non_association,sampled_union_space
11667,1256,135,2,0,non_association,sampled_union_space
11668,767,32,22,0,non_association,sampled_union_space
11669,1077,13,23,0,non_association,sampled_union_space
11670,728,26,2,0,non_association,sampled_union_space
11671,140,95,26,0,non_association,sampled_union_space
11672,1071,45,17,0,non_association,sampled_union_space
11673,1222,125,6,0,non_association,sampled_union_space
11674,880,111,19,0,non_association,sampled_union_space
11675,1179,46,22,0,non_association,sampled_union_space
11676,46,65,2,0,non_association,sampled_union_space
11677,412,119,24,0,non_association,sampled_union_space
11678,888,68,38,0,non_association,sampled_union_space
11679,765,135,21,0,non_association,sampled_union_space
11680,839,52,6,0,non_association,sampled_union_space
11681,1349,13,29,0,non_association,sampled_union_space
11682,1059,123,30,0,non_association,sampled_union_space
11683,927,108,2,0,non_association,sampled_union_space
11684,1230,6,17,0,non_association,sampled_union_space
11685,174,30,22,0,non_association,sampled_union_space
11686,1131,15,2,0,non_association,sampled_union_space
11687,320,105,6,0,non_association,sampled_union_space
11688,256,124,6,0,non_association,sampled_union_space
11689,896,69,12,0,non_association,sampled_union_space
11690,970,49,17,0,non_association,sampled_union_space
11691,610,9,17,0,non_association,sampled_union_space
11692,91,139,18,0,non_association,sampled_union_space
11693,1489,148,51,0,non_association,sampled_union_space
11694,1252,89,18,0,non_association,sampled_union_space
11695,380,3,18,0,non_association,sampled_union_space
11696,38,50,15,0,non_association,sampled_union_space
11697,920,146,26,0,non_association,sampled_union_space
11698,147,117,2,0,non_association,sampled_union_space
11699,1353,126,17,0,non_association,sampled_union_space
11700,398,71,22,0,non_association,sampled_union_space
11701,1107,60,22,0,non_association,sampled_union_space
11702,896,56,6,0,non_association,sampled_union_space
11703,1309,138,47,0,non_association,sampled_union_space
11704,354,92,29,0,non_association,sampled_union_space
11705,384,71,24,0,non_association,sampled_union_space
11706,1307,139,26,0,non_association,sampled_union_space
11707,1160,68,23,0,non_association,sampled_union_space
11708,1452,57,23,0,non_association,sampled_union_space
11709,42,23,2,0,non_association,sampled_union_space
11710,170,104,17,0,non_association,sampled_union_space
11711,959,20,22,0,non_association,sampled_union_space
11712,348,114,7,0,non_association,sampled_union_space
11713,1330,5,18,0,non_association,sampled_union_space
11714,1121,21,18,0,non_association,sampled_union_space
11715,997,146,18,0,non_association,sampled_union_space
11716,492,20,18,0,non_association,sampled_union_space
11717,451,121,12,0,non_association,sampled_union_space
11718,278,36,17,0,non_association,sampled_union_space
11719,1139,129,6,0,non_association,sampled_union_space
11720,612,58,2,0,non_association,sampled_union_space
11721,581,134,6,0,non_association,sampled_union_space
11722,186,71,12,0,non_association,sampled_union_space
11723,283,36,17,0,non_association,sampled_union_space
11724,1269,53,17,0,non_association,sampled_union_space
11725,569,54,23,0,non_association,sampled_union_space
11726,812,113,6,0,non_association,sampled_union_space
11727,418,63,2,0,non_association,sampled_union_space
11728,228,31,12,0,non_association,sampled_union_space
11729,737,124,6,0,non_association,sampled_union_space
11730,490,105,6,0,non_association,sampled_union_space
11731,943,143,17,0,non_association,sampled_union_space
11732,225,124,12,0,non_association,sampled_union_space
11733,844,4,23,0,non_association,sampled_union_space
11734,57,149,12,0,non_association,sampled_union_space
11735,840,81,17,0,non_association,sampled_union_space
11736,109,29,17,0,non_association,sampled_union_space
11737,14,71,2,0,non_association,sampled_union_space
11738,832,33,6,0,non_association,sampled_union_space
11739,61,81,16,0,non_association,sampled_union_space
11740,877,119,2,0,non_association,sampled_union_space
11741,310,95,29,0,non_association,sampled_union_space
11742,516,62,22,0,non_association,sampled_union_space
11743,360,117,15,0,non_association,sampled_union_space
11744,453,140,6,0,non_association,sampled_union_space
11745,1446,72,2,0,non_association,sampled_union_space
11746,43,55,17,0,non_association,sampled_union_space
11747,788,17,28,0,non_association,sampled_union_space
11748,68,27,0,0,non_association,sampled_union_space
11749,764,2,2,0,non_association,sampled_union_space
11750,130,57,22,0,non_association,sampled_union_space
11751,1165,41,6,0,non_association,sampled_union_space
11752,410,95,12,0,non_association,sampled_union_space
11753,1230,19,13,0,non_association,sampled_union_space
11754,1130,48,17,0,non_association,sampled_union_space
11755,910,127,21,0,non_association,sampled_union_space
11756,439,104,45,0,non_association,sampled_union_space
11757,395,108,19,0,non_association,sampled_union_space
11758,1116,139,5,0,non_association,sampled_union_space
11759,464,1,5,0,non_association,sampled_union_space
11760,5,100,23,0,non_association,sampled_union_space
11761,836,29,17,0,non_association,sampled_union_space
11762,81,43,22,0,non_association,sampled_union_space
11763,1172,46,26,0,non_association,sampled_union_space
11764,1290,125,35,0,non_association,sampled_union_space
11765,34,17,39,0,non_association,sampled_union_space
11766,1125,97,49,0,non_association,sampled_union_space
11767,141,73,51,0,non_association,sampled_union_space
11768,539,148,42,0,non_association,sampled_union_space
11769,1003,96,2,0,non_association,sampled_union_space
11770,814,145,2,0,non_association,sampled_union_space
11771,1288,8,6,0,non_association,sampled_union_space
11772,1414,136,23,0,non_association,sampled_union_space
11773,123,139,23,0,non_association,sampled_union_space
11774,1079,82,2,0,non_association,sampled_union_space
11775,387,30,15,0,non_association,sampled_union_space
11776,966,54,15,0,non_association,sampled_union_space
11777,470,49,17,0,non_association,sampled_union_space
11778,1460,104,45,0,non_association,sampled_union_space
11779,716,123,23,0,non_association,sampled_union_space
11780,588,112,23,0,non_association,sampled_union_space
11781,673,128,29,0,non_association,sampled_union_space
11782,542,98,15,0,non_association,sampled_union_space
11783,869,110,41,0,non_association,sampled_union_space
11784,295,91,6,0,non_association,sampled_union_space
11785,1045,98,2,0,non_association,sampled_union_space
11786,414,3,2,0,non_association,sampled_union_space
11787,898,91,15,0,non_association,sampled_union_space
11788,972,23,22,0,non_association,sampled_union_space
11789,1022,31,24,0,non_association,sampled_union_space
11790,808,144,26,0,non_association,sampled_union_space
11791,1207,20,25,0,non_association,sampled_union_space
11792,1261,16,2,0,non_association,sampled_union_space
11793,1107,130,6,0,non_association,sampled_union_space
11794,68,78,10,0,non_association,sampled_union_space
11795,1210,51,6,0,non_association,sampled_union_space
11796,569,104,0,0,non_association,sampled_union_space
11797,299,141,6,0,non_association,sampled_union_space
11798,108,136,2,0,non_association,sampled_union_space
11799,495,28,24,0,non_association,sampled_union_space
11800,1047,120,37,0,non_association,sampled_union_space
11801,384,98,37,0,non_association,sampled_union_space
11802,296,123,2,0,non_association,sampled_union_space
11803,1090,32,22,0,non_association,sampled_union_space
11804,725,72,26,0,non_association,sampled_union_space
11805,1390,20,0,0,non_association,sampled_union_space
11806,1268,115,2,0,non_association,sampled_union_space
11807,1298,74,2,0,non_association,sampled_union_space
11808,793,81,17,0,non_association,sampled_union_space
11809,1464,104,2,0,non_association,sampled_union_space
11810,265,21,12,0,non_association,sampled_union_space
11811,1048,121,6,0,non_association,sampled_union_space
11812,397,115,2,0,non_association,sampled_union_space
11813,465,56,2,0,non_association,sampled_union_space
11814,1437,21,6,0,non_association,sampled_union_space
11815,931,15,12,0,non_association,sampled_union_space
11816,933,136,19,0,non_association,sampled_union_space
11817,668,104,12,0,non_association,sampled_union_space
11818,606,92,2,0,non_association,sampled_union_space
11819,357,13,17,0,non_association,sampled_union_space
11820,1436,92,22,0,non_association,sampled_union_space
11821,1475,142,26,0,non_association,sampled_union_space
11822,969,100,26,0,non_association,sampled_union_space
11823,1349,9,35,0,non_association,sampled_union_space
11824,356,34,42,0,non_association,sampled_union_space
11825,1214,84,18,0,non_association,sampled_union_space
11826,118,123,0,0,non_association,sampled_union_space
11827,443,117,24,0,non_association,sampled_union_space
11828,590,3,6,0,non_association,sampled_union_space
11829,1115,95,22,0,non_association,sampled_union_space
11830,196,31,6,0,non_association,sampled_union_space
11831,1205,131,23,0,non_association,sampled_union_space
11832,172,115,38,0,non_association,sampled_union_space
11833,533,88,12,0,non_association,sampled_union_space
11834,461,28,26,0,non_association,sampled_union_space
11835,1448,146,24,0,non_association,sampled_union_space
11836,759,103,6,0,non_association,sampled_union_space
11837,615,137,17,0,non_association,sampled_union_space
11838,999,137,22,0,non_association,sampled_union_space
11839,896,87,24,0,non_association,sampled_union_space
11840,728,119,32,0,non_association,sampled_union_space
11841,1422,58,12,0,non_association,sampled_union_space
11842,482,20,2,0,non_association,sampled_union_space
11843,589,77,18,0,non_association,sampled_union_space
11844,1383,114,10,0,non_association,sampled_union_space
11845,895,82,6,0,non_association,sampled_union_space
11846,1114,119,2,0,non_association,sampled_union_space
11847,56,73,18,0,non_association,sampled_union_space
11848,1191,102,2,0,non_association,sampled_union_space
11849,1076,125,23,0,non_association,sampled_union_space
11850,567,94,2,0,non_association,sampled_union_space
11851,191,53,2,0,non_association,sampled_union_space
11852,466,31,12,0,non_association,sampled_union_space
11853,464,91,17,0,non_association,sampled_union_space
11854,527,143,22,0,non_association,sampled_union_space
11855,966,14,26,0,non_association,sampled_union_space
11856,883,117,31,0,non_association,sampled_union_space
11857,1148,103,58,0,non_association,sampled_union_space
11858,325,36,18,0,non_association,sampled_union_space
11859,940,96,26,0,non_association,sampled_union_space
11860,543,15,6,0,non_association,sampled_union_space
11861,634,85,23,0,non_association,sampled_union_space
11862,1052,40,17,0,non_association,sampled_union_space
11863,184,41,23,0,non_association,sampled_union_space
11864,1128,89,22,0,non_association,sampled_union_space
11865,1401,119,12,0,non_association,sampled_union_space
11866,1333,78,15,0,non_association,sampled_union_space
11867,105,139,5,0,non_association,sampled_union_space
11868,1108,18,6,0,non_association,sampled_union_space
11869,504,114,6,0,non_association,sampled_union_space
11870,756,32,2,0,non_association,sampled_union_space
11871,1105,34,24,0,non_association,sampled_union_space
11872,694,75,2,0,non_association,sampled_union_space
11873,1492,39,2,0,non_association,sampled_union_space
11874,1428,114,18,0,non_association,sampled_union_space
11875,1009,29,15,0,non_association,sampled_union_space
11876,1087,60,0,0,non_association,sampled_union_space
11877,40,124,18,0,non_association,sampled_union_space
11878,684,129,17,0,non_association,sampled_union_space
11879,1146,11,26,0,non_association,sampled_union_space
11880,353,15,18,0,non_association,sampled_union_space
11881,1143,125,17,0,non_association,sampled_union_space
11882,1106,73,22,0,non_association,sampled_union_space
11883,770,145,21,0,non_association,sampled_union_space
11884,1250,56,6,0,non_association,sampled_union_space
11885,466,28,6,0,non_association,sampled_union_space
11886,1492,67,6,0,non_association,sampled_union_space
11887,812,146,21,0,non_association,sampled_union_space
11888,1378,141,19,0,non_association,sampled_union_space
11889,1437,2,22,0,non_association,sampled_union_space
11890,802,8,22,0,non_association,sampled_union_space
11891,948,131,6,0,non_association,sampled_union_space
11892,731,119,17,0,non_association,sampled_union_space
11893,702,143,2,0,non_association,sampled_union_space
11894,514,90,11,0,non_association,sampled_union_space
11895,1429,84,6,0,non_association,sampled_union_space
11896,67,143,12,0,non_association,sampled_union_space
11897,299,37,15,0,non_association,sampled_union_space
11898,1380,99,26,0,non_association,sampled_union_space
11899,1378,116,19,0,non_association,sampled_union_space
11900,34,104,12,0,non_association,sampled_union_space
11901,1295,115,8,0,non_association,sampled_union_space
11902,305,2,12,0,non_association,sampled_union_space
11903,976,20,2,0,non_association,sampled_union_space
11904,1488,41,6,0,non_association,sampled_union_space
11905,811,28,22,0,non_association,sampled_union_space
11906,401,44,31,0,non_association,sampled_union_space
11907,375,13,2,0,non_association,sampled_union_space
11908,1201,13,59,0,non_association,sampled_union_space
11909,1397,77,48,0,non_association,sampled_union_space
11910,1157,97,26,0,non_association,sampled_union_space
11911,1330,103,26,0,non_association,sampled_union_space
11912,1329,131,6,0,non_association,sampled_union_space
11913,291,8,26,0,non_association,sampled_union_space
11914,585,56,21,0,non_association,sampled_union_space
11915,1230,46,21,0,non_association,sampled_union_space
11916,1061,89,38,0,non_association,sampled_union_space
11917,281,92,17,0,non_association,sampled_union_space
11918,869,32,12,0,non_association,sampled_union_space
11919,1005,76,6,0,non_association,sampled_union_space
11920,1264,75,15,0,non_association,sampled_union_space
11921,659,133,2,0,non_association,sampled_union_space
11922,939,98,21,0,non_association,sampled_union_space
11923,386,82,6,0,non_association,sampled_union_space
11924,870,28,12,0,non_association,sampled_union_space
11925,1182,32,15,0,non_association,sampled_union_space
11926,331,33,22,0,non_association,sampled_union_space
11927,621,22,24,0,non_association,sampled_union_space
11928,110,32,24,0,non_association,sampled_union_space
11929,199,107,2,0,non_association,sampled_union_space
11930,704,70,10,0,non_association,sampled_union_space
11931,1486,139,10,0,non_association,sampled_union_space
11932,519,110,18,0,non_association,sampled_union_space
11933,225,37,5,0,non_association,sampled_union_space
11934,258,55,6,0,non_association,sampled_union_space
11935,249,69,26,0,non_association,sampled_union_space
11936,1317,10,2,0,non_association,sampled_union_space
11937,1157,100,6,0,non_association,sampled_union_space
11938,1076,62,6,0,non_association,sampled_union_space
11939,1107,128,18,0,non_association,sampled_union_space
11940,881,108,22,0,non_association,sampled_union_space
11941,588,88,12,0,non_association,sampled_union_space
11942,494,47,18,0,non_association,sampled_union_space
11943,82,54,6,0,non_association,sampled_union_space
11944,1291,61,23,0,non_association,sampled_union_space
11945,56,30,2,0,non_association,sampled_union_space
11946,829,130,17,0,non_association,sampled_union_space
11947,1017,95,22,0,non_association,sampled_union_space
11948,672,25,24,0,non_association,sampled_union_space
11949,422,66,23,0,non_association,sampled_union_space
11950,1019,144,17,0,non_association,sampled_union_space
11951,1183,106,2,0,non_association,sampled_union_space
11952,911,31,26,0,non_association,sampled_union_space
11953,1355,67,2,0,non_association,sampled_union_space
11954,322,33,23,0,non_association,sampled_union_space
11955,1420,144,28,0,non_association,sampled_union_space
11956,1489,134,17,0,non_association,sampled_union_space
11957,471,132,22,0,non_association,sampled_union_space
11958,270,97,22,0,non_association,sampled_union_space
11959,1181,144,22,0,non_association,sampled_union_space
11960,1187,70,26,0,non_association,sampled_union_space
11961,212,42,16,0,non_association,sampled_union_space
11962,281,33,48,0,non_association,sampled_union_space
11963,1203,137,45,0,non_association,sampled_union_space
11964,1056,66,2,0,non_association,sampled_union_space
11965,686,100,28,0,non_association,sampled_union_space
11966,1005,93,17,0,non_association,sampled_union_space
11967,185,87,2,0,non_association,sampled_union_space
11968,840,72,13,0,non_association,sampled_union_space
11969,119,69,2,0,non_association,sampled_union_space
11970,1244,67,6,0,non_association,sampled_union_space
11971,431,137,23,0,non_association,sampled_union_space
11972,1427,133,23,0,non_association,sampled_union_space
11973,1371,7,47,0,non_association,sampled_union_space
11974,451,123,2,0,non_association,sampled_union_space
11975,1386,104,17,0,non_association,sampled_union_space
11976,327,47,35,0,non_association,sampled_union_space
11977,386,44,23,0,non_association,sampled_union_space
11978,1338,10,29,0,non_association,sampled_union_space
11979,418,70,6,0,non_association,sampled_union_space
11980,122,137,19,0,non_association,sampled_union_space
11981,111,101,6,0,non_association,sampled_union_space
11982,1397,91,2,0,non_association,sampled_union_space
11983,519,142,2,0,non_association,sampled_union_space
11984,1402,131,17,0,non_association,sampled_union_space
11985,228,107,8,0,non_association,sampled_union_space
11986,853,34,24,0,non_association,sampled_union_space
11987,1263,49,6,0,non_association,sampled_union_space
11988,697,61,46,0,non_association,sampled_union_space
11989,1069,24,5,0,non_association,sampled_union_space
11990,1105,103,12,0,non_association,sampled_union_space
11991,585,54,2,0,non_association,sampled_union_space
11992,1267,141,24,0,non_association,sampled_union_space
11993,329,71,10,0,non_association,sampled_union_space
11994,582,43,28,0,non_association,sampled_union_space
11995,1359,39,23,0,non_association,sampled_union_space
11996,450,33,18,0,non_association,sampled_union_space
11997,107,13,18,0,non_association,sampled_union_space
11998,717,139,42,0,non_association,sampled_union_space
11999,479,1,17,0,non_association,sampled_union_space
12000,1408,95,17,0,non_association,sampled_union_space
12001,1034,11,18,0,non_association,sampled_union_space
12002,781,101,2,0,non_association,sampled_union_space
12003,36,139,23,0,non_association,sampled_union_space
12004,46,95,17,0,non_association,sampled_union_space
12005,254,21,6,0,non_association,sampled_union_space
12006,1492,133,26,0,non_association,sampled_union_space
12007,639,40,26,0,non_association,sampled_union_space
12008,1179,33,11,0,non_association,sampled_union_space
12009,87,15,23,0,non_association,sampled_union_space
12010,1225,20,12,0,non_association,sampled_union_space
12011,349,73,2,0,non_association,sampled_union_space
12012,1108,77,6,0,non_association,sampled_union_space
12013,1053,71,6,0,non_association,sampled_union_space
12014,1294,9,22,0,non_association,sampled_union_space
12015,1268,99,26,0,non_association,sampled_union_space
12016,103,58,6,0,non_association,sampled_union_space
12017,338,138,6,0,non_association,sampled_union_space
12018,967,77,17,0,non_association,sampled_union_space
12019,574,112,2,0,non_association,sampled_union_space
12020,405,111,23,0,non_association,sampled_union_space
12021,948,3,23,0,non_association,sampled_union_space
12022,1326,93,17,0,non_association,sampled_union_space
12023,737,93,23,0,non_association,sampled_union_space
12024,114,49,29,0,non_association,sampled_union_space
12025,314,66,6,0,non_association,sampled_union_space
12026,18,41,25,0,non_association,sampled_union_space
12027,1019,77,25,0,non_association,sampled_union_space
12028,1327,11,2,0,non_association,sampled_union_space
12029,1006,33,2,0,non_association,sampled_union_space
12030,788,116,6,0,non_association,sampled_union_space
12031,299,107,17,0,non_association,sampled_union_space
12032,469,130,2,0,non_association,sampled_union_space
12033,1167,21,2,0,non_association,sampled_union_space
12034,646,52,6,0,non_association,sampled_union_space
12035,140,8,12,0,non_association,sampled_union_space
12036,1258,147,13,0,non_association,sampled_union_space
12037,455,95,22,0,non_association,sampled_union_space
12038,1165,122,22,0,non_association,sampled_union_space
12039,325,82,22,0,non_association,sampled_union_space
12040,978,36,17,0,non_association,sampled_union_space
12041,966,62,19,0,non_association,sampled_union_space
12042,421,12,12,0,non_association,sampled_union_space
12043,82,121,28,0,non_association,sampled_union_space
12044,227,78,2,0,non_association,sampled_union_space
12045,1170,65,12,0,non_association,sampled_union_space
12046,1420,45,15,0,non_association,sampled_union_space
12047,884,59,12,0,non_association,sampled_union_space
12048,439,25,22,0,non_association,sampled_union_space
12049,644,23,26,0,non_association,sampled_union_space
12050,746,146,26,0,non_association,sampled_union_space
12051,77,107,31,0,non_association,sampled_union_space
12052,353,83,47,0,non_association,sampled_union_space
12053,1343,137,51,0,non_association,sampled_union_space
12054,60,34,0,0,non_association,sampled_union_space
12055,505,78,2,0,non_association,sampled_union_space
12056,417,129,19,0,non_association,sampled_union_space
12057,358,72,2,0,non_association,sampled_union_space
12058,515,131,24,0,non_association,sampled_union_space
12059,566,71,6,0,non_association,sampled_union_space
12060,117,141,5,0,non_association,sampled_union_space
12061,152,41,22,0,non_association,sampled_union_space
12062,540,121,17,0,non_association,sampled_union_space
12063,34,50,23,0,non_association,sampled_union_space
12064,122,41,12,0,non_association,sampled_union_space
12065,67,102,2,0,non_association,sampled_union_space
12066,1069,27,6,0,non_association,sampled_union_space
12067,1018,78,6,0,non_association,sampled_union_space
12068,1316,75,2,0,non_association,sampled_union_space
12069,1091,113,17,0,non_association,sampled_union_space
12070,544,140,15,0,non_association,sampled_union_space
12071,1429,66,22,0,non_association,sampled_union_space
12072,533,130,2,0,non_association,sampled_union_space
12073,83,2,12,0,non_association,sampled_union_space
12074,45,99,2,0,non_association,sampled_union_space
12075,490,26,24,0,non_association,sampled_union_space
12076,403,71,10,0,non_association,sampled_union_space
12077,590,46,6,0,non_association,sampled_union_space
12078,761,110,2,0,non_association,sampled_union_space
12079,1047,6,5,0,non_association,sampled_union_space
12080,1283,109,23,0,non_association,sampled_union_space
12081,217,3,12,0,non_association,sampled_union_space
12082,1447,107,26,0,non_association,sampled_union_space
12083,1014,140,2,0,non_association,sampled_union_space
12084,707,116,6,0,non_association,sampled_union_space
12085,1135,56,2,0,non_association,sampled_union_space
12086,247,79,2,0,non_association,sampled_union_space
12087,1304,38,18,0,non_association,sampled_union_space
12088,1353,130,26,0,non_association,sampled_union_space
12089,496,1,0,0,non_association,sampled_union_space
12090,935,95,2,0,non_association,sampled_union_space
12091,1402,80,2,0,non_association,sampled_union_space
12092,484,146,6,0,non_association,sampled_union_space
12093,1371,51,12,0,non_association,sampled_union_space
12094,1213,64,26,0,non_association,sampled_union_space
12095,909,134,26,0,non_association,sampled_union_space
12096,15,145,26,0,non_association,sampled_union_space
12097,608,120,2,0,non_association,sampled_union_space
12098,265,132,17,0,non_association,sampled_union_space
12099,28,51,17,0,non_association,sampled_union_space
12100,1240,142,26,0,non_association,sampled_union_space
12101,66,84,26,0,non_association,sampled_union_space
12102,564,84,35,0,non_association,sampled_union_space
12103,315,58,47,0,non_association,sampled_union_space
12104,0,71,24,0,non_association,sampled_union_space
12105,491,94,26,0,non_association,sampled_union_space
12106,1240,40,6,0,non_association,sampled_union_space
12107,1254,127,26,0,non_association,sampled_union_space
12108,1434,121,35,0,non_association,sampled_union_space
12109,709,55,23,0,non_association,sampled_union_space
12110,932,79,29,0,non_association,sampled_union_space
12111,276,103,2,0,non_association,sampled_union_space
12112,1127,100,22,0,non_association,sampled_union_space
12113,45,91,2,0,non_association,sampled_union_space
12114,974,101,6,0,non_association,sampled_union_space
12115,131,145,35,0,non_association,sampled_union_space
12116,929,128,22,0,non_association,sampled_union_space
12117,841,107,24,0,non_association,sampled_union_space
12118,720,70,26,0,non_association,sampled_union_space
12119,1408,112,6,0,non_association,sampled_union_space
12120,611,117,12,0,non_association,sampled_union_space
12121,518,137,2,0,non_association,sampled_union_space
12122,813,23,17,0,non_association,sampled_union_space
12123,1486,43,24,0,non_association,sampled_union_space
12124,1155,15,10,0,non_association,sampled_union_space
12125,17,102,28,0,non_association,sampled_union_space
12126,1090,14,10,0,non_association,sampled_union_space
12127,308,44,22,0,non_association,sampled_union_space
12128,806,69,6,0,non_association,sampled_union_space
12129,1065,71,6,0,non_association,sampled_union_space
12130,1392,39,6,0,non_association,sampled_union_space
12131,249,111,2,0,non_association,sampled_union_space
12132,823,139,2,0,non_association,sampled_union_space
12133,1248,93,26,0,non_association,sampled_union_space
12134,172,24,26,0,non_association,sampled_union_space
12135,608,14,2,0,non_association,sampled_union_space
12136,574,11,2,0,non_association,sampled_union_space
12137,567,84,25,0,non_association,sampled_union_space
12138,366,41,2,0,non_association,sampled_union_space
12139,844,111,11,0,non_association,sampled_union_space
12140,675,8,2,0,non_association,sampled_union_space
12141,733,77,2,0,non_association,sampled_union_space
12142,1291,71,17,0,non_association,sampled_union_space
12143,113,141,22,0,non_association,sampled_union_space
12144,250,88,17,0,non_association,sampled_union_space
12145,258,67,2,0,non_association,sampled_union_space
12146,224,60,26,0,non_association,sampled_union_space
12147,327,21,2,0,non_association,sampled_union_space
12148,852,19,17,0,non_association,sampled_union_space
12149,553,3,42,0,non_association,sampled_union_space
12150,1250,103,15,0,non_association,sampled_union_space
12151,1300,23,22,0,non_association,sampled_union_space
12152,1331,76,22,0,non_association,sampled_union_space
12153,322,105,23,0,non_association,sampled_union_space
12154,860,138,2,0,non_association,sampled_union_space
12155,1179,49,2,0,non_association,sampled_union_space
12156,906,13,26,0,non_association,sampled_union_space
12157,444,46,2,0,non_association,sampled_union_space
12158,1045,85,2,0,non_association,sampled_union_space
12159,72,53,6,0,non_association,sampled_union_space
12160,490,134,12,0,non_association,sampled_union_space
12161,1436,85,12,0,non_association,sampled_union_space
12162,1169,28,12,0,non_association,sampled_union_space
12163,196,5,15,0,non_association,sampled_union_space
12164,702,147,17,0,non_association,sampled_union_space
12165,269,15,22,0,non_association,sampled_union_space
12166,494,140,35,0,non_association,sampled_union_space
12167,1305,129,6,0,non_association,sampled_union_space
12168,201,94,23,0,non_association,sampled_union_space
12169,822,111,17,0,non_association,sampled_union_space
12170,976,87,23,0,non_association,sampled_union_space
12171,880,17,25,0,non_association,sampled_union_space
12172,1205,55,6,0,non_association,sampled_union_space
12173,1081,118,6,0,non_association,sampled_union_space
12174,1328,86,17,0,non_association,sampled_union_space
12175,1072,95,2,0,non_association,sampled_union_space
12176,1389,99,6,0,non_association,sampled_union_space
12177,786,118,12,0,non_association,sampled_union_space
12178,33,145,2,0,non_association,sampled_union_space
12179,393,142,6,0,non_association,sampled_union_space
12180,1045,75,35,0,non_association,sampled_union_space
12181,11,45,2,0,non_association,sampled_union_space
12182,925,86,2,0,non_association,sampled_union_space
12183,1481,145,0,0,non_association,sampled_union_space
12184,610,73,2,0,non_association,sampled_union_space
12185,1181,116,12,0,non_association,sampled_union_space
12186,565,61,15,0,non_association,sampled_union_space
12187,1239,80,17,0,non_association,sampled_union_space
12188,619,45,28,0,non_association,sampled_union_space
12189,1058,95,22,0,non_association,sampled_union_space
12190,637,20,31,0,non_association,sampled_union_space
12191,723,81,35,0,non_association,sampled_union_space
12192,377,58,49,0,non_association,sampled_union_space
12193,568,100,2,0,non_association,sampled_union_space
12194,1395,78,12,0,non_association,sampled_union_space
12195,171,145,18,0,non_association,sampled_union_space
12196,474,77,2,0,non_association,sampled_union_space
12197,673,20,6,0,non_association,sampled_union_space
12198,818,114,2,0,non_association,sampled_union_space
12199,1,137,49,0,non_association,sampled_union_space
12200,941,75,2,0,non_association,sampled_union_space
12201,814,96,13,0,non_association,sampled_union_space
12202,1131,137,26,0,non_association,sampled_union_space
12203,736,46,2,0,non_association,sampled_union_space
12204,402,135,2,0,non_association,sampled_union_space
12205,51,113,17,0,non_association,sampled_union_space
12206,1227,128,17,0,non_association,sampled_union_space
12207,576,19,22,0,non_association,sampled_union_space
12208,1459,17,22,0,non_association,sampled_union_space
12209,29,17,24,0,non_association,sampled_union_space
12210,1188,123,2,0,non_association,sampled_union_space
12211,1300,13,2,0,non_association,sampled_union_space
12212,1048,48,22,0,non_association,sampled_union_space
12213,514,123,28,0,non_association,sampled_union_space
12214,830,4,2,0,non_association,sampled_union_space
12215,333,4,18,0,non_association,sampled_union_space
12216,473,40,18,0,non_association,sampled_union_space
12217,1434,22,18,0,non_association,sampled_union_space
12218,1273,41,12,0,non_association,sampled_union_space
12219,738,130,17,0,non_association,sampled_union_space
12220,1019,115,60,0,non_association,sampled_union_space
12221,712,12,22,0,non_association,sampled_union_space
12222,787,128,2,0,non_association,sampled_union_space
12223,367,82,2,0,non_association,sampled_union_space
12224,636,16,26,0,non_association,sampled_union_space
12225,303,102,2,0,non_association,sampled_union_space
12226,1142,13,23,0,non_association,sampled_union_space
12227,237,94,2,0,non_association,sampled_union_space
12228,912,6,2,0,non_association,sampled_union_space
12229,303,117,25,0,non_association,sampled_union_space
12230,1043,100,2,0,non_association,sampled_union_space
12231,350,42,2,0,non_association,sampled_union_space
12232,911,140,18,0,non_association,sampled_union_space
12233,733,77,22,0,non_association,sampled_union_space
12234,621,119,24,0,non_association,sampled_union_space
12235,1144,120,2,0,non_association,sampled_union_space
12236,1454,29,17,0,non_association,sampled_union_space
12237,338,90,2,0,non_association,sampled_union_space
12238,62,24,15,0,non_association,sampled_union_space
12239,942,56,12,0,non_association,sampled_union_space
12240,511,13,22,0,non_association,sampled_union_space
12241,920,148,23,0,non_association,sampled_union_space
12242,1151,142,35,0,non_association,sampled_union_space
12243,694,29,51,0,non_association,sampled_union_space
12244,818,103,2,0,non_association,sampled_union_space
12245,1283,77,18,0,non_association,sampled_union_space
12246,246,44,6,0,non_association,sampled_union_space
12247,1193,59,12,0,non_association,sampled_union_space
12248,409,14,32,0,non_association,sampled_union_space
12249,1492,112,29,0,non_association,sampled_union_space
12250,359,17,17,0,non_association,sampled_union_space
12251,1182,130,18,0,non_association,sampled_union_space
12252,418,69,22,0,non_association,sampled_union_space
12253,8,103,24,0,non_association,sampled_union_space
12254,953,13,2,0,non_association,sampled_union_space
12255,489,98,2,0,non_association,sampled_union_space
12256,1311,61,18,0,non_association,sampled_union_space
12257,1466,23,18,0,non_association,sampled_union_space
12258,327,110,2,0,non_association,sampled_union_space
12259,672,1,21,0,non_association,sampled_union_space
12260,365,45,17,0,non_association,sampled_union_space
12261,522,140,17,0,non_association,sampled_union_space
12262,1107,39,12,0,non_association,sampled_union_space
12263,764,148,2,0,non_association,sampled_union_space
12264,1283,118,34,0,non_association,sampled_union_space
12265,763,32,17,0,non_association,sampled_union_space
12266,427,76,6,0,non_association,sampled_union_space
12267,612,13,6,0,non_association,sampled_union_space
12268,240,86,2,0,non_association,sampled_union_space
12269,614,105,18,0,non_association,sampled_union_space
12270,949,6,15,0,non_association,sampled_union_space
12271,115,53,21,0,non_association,sampled_union_space
12272,289,82,2,0,non_association,sampled_union_space
12273,1187,13,2,0,non_association,sampled_union_space
12274,82,136,2,0,non_association,sampled_union_space
12275,1101,139,6,0,non_association,sampled_union_space
12276,1131,130,26,0,non_association,sampled_union_space
12277,1345,55,17,0,non_association,sampled_union_space
12278,196,75,17,0,non_association,sampled_union_space
12279,1096,111,22,0,non_association,sampled_union_space
12280,1154,111,22,0,non_association,sampled_union_space
12281,907,127,26,0,non_association,sampled_union_space
12282,608,7,35,0,non_association,sampled_union_space
12283,838,100,51,0,non_association,sampled_union_space
12284,3,123,6,0,non_association,sampled_union_space
12285,383,120,6,0,non_association,sampled_union_space
12286,475,44,26,0,non_association,sampled_union_space
12287,1413,73,26,0,non_association,sampled_union_space
12288,1096,14,22,0,non_association,sampled_union_space
12289,321,111,24,0,non_association,sampled_union_space
12290,1245,27,6,0,non_association,sampled_union_space
12291,1366,47,26,0,non_association,sampled_union_space
12292,412,37,17,0,non_association,sampled_union_space
12293,24,11,2,0,non_association,sampled_union_space
12294,634,39,18,0,non_association,sampled_union_space
12295,376,3,23,0,non_association,sampled_union_space
12296,1453,75,12,0,non_association,sampled_union_space
12297,1070,88,12,0,non_association,sampled_union_space
12298,806,118,12,0,non_association,sampled_union_space
12299,627,29,23,0,non_association,sampled_union_space
12300,1307,17,15,0,non_association,sampled_union_space
12301,27,79,17,0,non_association,sampled_union_space
12302,1166,7,22,0,non_association,sampled_union_space
12303,1382,71,12,0,non_association,sampled_union_space
12304,218,19,6,0,non_association,sampled_union_space
12305,802,84,12,0,non_association,sampled_union_space
12306,113,67,2,0,non_association,sampled_union_space
12307,1433,74,5,0,non_association,sampled_union_space
12308,305,123,17,0,non_association,sampled_union_space
12309,383,45,22,0,non_association,sampled_union_space
12310,498,36,22,0,non_association,sampled_union_space
12311,1083,9,28,0,non_association,sampled_union_space
12312,1181,71,17,0,non_association,sampled_union_space
12313,691,19,49,0,non_association,sampled_union_space
12314,414,124,48,0,non_association,sampled_union_space
12315,1274,137,6,0,non_association,sampled_union_space
12316,249,88,49,0,non_association,sampled_union_space
12317,792,119,6,0,non_association,sampled_union_space
12318,598,148,17,0,non_association,sampled_union_space
12319,907,39,22,0,non_association,sampled_union_space
12320,1092,138,24,0,non_association,sampled_union_space
12321,1124,117,12,0,non_association,sampled_union_space
12322,1390,91,2,0,non_association,sampled_union_space
12323,1471,88,2,0,non_association,sampled_union_space
12324,1395,63,2,0,non_association,sampled_union_space
12325,886,149,17,0,non_association,sampled_union_space
12326,678,80,13,0,non_association,sampled_union_space
12327,1394,76,17,0,non_association,sampled_union_space
12328,606,91,2,0,non_association,sampled_union_space
12329,1347,136,21,0,non_association,sampled_union_space
12330,1091,47,61,0,non_association,sampled_union_space
12331,818,100,61,0,non_association,sampled_union_space
12332,208,115,26,0,non_association,sampled_union_space
12333,347,26,47,0,non_association,sampled_union_space
12334,1050,130,61,0,non_association,sampled_union_space
12335,138,68,61,0,non_association,sampled_union_space
12336,879,76,18,0,non_association,sampled_union_space
12337,242,18,2,0,non_association,sampled_union_space
12338,268,144,61,0,non_association,sampled_union_space
12339,304,124,17,0,non_association,sampled_union_space
12340,6,19,17,0,non_association,sampled_union_space
12341,939,81,22,0,non_association,sampled_union_space
12342,337,30,12,0,non_association,sampled_union_space
12343,1096,116,17,0,non_association,sampled_union_space
12344,427,9,18,0,non_association,sampled_union_space
12345,774,14,18,0,non_association,sampled_union_space
12346,371,117,2,0,non_association,sampled_union_space
12347,704,141,23,0,non_association,sampled_union_space
12348,728,136,12,0,non_association,sampled_union_space
12349,1463,43,23,0,non_association,sampled_union_space
12350,1422,85,2,0,non_association,sampled_union_space
12351,70,5,18,0,non_association,sampled_union_space
12352,1446,3,26,0,non_association,sampled_union_space
12353,361,87,12,0,non_association,sampled_union_space
12354,398,119,2,0,non_association,sampled_union_space
12355,1468,16,8,0,non_association,sampled_union_space
12356,1326,65,35,0,non_association,sampled_union_space
12357,480,110,18,0,non_association,sampled_union_space
12358,874,95,39,0,non_association,sampled_union_space
12359,282,93,6,0,non_association,sampled_union_space
12360,1372,88,26,0,non_association,sampled_union_space
12361,778,87,17,0,non_association,sampled_union_space
12362,1378,43,12,0,non_association,sampled_union_space
12363,191,26,26,0,non_association,sampled_union_space
12364,598,136,12,0,non_association,sampled_union_space
12365,1380,117,18,0,non_association,sampled_union_space
12366,1008,63,23,0,non_association,sampled_union_space
12367,612,78,23,0,non_association,sampled_union_space
12368,810,28,17,0,non_association,sampled_union_space
12369,323,35,18,0,non_association,sampled_union_space
12370,65,98,2,0,non_association,sampled_union_space
12371,353,85,2,0,non_association,sampled_union_space
12372,291,46,17,0,non_association,sampled_union_space
12373,68,18,22,0,non_association,sampled_union_space
12374,1284,105,31,0,non_association,sampled_union_space
12375,576,111,35,0,non_association,sampled_union_space
12376,638,51,51,0,non_association,sampled_union_space
12377,297,22,18,0,non_association,sampled_union_space
12378,1419,118,45,0,non_association,sampled_union_space
12379,26,95,6,0,non_association,sampled_union_space
12380,1124,110,23,0,non_association,sampled_union_space
12381,1080,61,6,0,non_association,sampled_union_space
12382,1122,116,2,0,non_association,sampled_union_space
12383,1023,128,17,0,non_association,sampled_union_space
12384,317,75,23,0,non_association,sampled_union_space
12385,443,98,2,0,non_association,sampled_union_space
12386,1267,43,24,0,non_association,sampled_union_space
12387,993,127,37,0,non_association,sampled_union_space
12388,577,26,12,0,non_association,sampled_union_space
12389,635,4,25,0,non_association,sampled_union_space
12390,974,114,2,0,non_association,sampled_union_space
12391,781,63,12,0,non_association,sampled_union_space
12392,524,71,2,0,non_association,sampled_union_space
12393,1016,115,36,0,non_association,sampled_union_space
12394,1248,94,2,0,non_association,sampled_union_space
12395,635,31,18,0,non_association,sampled_union_space
12396,42,88,24,0,non_association,sampled_union_space
12397,867,122,2,0,non_association,sampled_union_space
12398,1215,127,62,0,non_association,sampled_union_space
12399,641,42,2,0,non_association,sampled_union_space
12400,160,73,12,0,non_association,sampled_union_space
12401,906,58,18,0,non_association,sampled_union_space
12402,648,129,22,0,non_association,sampled_union_space
12403,981,54,22,0,non_association,sampled_union_space
12404,1071,35,18,0,non_association,sampled_union_space
12405,577,40,6,0,non_association,sampled_union_space
12406,889,78,23,0,non_association,sampled_union_space
12407,11,44,23,0,non_association,sampled_union_space
12408,585,14,6,0,non_association,sampled_union_space
12409,1487,123,17,0,non_association,sampled_union_space
12410,898,142,22,0,non_association,sampled_union_space
12411,929,26,12,0,non_association,sampled_union_space
12412,278,123,2,0,non_association,sampled_union_space
12413,175,64,2,0,non_association,sampled_union_space
12414,1013,85,18,0,non_association,sampled_union_space
12415,378,63,36,0,non_association,sampled_union_space
12416,499,149,28,0,non_association,sampled_union_space
12417,1456,72,19,0,non_association,sampled_union_space
12418,1426,98,12,0,non_association,sampled_union_space
12419,859,6,23,0,non_association,sampled_union_space
12420,33,90,17,0,non_association,sampled_union_space
12421,254,98,18,0,non_association,sampled_union_space
12422,351,85,1,0,non_association,sampled_union_space
12423,280,0,2,0,non_association,sampled_union_space
12424,154,112,23,0,non_association,sampled_union_space
12425,1433,75,12,0,non_association,sampled_union_space
12426,269,20,6,0,non_association,sampled_union_space
12427,122,18,6,0,non_association,sampled_union_space
12428,1111,48,17,0,non_association,sampled_union_space
12429,578,7,2,0,non_association,sampled_union_space
12430,555,56,2,0,non_association,sampled_union_space
12431,246,89,36,0,non_association,sampled_union_space
12432,1302,32,17,0,non_association,sampled_union_space
12433,275,66,17,0,non_association,sampled_union_space
12434,1313,103,26,0,non_association,sampled_union_space
12435,961,102,18,0,non_association,sampled_union_space
12436,1251,119,2,0,non_association,sampled_union_space
12437,300,129,2,0,non_association,sampled_union_space
12438,1354,105,17,0,non_association,sampled_union_space
12439,175,93,26,0,non_association,sampled_union_space
12440,602,16,2,0,non_association,sampled_union_space
12441,850,53,18,0,non_association,sampled_union_space
12442,1374,53,6,0,non_association,sampled_union_space
12443,124,54,17,0,non_association,sampled_union_space
12444,1349,73,2,0,non_association,sampled_union_space
12445,375,118,22,0,non_association,sampled_union_space
12446,1275,107,26,0,non_association,sampled_union_space
12447,858,106,26,0,non_association,sampled_union_space
12448,1345,39,6,0,non_association,sampled_union_space
12449,799,33,26,0,non_association,sampled_union_space
12450,1125,4,6,0,non_association,sampled_union_space
12451,987,102,25,0,non_association,sampled_union_space
12452,1392,124,2,0,non_association,sampled_union_space
12453,40,23,26,0,non_association,sampled_union_space
12454,318,82,2,0,non_association,sampled_union_space
12455,507,60,17,0,non_association,sampled_union_space
12456,1227,74,2,0,non_association,sampled_union_space
12457,795,87,23,0,non_association,sampled_union_space
12458,675,49,2,0,non_association,sampled_union_space
12459,913,132,17,0,non_association,sampled_union_space
12460,597,131,35,0,non_association,sampled_union_space
12461,381,19,23,0,non_association,sampled_union_space
12462,916,17,2,0,non_association,sampled_union_space
12463,625,20,2,0,non_association,sampled_union_space
12464,696,44,12,0,non_association,sampled_union_space
12465,202,8,19,0,non_association,sampled_union_space
12466,523,143,17,0,non_association,sampled_union_space
12467,1285,135,47,0,non_association,sampled_union_space
12468,727,109,24,0,non_association,sampled_union_space
12469,10,107,22,0,non_association,sampled_union_space
12470,539,86,6,0,non_association,sampled_union_space
12471,171,143,23,0,non_association,sampled_union_space
12472,963,0,2,0,non_association,sampled_union_space
12473,588,130,5,0,non_association,sampled_union_space
12474,420,119,21,0,non_association,sampled_union_space
12475,157,66,6,0,non_association,sampled_union_space
12476,454,97,6,0,non_association,sampled_union_space
12477,545,13,35,0,non_association,sampled_union_space
12478,893,47,17,0,non_association,sampled_union_space
12479,733,142,17,0,non_association,sampled_union_space
12480,610,131,2,0,non_association,sampled_union_space
12481,205,46,24,0,non_association,sampled_union_space
12482,147,67,26,0,non_association,sampled_union_space
12483,541,112,17,0,non_association,sampled_union_space
12484,1082,111,23,0,non_association,sampled_union_space
12485,117,74,0,0,non_association,sampled_union_space
12486,1139,109,21,0,non_association,sampled_union_space
12487,1479,12,18,0,non_association,sampled_union_space
12488,618,145,6,0,non_association,sampled_union_space
12489,728,32,6,0,non_association,sampled_union_space
12490,552,114,22,0,non_association,sampled_union_space
12491,293,11,2,0,non_association,sampled_union_space
12492,1310,77,18,0,non_association,sampled_union_space
12493,1347,56,17,0,non_association,sampled_union_space
12494,336,56,17,0,non_association,sampled_union_space
12495,659,30,2,0,non_association,sampled_union_space
12496,648,2,12,0,non_association,sampled_union_space
12497,809,26,23,0,non_association,sampled_union_space
12498,648,108,26,0,non_association,sampled_union_space
12499,1352,20,17,0,non_association,sampled_union_space
12500,861,49,2,0,non_association,sampled_union_space
12501,799,93,17,0,non_association,sampled_union_space
12502,593,65,6,0,non_association,sampled_union_space
12503,153,10,6,0,non_association,sampled_union_space
12504,139,11,23,0,non_association,sampled_union_space
12505,601,2,17,0,non_association,sampled_union_space
12506,518,143,6,0,non_association,sampled_union_space
12507,509,118,35,0,non_association,sampled_union_space
12508,1071,3,2,0,non_association,sampled_union_space
12509,697,90,12,0,non_association,sampled_union_space
12510,207,19,18,0,non_association,sampled_union_space
12511,36,96,22,0,non_association,sampled_union_space
12512,1424,136,2,0,non_association,sampled_union_space
12513,1420,115,6,0,non_association,sampled_union_space
12514,491,25,12,0,non_association,sampled_union_space
12515,1111,79,2,0,non_association,sampled_union_space
12516,689,59,6,0,non_association,sampled_union_space
12517,929,22,12,0,non_association,sampled_union_space
12518,209,6,19,0,non_association,sampled_union_space
12519,580,44,21,0,non_association,sampled_union_space
12520,579,73,2,0,non_association,sampled_union_space
12521,344,121,18,0,non_association,sampled_union_space
12522,230,99,22,0,non_association,sampled_union_space
12523,741,7,23,0,non_association,sampled_union_space
12524,1487,125,2,0,non_association,sampled_union_space
12525,1474,100,23,0,non_association,sampled_union_space
12526,720,88,38,0,non_association,sampled_union_space
12527,1367,32,18,0,non_association,sampled_union_space
12528,484,65,12,0,non_association,sampled_union_space
12529,920,96,6,0,non_association,sampled_union_space
12530,408,114,17,0,non_association,sampled_union_space
12531,369,79,18,0,non_association,sampled_union_space
12532,33,79,6,0,non_association,sampled_union_space
12533,1365,51,12,0,non_association,sampled_union_space
12534,1048,2,6,0,non_association,sampled_union_space
12535,993,108,12,0,non_association,sampled_union_space
12536,409,132,26,0,non_association,sampled_union_space
12537,1129,80,2,0,non_association,sampled_union_space
12538,542,96,17,0,non_association,sampled_union_space
12539,284,83,2,0,non_association,sampled_union_space
12540,617,30,28,0,non_association,sampled_union_space
12541,1366,126,18,0,non_association,sampled_union_space
12542,121,124,23,0,non_association,sampled_union_space
12543,1035,74,23,0,non_association,sampled_union_space
12544,741,41,24,0,non_association,sampled_union_space
12545,683,22,2,0,non_association,sampled_union_space
12546,936,111,2,0,non_association,sampled_union_space
12547,988,13,2,0,non_association,sampled_union_space
12548,726,65,6,0,non_association,sampled_union_space
12549,710,43,6,0,non_association,sampled_union_space
12550,593,96,17,0,non_association,sampled_union_space
12551,516,137,17,0,non_association,sampled_union_space
12552,458,147,35,0,non_association,sampled_union_space
12553,939,97,17,0,non_association,sampled_union_space
12554,214,106,18,0,non_association,sampled_union_space
12555,855,43,17,0,non_association,sampled_union_space
12556,1193,53,17,0,non_association,sampled_union_space
12557,414,10,17,0,non_association,sampled_union_space
12558,574,116,5,0,non_association,sampled_union_space
12559,1206,40,6,0,non_association,sampled_union_space
12560,1224,134,47,0,non_association,sampled_union_space
12561,418,126,17,0,non_association,sampled_union_space
12562,1044,1,22,0,non_association,sampled_union_space
12563,1381,32,12,0,non_association,sampled_union_space
12564,1458,140,21,0,non_association,sampled_union_space
12565,969,17,6,0,non_association,sampled_union_space
12566,1201,108,6,0,non_association,sampled_union_space
12567,1160,21,24,0,non_association,sampled_union_space
12568,502,113,17,0,non_association,sampled_union_space
12569,702,59,12,0,non_association,sampled_union_space
12570,1358,82,35,0,non_association,sampled_union_space
12571,296,48,25,0,non_association,sampled_union_space
12572,229,149,18,0,non_association,sampled_union_space
12573,385,127,6,0,non_association,sampled_union_space
12574,201,124,6,0,non_association,sampled_union_space
12575,261,84,17,0,non_association,sampled_union_space
12576,268,37,17,0,non_association,sampled_union_space
12577,1348,101,18,0,non_association,sampled_union_space
12578,518,132,26,0,non_association,sampled_union_space
12579,512,42,12,0,non_association,sampled_union_space
12580,573,131,35,0,non_association,sampled_union_space
12581,1154,137,0,0,non_association,sampled_union_space
12582,941,144,2,0,non_association,sampled_union_space
12583,1230,18,2,0,non_association,sampled_union_space
12584,954,20,22,0,non_association,sampled_union_space
12585,632,39,49,0,non_association,sampled_union_space
12586,947,110,51,0,non_association,sampled_union_space
12587,741,103,18,0,non_association,sampled_union_space
12588,213,27,12,0,non_association,sampled_union_space
12589,735,120,23,0,non_association,sampled_union_space
12590,205,126,23,0,non_association,sampled_union_space
12591,1036,131,17,0,non_association,sampled_union_space
12592,373,72,23,0,non_association,sampled_union_space
12593,1108,74,23,0,non_association,sampled_union_space
12594,333,38,18,0,non_association,sampled_union_space
12595,639,134,6,0,non_association,sampled_union_space
12596,783,24,12,0,non_association,sampled_union_space
12597,934,15,17,0,non_association,sampled_union_space
12598,912,38,25,0,non_association,sampled_union_space
12599,643,116,18,0,non_association,sampled_union_space
12600,762,133,28,0,non_association,sampled_union_space
12601,661,42,18,0,non_association,sampled_union_space
12602,44,86,2,0,non_association,sampled_union_space
12603,394,120,12,0,non_association,sampled_union_space
12604,1279,11,17,0,non_association,sampled_union_space
12605,157,95,6,0,non_association,sampled_union_space
12606,4,19,17,0,non_association,sampled_union_space
12607,566,83,6,0,non_association,sampled_union_space
12608,874,29,17,0,non_association,sampled_union_space
12609,1122,39,42,0,non_association,sampled_union_space
12610,679,126,18,0,non_association,sampled_union_space
12611,1075,83,24,0,non_association,sampled_union_space
12612,1165,71,6,0,non_association,sampled_union_space
12613,1073,134,23,0,non_association,sampled_union_space
12614,1073,42,0,0,non_association,sampled_union_space
12615,213,82,22,0,non_association,sampled_union_space
12616,112,136,22,0,non_association,sampled_union_space
12617,68,141,10,0,non_association,sampled_union_space
12618,1262,77,18,0,non_association,sampled_union_space
12619,972,101,17,0,non_association,sampled_union_space
12620,968,132,17,0,non_association,sampled_union_space
12621,56,13,17,0,non_association,sampled_union_space
12622,8,108,2,0,non_association,sampled_union_space
12623,16,65,2,0,non_association,sampled_union_space
12624,547,71,12,0,non_association,sampled_union_space
12625,741,15,22,0,non_association,sampled_union_space
12626,1287,54,2,0,non_association,sampled_union_space
12627,552,99,47,0,non_association,sampled_union_space
12628,777,145,17,0,non_association,sampled_union_space
12629,1039,124,23,0,non_association,sampled_union_space
12630,1451,130,38,0,non_association,sampled_union_space
12631,390,99,5,0,non_association,sampled_union_space
12632,642,94,6,0,non_association,sampled_union_space
12633,68,5,41,0,non_association,sampled_union_space
12634,1007,48,6,0,non_association,sampled_union_space
12635,814,135,22,0,non_association,sampled_union_space
12636,501,77,22,0,non_association,sampled_union_space
12637,907,111,24,0,non_association,sampled_union_space
12638,889,147,6,0,non_association,sampled_union_space
12639,369,120,12,0,non_association,sampled_union_space
12640,1051,74,26,0,non_association,sampled_union_space
12641,492,84,28,0,non_association,sampled_union_space
12642,207,88,28,0,non_association,sampled_union_space
12643,369,143,28,0,non_association,sampled_union_space
12644,1099,96,24,0,non_association,sampled_union_space
12645,530,59,12,0,non_association,sampled_union_space
12646,740,62,2,0,non_association,sampled_union_space
12647,1229,61,2,0,non_association,sampled_union_space
12648,1417,38,54,0,non_association,sampled_union_space
12649,250,77,23,0,non_association,sampled_union_space
12650,1260,45,23,0,non_association,sampled_union_space
12651,86,71,12,0,non_association,sampled_union_space
12652,1359,148,14,0,non_association,sampled_union_space
12653,387,17,26,0,non_association,sampled_union_space
12654,1335,101,32,0,non_association,sampled_union_space
12655,1443,92,17,0,non_association,sampled_union_space
12656,198,104,28,0,non_association,sampled_union_space
12657,1017,50,17,0,non_association,sampled_union_space
12658,1316,71,17,0,non_association,sampled_union_space
12659,1449,29,15,0,non_association,sampled_union_space
12660,928,90,17,0,non_association,sampled_union_space
12661,946,89,6,0,non_association,sampled_union_space
12662,78,86,23,0,non_association,sampled_union_space
12663,1069,20,17,0,non_association,sampled_union_space
12664,884,4,2,0,non_association,sampled_union_space
12665,875,74,12,0,non_association,sampled_union_space
12666,1319,72,12,0,non_association,sampled_union_space
12667,346,55,2,0,non_association,sampled_union_space
12668,748,65,6,0,non_association,sampled_union_space
12669,704,75,12,0,non_association,sampled_union_space
12670,1258,126,26,0,non_association,sampled_union_space
12671,641,127,17,0,non_association,sampled_union_space
12672,654,70,17,0,non_association,sampled_union_space
12673,170,28,22,0,non_association,sampled_union_space
12674,1183,54,42,0,non_association,sampled_union_space
12675,1085,65,51,0,non_association,sampled_union_space
12676,911,61,18,0,non_association,sampled_union_space
12677,1385,78,17,0,non_association,sampled_union_space
12678,217,113,24,0,non_association,sampled_union_space
12679,470,106,2,0,non_association,sampled_union_space
12680,99,84,6,0,non_association,sampled_union_space
12681,16,117,47,0,non_association,sampled_union_space
12682,845,84,17,0,non_association,sampled_union_space
12683,352,56,23,0,non_association,sampled_union_space
12684,971,44,12,0,non_association,sampled_union_space
12685,363,1,2,0,non_association,sampled_union_space
12686,489,35,22,0,non_association,sampled_union_space
12687,949,42,22,0,non_association,sampled_union_space
12688,199,59,17,0,non_association,sampled_union_space
12689,726,119,12,0,non_association,sampled_union_space
12690,800,42,25,0,non_association,sampled_union_space
12691,1108,95,18,0,non_association,sampled_union_space
12692,340,143,12,0,non_association,sampled_union_space
12693,1125,43,17,0,non_association,sampled_union_space
12694,1272,131,8,0,non_association,sampled_union_space
12695,767,5,2,0,non_association,sampled_union_space
12696,334,34,6,0,non_association,sampled_union_space
12697,426,68,15,0,non_association,sampled_union_space
12698,1176,29,2,0,non_association,sampled_union_space
12699,673,91,21,0,non_association,sampled_union_space
12700,546,76,5,0,non_association,sampled_union_space
12701,574,104,30,0,non_association,sampled_union_space
12702,425,68,26,0,non_association,sampled_union_space
12703,325,11,17,0,non_association,sampled_union_space
12704,436,39,18,0,non_association,sampled_union_space
12705,1439,78,22,0,non_association,sampled_union_space
12706,595,37,22,0,non_association,sampled_union_space
12707,516,122,21,0,non_association,sampled_union_space
12708,1090,5,17,0,non_association,sampled_union_space
12709,859,5,2,0,non_association,sampled_union_space
12710,755,8,24,0,non_association,sampled_union_space
12711,222,73,6,0,non_association,sampled_union_space
12712,325,20,6,0,non_association,sampled_union_space
12713,1064,126,12,0,non_association,sampled_union_space
12714,1393,87,26,0,non_association,sampled_union_space
12715,1197,3,26,0,non_association,sampled_union_space
12716,770,13,2,0,non_association,sampled_union_space
12717,484,49,17,0,non_association,sampled_union_space
12718,961,120,0,0,non_association,sampled_union_space
12719,963,106,49,0,non_association,sampled_union_space
12720,1489,129,38,0,non_association,sampled_union_space
12721,1425,143,6,0,non_association,sampled_union_space
12722,259,52,6,0,non_association,sampled_union_space
12723,739,21,26,0,non_association,sampled_union_space
12724,269,59,22,0,non_association,sampled_union_space
12725,440,5,22,0,non_association,sampled_union_space
12726,1280,129,32,0,non_association,sampled_union_space
12727,735,80,12,0,non_association,sampled_union_space
12728,442,101,10,0,non_association,sampled_union_space
12729,217,89,18,0,non_association,sampled_union_space
12730,664,58,28,0,non_association,sampled_union_space
12731,1253,48,18,0,non_association,sampled_union_space
12732,923,65,0,0,non_association,sampled_union_space
12733,1310,109,17,0,non_association,sampled_union_space
12734,1001,86,6,0,non_association,sampled_union_space
12735,1324,56,22,0,non_association,sampled_union_space
12736,1338,110,6,0,non_association,sampled_union_space
12737,238,53,6,0,non_association,sampled_union_space
12738,444,24,38,0,non_association,sampled_union_space
12739,1043,122,6,0,non_association,sampled_union_space
12740,593,15,6,0,non_association,sampled_union_space
12741,580,104,26,0,non_association,sampled_union_space
12742,87,144,26,0,non_association,sampled_union_space
12743,87,148,6,0,non_association,sampled_union_space
12744,447,90,12,0,non_association,sampled_union_space
12745,499,138,17,0,non_association,sampled_union_space
12746,674,9,17,0,non_association,sampled_union_space
12747,1341,134,22,0,non_association,sampled_union_space
12748,1168,72,22,0,non_association,sampled_union_space
12749,919,114,31,0,non_association,sampled_union_space
12750,964,26,35,0,non_association,sampled_union_space
12751,1254,92,18,0,non_association,sampled_union_space
12752,357,77,2,0,non_association,sampled_union_space
12753,598,54,26,0,non_association,sampled_union_space
12754,928,43,17,0,non_association,sampled_union_space
12755,560,115,23,0,non_association,sampled_union_space
12756,483,31,22,0,non_association,sampled_union_space
12757,1115,1,2,0,non_association,sampled_union_space
12758,404,104,22,0,non_association,sampled_union_space
12759,979,104,12,0,non_association,sampled_union_space
12760,111,58,24,0,non_association,sampled_union_space
12761,1471,92,2,0,non_association,sampled_union_space
12762,1203,140,18,0,non_association,sampled_union_space
12763,905,76,16,0,non_association,sampled_union_space
12764,711,63,17,0,non_association,sampled_union_space
12765,28,86,18,0,non_association,sampled_union_space
12766,1157,132,2,0,non_association,sampled_union_space
12767,264,132,26,0,non_association,sampled_union_space
12768,696,2,21,0,non_association,sampled_union_space
12769,1473,145,2,0,non_association,sampled_union_space
12770,1297,53,26,0,non_association,sampled_union_space
12771,885,142,2,0,non_association,sampled_union_space
12772,613,54,57,0,non_association,sampled_union_space
12773,124,51,17,0,non_association,sampled_union_space
12774,590,39,18,0,non_association,sampled_union_space
12775,1416,149,18,0,non_association,sampled_union_space
12776,912,115,24,0,non_association,sampled_union_space
12777,1388,19,12,0,non_association,sampled_union_space
12778,1292,146,13,0,non_association,sampled_union_space
12779,1212,131,6,0,non_association,sampled_union_space
12780,1019,1,23,0,non_association,sampled_union_space
12781,1435,18,57,0,non_association,sampled_union_space
12782,103,84,23,0,non_association,sampled_union_space
12783,276,146,6,0,non_association,sampled_union_space
12784,858,107,6,0,non_association,sampled_union_space
12785,1195,69,22,0,non_association,sampled_union_space
12786,1161,2,25,0,non_association,sampled_union_space
12787,778,37,2,0,non_association,sampled_union_space
12788,996,59,2,0,non_association,sampled_union_space
12789,1351,124,10,0,non_association,sampled_union_space
12790,439,123,26,0,non_association,sampled_union_space
12791,240,80,18,0,non_association,sampled_union_space
12792,144,91,30,0,non_association,sampled_union_space
12793,23,80,18,0,non_association,sampled_union_space
12794,1362,82,26,0,non_association,sampled_union_space
12795,469,149,17,0,non_association,sampled_union_space
12796,444,26,26,0,non_association,sampled_union_space
12797,509,115,37,0,non_association,sampled_union_space
12798,169,42,19,0,non_association,sampled_union_space
12799,1457,95,15,0,non_association,sampled_union_space
12800,1101,125,28,0,non_association,sampled_union_space
12801,258,131,26,0,non_association,sampled_union_space
12802,732,103,18,0,non_association,sampled_union_space
12803,407,20,26,0,non_association,sampled_union_space
12804,659,122,2,0,non_association,sampled_union_space
12805,1198,111,2,0,non_association,sampled_union_space
12806,668,52,5,0,non_association,sampled_union_space
12807,827,5,6,0,non_association,sampled_union_space
12808,293,132,26,0,non_association,sampled_union_space
12809,994,67,17,0,non_association,sampled_union_space
12810,1133,5,22,0,non_association,sampled_union_space
12811,311,129,2,0,non_association,sampled_union_space
12812,420,119,6,0,non_association,sampled_union_space
12813,1383,75,22,0,non_association,sampled_union_space
12814,117,73,17,0,non_association,sampled_union_space
12815,420,69,2,0,non_association,sampled_union_space
12816,633,16,22,0,non_association,sampled_union_space
12817,580,97,22,0,non_association,sampled_union_space
12818,1458,57,26,0,non_association,sampled_union_space
12819,528,78,25,0,non_association,sampled_union_space
12820,1438,121,2,0,non_association,sampled_union_space
12821,1145,55,18,0,non_association,sampled_union_space
12822,260,61,18,0,non_association,sampled_union_space
12823,948,72,12,0,non_association,sampled_union_space
12824,433,90,26,0,non_association,sampled_union_space
12825,813,130,2,0,non_association,sampled_union_space
12826,1369,99,18,0,non_association,sampled_union_space
12827,717,139,18,0,non_association,sampled_union_space
12828,360,99,17,0,non_association,sampled_union_space
12829,1325,52,6,0,non_association,sampled_union_space
12830,688,62,17,0,non_association,sampled_union_space
12831,504,56,2,0,non_association,sampled_union_space
12832,790,91,22,0,non_association,sampled_union_space
12833,191,33,2,0,non_association,sampled_union_space
12834,587,133,18,0,non_association,sampled_union_space
12835,223,83,29,0,non_association,sampled_union_space
12836,988,22,2,0,non_association,sampled_union_space
12837,506,6,23,0,non_association,sampled_union_space
12838,862,37,23,0,non_association,sampled_union_space
12839,310,52,18,0,non_association,sampled_union_space
12840,537,56,18,0,non_association,sampled_union_space
12841,1278,134,22,0,non_association,sampled_union_space
12842,868,138,12,0,non_association,sampled_union_space
12843,1435,55,2,0,non_association,sampled_union_space
12844,1166,129,22,0,non_association,sampled_union_space
12845,1161,91,35,0,non_association,sampled_union_space
12846,1069,71,23,0,non_association,sampled_union_space
12847,724,49,15,0,non_association,sampled_union_space
12848,1222,52,18,0,non_association,sampled_union_space
12849,1318,117,18,0,non_association,sampled_union_space
12850,783,125,2,0,non_association,sampled_union_space
12851,910,129,17,0,non_association,sampled_union_space
12852,1492,89,37,0,non_association,sampled_union_space
12853,24,128,23,0,non_association,sampled_union_space
12854,100,24,23,0,non_association,sampled_union_space
12855,515,97,18,0,non_association,sampled_union_space
12856,469,9,18,0,non_association,sampled_union_space
12857,40,123,17,0,non_association,sampled_union_space
12858,1208,106,2,0,non_association,sampled_union_space
12859,120,41,15,0,non_association,sampled_union_space
12860,621,129,22,0,non_association,sampled_union_space
12861,385,95,26,0,non_association,sampled_union_space
12862,602,71,2,0,non_association,sampled_union_space
12863,571,101,2,0,non_association,sampled_union_space
12864,203,6,6,0,non_association,sampled_union_space
12865,887,86,28,0,non_association,sampled_union_space
12866,489,18,10,0,non_association,sampled_union_space
12867,270,91,18,0,non_association,sampled_union_space
12868,1176,99,18,0,non_association,sampled_union_space
12869,1205,103,22,0,non_association,sampled_union_space
12870,249,116,21,0,non_association,sampled_union_space
12871,1060,16,22,0,non_association,sampled_union_space
12872,1253,115,21,0,non_association,sampled_union_space
12873,706,42,2,0,non_association,sampled_union_space
12874,699,147,21,0,non_association,sampled_union_space
12875,811,32,22,0,non_association,sampled_union_space
12876,81,29,64,0,non_association,sampled_union_space
12877,1172,17,18,0,non_association,sampled_union_space
12878,961,31,37,0,non_association,sampled_union_space
12879,1114,140,18,0,non_association,sampled_union_space
12880,65,6,18,0,non_association,sampled_union_space
12881,1091,37,39,0,non_association,sampled_union_space
12882,530,85,2,0,non_association,sampled_union_space
12883,581,39,2,0,non_association,sampled_union_space
12884,885,93,6,0,non_association,sampled_union_space
12885,501,20,12,0,non_association,sampled_union_space
12886,1101,110,6,0,non_association,sampled_union_space
12887,1058,50,21,0,non_association,sampled_union_space
12888,475,35,22,0,non_association,sampled_union_space
12889,841,101,5,0,non_association,sampled_union_space
12890,671,121,22,0,non_association,sampled_union_space
12891,1470,130,6,0,non_association,sampled_union_space
12892,800,66,5,0,non_association,sampled_union_space
12893,648,133,21,0,non_association,sampled_union_space
12894,1462,143,22,0,non_association,sampled_union_space
12895,106,92,22,0,non_association,sampled_union_space
12896,1389,149,31,0,non_association,sampled_union_space
12897,857,66,2,0,non_association,sampled_union_space
12898,710,125,18,0,non_association,sampled_union_space
12899,1388,19,26,0,non_association,sampled_union_space
12900,323,128,21,0,non_association,sampled_union_space
12901,355,17,38,0,non_association,sampled_union_space
12902,33,40,36,0,non_association,sampled_union_space
12903,180,39,17,0,non_association,sampled_union_space
12904,567,58,2,0,non_association,sampled_union_space
12905,589,38,17,0,non_association,sampled_union_space
12906,308,83,31,0,non_association,sampled_union_space
12907,401,72,24,0,non_association,sampled_union_space
12908,1146,14,26,0,non_association,sampled_union_space
12909,602,8,32,0,non_association,sampled_union_space
12910,123,129,12,0,non_association,sampled_union_space
12911,1159,16,25,0,non_association,sampled_union_space
12912,1012,105,2,0,non_association,sampled_union_space
12913,326,135,10,0,non_association,sampled_union_space
12914,558,80,2,0,non_association,sampled_union_space
12915,1333,12,2,0,non_association,sampled_union_space
12916,925,143,2,0,non_association,sampled_union_space
12917,1473,57,17,0,non_association,sampled_union_space
12918,925,115,17,0,non_association,sampled_union_space
12919,1376,94,22,0,non_association,sampled_union_space
12920,60,121,35,0,non_association,sampled_union_space
12921,692,11,18,0,non_association,sampled_union_space
12922,976,82,28,0,non_association,sampled_union_space
12923,1343,124,18,0,non_association,sampled_union_space
12924,943,71,2,0,non_association,sampled_union_space
12925,584,129,6,0,non_association,sampled_union_space
12926,996,35,5,0,non_association,sampled_union_space
12927,980,97,22,0,non_association,sampled_union_space
12928,1121,13,2,0,non_association,sampled_union_space
12929,720,72,6,0,non_association,sampled_union_space
12930,453,16,6,0,non_association,sampled_union_space
12931,399,67,29,0,non_association,sampled_union_space
12932,23,76,6,0,non_association,sampled_union_space
12933,322,49,6,0,non_association,sampled_union_space
12934,184,53,27,0,non_association,sampled_union_space
12935,117,4,12,0,non_association,sampled_union_space
12936,1447,3,2,0,non_association,sampled_union_space
12937,1033,134,15,0,non_association,sampled_union_space
12938,825,66,2,0,non_association,sampled_union_space
12939,1098,45,17,0,non_association,sampled_union_space
12940,589,14,18,0,non_association,sampled_union_space
12941,965,17,2,0,non_association,sampled_union_space
12942,1056,44,26,0,non_association,sampled_union_space
12943,622,14,15,0,non_association,sampled_union_space
12944,291,66,19,0,non_association,sampled_union_space
12945,557,65,22,0,non_association,sampled_union_space
12946,168,69,17,0,non_association,sampled_union_space
12947,1474,140,22,0,non_association,sampled_union_space
12948,1286,19,22,0,non_association,sampled_union_space
12949,216,118,17,0,non_association,sampled_union_space
12950,812,65,26,0,non_association,sampled_union_space
12951,985,4,18,0,non_association,sampled_union_space
12952,1299,15,45,0,non_association,sampled_union_space
12953,1247,139,2,0,non_association,sampled_union_space
12954,1078,56,10,0,non_association,sampled_union_space
12955,886,58,26,0,non_association,sampled_union_space
12956,1392,70,23,0,non_association,sampled_union_space
12957,757,51,17,0,non_association,sampled_union_space
12958,1322,50,23,0,non_association,sampled_union_space
12959,1266,28,23,0,non_association,sampled_union_space
12960,140,41,49,0,non_association,sampled_union_space
12961,223,142,6,0,non_association,sampled_union_space
12962,873,127,2,0,non_association,sampled_union_space
12963,927,103,15,0,non_association,sampled_union_space
12964,626,13,35,0,non_association,sampled_union_space
12965,1097,136,17,0,non_association,sampled_union_space
12966,1064,38,22,0,non_association,sampled_union_space
12967,226,115,12,0,non_association,sampled_union_space
12968,1266,108,30,0,non_association,sampled_union_space
12969,1292,104,15,0,non_association,sampled_union_space
12970,1439,61,18,0,non_association,sampled_union_space
12971,280,113,26,0,non_association,sampled_union_space
12972,364,56,2,0,non_association,sampled_union_space
12973,807,37,18,0,non_association,sampled_union_space
12974,704,58,26,0,non_association,sampled_union_space
12975,435,42,6,0,non_association,sampled_union_space
12976,307,137,2,0,non_association,sampled_union_space
12977,107,53,24,0,non_association,sampled_union_space
12978,718,108,2,0,non_association,sampled_union_space
12979,430,72,6,0,non_association,sampled_union_space
12980,1120,93,6,0,non_association,sampled_union_space
12981,840,96,23,0,non_association,sampled_union_space
12982,168,110,23,0,non_association,sampled_union_space
12983,195,51,23,0,non_association,sampled_union_space
12984,1313,86,6,0,non_association,sampled_union_space
12985,488,64,12,0,non_association,sampled_union_space
12986,91,128,6,0,non_association,sampled_union_space
12987,234,46,2,0,non_association,sampled_union_space
12988,699,29,6,0,non_association,sampled_union_space
12989,1277,55,2,0,non_association,sampled_union_space
12990,121,24,2,0,non_association,sampled_union_space
12991,329,123,26,0,non_association,sampled_union_space
12992,718,99,19,0,non_association,sampled_union_space
12993,1480,5,8,0,non_association,sampled_union_space
12994,1228,106,17,0,non_association,sampled_union_space
12995,731,80,22,0,non_association,sampled_union_space
12996,944,132,18,0,non_association,sampled_union_space
12997,505,120,31,0,non_association,sampled_union_space
12998,341,63,26,0,non_association,sampled_union_space
12999,1186,112,45,0,non_association,sampled_union_space
13000,1231,113,2,0,non_association,sampled_union_space
13001,957,14,5,0,non_association,sampled_union_space
13002,871,74,6,0,non_association,sampled_union_space
13003,1180,86,23,0,non_association,sampled_union_space
13004,1181,16,26,0,non_association,sampled_union_space
13005,1003,41,23,0,non_association,sampled_union_space
13006,1344,146,17,0,non_association,sampled_union_space
13007,146,65,17,0,non_association,sampled_union_space
13008,408,79,22,0,non_association,sampled_union_space
13009,1445,89,6,0,non_association,sampled_union_space
13010,1279,38,2,0,non_association,sampled_union_space
13011,894,5,15,0,non_association,sampled_union_space
13012,1485,22,2,0,non_association,sampled_union_space
13013,571,133,24,0,non_association,sampled_union_space
13014,1176,43,38,0,non_association,sampled_union_space
13015,287,48,28,0,non_association,sampled_union_space
13016,1214,147,18,0,non_association,sampled_union_space
13017,1010,142,26,0,non_association,sampled_union_space
13018,552,41,2,0,non_association,sampled_union_space
13019,511,6,18,0,non_association,sampled_union_space
13020,7,91,17,0,non_association,sampled_union_space
13021,696,93,26,0,non_association,sampled_union_space
13022,431,3,2,0,non_association,sampled_union_space
13023,648,12,26,0,non_association,sampled_union_space
13024,815,100,12,0,non_association,sampled_union_space
13025,1154,80,37,0,non_association,sampled_union_space
13026,371,98,2,0,non_association,sampled_union_space
13027,412,115,12,0,non_association,sampled_union_space
13028,943,22,17,0,non_association,sampled_union_space
13029,237,9,22,0,non_association,sampled_union_space
13030,1247,91,35,0,non_association,sampled_union_space
13031,540,18,42,0,non_association,sampled_union_space
13032,1135,119,47,0,non_association,sampled_union_space
13033,882,77,12,0,non_association,sampled_union_space
13034,1001,56,2,0,non_association,sampled_union_space
13035,485,19,24,0,non_association,sampled_union_space
13036,656,122,17,0,non_association,sampled_union_space
13037,1071,119,2,0,non_association,sampled_union_space
13038,979,136,12,0,non_association,sampled_union_space
13039,1294,46,23,0,non_association,sampled_union_space
13040,1377,106,26,0,non_association,sampled_union_space
13041,78,50,15,0,non_association,sampled_union_space
13042,1392,119,17,0,non_association,sampled_union_space
13043,481,35,2,0,non_association,sampled_union_space
13044,769,73,23,0,non_association,sampled_union_space
13045,215,94,15,0,non_association,sampled_union_space
13046,273,87,17,0,non_association,sampled_union_space
13047,1318,82,6,0,non_association,sampled_union_space
13048,855,39,6,0,non_association,sampled_union_space
13049,1394,2,2,0,non_association,sampled_union_space
13050,516,117,22,0,non_association,sampled_union_space
13051,742,41,22,0,non_association,sampled_union_space
13052,147,27,26,0,non_association,sampled_union_space
13053,955,126,25,0,non_association,sampled_union_space
13054,1453,146,2,0,non_association,sampled_union_space
13055,683,105,6,0,non_association,sampled_union_space
13056,1295,52,24,0,non_association,sampled_union_space
13057,1178,104,36,0,non_association,sampled_union_space
13058,316,138,6,0,non_association,sampled_union_space
13059,154,91,17,0,non_association,sampled_union_space
13060,662,142,21,0,non_association,sampled_union_space
13061,1379,60,42,0,non_association,sampled_union_space
13062,141,9,26,0,non_association,sampled_union_space
13063,987,110,23,0,non_association,sampled_union_space
13064,549,39,26,0,non_association,sampled_union_space
13065,1081,112,2,0,non_association,sampled_union_space
13066,689,40,2,0,non_association,sampled_union_space
13067,532,118,30,0,non_association,sampled_union_space
13068,427,59,37,0,non_association,sampled_union_space
13069,463,15,2,0,non_association,sampled_union_space
13070,801,66,18,0,non_association,sampled_union_space
13071,876,136,2,0,non_association,sampled_union_space
13072,1072,75,2,0,non_association,sampled_union_space
13073,1142,11,12,0,non_association,sampled_union_space
13074,1367,30,17,0,non_association,sampled_union_space
13075,1432,124,22,0,non_association,sampled_union_space
13076,136,72,30,0,non_association,sampled_union_space
13077,933,137,36,0,non_association,sampled_union_space
13078,1245,129,42,0,non_association,sampled_union_space
13079,356,39,47,0,non_association,sampled_union_space
13080,555,118,49,0,non_association,sampled_union_space
13081,230,83,47,0,non_association,sampled_union_space
13082,670,34,12,0,non_association,sampled_union_space
13083,815,109,2,0,non_association,sampled_union_space
13084,1053,103,15,0,non_association,sampled_union_space
13085,751,130,17,0,non_association,sampled_union_space
13086,1229,30,24,0,non_association,sampled_union_space
13087,1427,134,17,0,non_association,sampled_union_space
13088,1299,118,30,0,non_association,sampled_union_space
13089,10,135,6,0,non_association,sampled_union_space
13090,1338,126,37,0,non_association,sampled_union_space
13091,1333,44,23,0,non_association,sampled_union_space
13092,508,117,2,0,non_association,sampled_union_space
13093,797,44,17,0,non_association,sampled_union_space
13094,1007,18,23,0,non_association,sampled_union_space
13095,1167,29,23,0,non_association,sampled_union_space
13096,86,135,30,0,non_association,sampled_union_space
13097,474,29,49,0,non_association,sampled_union_space
13098,646,97,6,0,non_association,sampled_union_space
13099,717,36,6,0,non_association,sampled_union_space
13100,888,120,18,0,non_association,sampled_union_space
13101,809,6,22,0,non_association,sampled_union_space
13102,639,136,24,0,non_association,sampled_union_space
13103,813,75,17,0,non_association,sampled_union_space
13104,1335,3,2,0,non_association,sampled_union_space
13105,363,66,22,0,non_association,sampled_union_space
13106,1003,19,22,0,non_association,sampled_union_space
13107,583,115,36,0,non_association,sampled_union_space
13108,193,139,42,0,non_association,sampled_union_space
13109,593,27,6,0,non_association,sampled_union_space
13110,458,25,49,0,non_association,sampled_union_space
13111,1427,101,2,0,non_association,sampled_union_space
13112,414,134,23,0,non_association,sampled_union_space
13113,822,50,32,0,non_association,sampled_union_space
13114,1364,19,26,0,non_association,sampled_union_space
13115,338,125,15,0,non_association,sampled_union_space
13116,1193,24,26,0,non_association,sampled_union_space
13117,330,73,2,0,non_association,sampled_union_space
13118,418,30,22,0,non_association,sampled_union_space
13119,589,20,8,0,non_association,sampled_union_space
13120,85,40,26,0,non_association,sampled_union_space
13121,1192,78,22,0,non_association,sampled_union_space
13122,117,98,2,0,non_association,sampled_union_space
13123,643,53,6,0,non_association,sampled_union_space
13124,389,106,6,0,non_association,sampled_union_space
13125,106,19,8,0,non_association,sampled_union_space
13126,539,31,12,0,non_association,sampled_union_space
13127,913,31,18,0,non_association,sampled_union_space
13128,332,139,21,0,non_association,sampled_union_space
13129,1135,19,22,0,non_association,sampled_union_space
13130,537,86,22,0,non_association,sampled_union_space
13131,1456,63,25,0,non_association,sampled_union_space
13132,296,143,26,0,non_association,sampled_union_space
13133,156,137,36,0,non_association,sampled_union_space
13134,1122,105,2,0,non_association,sampled_union_space
13135,354,131,17,0,non_association,sampled_union_space
13136,1167,13,2,0,non_association,sampled_union_space
13137,438,91,18,0,non_association,sampled_union_space
13138,481,23,2,0,non_association,sampled_union_space
13139,848,0,24,0,non_association,sampled_union_space
13140,889,5,26,0,non_association,sampled_union_space
13141,1349,119,17,0,non_association,sampled_union_space
13142,13,143,2,0,non_association,sampled_union_space
13143,258,141,2,0,non_association,sampled_union_space
13144,914,123,21,0,non_association,sampled_union_space
13145,1396,115,6,0,non_association,sampled_union_space
13146,51,97,17,0,non_association,sampled_union_space
13147,1316,115,26,0,non_association,sampled_union_space
13148,250,46,2,0,non_association,sampled_union_space
13149,810,126,17,0,non_association,sampled_union_space
13150,1161,8,17,0,non_association,sampled_union_space
13151,433,20,23,0,non_association,sampled_union_space
13152,400,113,49,0,non_association,sampled_union_space
13153,910,13,2,0,non_association,sampled_union_space
13154,816,69,15,0,non_association,sampled_union_space
13155,779,127,21,0,non_association,sampled_union_space
13156,308,47,22,0,non_association,sampled_union_space
13157,971,137,17,0,non_association,sampled_union_space
13158,1095,114,6,0,non_association,sampled_union_space
13159,1458,30,6,0,non_association,sampled_union_space
13160,435,93,26,0,non_association,sampled_union_space
13161,1071,66,2,0,non_association,sampled_union_space
13162,345,72,15,0,non_association,sampled_union_space
13163,704,106,17,0,non_association,sampled_union_space
13164,563,113,36,0,non_association,sampled_union_space
13165,434,142,24,0,non_association,sampled_union_space
13166,5,96,24,0,non_association,sampled_union_space
13167,647,22,26,0,non_association,sampled_union_space
13168,1222,117,36,0,non_association,sampled_union_space
13169,1164,124,2,0,non_association,sampled_union_space
13170,1051,107,2,0,non_association,sampled_union_space
13171,1294,131,22,0,non_association,sampled_union_space
13172,1323,125,18,0,non_association,sampled_union_space
13173,48,142,26,0,non_association,sampled_union_space
13174,1345,53,36,0,non_association,sampled_union_space
13175,314,102,2,0,non_association,sampled_union_space
13176,853,101,24,0,non_association,sampled_union_space
13177,1318,137,2,0,non_association,sampled_union_space
13178,1317,57,36,0,non_association,sampled_union_space
13179,269,20,12,0,non_association,sampled_union_space
13180,983,81,6,0,non_association,sampled_union_space
13181,436,41,23,0,non_association,sampled_union_space
13182,199,69,2,0,non_association,sampled_union_space
13183,1250,29,23,0,non_association,sampled_union_space
13184,1442,87,17,0,non_association,sampled_union_space
13185,1200,28,21,0,non_association,sampled_union_space
13186,294,146,2,0,non_association,sampled_union_space
13187,1327,138,22,0,non_association,sampled_union_space
13188,1096,56,35,0,non_association,sampled_union_space
13189,918,112,18,0,non_association,sampled_union_space
13190,461,0,6,0,non_association,sampled_union_space
13191,1262,121,18,0,non_association,sampled_union_space
13192,792,139,18,0,non_association,sampled_union_space
13193,584,0,18,0,non_association,sampled_union_space
13194,525,62,18,0,non_association,sampled_union_space
13195,880,108,22,0,non_association,sampled_union_space
13196,1286,141,2,0,non_association,sampled_union_space
13197,191,121,17,0,non_association,sampled_union_space
13198,737,104,12,0,non_association,sampled_union_space
13199,441,101,21,0,non_association,sampled_union_space
13200,1318,108,2,0,non_association,sampled_union_space
13201,1116,82,6,0,non_association,sampled_union_space
13202,1293,92,12,0,non_association,sampled_union_space
13203,484,118,17,0,non_association,sampled_union_space
13204,1222,8,17,0,non_association,sampled_union_space
13205,33,69,21,0,non_association,sampled_union_space
13206,114,22,6,0,non_association,sampled_union_space
13207,376,62,23,0,non_association,sampled_union_space
13208,581,49,26,0,non_association,sampled_union_space
13209,1055,67,47,0,non_association,sampled_union_space
13210,419,28,49,0,non_association,sampled_union_space
13211,502,91,51,0,non_association,sampled_union_space
13212,42,16,2,0,non_association,sampled_union_space
13213,887,0,2,0,non_association,sampled_union_space
13214,1044,25,24,0,non_association,sampled_union_space
13215,279,117,2,0,non_association,sampled_union_space
13216,758,18,5,0,non_association,sampled_union_space
13217,1463,28,5,0,non_association,sampled_union_space
13218,1474,99,6,0,non_association,sampled_union_space
13219,0,31,26,0,non_association,sampled_union_space
13220,1443,35,47,0,non_association,sampled_union_space
13221,924,31,2,0,non_association,sampled_union_space
13222,872,24,17,0,non_association,sampled_union_space
13223,1313,100,17,0,non_association,sampled_union_space
13224,1355,14,23,0,non_association,sampled_union_space
13225,223,11,49,0,non_association,sampled_union_space
13226,750,22,2,0,non_association,sampled_union_space
13227,560,124,23,0,non_association,sampled_union_space
13228,350,129,17,0,non_association,sampled_union_space
13229,232,32,21,0,non_association,sampled_union_space
13230,188,68,22,0,non_association,sampled_union_space
13231,205,124,2,0,non_association,sampled_union_space
13232,377,125,5,0,non_association,sampled_union_space
13233,690,78,6,0,non_association,sampled_union_space
13234,688,95,22,0,non_association,sampled_union_space
13235,723,25,24,0,non_association,sampled_union_space
13236,514,87,13,0,non_association,sampled_union_space
13237,453,18,2,0,non_association,sampled_union_space
13238,183,113,22,0,non_association,sampled_union_space
13239,216,8,23,0,non_association,sampled_union_space
13240,143,12,26,0,non_association,sampled_union_space
13241,646,93,17,0,non_association,sampled_union_space
13242,1314,57,6,0,non_association,sampled_union_space
13243,142,41,23,0,non_association,sampled_union_space
13244,967,45,17,0,non_association,sampled_union_space
13245,1460,22,17,0,non_association,sampled_union_space
13246,176,70,18,0,non_association,sampled_union_space
13247,999,148,2,0,non_association,sampled_union_space
13248,20,24,18,0,non_association,sampled_union_space
13249,1424,107,2,0,non_association,sampled_union_space
13250,110,21,6,0,non_association,sampled_union_space
13251,1295,75,17,0,non_association,sampled_union_space
13252,1020,34,22,0,non_association,sampled_union_space
13253,392,17,26,0,non_association,sampled_union_space
13254,1270,114,25,0,non_association,sampled_union_space
13255,155,125,31,0,non_association,sampled_union_space
13256,907,101,2,0,non_association,sampled_union_space
13257,1020,20,18,0,non_association,sampled_union_space
13258,1404,75,18,0,non_association,sampled_union_space
13259,621,34,12,0,non_association,sampled_union_space
13260,738,58,17,0,non_association,sampled_union_space
13261,1456,62,24,0,non_association,sampled_union_space
13262,1230,129,2,0,non_association,sampled_union_space
13263,253,89,39,0,non_association,sampled_union_space
13264,484,103,2,0,non_association,sampled_union_space
13265,1080,30,6,0,non_association,sampled_union_space
13266,548,108,26,0,non_association,sampled_union_space
13267,1295,75,23,0,non_association,sampled_union_space
13268,959,39,2,0,non_association,sampled_union_space
13269,1485,17,6,0,non_association,sampled_union_space
13270,95,28,26,0,non_association,sampled_union_space
13271,1175,123,22,0,non_association,sampled_union_space
13272,106,70,22,0,non_association,sampled_union_space
13273,960,13,12,0,non_association,sampled_union_space
13274,392,21,25,0,non_association,sampled_union_space
13275,278,91,28,0,non_association,sampled_union_space
13276,41,29,18,0,non_association,sampled_union_space
13277,594,132,18,0,non_association,sampled_union_space
13278,508,3,17,0,non_association,sampled_union_space
13279,773,141,18,0,non_association,sampled_union_space
13280,1048,80,17,0,non_association,sampled_union_space
13281,463,37,17,0,non_association,sampled_union_space
13282,571,64,17,0,non_association,sampled_union_space
13283,981,83,2,0,non_association,sampled_union_space
13284,1207,54,2,0,non_association,sampled_union_space
13285,1045,74,18,0,non_association,sampled_union_space
13286,731,97,18,0,non_association,sampled_union_space
13287,796,8,37,0,non_association,sampled_union_space
13288,1281,133,37,0,non_association,sampled_union_space
13289,1319,131,17,0,non_association,sampled_union_space
13290,563,20,22,0,non_association,sampled_union_space
13291,341,61,2,0,non_association,sampled_union_space
13292,938,7,10,0,non_association,sampled_union_space
13293,1005,45,2,0,non_association,sampled_union_space
13294,429,90,17,0,non_association,sampled_union_space
13295,84,11,18,0,non_association,sampled_union_space
13296,85,9,18,0,non_association,sampled_union_space
13297,933,60,29,0,non_association,sampled_union_space
13298,1189,61,24,0,non_association,sampled_union_space
13299,1178,3,37,0,non_association,sampled_union_space
13300,873,21,2,0,non_association,sampled_union_space
13301,953,145,24,0,non_association,sampled_union_space
13302,343,130,2,0,non_association,sampled_union_space
13303,1031,17,22,0,non_association,sampled_union_space
13304,1129,17,23,0,non_association,sampled_union_space
13305,429,127,2,0,non_association,sampled_union_space
13306,438,53,17,0,non_association,sampled_union_space
13307,99,96,23,0,non_association,sampled_union_space
13308,1144,120,22,0,non_association,sampled_union_space
13309,558,89,29,0,non_association,sampled_union_space
13310,1030,136,42,0,non_association,sampled_union_space
13311,328,122,23,0,non_association,sampled_union_space
13312,403,56,2,0,non_association,sampled_union_space
13313,385,18,18,0,non_association,sampled_union_space
13314,388,124,6,0,non_association,sampled_union_space
13315,1370,125,6,0,non_association,sampled_union_space
13316,138,125,2,0,non_association,sampled_union_space
13317,1385,39,2,0,non_association,sampled_union_space
13318,667,8,15,0,non_association,sampled_union_space
13319,1080,65,37,0,non_association,sampled_union_space
13320,700,133,65,0,non_association,sampled_union_space
13321,1324,129,2,0,non_association,sampled_union_space
13322,58,19,36,0,non_association,sampled_union_space
13323,1293,73,26,0,non_association,sampled_union_space
13324,613,96,2,0,non_association,sampled_union_space
13325,823,61,45,0,non_association,sampled_union_space
13326,1043,82,2,0,non_association,sampled_union_space
13327,811,121,15,0,non_association,sampled_union_space
13328,1261,21,22,0,non_association,sampled_union_space
13329,337,149,26,0,non_association,sampled_union_space
13330,1392,74,26,0,non_association,sampled_union_space
13331,1233,137,12,0,non_association,sampled_union_space
13332,728,70,6,0,non_association,sampled_union_space
13333,922,16,6,0,non_association,sampled_union_space
13334,1161,15,22,0,non_association,sampled_union_space
13335,902,27,26,0,non_association,sampled_union_space
13336,1282,89,15,0,non_association,sampled_union_space
13337,1030,4,6,0,non_association,sampled_union_space
13338,1183,136,12,0,non_association,sampled_union_space
13339,278,18,10,0,non_association,sampled_union_space
13340,1060,140,2,0,non_association,sampled_union_space
13341,1424,58,2,0,non_association,sampled_union_space
13342,1230,120,17,0,non_association,sampled_union_space
13343,449,24,27,0,non_association,sampled_union_space
13344,488,46,18,0,non_association,sampled_union_space
13345,2,33,6,0,non_association,sampled_union_space
13346,92,119,17,0,non_association,sampled_union_space
13347,264,75,6,0,non_association,sampled_union_space
13348,30,101,26,0,non_association,sampled_union_space
13349,537,104,24,0,non_association,sampled_union_space
13350,962,84,35,0,non_association,sampled_union_space
13351,192,28,6,0,non_association,sampled_union_space
13352,1349,72,26,0,non_association,sampled_union_space
13353,424,2,2,0,non_association,sampled_union_space
13354,174,50,12,0,non_association,sampled_union_space
13355,1284,29,21,0,non_association,sampled_union_space
13356,978,146,26,0,non_association,sampled_union_space
13357,1261,53,26,0,non_association,sampled_union_space
13358,162,4,21,0,non_association,sampled_union_space
13359,523,111,6,0,non_association,sampled_union_space
13360,1406,33,17,0,non_association,sampled_union_space
13361,366,16,21,0,non_association,sampled_union_space
13362,1174,54,22,0,non_association,sampled_union_space
13363,1063,5,22,0,non_association,sampled_union_space
13364,394,96,26,0,non_association,sampled_union_space
13365,1244,135,31,0,non_association,sampled_union_space
13366,235,113,18,0,non_association,sampled_union_space
13367,979,13,48,0,non_association,sampled_union_space
13368,1109,88,45,0,non_association,sampled_union_space
13369,1342,38,8,0,non_association,sampled_union_space
13370,249,96,13,0,non_association,sampled_union_space
13371,635,39,21,0,non_association,sampled_union_space
13372,912,7,6,0,non_association,sampled_union_space
13373,365,72,17,0,non_association,sampled_union_space
13374,259,131,23,0,non_association,sampled_union_space
13375,398,137,26,0,non_association,sampled_union_space
13376,494,124,41,0,non_association,sampled_union_space
13377,17,131,17,0,non_association,sampled_union_space
13378,988,106,17,0,non_association,sampled_union_space
13379,1335,3,23,0,non_association,sampled_union_space
13380,637,145,23,0,non_association,sampled_union_space
13381,958,108,21,0,non_association,sampled_union_space
13382,1460,79,6,0,non_association,sampled_union_space
13383,120,142,22,0,non_association,sampled_union_space
13384,690,104,41,0,non_association,sampled_union_space
13385,1089,30,2,0,non_association,sampled_union_space
13386,354,58,15,0,non_association,sampled_union_space
13387,1319,44,22,0,non_association,sampled_union_space
13388,55,24,24,0,non_association,sampled_union_space
13389,742,132,12,0,non_association,sampled_union_space
13390,613,2,2,0,non_association,sampled_union_space
13391,221,46,24,0,non_association,sampled_union_space
13392,317,38,28,0,non_association,sampled_union_space
13393,318,64,41,0,non_association,sampled_union_space
13394,1051,76,16,0,non_association,sampled_union_space
13395,492,143,17,0,non_association,sampled_union_space
13396,1000,139,17,0,non_association,sampled_union_space
13397,1485,5,12,0,non_association,sampled_union_space
13398,41,25,26,0,non_association,sampled_union_space
13399,1232,43,15,0,non_association,sampled_union_space
13400,214,40,26,0,non_association,sampled_union_space
13401,1409,110,32,0,non_association,sampled_union_space
13402,339,17,23,0,non_association,sampled_union_space
13403,1474,42,2,0,non_association,sampled_union_space
13404,1329,104,6,0,non_association,sampled_union_space
13405,1243,67,17,0,non_association,sampled_union_space
13406,905,98,22,0,non_association,sampled_union_space
13407,652,122,22,0,non_association,sampled_union_space
13408,630,75,17,0,non_association,sampled_union_space
13409,1126,42,24,0,non_association,sampled_union_space
13410,72,48,2,0,non_association,sampled_union_space
13411,361,122,5,0,non_association,sampled_union_space
13412,908,144,6,0,non_association,sampled_union_space
13413,735,39,23,0,non_association,sampled_union_space
13414,1195,61,17,0,non_association,sampled_union_space
13415,761,123,23,0,non_association,sampled_union_space
13416,1073,69,22,0,non_association,sampled_union_space
13417,1224,108,6,0,non_association,sampled_union_space
13418,1368,102,22,0,non_association,sampled_union_space
13419,990,25,2,0,non_association,sampled_union_space
13420,1095,50,18,0,non_association,sampled_union_space
13421,1456,37,17,0,non_association,sampled_union_space
13422,19,131,22,0,non_association,sampled_union_space
13423,1317,96,6,0,non_association,sampled_union_space
13424,104,133,17,0,non_association,sampled_union_space
13425,265,52,25,0,non_association,sampled_union_space
13426,56,94,12,0,non_association,sampled_union_space
13427,1078,110,24,0,non_association,sampled_union_space
13428,2,20,25,0,non_association,sampled_union_space
13429,822,68,18,0,non_association,sampled_union_space
13430,1181,16,12,0,non_association,sampled_union_space
13431,932,32,22,0,non_association,sampled_union_space
13432,1471,114,23,0,non_association,sampled_union_space
13433,933,127,18,0,non_association,sampled_union_space
13434,1300,27,17,0,non_association,sampled_union_space
13435,1247,66,6,0,non_association,sampled_union_space
13436,679,63,23,0,non_association,sampled_union_space
13437,1029,22,23,0,non_association,sampled_union_space
13438,138,121,2,0,non_association,sampled_union_space
13439,1009,92,23,0,non_association,sampled_union_space
13440,510,100,2,0,non_association,sampled_union_space
13441,312,96,2,0,non_association,sampled_union_space
13442,675,41,24,0,non_association,sampled_union_space
13443,603,67,17,0,non_association,sampled_union_space
13444,1125,121,2,0,non_association,sampled_union_space
13445,540,58,2,0,non_association,sampled_union_space
13446,23,110,6,0,non_association,sampled_union_space
13447,145,90,8,0,non_association,sampled_union_space
13448,1399,124,12,0,non_association,sampled_union_space
13449,1485,2,24,0,non_association,sampled_union_space
13450,865,53,26,0,non_association,sampled_union_space
13451,432,130,28,0,non_association,sampled_union_space
13452,1210,11,13,0,non_association,sampled_union_space
13453,431,134,12,0,non_association,sampled_union_space
13454,735,96,19,0,non_association,sampled_union_space
13455,458,44,17,0,non_association,sampled_union_space
13456,1199,59,28,0,non_association,sampled_union_space
13457,804,48,42,0,non_association,sampled_union_space
13458,604,90,8,0,non_association,sampled_union_space
13459,177,112,2,0,non_association,sampled_union_space
13460,1006,18,10,0,non_association,sampled_union_space
13461,1041,0,12,0,non_association,sampled_union_space
13462,370,110,12,0,non_association,sampled_union_space
13463,662,48,8,0,non_association,sampled_union_space
13464,1003,22,24,0,non_association,sampled_union_space
13465,738,63,21,0,non_association,sampled_union_space
13466,444,29,22,0,non_association,sampled_union_space
13467,305,73,6,0,non_association,sampled_union_space
13468,697,34,23,0,non_association,sampled_union_space
13469,791,15,26,0,non_association,sampled_union_space
13470,298,115,30,0,non_association,sampled_union_space
13471,861,121,31,0,non_association,sampled_union_space
13472,931,50,17,0,non_association,sampled_union_space
13473,485,96,2,0,non_association,sampled_union_space
13474,263,73,18,0,non_association,sampled_union_space
13475,1340,37,2,0,non_association,sampled_union_space
13476,1098,39,17,0,non_association,sampled_union_space
13477,1383,117,24,0,non_association,sampled_union_space
13478,494,116,26,0,non_association,sampled_union_space
13479,796,12,24,0,non_association,sampled_union_space
13480,714,5,22,0,non_association,sampled_union_space
13481,1130,139,6,0,non_association,sampled_union_space
13482,578,93,5,0,non_association,sampled_union_space
13483,722,116,5,0,non_association,sampled_union_space
13484,883,139,15,0,non_association,sampled_union_space
13485,16,140,26,0,non_association,sampled_union_space
13486,1372,107,8,0,non_association,sampled_union_space
13487,1482,58,12,0,non_association,sampled_union_space
13488,399,26,23,0,non_association,sampled_union_space
13489,976,32,25,0,non_association,sampled_union_space
13490,1125,9,14,0,non_association,sampled_union_space
13491,593,96,47,0,non_association,sampled_union_space
13492,286,58,17,0,non_association,sampled_union_space
13493,251,23,15,0,non_association,sampled_union_space
13494,75,57,17,0,non_association,sampled_union_space
13495,1255,103,2,0,non_association,sampled_union_space
13496,556,88,22,0,non_association,sampled_union_space
13497,48,38,23,0,non_association,sampled_union_space
13498,184,109,23,0,non_association,sampled_union_space
13499,438,110,6,0,non_association,sampled_union_space
13500,208,45,38,0,non_association,sampled_union_space
13501,749,94,5,0,non_association,sampled_union_space
13502,399,23,5,0,non_association,sampled_union_space
13503,841,135,6,0,non_association,sampled_union_space
13504,132,131,6,0,non_association,sampled_union_space
13505,752,115,25,0,non_association,sampled_union_space
13506,906,94,2,0,non_association,sampled_union_space
13507,1325,117,2,0,non_association,sampled_union_space
13508,829,90,15,0,non_association,sampled_union_space
13509,563,20,17,0,non_association,sampled_union_space
13510,1024,55,22,0,non_association,sampled_union_space
13511,1430,107,22,0,non_association,sampled_union_space
13512,827,96,24,0,non_association,sampled_union_space
13513,874,97,23,0,non_association,sampled_union_space
13514,492,43,26,0,non_association,sampled_union_space
13515,975,70,28,0,non_association,sampled_union_space
13516,306,98,31,0,non_association,sampled_union_space
13517,808,131,2,0,non_association,sampled_union_space
13518,686,56,25,0,non_association,sampled_union_space
13519,729,77,2,0,non_association,sampled_union_space
13520,875,106,24,0,non_association,sampled_union_space
13521,1129,139,28,0,non_association,sampled_union_space
13522,323,19,28,0,non_association,sampled_union_space
13523,1313,25,28,0,non_association,sampled_union_space
13524,58,74,18,0,non_association,sampled_union_space
13525,130,132,2,0,non_association,sampled_union_space
13526,1322,36,17,0,non_association,sampled_union_space
13527,261,3,18,0,non_association,sampled_union_space
13528,587,20,2,0,non_association,sampled_union_space
13529,154,38,25,0,non_association,sampled_union_space
13530,554,126,26,0,non_association,sampled_union_space
13531,1293,51,28,0,non_association,sampled_union_space
13532,836,54,2,0,non_association,sampled_union_space
13533,160,69,2,0,non_association,sampled_union_space
13534,548,141,12,0,non_association,sampled_union_space
13535,759,40,24,0,non_association,sampled_union_space
13536,1045,9,6,0,non_association,sampled_union_space
13537,1164,88,2,0,non_association,sampled_union_space
13538,499,37,21,0,non_association,sampled_union_space
13539,400,122,26,0,non_association,sampled_union_space
13540,235,87,35,0,non_association,sampled_union_space
13541,1037,137,18,0,non_association,sampled_union_space
13542,1261,62,35,0,non_association,sampled_union_space
13543,1432,94,0,0,non_association,sampled_union_space
13544,476,91,21,0,non_association,sampled_union_space
13545,370,122,24,0,non_association,sampled_union_space
13546,1401,77,2,0,non_association,sampled_union_space
13547,215,122,6,0,non_association,sampled_union_space
13548,151,115,22,0,non_association,sampled_union_space
13549,1166,63,26,0,non_association,sampled_union_space
13550,741,29,47,0,non_association,sampled_union_space
13551,994,92,2,0,non_association,sampled_union_space
13552,791,88,23,0,non_association,sampled_union_space
13553,1435,125,23,0,non_association,sampled_union_space
13554,1472,145,29,0,non_association,sampled_union_space
13555,398,26,5,0,non_association,sampled_union_space
13556,1317,6,2,0,non_association,sampled_union_space
13557,1266,119,41,0,non_association,sampled_union_space
13558,392,48,17,0,non_association,sampled_union_space
13559,776,50,22,0,non_association,sampled_union_space
13560,207,102,19,0,non_association,sampled_union_space
13561,782,127,32,0,non_association,sampled_union_space
13562,318,33,12,0,non_association,sampled_union_space
13563,904,18,17,0,non_association,sampled_union_space
13564,351,121,2,0,non_association,sampled_union_space
13565,231,83,24,0,non_association,sampled_union_space
13566,341,103,10,0,non_association,sampled_union_space
13567,1116,22,28,0,non_association,sampled_union_space
13568,1467,47,18,0,non_association,sampled_union_space
13569,723,52,26,0,non_association,sampled_union_space
13570,547,73,2,0,non_association,sampled_union_space
13571,104,19,15,0,non_association,sampled_union_space
13572,771,140,18,0,non_association,sampled_union_space
13573,1126,47,2,0,non_association,sampled_union_space
13574,691,45,35,0,non_association,sampled_union_space
13575,1174,37,12,0,non_association,sampled_union_space
13576,418,53,18,0,non_association,sampled_union_space
13577,582,83,49,0,non_association,sampled_union_space
13578,496,109,23,0,non_association,sampled_union_space
13579,1414,113,10,0,non_association,sampled_union_space
13580,1204,107,28,0,non_association,sampled_union_space
13581,99,46,18,0,non_association,sampled_union_space
13582,816,87,18,0,non_association,sampled_union_space
13583,643,117,23,0,non_association,sampled_union_space
13584,1444,39,23,0,non_association,sampled_union_space
13585,649,41,54,0,non_association,sampled_union_space
13586,690,123,23,0,non_association,sampled_union_space
13587,654,10,32,0,non_association,sampled_union_space
13588,1481,13,28,0,non_association,sampled_union_space
13589,809,147,17,0,non_association,sampled_union_space
13590,1321,125,17,0,non_association,sampled_union_space
13591,1045,127,35,0,non_association,sampled_union_space
13592,1250,145,17,0,non_association,sampled_union_space
13593,1354,25,12,0,non_association,sampled_union_space
13594,936,94,2,0,non_association,sampled_union_space
13595,566,53,5,0,non_association,sampled_union_space
13596,273,109,17,0,non_association,sampled_union_space
13597,1241,144,2,0,non_association,sampled_union_space
13598,1005,89,29,0,non_association,sampled_union_space
13599,1415,89,18,0,non_association,sampled_union_space
13600,704,8,17,0,non_association,sampled_union_space
13601,725,107,35,0,non_association,sampled_union_space
13602,831,81,3,0,non_association,sampled_union_space
13603,455,24,17,0,non_association,sampled_union_space
13604,452,92,17,0,non_association,sampled_union_space
13605,683,22,17,0,non_association,sampled_union_space
13606,770,111,2,0,non_association,sampled_union_space
13607,687,69,17,0,non_association,sampled_union_space
13608,189,93,26,0,non_association,sampled_union_space
13609,732,91,6,0,non_association,sampled_union_space
13610,595,68,2,0,non_association,sampled_union_space
13611,1040,35,22,0,non_association,sampled_union_space
13612,153,142,18,0,non_association,sampled_union_space
13613,726,7,2,0,non_association,sampled_union_space
13614,575,108,12,0,non_association,sampled_union_space
13615,1388,11,22,0,non_association,sampled_union_space
13616,545,130,38,0,non_association,sampled_union_space
13617,1403,19,34,0,non_association,sampled_union_space
13618,436,101,2,0,non_association,sampled_union_space
13619,1139,103,24,0,non_association,sampled_union_space
13620,271,128,22,0,non_association,sampled_union_space
13621,868,108,25,0,non_association,sampled_union_space
13622,497,138,26,0,non_association,sampled_union_space
13623,301,64,31,0,non_association,sampled_union_space
13624,1209,130,49,0,non_association,sampled_union_space
13625,675,78,51,0,non_association,sampled_union_space
13626,749,20,66,0,non_association,sampled_union_space
13627,131,107,2,0,non_association,sampled_union_space
13628,1148,88,21,0,non_association,sampled_union_space
13629,297,29,2,0,non_association,sampled_union_space
13630,514,137,5,0,non_association,sampled_union_space
13631,417,96,26,0,non_association,sampled_union_space
13632,395,146,2,0,non_association,sampled_union_space
13633,632,68,2,0,non_association,sampled_union_space
13634,1088,129,17,0,non_association,sampled_union_space
13635,1468,126,23,0,non_association,sampled_union_space
13636,1434,126,12,0,non_association,sampled_union_space
13637,997,12,49,0,non_association,sampled_union_space
13638,484,54,24,0,non_association,sampled_union_space
13639,1455,91,38,0,non_association,sampled_union_space
13640,1415,70,2,0,non_association,sampled_union_space
13641,692,78,23,0,non_association,sampled_union_space
13642,0,49,2,0,non_association,sampled_union_space
13643,934,96,12,0,non_association,sampled_union_space
13644,933,14,12,0,non_association,sampled_union_space
13645,1205,17,25,0,non_association,sampled_union_space
13646,1008,127,17,0,non_association,sampled_union_space
13647,848,3,2,0,non_association,sampled_union_space
13648,1219,76,18,0,non_association,sampled_union_space
13649,958,32,34,0,non_association,sampled_union_space
13650,525,4,2,0,non_association,sampled_union_space
13651,1237,40,2,0,non_association,sampled_union_space
13652,235,61,22,0,non_association,sampled_union_space
13653,330,59,2,0,non_association,sampled_union_space
13654,231,129,17,0,non_association,sampled_union_space
13655,1024,41,5,0,non_association,sampled_union_space
13656,18,91,2,0,non_association,sampled_union_space
13657,1283,107,6,0,non_association,sampled_union_space
13658,975,85,12,0,non_association,sampled_union_space
13659,187,20,19,0,non_association,sampled_union_space
13660,772,73,57,0,non_association,sampled_union_space
13661,275,90,17,0,non_association,sampled_union_space
13662,1400,104,17,0,non_association,sampled_union_space
13663,82,90,22,0,non_association,sampled_union_space
13664,410,67,22,0,non_association,sampled_union_space
13665,210,51,6,0,non_association,sampled_union_space
13666,752,13,26,0,non_association,sampled_union_space
13667,249,70,57,0,non_association,sampled_union_space
13668,228,3,2,0,non_association,sampled_union_space
13669,1217,23,17,0,non_association,sampled_union_space
13670,1470,72,23,0,non_association,sampled_union_space
13671,553,20,21,0,non_association,sampled_union_space
13672,864,47,41,0,non_association,sampled_union_space
13673,568,37,6,0,non_association,sampled_union_space
13674,698,137,5,0,non_association,sampled_union_space
13675,557,48,6,0,non_association,sampled_union_space
13676,384,106,17,0,non_association,sampled_union_space
13677,742,134,18,0,non_association,sampled_union_space
13678,1225,134,18,0,non_association,sampled_union_space
13679,1001,39,2,0,non_association,sampled_union_space
13680,1295,121,6,0,non_association,sampled_union_space
13681,41,147,6,0,non_association,sampled_union_space
13682,1236,83,17,0,non_association,sampled_union_space
13683,927,142,17,0,non_association,sampled_union_space
13684,224,3,5,0,non_association,sampled_union_space
13685,1388,110,2,0,non_association,sampled_union_space
13686,813,107,30,0,non_association,sampled_union_space
13687,276,54,30,0,non_association,sampled_union_space
13688,931,101,22,0,non_association,sampled_union_space
13689,765,99,22,0,non_association,sampled_union_space
13690,232,125,6,0,non_association,sampled_union_space
13691,255,50,26,0,non_association,sampled_union_space
13692,1466,124,12,0,non_association,sampled_union_space
13693,993,141,2,0,non_association,sampled_union_space
13694,1479,118,2,0,non_association,sampled_union_space
13695,149,138,17,0,non_association,sampled_union_space
13696,1242,43,17,0,non_association,sampled_union_space
13697,1492,103,17,0,non_association,sampled_union_space
13698,612,99,21,0,non_association,sampled_union_space
13699,373,8,22,0,non_association,sampled_union_space
13700,1417,35,6,0,non_association,sampled_union_space
13701,383,114,22,0,non_association,sampled_union_space
13702,1016,141,24,0,non_association,sampled_union_space
13703,352,42,18,0,non_association,sampled_union_space
13704,1016,103,2,0,non_association,sampled_union_space
13705,50,31,26,0,non_association,sampled_union_space
13706,1182,49,0,0,non_association,sampled_union_space
13707,1330,95,26,0,non_association,sampled_union_space
13708,485,125,30,0,non_association,sampled_union_space
13709,147,20,12,0,non_association,sampled_union_space
13710,147,75,2,0,non_association,sampled_union_space
13711,33,17,18,0,non_association,sampled_union_space
13712,32,149,2,0,non_association,sampled_union_space
13713,1008,144,17,0,non_association,sampled_union_space
13714,788,137,12,0,non_association,sampled_union_space
13715,1212,40,13,0,non_association,sampled_union_space
13716,702,87,2,0,non_association,sampled_union_space
13717,950,43,18,0,non_association,sampled_union_space
13718,1236,56,2,0,non_association,sampled_union_space
13719,1071,86,6,0,non_association,sampled_union_space
13720,672,136,18,0,non_association,sampled_union_space
13721,1077,93,23,0,non_association,sampled_union_space
13722,764,65,2,0,non_association,sampled_union_space
13723,1474,105,6,0,non_association,sampled_union_space
13724,1106,103,12,0,non_association,sampled_union_space
13725,1486,95,2,0,non_association,sampled_union_space
13726,480,123,18,0,non_association,sampled_union_space
13727,1327,52,26,0,non_association,sampled_union_space
13728,1283,89,12,0,non_association,sampled_union_space
13729,283,19,2,0,non_association,sampled_union_space
13730,1440,97,2,0,non_association,sampled_union_space
13731,845,103,6,0,non_association,sampled_union_space
13732,269,81,16,0,non_association,sampled_union_space
13733,277,122,22,0,non_association,sampled_union_space
13734,77,33,2,0,non_association,sampled_union_space
13735,1034,104,12,0,non_association,sampled_union_space
13736,1461,113,26,0,non_association,sampled_union_space
13737,539,112,5,0,non_association,sampled_union_space
13738,601,11,2,0,non_association,sampled_union_space
13739,1395,107,17,0,non_association,sampled_union_space
13740,463,34,22,0,non_association,sampled_union_space
13741,1276,35,24,0,non_association,sampled_union_space
13742,957,129,26,0,non_association,sampled_union_space
13743,714,58,49,0,non_association,sampled_union_space
13744,1479,6,18,0,non_association,sampled_union_space
13745,499,126,2,0,non_association,sampled_union_space
13746,1161,141,6,0,non_association,sampled_union_space
13747,214,27,23,0,non_association,sampled_union_space
13748,468,136,26,0,non_association,sampled_union_space
13749,18,57,17,0,non_association,sampled_union_space
13750,201,67,17,0,non_association,sampled_union_space
13751,115,37,23,0,non_association,sampled_union_space
13752,380,50,2,0,non_association,sampled_union_space
13753,771,54,49,0,non_association,sampled_union_space
13754,968,75,38,0,non_association,sampled_union_space
13755,796,148,26,0,non_association,sampled_union_space
13756,723,149,6,0,non_association,sampled_union_space
13757,1209,18,26,0,non_association,sampled_union_space
13758,645,134,2,0,non_association,sampled_union_space
13759,876,62,22,0,non_association,sampled_union_space
13760,1317,89,9,0,non_association,sampled_union_space
13761,828,144,36,0,non_association,sampled_union_space
13762,5,30,2,0,non_association,sampled_union_space
13763,229,0,28,0,non_association,sampled_union_space
13764,646,37,18,0,non_association,sampled_union_space
13765,1306,124,5,0,non_association,sampled_union_space
13766,207,42,18,0,non_association,sampled_union_space
13767,208,146,17,0,non_association,sampled_union_space
13768,421,134,6,0,non_association,sampled_union_space
13769,378,63,6,0,non_association,sampled_union_space
13770,1352,52,22,0,non_association,sampled_union_space
13771,1081,1,12,0,non_association,sampled_union_space
13772,844,7,22,0,non_association,sampled_union_space
13773,1298,132,12,0,non_association,sampled_union_space
13774,1094,139,2,0,non_association,sampled_union_space
13775,794,65,6,0,non_association,sampled_union_space
13776,1056,28,17,0,non_association,sampled_union_space
13777,1230,139,5,0,non_association,sampled_union_space
13778,910,67,6,0,non_association,sampled_union_space
13779,891,62,26,0,non_association,sampled_union_space
13780,745,131,5,0,non_association,sampled_union_space
13781,62,123,6,0,non_association,sampled_union_space
13782,1050,72,2,0,non_association,sampled_union_space
13783,634,65,40,0,non_association,sampled_union_space
13784,222,61,23,0,non_association,sampled_union_space
13785,426,148,22,0,non_association,sampled_union_space
13786,258,69,10,0,non_association,sampled_union_space
13787,83,14,26,0,non_association,sampled_union_space
13788,1326,106,6,0,non_association,sampled_union_space
13789,1155,63,2,0,non_association,sampled_union_space
13790,916,144,12,0,non_association,sampled_union_space
13791,1397,125,21,0,non_association,sampled_union_space
13792,1038,10,26,0,non_association,sampled_union_space
13793,511,141,12,0,non_association,sampled_union_space
13794,586,63,10,0,non_association,sampled_union_space
13795,752,32,12,0,non_association,sampled_union_space
13796,418,126,2,0,non_association,sampled_union_space
13797,401,63,26,0,non_association,sampled_union_space
13798,1484,13,26,0,non_association,sampled_union_space
13799,1341,14,21,0,non_association,sampled_union_space
13800,1057,50,38,0,non_association,sampled_union_space
13801,178,136,51,0,non_association,sampled_union_space
13802,89,9,6,0,non_association,sampled_union_space
13803,488,92,2,0,non_association,sampled_union_space
13804,88,143,15,0,non_association,sampled_union_space
13805,712,147,12,0,non_association,sampled_union_space
13806,181,9,18,0,non_association,sampled_union_space
13807,393,72,35,0,non_association,sampled_union_space
13808,876,9,26,0,non_association,sampled_union_space
13809,1151,95,2,0,non_association,sampled_union_space
13810,1025,143,5,0,non_association,sampled_union_space
13811,637,28,12,0,non_association,sampled_union_space
13812,1006,69,17,0,non_association,sampled_union_space
13813,1027,16,12,0,non_association,sampled_union_space
13814,595,16,26,0,non_association,sampled_union_space
13815,5,35,6,0,non_association,sampled_union_space
13816,871,28,2,0,non_association,sampled_union_space
13817,913,25,18,0,non_association,sampled_union_space
13818,1224,48,15,0,non_association,sampled_union_space
13819,918,130,26,0,non_association,sampled_union_space
13820,1436,13,26,0,non_association,sampled_union_space
13821,867,26,10,0,non_association,sampled_union_space
13822,1107,105,12,0,non_association,sampled_union_space
13823,420,84,19,0,non_association,sampled_union_space
13824,551,70,23,0,non_association,sampled_union_space
13825,16,59,23,0,non_association,sampled_union_space
13826,1343,49,12,0,non_association,sampled_union_space
13827,685,122,26,0,non_association,sampled_union_space
13828,1348,58,5,0,non_association,sampled_union_space
13829,201,137,0,0,non_association,sampled_union_space
13830,1201,133,22,0,non_association,sampled_union_space
13831,341,88,2,0,non_association,sampled_union_space
13832,1151,35,2,0,non_association,sampled_union_space
13833,1024,83,12,0,non_association,sampled_union_space
13834,717,29,13,0,non_association,sampled_union_space
13835,1286,132,13,0,non_association,sampled_union_space
13836,159,7,26,0,non_association,sampled_union_space
13837,657,71,28,0,non_association,sampled_union_space
13838,532,88,2,0,non_association,sampled_union_space
13839,448,114,2,0,non_association,sampled_union_space
13840,764,10,17,0,non_association,sampled_union_space
13841,809,120,21,0,non_association,sampled_union_space
13842,145,7,22,0,non_association,sampled_union_space
13843,685,67,22,0,non_association,sampled_union_space
13844,1316,99,2,0,non_association,sampled_union_space
13845,34,91,51,0,non_association,sampled_union_space
13846,1026,46,18,0,non_association,sampled_union_space
13847,101,136,19,0,non_association,sampled_union_space
13848,469,92,6,0,non_association,sampled_union_space
13849,520,77,8,0,non_association,sampled_union_space
13850,544,127,23,0,non_association,sampled_union_space
13851,1387,51,10,0,non_association,sampled_union_space
13852,1468,57,6,0,non_association,sampled_union_space
13853,612,39,39,0,non_association,sampled_union_space
13854,886,111,23,0,non_association,sampled_union_space
13855,1344,75,49,0,non_association,sampled_union_space
13856,314,117,34,0,non_association,sampled_union_space
13857,1049,125,19,0,non_association,sampled_union_space
13858,1447,126,12,0,non_association,sampled_union_space
13859,945,62,26,0,non_association,sampled_union_space
13860,1077,70,2,0,non_association,sampled_union_space
13861,314,126,28,0,non_association,sampled_union_space
13862,1398,86,22,0,non_association,sampled_union_space
13863,1101,50,24,0,non_association,sampled_union_space
13864,661,93,32,0,non_association,sampled_union_space
13865,1188,111,12,0,non_association,sampled_union_space
13866,797,92,12,0,non_association,sampled_union_space
13867,1458,61,22,0,non_association,sampled_union_space
13868,1338,127,28,0,non_association,sampled_union_space
13869,675,19,18,0,non_association,sampled_union_space
13870,1478,146,18,0,non_association,sampled_union_space
13871,1383,70,6,0,non_association,sampled_union_space
13872,499,57,18,0,non_association,sampled_union_space
13873,132,79,17,0,non_association,sampled_union_space
13874,486,29,18,0,non_association,sampled_union_space
13875,262,0,31,0,non_association,sampled_union_space
13876,1340,144,63,0,non_association,sampled_union_space
13877,379,93,35,0,non_association,sampled_union_space
13878,857,57,1,0,non_association,sampled_union_space
13879,1163,94,18,0,non_association,sampled_union_space
13880,184,8,18,0,non_association,sampled_union_space
13881,732,126,2,0,non_association,sampled_union_space
13882,931,89,6,0,non_association,sampled_union_space
13883,706,93,23,0,non_association,sampled_union_space
13884,298,48,23,0,non_association,sampled_union_space
13885,1355,111,17,0,non_association,sampled_union_space
13886,1168,91,18,0,non_association,sampled_union_space
13887,337,110,22,0,non_association,sampled_union_space
13888,1140,124,17,0,non_association,sampled_union_space
13889,905,93,26,0,non_association,sampled_union_space
13890,665,68,2,0,non_association,sampled_union_space
13891,1029,145,17,0,non_association,sampled_union_space
13892,992,109,2,0,non_association,sampled_union_space
13893,698,4,2,0,non_association,sampled_union_space
13894,624,75,5,0,non_association,sampled_union_space
13895,719,121,2,0,non_association,sampled_union_space
13896,342,45,2,0,non_association,sampled_union_space
13897,1022,97,12,0,non_association,sampled_union_space
13898,1174,107,17,0,non_association,sampled_union_space
13899,803,137,2,0,non_association,sampled_union_space
13900,17,91,22,0,non_association,sampled_union_space
13901,555,75,30,0,non_association,sampled_union_space
13902,343,121,0,0,non_association,sampled_union_space
13903,534,102,48,0,non_association,sampled_union_space
13904,406,111,19,0,non_association,sampled_union_space
13905,840,83,2,0,non_association,sampled_union_space
13906,188,40,2,0,non_association,sampled_union_space
13907,1041,33,6,0,non_association,sampled_union_space
13908,1114,43,26,0,non_association,sampled_union_space
13909,43,1,2,0,non_association,sampled_union_space
13910,1150,6,2,0,non_association,sampled_union_space
13911,775,98,16,0,non_association,sampled_union_space
13912,452,66,15,0,non_association,sampled_union_space
13913,493,135,6,0,non_association,sampled_union_space
13914,728,102,6,0,non_association,sampled_union_space
13915,400,71,2,0,non_association,sampled_union_space
13916,275,143,22,0,non_association,sampled_union_space
13917,683,4,22,0,non_association,sampled_union_space
13918,318,46,24,0,non_association,sampled_union_space
13919,228,20,2,0,non_association,sampled_union_space
13920,85,39,12,0,non_association,sampled_union_space
13921,779,35,25,0,non_association,sampled_union_space
13922,688,56,2,0,non_association,sampled_union_space
13923,1212,1,26,0,non_association,sampled_union_space
13924,1366,117,6,0,non_association,sampled_union_space
13925,98,143,34,0,non_association,sampled_union_space
13926,87,142,17,0,non_association,sampled_union_space
13927,163,145,4,0,non_association,sampled_union_space
13928,76,113,23,0,non_association,sampled_union_space
13929,999,43,24,0,non_association,sampled_union_space
13930,1238,73,2,0,non_association,sampled_union_space
13931,1352,22,17,0,non_association,sampled_union_space
13932,1115,50,42,0,non_association,sampled_union_space
13933,782,80,2,0,non_association,sampled_union_space
13934,46,10,2,0,non_association,sampled_union_space
13935,1168,33,23,0,non_association,sampled_union_space
13936,1413,92,2,0,non_association,sampled_union_space
13937,1368,144,8,0,non_association,sampled_union_space
13938,581,87,17,0,non_association,sampled_union_space
13939,279,24,17,0,non_association,sampled_union_space
13940,1402,2,26,0,non_association,sampled_union_space
13941,807,100,17,0,non_association,sampled_union_space
13942,319,124,2,0,non_association,sampled_union_space
13943,1127,94,6,0,non_association,sampled_union_space
13944,1311,36,12,0,non_association,sampled_union_space
13945,1209,119,17,0,non_association,sampled_union_space
13946,1364,72,17,0,non_association,sampled_union_space
13947,1402,83,2,0,non_association,sampled_union_space
13948,577,77,5,0,non_association,sampled_union_space
13949,714,73,8,0,non_association,sampled_union_space
13950,1151,48,17,0,non_association,sampled_union_space
13951,1294,132,21,0,non_association,sampled_union_space
13952,641,71,22,0,non_association,sampled_union_space
13953,1425,126,23,0,non_association,sampled_union_space
13954,459,141,48,0,non_association,sampled_union_space
13955,800,9,31,0,non_association,sampled_union_space
13956,773,58,35,0,non_association,sampled_union_space
13957,1272,104,18,0,non_association,sampled_union_space
13958,919,74,23,0,non_association,sampled_union_space
13959,516,85,42,0,non_association,sampled_union_space
13960,36,4,17,0,non_association,sampled_union_space
13961,719,2,17,0,non_association,sampled_union_space
13962,1053,129,2,0,non_association,sampled_union_space
13963,976,95,15,0,non_association,sampled_union_space
13964,260,105,18,0,non_association,sampled_union_space
13965,1290,106,23,0,non_association,sampled_union_space
13966,316,46,38,0,non_association,sampled_union_space
13967,1247,123,47,0,non_association,sampled_union_space
13968,544,87,6,0,non_association,sampled_union_space
13969,970,50,2,0,non_association,sampled_union_space
13970,842,121,12,0,non_association,sampled_union_space
13971,17,18,17,0,non_association,sampled_union_space
13972,1482,14,12,0,non_association,sampled_union_space
13973,685,59,25,0,non_association,sampled_union_space
13974,1068,91,12,0,non_association,sampled_union_space
13975,251,3,2,0,non_association,sampled_union_space
13976,1170,131,2,0,non_association,sampled_union_space
13977,893,26,2,0,non_association,sampled_union_space
13978,131,126,42,0,non_association,sampled_union_space
13979,326,121,6,0,non_association,sampled_union_space
13980,789,31,23,0,non_association,sampled_union_space
13981,1467,138,23,0,non_association,sampled_union_space
13982,740,66,8,0,non_association,sampled_union_space
13983,1118,104,10,0,non_association,sampled_union_space
13984,259,24,26,0,non_association,sampled_union_space
13985,955,144,2,0,non_association,sampled_union_space
13986,913,46,2,0,non_association,sampled_union_space
13987,1320,149,26,0,non_association,sampled_union_space
13988,1479,117,26,0,non_association,sampled_union_space
13989,1040,1,15,0,non_association,sampled_union_space
13990,1407,59,26,0,non_association,sampled_union_space
13991,738,8,17,0,non_association,sampled_union_space
13992,577,93,22,0,non_association,sampled_union_space
13993,500,42,2,0,non_association,sampled_union_space
13994,438,97,8,0,non_association,sampled_union_space
13995,172,32,2,0,non_association,sampled_union_space
13996,1297,107,18,0,non_association,sampled_union_space
13997,356,56,26,0,non_association,sampled_union_space
13998,321,12,6,0,non_association,sampled_union_space
13999,910,45,2,0,non_association,sampled_union_space
14000,247,84,15,0,non_association,sampled_union_space
14001,592,106,17,0,non_association,sampled_union_space
14002,1205,124,23,0,non_association,sampled_union_space
14003,926,6,23,0,non_association,sampled_union_space
14004,522,48,29,0,non_association,sampled_union_space
14005,458,125,34,0,non_association,sampled_union_space
14006,209,31,2,0,non_association,sampled_union_space
14007,620,1,6,0,non_association,sampled_union_space
14008,75,25,41,0,non_association,sampled_union_space
14009,70,15,23,0,non_association,sampled_union_space
14010,259,102,37,0,non_association,sampled_union_space
14011,784,128,26,0,non_association,sampled_union_space
14012,683,144,26,0,non_association,sampled_union_space
14013,737,107,12,0,non_association,sampled_union_space
14014,152,24,17,0,non_association,sampled_union_space
14015,504,142,2,0,non_association,sampled_union_space
14016,80,48,17,0,non_association,sampled_union_space
14017,577,27,17,0,non_association,sampled_union_space
14018,88,110,12,0,non_association,sampled_union_space
14019,1170,41,2,0,non_association,sampled_union_space
14020,58,37,22,0,non_association,sampled_union_space
14021,1148,114,32,0,non_association,sampled_union_space
14022,97,28,26,0,non_association,sampled_union_space
14023,801,107,17,0,non_association,sampled_union_space
14024,1129,98,23,0,non_association,sampled_union_space
14025,967,31,17,0,non_association,sampled_union_space
14026,992,113,23,0,non_association,sampled_union_space
14027,1145,23,10,0,non_association,sampled_union_space
14028,1051,39,23,0,non_association,sampled_union_space
14029,604,63,38,0,non_association,sampled_union_space
14030,720,52,17,0,non_association,sampled_union_space
14031,23,122,2,0,non_association,sampled_union_space
14032,805,25,26,0,non_association,sampled_union_space
14033,1491,41,2,0,non_association,sampled_union_space
14034,976,72,2,0,non_association,sampled_union_space
14035,1360,45,12,0,non_association,sampled_union_space
14036,561,14,26,0,non_association,sampled_union_space
14037,469,103,12,0,non_association,sampled_union_space
14038,291,7,17,0,non_association,sampled_union_space
14039,1042,11,22,0,non_association,sampled_union_space
14040,621,54,22,0,non_association,sampled_union_space
14041,631,96,30,0,non_association,sampled_union_space
14042,1386,144,47,0,non_association,sampled_union_space
14043,643,32,2,0,non_association,sampled_union_space
14044,314,97,12,0,non_association,sampled_union_space
14045,1008,89,2,0,non_association,sampled_union_space
14046,724,91,6,0,non_association,sampled_union_space
14047,131,91,6,0,non_association,sampled_union_space
14048,1265,46,2,0,non_association,sampled_union_space
14049,704,104,2,0,non_association,sampled_union_space
14050,1252,147,14,0,non_association,sampled_union_space
14051,879,117,6,0,non_association,sampled_union_space
14052,867,74,23,0,non_association,sampled_union_space
14053,937,139,17,0,non_association,sampled_union_space
14054,801,102,22,0,non_association,sampled_union_space
14055,191,34,2,0,non_association,sampled_union_space
14056,543,65,12,0,non_association,sampled_union_space
14057,1190,112,28,0,non_association,sampled_union_space
14058,847,89,28,0,non_association,sampled_union_space
14059,1007,31,18,0,non_association,sampled_union_space
14060,1291,143,6,0,non_association,sampled_union_space
14061,136,116,12,0,non_association,sampled_union_space
14062,702,138,0,0,non_association,sampled_union_space
14063,1003,61,17,0,non_association,sampled_union_space
14064,1433,40,2,0,non_association,sampled_union_space
14065,1411,112,18,0,non_association,sampled_union_space
14066,628,108,18,0,non_association,sampled_union_space
14067,505,77,2,0,non_association,sampled_union_space
14068,222,79,2,0,non_association,sampled_union_space
14069,1294,8,26,0,non_association,sampled_union_space
14070,1213,74,12,0,non_association,sampled_union_space
14071,1014,86,17,0,non_association,sampled_union_space
14072,209,29,17,0,non_association,sampled_union_space
14073,335,144,17,0,non_association,sampled_union_space
14074,726,52,22,0,non_association,sampled_union_space
14075,1058,140,26,0,non_association,sampled_union_space
14076,479,138,17,0,non_association,sampled_union_space
14077,651,43,50,0,non_association,sampled_union_space
14078,1481,83,2,0,non_association,sampled_union_space
14079,1264,11,2,0,non_association,sampled_union_space
14080,511,10,2,0,non_association,sampled_union_space
14081,189,11,6,0,non_association,sampled_union_space
14082,992,66,6,0,non_association,sampled_union_space
14083,738,9,26,0,non_association,sampled_union_space
14084,148,110,49,0,non_association,sampled_union_space
14085,583,122,6,0,non_association,sampled_union_space
14086,1416,115,6,0,non_association,sampled_union_space
14087,898,26,6,0,non_association,sampled_union_space
14088,96,59,2,0,non_association,sampled_union_space
14089,337,130,15,0,non_association,sampled_union_space
14090,1344,100,57,0,non_association,sampled_union_space
14091,1280,32,22,0,non_association,sampled_union_space
14092,1131,114,2,0,non_association,sampled_union_space
14093,364,114,25,0,non_association,sampled_union_space
14094,181,85,2,0,non_association,sampled_union_space
14095,883,0,0,0,non_association,sampled_union_space
14096,714,134,10,0,non_association,sampled_union_space
14097,636,108,28,0,non_association,sampled_union_space
14098,63,20,6,0,non_association,sampled_union_space
14099,544,118,26,0,non_association,sampled_union_space
14100,97,58,12,0,non_association,sampled_union_space
14101,1255,100,17,0,non_association,sampled_union_space
14102,1215,86,24,0,non_association,sampled_union_space
14103,102,82,2,0,non_association,sampled_union_space
14104,388,68,12,0,non_association,sampled_union_space
14105,726,9,23,0,non_association,sampled_union_space
14106,1154,39,18,0,non_association,sampled_union_space
14107,1441,25,6,0,non_association,sampled_union_space
14108,860,125,6,0,non_association,sampled_union_space
14109,1114,65,10,0,non_association,sampled_union_space
14110,1429,99,18,0,non_association,sampled_union_space
14111,573,56,18,0,non_association,sampled_union_space
14112,1311,38,23,0,non_association,sampled_union_space
14113,846,84,22,0,non_association,sampled_union_space
14114,1254,104,24,0,non_association,sampled_union_space
14115,822,34,32,0,non_association,sampled_union_space
14116,1227,128,22,0,non_association,sampled_union_space
14117,942,45,17,0,non_association,sampled_union_space
14118,1327,2,17,0,non_association,sampled_union_space
14119,826,134,6,0,non_association,sampled_union_space
14120,779,128,2,0,non_association,sampled_union_space
14121,1132,63,0,0,non_association,sampled_union_space
14122,3,61,2,0,non_association,sampled_union_space
14123,1262,6,17,0,non_association,sampled_union_space
14124,1224,145,22,0,non_association,sampled_union_space
14125,1299,71,23,0,non_association,sampled_union_space
14126,970,39,39,0,non_association,sampled_union_space
14127,628,114,49,0,non_association,sampled_union_space
14128,157,137,2,0,non_association,sampled_union_space
14129,164,32,16,0,non_association,sampled_union_space
14130,1276,95,24,0,non_association,sampled_union_space
14131,400,116,21,0,non_association,sampled_union_space
14132,1408,68,30,0,non_association,sampled_union_space
14133,1183,17,39,0,non_association,sampled_union_space
14134,1454,116,17,0,non_association,sampled_union_space
14135,332,22,5,0,non_association,sampled_union_space
14136,43,115,23,0,non_association,sampled_union_space
14137,1311,144,6,0,non_association,sampled_union_space
14138,699,33,49,0,non_association,sampled_union_space
14139,1406,114,7,0,non_association,sampled_union_space
14140,710,109,5,0,non_association,sampled_union_space
14141,905,87,2,0,non_association,sampled_union_space
14142,1137,16,6,0,non_association,sampled_union_space
14143,165,126,2,0,non_association,sampled_union_space
14144,527,107,2,0,non_association,sampled_union_space
14145,448,112,17,0,non_association,sampled_union_space
14146,848,49,22,0,non_association,sampled_union_space
14147,247,135,24,0,non_association,sampled_union_space
14148,588,121,36,0,non_association,sampled_union_space
14149,754,113,2,0,non_association,sampled_union_space
14150,1178,143,28,0,non_association,sampled_union_space
14151,1172,136,18,0,non_association,sampled_union_space
14152,1048,63,0,0,non_association,sampled_union_space
14153,157,144,3,0,non_association,sampled_union_space
14154,865,40,2,0,non_association,sampled_union_space
14155,710,30,23,0,non_association,sampled_union_space
14156,362,0,23,0,non_association,sampled_union_space
14157,95,135,22,0,non_association,sampled_union_space
14158,893,20,12,0,non_association,sampled_union_space
14159,1183,105,17,0,non_association,sampled_union_space
14160,1106,123,35,0,non_association,sampled_union_space
14161,1333,72,35,0,non_association,sampled_union_space
14162,707,52,42,0,non_association,sampled_union_space
14163,1121,91,21,0,non_association,sampled_union_space
14164,236,115,17,0,non_association,sampled_union_space
14165,825,42,15,0,non_association,sampled_union_space
14166,154,23,2,0,non_association,sampled_union_space
14167,727,24,35,0,non_association,sampled_union_space
14168,911,36,23,0,non_association,sampled_union_space
14169,577,100,30,0,non_association,sampled_union_space
14170,1193,40,23,0,non_association,sampled_union_space
14171,577,117,24,0,non_association,sampled_union_space
14172,1346,129,35,0,non_association,sampled_union_space
14173,1276,52,24,0,non_association,sampled_union_space
14174,1442,51,30,0,non_association,sampled_union_space
14175,88,27,35,0,non_association,sampled_union_space
14176,142,49,31,0,non_association,sampled_union_space
14177,483,88,48,0,non_association,sampled_union_space
14178,252,141,2,0,non_association,sampled_union_space
14179,299,6,2,0,non_association,sampled_union_space
14180,938,118,2,0,non_association,sampled_union_space
14181,913,104,30,0,non_association,sampled_union_space
14182,454,41,35,0,non_association,sampled_union_space
14183,246,64,35,0,non_association,sampled_union_space
14184,961,80,30,0,non_association,sampled_union_space
14185,866,69,24,0,non_association,sampled_union_space
14186,881,78,35,0,non_association,sampled_union_space
14187,217,94,35,0,non_association,sampled_union_space
14188,661,127,35,0,non_association,sampled_union_space
14189,464,54,35,0,non_association,sampled_union_space
14190,337,102,24,0,non_association,sampled_union_space
14191,1127,29,22,0,non_association,sampled_union_space
14192,1352,13,30,0,non_association,sampled_union_space
14193,793,105,35,0,non_association,sampled_union_space
14194,1492,5,35,0,non_association,sampled_union_space
14195,935,14,30,0,non_association,sampled_union_space
14196,976,75,30,0,non_association,sampled_union_space
14197,539,24,24,0,non_association,sampled_union_space
14198,396,60,30,0,non_association,sampled_union_space
14199,537,145,30,0,non_association,sampled_union_space
14200,21,104,7,0,non_association,sampled_union_space
14201,531,138,35,0,non_association,sampled_union_space
14202,836,89,35,0,non_association,sampled_union_space
14203,204,114,17,0,non_association,sampled_union_space
14204,943,50,35,0,non_association,sampled_union_space
14205,785,29,18,0,non_association,sampled_union_space
14206,724,147,0,0,non_association,sampled_union_space
14207,1460,63,2,0,non_association,sampled_union_space
14208,120,55,35,0,non_association,sampled_union_space
14209,1456,101,30,0,non_association,sampled_union_space
14210,1051,12,26,0,non_association,sampled_union_space
14211,1062,72,35,0,non_association,sampled_union_space
14212,791,68,35,0,non_association,sampled_union_space
14213,1141,89,30,0,non_association,sampled_union_space
14214,1224,44,35,0,non_association,sampled_union_space
14215,20,16,12,0,non_association,sampled_union_space
14216,723,72,24,0,non_association,sampled_union_space
14217,737,76,35,0,non_association,sampled_union_space
14218,905,93,30,0,non_association,sampled_union_space
14219,1144,68,30,0,non_association,sampled_union_space
14220,814,90,35,0,non_association,sampled_union_space
14221,1487,22,35,0,non_association,sampled_union_space
14222,1314,122,23,0,non_association,sampled_union_space
14223,253,102,30,0,non_association,sampled_union_space
14224,81,110,6,0,non_association,sampled_union_space
14225,661,147,35,0,non_association,sampled_union_space
14226,1155,54,30,0,non_association,sampled_union_space
14227,1351,13,30,0,non_association,sampled_union_space
14228,1195,112,35,0,non_association,sampled_union_space
14229,481,104,35,0,non_association,sampled_union_space
14230,186,29,6,0,non_association,sampled_union_space
14231,326,74,35,0,non_association,sampled_union_space
14232,641,97,35,0,non_association,sampled_union_space
14233,1414,100,35,0,non_association,sampled_union_space
14234,435,21,35,0,non_association,sampled_union_space
14235,55,46,30,0,non_association,sampled_union_space
14236,584,46,30,0,non_association,sampled_union_space
14237,172,64,35,0,non_association,sampled_union_space
14238,682,134,30,0,non_association,sampled_union_space
14239,1133,126,35,0,non_association,sampled_union_space
14240,1485,126,35,0,non_association,sampled_union_space
14241,862,92,17,0,non_association,sampled_union_space
14242,935,71,35,0,non_association,sampled_union_space
14243,1396,14,30,0,non_association,sampled_union_space
14244,222,4,35,0,non_association,sampled_union_space
14245,795,35,35,0,non_association,sampled_union_space
14246,488,110,35,0,non_association,sampled_union_space
14247,621,82,30,0,non_association,sampled_union_space
14248,418,38,30,0,non_association,sampled_union_space
14249,981,132,28,0,non_association,sampled_union_space
14250,1252,17,22,0,non_association,sampled_union_space
14251,1395,42,35,0,non_association,sampled_union_space
14252,1469,1,30,0,non_association,sampled_union_space
14253,963,73,30,0,non_association,sampled_union_space
14254,381,15,0,0,non_association,sampled_union_space
14255,702,88,30,0,non_association,sampled_union_space
14256,174,120,35,0,non_association,sampled_union_space
14257,1120,120,35,0,non_association,sampled_union_space
14258,382,112,19,0,non_association,sampled_union_space
14259,1305,8,28,0,non_association,sampled_union_space
14260,1421,75,30,0,non_association,sampled_union_space
14261,372,131,30,0,non_association,sampled_union_space
14262,154,2,35,0,non_association,sampled_union_space
14263,580,92,35,0,non_association,sampled_union_space
14264,548,107,35,0,non_association,sampled_union_space
14265,266,148,30,0,non_association,sampled_union_space
14266,1443,60,21,0,non_association,sampled_union_space
14267,206,32,21,0,non_association,sampled_union_space
14268,577,95,14,0,non_association,sampled_union_space
14269,522,75,35,0,non_association,sampled_union_space
14270,953,88,35,0,non_association,sampled_union_space
14271,966,72,35,0,non_association,sampled_union_space
14272,632,103,28,0,non_association,sampled_union_space
14273,640,34,35,0,non_association,sampled_union_space
14274,1006,17,35,0,non_association,sampled_union_space
14275,1423,79,35,0,non_association,sampled_union_space
14276,371,120,30,0,non_association,sampled_union_space
14277,1254,115,23,0,non_association,sampled_union_space
14278,1023,98,15,0,non_association,sampled_union_space
14279,995,23,12,0,non_association,sampled_union_space
14280,1146,117,26,0,non_association,sampled_union_space
14281,1181,139,35,0,non_association,sampled_union_space
14282,405,25,35,0,non_association,sampled_union_space
14283,49,14,30,0,non_association,sampled_union_space
14284,1143,117,35,0,non_association,sampled_union_space
14285,1048,72,10,0,non_association,sampled_union_space
14286,566,122,35,0,non_association,sampled_union_space
14287,1104,106,35,0,non_association,sampled_union_space
14288,313,76,30,0,non_association,sampled_union_space
14289,556,133,6,0,non_association,sampled_union_space
14290,268,66,21,0,non_association,sampled_union_space
14291,805,30,21,0,non_association,sampled_union_space
14292,878,125,35,0,non_association,sampled_union_space
14293,97,28,32,0,non_association,sampled_union_space
14294,880,148,35,0,non_association,sampled_union_space
14295,1126,115,30,0,non_association,sampled_union_space
14296,221,24,26,0,non_association,sampled_union_space
14297,343,69,30,0,non_association,sampled_union_space
14298,831,88,6,0,non_association,sampled_union_space
14299,593,50,35,0,non_association,sampled_union_space
14300,776,87,30,0,non_association,sampled_union_space
14301,756,138,35,0,non_association,sampled_union_space
14302,257,59,35,0,non_association,sampled_union_space
14303,475,72,35,0,non_association,sampled_union_space
14304,1238,68,30,0,non_association,sampled_union_space
14305,25,141,35,0,non_association,sampled_union_space
14306,1032,17,35,0,non_association,sampled_union_space
14307,1181,62,30,0,non_association,sampled_union_space
14308,1176,132,35,0,non_association,sampled_union_space
14309,325,31,35,0,non_association,sampled_union_space
14310,1374,52,35,0,non_association,sampled_union_space
14311,878,43,30,0,non_association,sampled_union_space
14312,1463,90,22,0,non_association,sampled_union_space
14313,715,27,35,0,non_association,sampled_union_space
14314,1356,36,30,0,non_association,sampled_union_space
14315,561,22,35,0,non_association,sampled_union_space
14316,1427,86,30,0,non_association,sampled_union_space
14317,195,107,30,0,non_association,sampled_union_space
14318,38,8,30,0,non_association,sampled_union_space
14319,944,86,28,0,non_association,sampled_union_space
14320,816,9,35,0,non_association,sampled_union_space
14321,421,62,35,0,non_association,sampled_union_space
14322,517,137,35,0,non_association,sampled_union_space
14323,361,15,35,0,non_association,sampled_union_space
14324,9,54,30,0,non_association,sampled_union_space
14325,846,101,30,0,non_association,sampled_union_space
14326,997,96,15,0,non_association,sampled_union_space
14327,741,25,22,0,non_association,sampled_union_space
14328,1488,86,35,0,non_association,sampled_union_space
14329,1295,27,30,0,non_association,sampled_union_space
14330,779,87,30,0,non_association,sampled_union_space
14331,390,80,35,0,non_association,sampled_union_space
14332,1100,81,30,0,non_association,sampled_union_space
14333,353,58,35,0,non_association,sampled_union_space
14334,1387,148,30,0,non_association,sampled_union_space
14335,655,148,30,0,non_association,sampled_union_space
14336,241,79,35,0,non_association,sampled_union_space
14337,693,65,30,0,non_association,sampled_union_space
14338,1133,65,2,0,non_association,sampled_union_space
14339,461,46,35,0,non_association,sampled_union_space
14340,926,9,30,0,non_association,sampled_union_space
14341,1251,109,30,0,non_association,sampled_union_space
14342,1455,93,35,0,non_association,sampled_union_space
14343,1435,111,30,0,non_association,sampled_union_space
14344,1295,111,30,0,non_association,sampled_union_space
14345,138,103,12,0,non_association,sampled_union_space
14346,1126,8,35,0,non_association,sampled_union_space
14347,844,115,35,0,non_association,sampled_union_space
14348,1229,5,35,0,non_association,sampled_union_space
14349,505,96,35,0,non_association,sampled_union_space
14350,321,12,35,0,non_association,sampled_union_space
14351,1177,78,35,0,non_association,sampled_union_space
14352,123,27,35,0,non_association,sampled_union_space
14353,729,21,35,0,non_association,sampled_union_space
14354,419,61,30,0,non_association,sampled_union_space
14355,125,70,35,0,non_association,sampled_union_space
14356,1293,22,27,0,non_association,sampled_union_space
14357,537,108,30,0,non_association,sampled_union_space
14358,1273,61,35,0,non_association,sampled_union_space
14359,643,84,35,0,non_association,sampled_union_space
14360,1155,33,35,0,non_association,sampled_union_space
14361,1009,81,30,0,non_association,sampled_union_space
14362,218,145,35,0,non_association,sampled_union_space
14363,43,127,30,0,non_association,sampled_union_space
14364,1442,114,35,0,non_association,sampled_union_space
14365,1257,98,30,0,non_association,sampled_union_space
14366,186,145,35,0,non_association,sampled_union_space
14367,110,77,35,0,non_association,sampled_union_space
14368,1086,65,35,0,non_association,sampled_union_space
14369,794,139,35,0,non_association,sampled_union_space
14370,117,20,15,0,non_association,sampled_union_space
14371,1007,5,30,0,non_association,sampled_union_space
14372,1016,70,35,0,non_association,sampled_union_space
14373,798,80,6,0,non_association,sampled_union_space
14374,1473,114,35,0,non_association,sampled_union_space
14375,255,68,35,0,non_association,sampled_union_space
14376,906,111,35,0,non_association,sampled_union_space
14377,141,17,35,0,non_association,sampled_union_space
14378,261,41,30,0,non_association,sampled_union_space
14379,164,6,35,0,non_association,sampled_union_space
14380,171,75,22,0,non_association,sampled_union_space
14381,980,114,35,0,non_association,sampled_union_space
14382,135,14,35,0,non_association,sampled_union_space
14383,632,118,17,0,non_association,sampled_union_space
14384,1255,9,2,0,non_association,sampled_union_space
14385,731,141,35,0,non_association,sampled_union_space
14386,1051,125,30,0,non_association,sampled_union_space
14387,1428,18,30,0,non_association,sampled_union_space
14388,113,112,22,0,non_association,sampled_union_space
14389,308,97,35,0,non_association,sampled_union_space
14390,1153,102,35,0,non_association,sampled_union_space
14391,42,37,28,0,non_association,sampled_union_space
14392,785,89,15,0,non_association,sampled_union_space
14393,341,109,23,0,non_association,sampled_union_space
14394,14,1,26,0,non_association,sampled_union_space
14395,183,32,26,0,non_association,sampled_union_space
14396,726,145,15,0,non_association,sampled_union_space
14397,489,103,6,0,non_association,sampled_union_space
14398,1270,85,17,0,non_association,sampled_union_space
14399,448,83,35,0,non_association,sampled_union_space
14400,27,59,24,0,non_association,sampled_union_space
14401,847,69,26,0,non_association,sampled_union_space
14402,218,85,26,0,non_association,sampled_union_space
14403,1355,118,15,0,non_association,sampled_union_space
14404,923,82,15,0,non_association,sampled_union_space
14405,1245,110,2,0,non_association,sampled_union_space
14406,1132,102,22,0,non_association,sampled_union_space
14407,952,111,42,0,non_association,sampled_union_space
14408,925,14,26,0,non_association,sampled_union_space
14409,248,27,28,0,non_association,sampled_union_space
14410,689,19,35,0,non_association,sampled_union_space
14411,703,88,5,0,non_association,sampled_union_space
14412,762,11,15,0,non_association,sampled_union_space
14413,599,106,22,0,non_association,sampled_union_space
14414,1138,125,2,0,non_association,sampled_union_space
14415,1444,49,15,0,non_association,sampled_union_space
14416,1429,115,2,0,non_association,sampled_union_space
14417,379,27,28,0,non_association,sampled_union_space
14418,1300,90,15,0,non_association,sampled_union_space
14419,1200,142,2,0,non_association,sampled_union_space
14420,1243,112,35,0,non_association,sampled_union_space
14421,968,3,30,0,non_association,sampled_union_space
14422,472,89,26,0,non_association,sampled_union_space
14423,383,4,22,0,non_association,sampled_union_space
14424,1038,44,2,0,non_association,sampled_union_space
14425,550,71,26,0,non_association,sampled_union_space
14426,560,1,26,0,non_association,sampled_union_space
14427,102,6,6,0,non_association,sampled_union_space
14428,830,104,5,0,non_association,sampled_union_space
14429,428,34,42,0,non_association,sampled_union_space
14430,206,85,35,0,non_association,sampled_union_space
14431,1068,54,26,0,non_association,sampled_union_space
14432,656,102,21,0,non_association,sampled_union_space
14433,107,27,17,0,non_association,sampled_union_space
14434,1209,95,21,0,non_association,sampled_union_space
14435,866,0,17,0,non_association,sampled_union_space
14436,737,57,28,0,non_association,sampled_union_space
14437,1252,113,23,0,non_association,sampled_union_space
14438,788,127,15,0,non_association,sampled_union_space
14439,211,122,17,0,non_association,sampled_union_space
14440,1332,41,36,0,non_association,sampled_union_space
14441,745,49,28,0,non_association,sampled_union_space
14442,430,91,5,0,non_association,sampled_union_space
14443,800,110,26,0,non_association,sampled_union_space
14444,631,77,17,0,non_association,sampled_union_space
14445,691,120,2,0,non_association,sampled_union_space
14446,918,124,2,0,non_association,sampled_union_space
14447,1004,128,23,0,non_association,sampled_union_space
14448,585,38,38,0,non_association,sampled_union_space
14449,430,6,17,0,non_association,sampled_union_space
14450,1466,146,2,0,non_association,sampled_union_space
14451,1242,73,17,0,non_association,sampled_union_space
14452,401,64,17,0,non_association,sampled_union_space
14453,1319,17,23,0,non_association,sampled_union_space
14454,851,132,12,0,non_association,sampled_union_space
14455,995,148,28,0,non_association,sampled_union_space
14456,845,137,12,0,non_association,sampled_union_space
14457,1255,34,31,0,non_association,sampled_union_space
14458,180,87,2,0,non_association,sampled_union_space
14459,823,19,2,0,non_association,sampled_union_space
14460,9,37,21,0,non_association,sampled_union_space
14461,1393,144,17,0,non_association,sampled_union_space
14462,419,51,24,0,non_association,sampled_union_space
14463,394,101,2,0,non_association,sampled_union_space
14464,423,109,12,0,non_association,sampled_union_space
14465,166,102,26,0,non_association,sampled_union_space
14466,1010,44,8,0,non_association,sampled_union_space
14467,276,136,12,0,non_association,sampled_union_space
14468,685,137,22,0,non_association,sampled_union_space
14469,1112,36,28,0,non_association,sampled_union_space
14470,1344,119,22,0,non_association,sampled_union_space
14471,1365,74,12,0,non_association,sampled_union_space
14472,156,62,24,0,non_association,sampled_union_space
14473,52,78,17,0,non_association,sampled_union_space
14474,552,143,31,0,non_association,sampled_union_space
14475,1107,15,17,0,non_association,sampled_union_space
14476,1004,37,5,0,non_association,sampled_union_space
14477,1029,95,15,0,non_association,sampled_union_space
14478,1337,132,28,0,non_association,sampled_union_space
14479,352,110,2,0,non_association,sampled_union_space
14480,56,53,42,0,non_association,sampled_union_space
14481,771,136,30,0,non_association,sampled_union_space
14482,449,48,17,0,non_association,sampled_union_space
14483,913,31,22,0,non_association,sampled_union_space
14484,1348,110,26,0,non_association,sampled_union_space
14485,558,57,26,0,non_association,sampled_union_space
14486,1001,91,35,0,non_association,sampled_union_space
14487,1111,99,15,0,non_association,sampled_union_space
14488,372,2,35,0,non_association,sampled_union_space
14489,1441,34,28,0,non_association,sampled_union_space
14490,1174,97,26,0,non_association,sampled_union_space
14491,861,138,23,0,non_association,sampled_union_space
14492,526,71,26,0,non_association,sampled_union_space
14493,838,19,26,0,non_association,sampled_union_space
14494,355,84,18,0,non_association,sampled_union_space
14495,267,26,15,0,non_association,sampled_union_space
14496,889,16,17,0,non_association,sampled_union_space
14497,39,68,22,0,non_association,sampled_union_space
14498,545,29,35,0,non_association,sampled_union_space
14499,346,43,2,0,non_association,sampled_union_space
14500,1374,39,23,0,non_association,sampled_union_space
14501,922,19,36,0,non_association,sampled_union_space
14502,606,105,28,0,non_association,sampled_union_space
14503,170,2,15,0,non_association,sampled_union_space
14504,227,137,12,0,non_association,sampled_union_space
14505,1395,78,22,0,non_association,sampled_union_space
14506,1035,141,8,0,non_association,sampled_union_space
14507,76,144,15,0,non_association,sampled_union_space
14508,1371,40,2,0,non_association,sampled_union_space
14509,1415,25,26,0,non_association,sampled_union_space
14510,21,129,17,0,non_association,sampled_union_space
14511,913,128,2,0,non_association,sampled_union_space
14512,733,141,17,0,non_association,sampled_union_space
14513,1187,82,12,0,non_association,sampled_union_space
14514,1464,10,17,0,non_association,sampled_union_space
14515,1263,18,28,0,non_association,sampled_union_space
14516,601,76,21,0,non_association,sampled_union_space
14517,1181,120,37,0,non_association,sampled_union_space
14518,88,7,23,0,non_association,sampled_union_space
14519,423,41,6,0,non_association,sampled_union_space
14520,1481,19,17,0,non_association,sampled_union_space
14521,1191,25,23,0,non_association,sampled_union_space
14522,1171,79,28,0,non_association,sampled_union_space
14523,1437,28,22,0,non_association,sampled_union_space
14524,1429,99,28,0,non_association,sampled_union_space
14525,73,20,13,0,non_association,sampled_union_space
14526,1295,81,23,0,non_association,sampled_union_space
14527,388,51,28,0,non_association,sampled_union_space
14528,860,72,15,0,non_association,sampled_union_space
14529,328,111,26,0,non_association,sampled_union_space
14530,855,137,23,0,non_association,sampled_union_space
14531,784,86,17,0,non_association,sampled_union_space
