1	0.545454545	0.253333333	0.366197183	0.447368421	0.602409639	0.551282051	0.074626866	0.676056338	0.352941176	0.692307692	0.434782609	0.520547945	0.670731707	0.521126761	0.304878049	0.50617284	0.513157895	0.394366197	0.136986301	0.348837209	0.583333333	0.325301205	0.45	0.506329114	0.308823529	0.158730159	0.1875	0.352941176	0.597560976	0.298507463	0.607594937	0.443181818	0.419753086	0.465909091	0.5875	0.780821918	0.506329114	0.386666667	0.463414634	0.476190476	0.5	0.597560976	0.375	0.457831325	0.573033708	0.360465116	0.22972973	0.280487805	0.147058824	0.545454545	0.308510638	0.506329114	0.521126761	0.435897436	0.4875	0.521126761	0.573333333	0.442857143	0.525641026	0.611111111	0.379746835	0.618421053	0.475247525	0.532467532	0.435897436	0.493150685	0.380434783	0.302631579	0.272727273	0.5	0.272727273	0.592105263	0.296703297	0.240506329	0.256410256	0.135135135	0.25	0.25	0.452380952	0.539473684	0.365853659	0.518072289	0.305555556	0.22972973	0.268656716	0.5125	0.348837209	0.295774648	0.381578947	0.777777778	0.302325581	0.185714286	0.611940299	0.419753086	0.308823529	0.355555556	0.358208955	0.279069767	0.333333333	0.315789474	0.333333333	0.426470588	0.545454545	0.6125	0.6	0.271604938	0.280487805	0.3375	0.388059701	0.670731707	0.329896907	0.293333333	0.402439024	0.842857143	0.489583333	0.269662921	0.625	0.361111111	0.171875	0.2375	0.657534247	0.581081081	0.543209877	0.315068493	0.315789474	0.25	0.130434783	0.628571429	0.308823529	0.240506329
0.545454545	1	0.409090909	0.297297297	0.329268293	0.670886076	0.463414634	0.044117647	0.43902439	0.583333333	0.557142857	0.361111111	0.375	0.511111111	0.407894737	0.358974359	0.423529412	0.52	0.606557377	0.261538462	0.575342466	0.517241379	0.535211268	0.533333333	0.493670886	0.466666667	0.125	0.229508197	0.583333333	0.64556962	0.433333333	0.431818182	0.555555556	0.310344828	0.376344086	0.465116279	0.535714286	0.493670886	0.560606061	0.630136986	0.684931507	0.485714286	0.64556962	0.434210526	0.428571429	0.561797753	0.589041096	0.343283582	0.575757576	0.222222222	0.467391304	0.244897959	0.873015873	0.407894737	0.790322581	0.493670886	0.646153846	0.409638554	0.388888889	0.594594595	0.419753086	0.542857143	0.386363636	0.423076923	0.581081081	0.790322581	0.421052632	0.384615385	0.272727273	0.405797101	0.523809524	0.366197183	0.5	0.56	0.46969697	0.447761194	0.257575758	0.455882353	0.455882353	0.375	0.414634146	0.423076923	0.602564103	0.207792208	0.343283582	0.135135135	0.538461538	0.513157895	0.467741935	0.552238806	0.530120482	0.48	0.138888889	0.550724638	0.443037975	0.442622951	0.273684211	0.475409836	0.535211268	0.240963855	0.571428571	0.403225806	0.391304348	1	0.505882353	0.459770115	0.275	0.575757576	0.394736842	0.373134328	0.545454545	0.438202247	0.432835821	0.652173913	0.56097561	0.365384615	0.473684211	0.560606061	0.447761194	0.138461538	0.441176471	0.411764706	0.380952381	0.512195122	0.439393939	0.546875	0.435483871	0.262295082	0.637681159	0.442622951	0.447761194
0.253333333	0.409090909	1	0.203389831	0.183098592	0.3375	0.25	0.179487179	0.256756757	0.308823529	0.253731343	0.140625	0.268656716	0.233333333	0.261538462	0.35	0.263157895	0.328358209	0.280701754	0.5	0.304347826	0.320987654	0.3125	0.384615385	0.388059701	0.26	0.044444444	0.136363636	0.308823529	0.329113924	0.22	0.294871795	0.311688312	0.186666667	0.240963855	0.231707317	0.238095238	0.291666667	0.238095238	0.362318841	0.324324324	0.274193548	0.329113924	0.235294118	0.25	0.325581395	0.3	0.203703704	0.338983051	0.130434783	0.25	0.154761905	0.409090909	0.261538462	0.409836066	0.291666667	0.464285714	0.243243243	0.293103448	0.309859155	0.285714286	0.276923077	0.182926829	0.255102041	0.295774648	0.409836066	0.296875	0.2625	0.177419355	0.220338983	0.337662338	0.5	0.301369863	0.277777778	0.384615385	0.469387755	0.260869565	0.275862069	0.275862069	0.28	0.281690141	0.323076923	0.298701299	0.133333333	0.203703704	0.134615385	0.338028169	0.343283582	0.294117647	0.234375	0.275	0.365079365	0.117647059	0.261538462	0.308823529	0.26	0.156626506	0.25	0.4	0.2	0.345454545	0.192307692	0.479166667	0.409090909	0.303797468	0.291139241	0.283333333	0.338983051	0.306451613	0.288461538	0.275862069	0.256097561	0.290909091	0.348484848	0.2875	0.231578947	0.318181818	0.278688525	0.411764706	0.065217391	0.327272727	0.233766234	0.246575342	0.337837838	0.206896552	0.254237288	0.306122449	0.3	0.294117647	0.26	0.333333333
0.366197183	0.297297297	0.203389831	1	0.5	0.325301205	0.555555556	0.113636364	0.352112676	0.277777778	0.338461538	0.117647059	0.375	0.325581395	0.634615385	0.37704918	0.434782609	0.559322034	0.288135593	0.2	0.273972603	0.466666667	0.225352113	0.453125	0.333333333	0.269230769	0.111111111	0.204545455	0.277777778	0.333333333	0.333333333	0.368421053	0.316455696	0.4375	0.341772152	0.386666667	0.426666667	0.476923077	0.246153846	0.276315789	0.278481013	0.171428571	0.301204819	0.208333333	0.361111111	0.376470588	0.27027027	0.152542373	0.171428571	0.037735849	0.345238095	0.351351351	0.297297297	0.634615385	0.289855072	0.476923077	0.268656716	0.583333333	0.444444444	0.391304348	0.430769231	0.211267606	0.408450704	0.298969072	0.376811594	0.289855072	0.28358209	0.350649351	0.381818182	0.153846154	0.292682927	0.25	0.441176471	0.202531646	0.153846154	0.315789474	0.109090909	0.149253731	0.149253731	0.434782609	0.323943662	0.271428571	0.355263158	0.203389831	0.152542373	0.24	0.462686567	0.291666667	0.189655172	0.242424242	0.381578947	0.236111111	0.2	0.268656716	0.373134328	0.32	0.285714286	0.283018868	0.144736842	0.35	0.203125	0.203703704	0.193548387	0.297297297	0.292682927	0.363636364	0.25	0.171428571	0.3125	0.25	0.373493976	0.292682927	0.174603175	0.194805195	0.325	0.333333333	0.232876712	0.246153846	0.315789474	0.155555556	0.134328358	0.462686567	0.323943662	0.342105263	0.237288136	0.203125	0.13559322	0.057692308	0.378787879	0.32	0.136363636
0.447368421	0.329268293	0.183098592	0.5	1	0.447058824	0.5	0.087719298	0.453333333	0.296296296	0.408450704	0.219178082	0.442857143	0.395604396	0.507692308	0.426470588	0.454545455	0.478873239	0.253521127	0.123076923	0.292682927	0.464285714	0.149425287	0.492957746	0.472972973	0.234375	0.032786885	0.178571429	0.296296296	0.457831325	0.262295082	0.444444444	0.444444444	0.52173913	0.4	0.539473684	0.481481481	0.535211268	0.287671233	0.325301205	0.310344828	0.25	0.423529412	0.204819277	0.48	0.444444444	0.304878049	0.191176471	0.158536585	0.079365079	0.340425532	0.37804878	0.313253012	0.507692308	0.342105263	0.513888889	0.289473684	0.588235294	0.516666667	0.493150685	0.536231884	0.269230769	0.637681159	0.336538462	0.5	0.342105263	0.32	0.409638554	0.534482759	0.189189189	0.4875	0.23943662	0.563380282	0.2	0.157894737	0.294117647	0.104477612	0.139240506	0.139240506	0.513513514	0.528571429	0.36	0.46835443	0.4	0.191176471	0.442307692	0.48	0.325	0.205882353	0.283783784	0.475	0.275	0.237288136	0.420289855	0.5	0.253968254	0.534246575	0.285714286	0.149425287	0.620689655	0.216216216	0.238095238	0.225352113	0.329268293	0.469135802	0.456790123	0.347826087	0.158536585	0.426470588	0.296875	0.548780488	0.337078652	0.191780822	0.265060241	0.451219512	0.461538462	0.226190476	0.362318841	0.257142857	0.181818182	0.155844156	0.563380282	0.573529412	0.493506494	0.228571429	0.168831169	0.176470588	0.0625	0.405405405	0.253968254	0.142857143
0.602409639	0.670886076	0.3375	0.325301205	0.447058824	1	0.522727273	0.049382716	0.534883721	0.542168675	0.556962025	0.435897436	0.530864198	0.5625	0.423529412	0.411764706	0.626506024	0.505882353	0.454545455	0.230769231	0.535714286	0.659090909	0.464285714	0.554216867	0.571428571	0.397260274	0.088607595	0.202702703	0.542168675	0.8	0.333333333	0.573033708	0.627906977	0.438202247	0.448979592	0.686746988	0.662790698	0.552941176	0.519480519	0.705128205	0.691358025	0.552631579	0.92	0.430232558	0.654320988	0.719101124	0.547619048	0.350649351	0.475	0.213333333	0.505050505	0.32038835	0.590361446	0.423529412	0.623376623	0.552941176	0.551282051	0.541176471	0.540540541	0.714285714	0.535714286	0.544303797	0.528089888	0.528301887	0.701298701	0.623376623	0.402298851	0.443298969	0.365853659	0.3875	0.710843373	0.353658537	0.654320988	0.505747126	0.441558442	0.405063291	0.25974026	0.430379747	0.430379747	0.534090909	0.585365854	0.524390244	0.759493671	0.3375	0.333333333	0.240506329	0.595238095	0.517647059	0.418918919	0.475	0.698795181	0.506024096	0.170731707	0.571428571	0.471264368	0.342105263	0.37755102	0.386666667	0.5	0.344827586	0.506666667	0.364864865	0.41025641	0.670886076	0.651162791	0.532608696	0.303370787	0.475	0.481481481	0.413333333	0.685393258	0.448979592	0.428571429	0.56097561	0.670588235	0.544554455	0.5	0.602739726	0.353658537	0.142857143	0.435897436	0.576470588	0.56626506	0.662650602	0.379746835	0.4125	0.391891892	0.22972973	0.567901235	0.342105263	0.423076923
0.551282051	0.463414634	0.25	0.555555556	0.5	0.522727273	1	0.073529412	0.5	0.364705882	0.460526316	0.219512195	0.435897436	0.5	0.535211268	0.35	0.464285714	0.526315789	0.428571429	0.183098592	0.360465116	0.74025974	0.353658537	0.539473684	0.481481481	0.304347826	0.174603175	0.184615385	0.364705882	0.552941176	0.353846154	0.56097561	0.471264368	0.487179487	0.460674157	0.505882353	0.617283951	0.875	0.381578947	0.423529412	0.453488372	0.292682927	0.483146067	0.305882353	0.418604651	0.549450549	0.356321839	0.15	0.308641975	0.039473684	0.412371134	0.377777778	0.463414634	0.535211268	0.395061728	0.846153846	0.379746835	0.608108108	0.436619718	0.578947368	0.444444444	0.325301205	0.55	0.442307692	0.565789474	0.395061728	0.41025641	0.454545455	0.315789474	0.2375	0.413043478	0.302631579	0.525	0.352272727	0.207317073	0.375	0.118421053	0.231707317	0.231707317	0.5375	0.43902439	0.329411765	0.548780488	0.283783784	0.15	0.264705882	0.820895522	0.409638554	0.24	0.376623377	0.554216867	0.395061728	0.2	0.415584416	0.705882353	0.363636364	0.366666667	0.333333333	0.261363636	0.4	0.311688312	0.219178082	0.324324324	0.463414634	0.547619048	0.573170732	0.268292683	0.308641975	0.384615385	0.323943662	0.604651163	0.397849462	0.256410256	0.380952381	0.547619048	0.411764706	0.310344828	0.329113924	0.356164384	0.134328358	0.204819277	0.564102564	0.475	0.5	0.25974026	0.383561644	0.197368421	0.097222222	0.513157895	0.363636364	0.192771084
0.074626866	0.044117647	0.179487179	0.113636364	0.087719298	0.049382716	0.073529412	1	0.109375	0.046875	0.050847458	0.02	0.06779661	0.098765432	0.111111111	0.134615385	0.072463768	0.098360656	0.02	0.25	0.046153846	0.0625	0.033333333	0.0625	0.059701493	0.025	0.041666667	0	0.046875	0.024691358	0.026315789	0.082191781	0.053333333	0.063492063	0.109589041	0.053333333	0.078947368	0.059701493	0.018181818	0.028571429	0.027027027	0.036363636	0.050632911	0.050847458	0.057971014	0.057471264	0.045454545	0	0.017857143	0	0.1	0.102941176	0.092307692	0.111111111	0.049180328	0.059701493	0.071428571	0.076923077	0.081632653	0.044117647	0.079365079	0.051724138	0.071428571	0.086021505	0.029411765	0.049180328	0.12962963	0.097222222	0.108695652	0	0.065789474	0.111111111	0.057971014	0.014492754	0.020408163	0.086956522	0	0.019607843	0.019607843	0.072463768	0.061538462	0.084745763	0.04	0.069767442	0	0.088235294	0.057971014	0.0625	0.023255814	0.017857143	0.052631579	0.066666667	0.129032258	0.016949153	0.080645161	0.025	0.088235294	0.023809524	0.050847458	0.12	0.019607843	0	0.139534884	0.044117647	0.051948052	0.095890411	0.145833333	0.017857143	0.072727273	0.097560976	0.072289157	0.08	0	0.046875	0.065789474	0.091954023	0.031746032	0.018181818	0.136363636	0.038461538	0.02	0.073529412	0.061538462	0.054794521	0	0.019607843	0	0	0.081967213	0.025	0.020408163
0.676056338	0.43902439	0.256756757	0.352112676	0.453333333	0.534883721	0.5	0.109375	1	0.252747253	0.472972973	0.342465753	0.506849315	0.619047619	0.465753425	0.292682927	0.5125	0.480519481	0.289473684	0.123287671	0.25	0.517241379	0.282352941	0.4375	0.43902439	0.222222222	0.125	0.19047619	0.252747253	0.494252874	0.246376812	0.636363636	0.4	0.407407407	0.471264368	0.555555556	0.6125	0.475	0.320512821	0.352272727	0.351648352	0.386666667	0.529411765	0.3625	0.428571429	0.478723404	0.247311828	0.184210526	0.238095238	0.115942029	0.607142857	0.402298851	0.404761905	0.465753425	0.353658537	0.456790123	0.445945946	0.481012658	0.449275362	0.421686747	0.554054054	0.384615385	0.626666667	0.436893204	0.409638554	0.353658537	0.479452055	0.384615385	0.361111111	0.197530864	0.488372093	0.276315789	0.621621622	0.244680851	0.197530864	0.243589744	0.121621622	0.222222222	0.222222222	0.5125	0.611111111	0.423076923	0.404494382	0.388059701	0.184210526	0.37704918	0.5	0.292134831	0.3	0.316455696	0.5875	0.21978022	0.188405797	0.445945946	0.461538462	0.23943662	0.390804598	0.267605634	0.224719101	0.430555556	0.302631579	0.225352113	0.432835821	0.43902439	0.542168675	0.530120482	0.324675325	0.238095238	0.432432432	0.46031746	0.7	0.333333333	0.215189873	0.357142857	0.641025641	0.463917526	0.272727273	0.450704225	0.366197183	0.174603175	0.225	0.666666667	0.657142857	0.476190476	0.202531646	0.2375	0.236111111	0.115942029	0.547945205	0.23943662	0.2125
0.352941176	0.583333333	0.308823529	0.277777778	0.296296296	0.542168675	0.364705882	0.046875	0.252747253	1	0.4	0.362318841	0.261904762	0.360824742	0.391891892	0.378378378	0.409638554	0.41025641	0.46875	0.258064516	0.947368421	0.454545455	0.52173913	0.405063291	0.373493976	0.423728814	0.114754098	0.245614035	1	0.5	0.366666667	0.311827957	0.50617284	0.341463415	0.278350515	0.386363636	0.453488372	0.390243902	0.5	0.61971831	0.608108108	0.388888889	0.518072289	0.3125	0.364705882	0.516853933	0.931034483	0.433333333	0.538461538	0.237288136	0.323232323	0.229166667	0.605633803	0.391891892	0.646153846	0.390243902	0.450704225	0.361445783	0.352112676	0.52	0.305882353	0.529411765	0.340909091	0.398058252	0.506666667	0.646153846	0.253012048	0.29787234	0.287671233	0.430769231	0.458823529	0.291666667	0.364705882	0.527027027	0.524590164	0.453125	0.338983051	0.461538462	0.461538462	0.314606742	0.302325581	0.371794872	0.53164557	0.202702703	0.409836066	0.126760563	0.380952381	0.563380282	0.359375	0.449275362	0.430232558	0.507042254	0.114285714	0.391891892	0.392405063	0.4	0.231578947	0.433333333	0.567164179	0.253164557	0.461538462	0.406779661	0.260273973	0.583333333	0.393258427	0.336956522	0.180722892	0.538461538	0.36	0.205479452	0.389473684	0.458823529	0.46031746	0.549295775	0.377777778	0.352941176	0.5	0.414285714	0.367647059	0.129032258	0.492063492	0.288888889	0.302325581	0.411764706	0.516666667	0.439393939	0.370967742	0.158730159	0.434210526	0.4	0.524590164
0.692307692	0.557142857	0.253731343	0.338461538	0.408450704	0.556962025	0.460526316	0.050847458	0.472972973	0.4	1	0.435483871	0.485294118	0.5875	0.462686567	0.347222222	0.417721519	0.5	0.459016393	0.177419355	0.394736842	0.518518519	0.333333333	0.492957746	0.493150685	0.410714286	0.125	0.245283019	0.4	0.53164557	0.350877193	0.444444444	0.409638554	0.329113924	0.416666667	0.581081081	0.643835616	0.472972973	0.492063492	0.428571429	0.443037975	0.507936508	0.551282051	0.351351351	0.423076923	0.477272727	0.407894737	0.285714286	0.357142857	0.192982456	0.448275862	0.284090909	0.472972973	0.462686567	0.47826087	0.453333333	0.507692308	0.5	0.378787879	0.493150685	0.413333333	0.394366197	0.486842105	0.362745098	0.5	0.47826087	0.375	0.392857143	0.348484848	0.313432836	0.469135802	0.257142857	0.520547945	0.367088608	0.313432836	0.313432836	0.193548387	0.304347826	0.304347826	0.333333333	0.445945946	0.378378378	0.526315789	0.272727273	0.285714286	0.25	0.441558442	0.413333333	0.344262295	0.461538462	0.638888889	0.291139241	0.177419355	0.606557377	0.4	0.362068966	0.34939759	0.421052632	0.351351351	0.342857143	0.384615385	0.471698113	0.279411765	0.557142857	0.525641026	0.475	0.17721519	0.357142857	0.366197183	0.406779661	0.548780488	0.352272727	0.359375	0.418918919	0.676056338	0.414893617	0.320512821	0.593220339	0.333333333	0.160714286	0.289855072	0.520547945	0.486111111	0.554054054	0.409836066	0.363636364	0.31147541	0.152542373	0.575757576	0.362068966	0.294117647
0.434782609	0.361111111	0.140625	0.117647059	0.219178082	0.435897436	0.219512195	0.02	0.342465753	0.362318841	0.435483871	1	0.363636364	0.348837209	0.242857143	0.228571429	0.383561644	0.236842105	0.278688525	0.107142857	0.357142857	0.317647059	0.328358209	0.233766234	0.324324324	0.36	0.155555556	0.30952381	0.362318841	0.375	0.2	0.308641975	0.341772152	0.253333333	0.213483146	0.472222222	0.434210526	0.240506329	0.338709677	0.455882353	0.471428571	0.615384615	0.466666667	0.308823529	0.388888889	0.4	0.371428571	0.346153846	0.333333333	0.239130435	0.306818182	0.146067416	0.306666667	0.242857143	0.31884058	0.240506329	0.380952381	0.25974026	0.290322581	0.324324324	0.319444444	0.375	0.342105263	0.319587629	0.328767123	0.31884058	0.294117647	0.177777778	0.164179104	0.262295082	0.421052632	0.166666667	0.315789474	0.328767123	0.305084746	0.241935484	0.3125	0.362068966	0.362068966	0.24691358	0.315068493	0.263888889	0.4	0.280701754	0.320754717	0.163636364	0.234567901	0.338028169	0.290909091	0.292307692	0.426666667	0.31884058	0.192307692	0.45	0.205128205	0.192982456	0.174418605	0.25	0.348484848	0.185714286	0.274193548	0.367346939	0.333333333	0.361111111	0.333333333	0.273809524	0.188405797	0.333333333	0.211267606	0.220338983	0.380952381	0.285714286	0.381818182	0.362318841	0.421052632	0.311827957	0.277777778	0.509090909	0.283333333	0.102040816	0.344827586	0.333333333	0.352112676	0.368421053	0.363636364	0.234375	0.277777778	0.1875	0.328571429	0.192982456	0.350877193
0.520547945	0.375	0.268656716	0.375	0.442857143	0.530864198	0.435897436	0.06779661	0.506849315	0.261904762	0.485294118	0.363636364	1	0.422222222	0.414285714	0.420289855	0.547945205	0.394736842	0.25	0.138461538	0.258823529	0.476190476	0.21686747	0.426666667	0.617647059	0.212121212	0.066666667	0.13559322	0.261904762	0.525	0.21875	0.638888889	0.421686747	0.452054795	0.395348837	0.710144928	0.53164557	0.447368421	0.266666667	0.423076923	0.4375	0.432835821	0.50617284	0.2625	0.623188406	0.55952381	0.270588235	0.205882353	0.230769231	0.189655172	0.443181818	0.357142857	0.30952381	0.414285714	0.2875	0.466666667	0.375	0.535211268	0.533333333	0.428571429	0.528571429	0.298701299	0.52	0.489361702	0.415584416	0.2875	0.388888889	0.493670886	0.40625	0.186666667	0.5	0.328358209	0.696969697	0.238636364	0.202702703	0.308823529	0.19047619	0.213333333	0.213333333	0.569444444	0.770491803	0.450704225	0.4625	0.393442623	0.205882353	0.333333333	0.513513514	0.3375	0.220588235	0.246753247	0.586666667	0.355263158	0.321428571	0.394366197	0.376623377	0.212121212	0.4125	0.223880597	0.202380952	0.461538462	0.263888889	0.215384615	0.419354839	0.375	0.666666667	0.506329114	0.305555556	0.230769231	0.484848485	0.423728814	0.620253165	0.318681319	0.222222222	0.292682927	0.518987342	0.522727273	0.238095238	0.439393939	0.219178082	0.118644068	0.2	0.723076923	0.565217391	0.506493506	0.225352113	0.166666667	0.208955224	0.169491525	0.363636364	0.212121212	0.202702703
0.670731707	0.511111111	0.233333333	0.325581395	0.395604396	0.5625	0.5	0.098765432	0.619047619	0.360824742	0.5875	0.348837209	0.422222222	1	0.470588235	0.362637363	0.494623656	0.483146067	0.348837209	0.162790698	0.357142857	0.546391753	0.365591398	0.461538462	0.462365591	0.277108434	0.139240506	0.148148148	0.360824742	0.525773196	0.283950617	0.548387097	0.425742574	0.404255319	0.697674419	0.531914894	0.651685393	0.446808511	0.390804598	0.427083333	0.43877551	0.402298851	0.541666667	0.511904762	0.422680412	0.524271845	0.367346939	0.24137931	0.326086957	0.144578313	0.719101124	0.489361702	0.47826087	0.470588235	0.417582418	0.431578947	0.488095238	0.483516484	0.388235294	0.47826087	0.461538462	0.415730337	0.52173913	0.611650485	0.467391304	0.417582418	0.465116279	0.582417582	0.318181818	0.263736264	0.505154639	0.263736264	0.516483516	0.35	0.25	0.263736264	0.134831461	0.27173913	0.27173913	0.432989691	0.472527473	0.402173913	0.489583333	0.275862069	0.24137931	0.228915663	0.452631579	0.343434343	0.313253012	0.386363636	0.611111111	0.29	0.136363636	0.488095238	0.404255319	0.277108434	0.478723404	0.317073171	0.309278351	0.32967033	0.360465116	0.296296296	0.325581395	0.511111111	0.520833333	0.542553191	0.276595745	0.326086957	0.409090909	0.392405063	0.655913978	0.505154639	0.295454545	0.419354839	0.67816092	0.632653061	0.340206186	0.44047619	0.337209302	0.164556962	0.260869565	0.568181818	0.472527473	0.543478261	0.298850575	0.314606742	0.258823529	0.104651163	0.578313253	0.277108434	0.25
0.521126761	0.407894737	0.261538462	0.634615385	0.507692308	0.423529412	0.535211268	0.111111111	0.465753425	0.391891892	0.462686567	0.242857143	0.414285714	0.470588235	1	0.417910448	0.41025641	0.745762712	0.318181818	0.203389831	0.386666667	0.5125	0.256410256	0.485714286	0.426666667	0.375	0.173076923	0.230769231	0.391891892	0.416666667	0.339285714	0.455696203	0.419753086	0.560606061	0.444444444	0.493506494	0.552631579	0.465753425	0.314285714	0.367088608	0.34939759	0.309859155	0.4	0.272727273	0.345679012	0.454545455	0.4	0.196969697	0.207792208	0.081967213	0.458823529	0.3875	0.445945946	1	0.449275362	0.465753425	0.391304348	0.606060606	0.390625	0.445945946	0.464788732	0.276315789	0.520547945	0.383838384	0.432432432	0.449275362	0.310810811	0.402439024	0.380952381	0.178082192	0.409638554	0.28358209	0.472972973	0.23255814	0.228571429	0.34375	0.142857143	0.189189189	0.189189189	0.486486486	0.4	0.298701299	0.425	0.223880597	0.196969697	0.237288136	0.434210526	0.405405405	0.25	0.309859155	0.526315789	0.315789474	0.183333333	0.371428571	0.373333333	0.327586207	0.341463415	0.385964912	0.209876543	0.393939394	0.275362319	0.310344828	0.268656716	0.407894737	0.392857143	0.46835443	0.263888889	0.207792208	0.319444444	0.265625	0.524390244	0.409638554	0.231884058	0.2875	0.4625	0.423913043	0.24691358	0.373134328	0.433333333	0.166666667	0.208333333	0.493150685	0.4	0.430379747	0.292307692	0.222222222	0.2	0.081967213	0.545454545	0.327586207	0.211267606
0.304878049	0.358974359	0.35	0.37704918	0.426470588	0.411764706	0.35	0.134615385	0.292682927	0.378378378	0.347222222	0.228571429	0.420289855	0.362637363	0.417910448	1	0.379746835	0.416666667	0.28358209	0.206896552	0.355263158	0.395348837	0.2125	0.514705882	0.536231884	0.266666667	0.034482759	0.145454545	0.378378378	0.388235294	0.233333333	0.407407407	0.407407407	0.36	0.414634146	0.407407407	0.376470588	0.394736842	0.246575342	0.407894737	0.37037037	0.260273973	0.372093023	0.2125	0.44	0.426966292	0.350649351	0.147058824	0.226666667	0.120689655	0.351648352	0.358024691	0.358974359	0.417910448	0.375	0.394736842	0.357142857	0.418918919	0.396825397	0.432432432	0.430555556	0.297297297	0.375	0.431578947	0.418918919	0.375	0.333333333	0.443037975	0.409836066	0.133333333	0.487179487	0.416666667	0.402597403	0.235294118	0.214285714	0.574074074	0.163934426	0.208333333	0.208333333	0.415584416	0.405405405	0.414285714	0.467532468	0.35	0.147058824	0.309090909	0.384615385	0.355263158	0.179104478	0.243243243	0.385542169	0.455882353	0.206896552	0.301369863	0.416666667	0.245901639	0.345679012	0.258064516	0.227848101	0.444444444	0.260869565	0.19047619	0.3125	0.358974359	0.380952381	0.4375	0.323529412	0.226666667	0.424242424	0.355932203	0.393258427	0.432098765	0.183098592	0.307692308	0.318181818	0.382978723	0.282051282	0.281690141	0.328125	0.107142857	0.211267606	0.35	0.333333333	0.513513514	0.220588235	0.208333333	0.184615385	0.160714286	0.364864865	0.245901639	0.214285714
0.50617284	0.423529412	0.263157895	0.434782609	0.454545455	0.626506024	0.464285714	0.072463768	0.5125	0.409638554	0.417721519	0.383561644	0.547945205	0.494623656	0.41025641	0.379746835	1	0.444444444	0.2625	0.148648649	0.388235294	0.534090909	0.435897436	0.456790123	0.49382716	0.22972973	0.086956522	0.164179104	0.409638554	0.564705882	0.219178082	0.592592593	0.517647059	0.481012658	0.43956044	0.632911392	0.609756098	0.423529412	0.308641975	0.50617284	0.518072289	0.38961039	0.62195122	0.34939759	0.64	0.651162791	0.38372093	0.328571429	0.371794872	0.176470588	0.468085106	0.344086022	0.375	0.41025641	0.341176471	0.423529412	0.447368421	0.538461538	0.537313433	0.53164557	0.573333333	0.460526316	0.5625	0.495049505	0.518987342	0.341176471	0.3875	0.402173913	0.383561644	0.298701299	0.55952381	0.315789474	0.64	0.379310345	0.315789474	0.333333333	0.228571429	0.342105263	0.342105263	0.569620253	0.586666667	0.561643836	0.542168675	0.352112676	0.309859155	0.260869565	0.464285714	0.421686747	0.287671233	0.273809524	0.604938272	0.390243902	0.197183099	0.428571429	0.392857143	0.213333333	0.347826087	0.207792208	0.333333333	0.394736842	0.291139241	0.232876712	0.375	0.423529412	0.541176471	0.56626506	0.329113924	0.371794872	0.535211268	0.439393939	0.597701149	0.350515464	0.32	0.376470588	0.523255814	0.593406593	0.385542169	0.452054795	0.282051282	0.184615385	0.328947368	0.662162162	0.506329114	0.530120482	0.289473684	0.243902439	0.277777778	0.176470588	0.46835443	0.213333333	0.315789474
0.513157895	0.52	0.328358209	0.559322034	0.478873239	0.505882353	0.526315789	0.098360656	0.480519481	0.41025641	0.5	0.236842105	0.394736842	0.483146067	0.745762712	0.416666667	0.444444444	1	0.402985075	0.21875	0.405063291	0.523809524	0.329113924	0.608695652	0.52	0.37704918	0.114754098	0.203389831	0.41025641	0.482352941	0.389830508	0.452380952	0.50617284	0.428571429	0.476190476	0.50617284	0.5625	0.5	0.375	0.4375	0.4	0.315789474	0.465116279	0.3125	0.432098765	0.5	0.417721519	0.211267606	0.298701299	0.106060606	0.455555556	0.340909091	0.540540541	0.745762712	0.550724638	0.5	0.471428571	0.686567164	0.454545455	0.480519481	0.48	0.316455696	0.493670886	0.384615385	0.467532468	0.550724638	0.350649351	0.386363636	0.382352941	0.223684211	0.476190476	0.347826087	0.546666667	0.313953488	0.291666667	0.409090909	0.128571429	0.266666667	0.266666667	0.4625	0.435897436	0.38961039	0.475609756	0.186666667	0.211267606	0.194029851	0.526315789	0.441558442	0.318181818	0.369863014	0.5375	0.35443038	0.181818182	0.430555556	0.392405063	0.37704918	0.344827586	0.433333333	0.296296296	0.337837838	0.357142857	0.360655738	0.314285714	0.52	0.425287356	0.5	0.306666667	0.298701299	0.397260274	0.375	0.534883721	0.377777778	0.260273973	0.358024691	0.512195122	0.4375	0.333333333	0.434782609	0.453125	0.186440678	0.27027027	0.506493506	0.435897436	0.518987342	0.31884058	0.301369863	0.268656716	0.123076923	0.602941176	0.37704918	0.273972603
0.394366197	0.606557377	0.280701754	0.288135593	0.253521127	0.454545455	0.428571429	0.02	0.289473684	0.46875	0.459016393	0.278688525	0.25	0.348837209	0.318181818	0.28358209	0.2625	0.402985075	1	0.192307692	0.461538462	0.435897436	0.435483871	0.417910448	0.38028169	0.581395349	0.155555556	0.30952381	0.46875	0.466666667	0.692307692	0.277108434	0.358974359	0.205128205	0.285714286	0.358974359	0.415584416	0.484848485	0.765957447	0.434782609	0.450704225	0.333333333	0.447368421	0.369230769	0.25	0.38372093	0.454545455	0.25	0.473684211	0.117647059	0.277777778	0.172413793	0.606557377	0.318181818	0.568965517	0.484848485	0.45	0.328767123	0.333333333	0.53125	0.301369863	0.333333333	0.291139241	0.254901961	0.515625	0.568965517	0.23943662	0.261904762	0.258064516	0.350877193	0.384615385	0.222222222	0.333333333	0.53968254	0.4	0.350877193	0.188679245	0.385964912	0.385964912	0.21686747	0.246753247	0.3	0.5	0.140625	0.25	0.122807018	0.449275362	0.357142857	0.42	0.75	0.38961039	0.31884058	0.050847458	0.474576271	0.424242424	0.743589744	0.188235294	0.75	0.459016393	0.152777778	0.549019608	0.488888889	0.225806452	0.606557377	0.367088608	0.3375	0.108108108	0.473684211	0.246376812	0.263157895	0.364705882	0.333333333	0.381818182	0.492063492	0.421052632	0.22	0.352941176	0.406779661	0.4	0.2	0.368421053	0.282051282	0.28	0.386666667	0.442307692	0.680851064	0.352941176	0.212765957	0.430769231	0.743589744	0.375
0.136986301	0.261538462	0.5	0.2	0.123076923	0.230769231	0.183098592	0.25	0.123287671	0.258064516	0.177419355	0.107142857	0.138461538	0.162790698	0.203389831	0.206896552	0.148648649	0.21875	0.192307692	1	0.253968254	0.2	0.237288136	0.234375	0.223880597	0.238095238	0.090909091	0.083333333	0.258064516	0.205128205	0.219512195	0.139240506	0.2	0.147058824	0.164556962	0.139240506	0.1625	0.171428571	0.175438596	0.220588235	0.225352113	0.214285714	0.236842105	0.158730159	0.166666667	0.197674419	0.25	0.2	0.259259259	0.138888889	0.151162791	0.131578947	0.242424242	0.203389831	0.25	0.171428571	0.267857143	0.191176471	0.230769231	0.223880597	0.161764706	0.180327869	0.102564103	0.178947368	0.208955224	0.25	0.161290323	0.216216216	0.127272727	0.244897959	0.179487179	0.244897959	0.166666667	0.227272727	0.29787234	0.270833333	0.27027027	0.211538462	0.211538462	0.180555556	0.126760563	0.153846154	0.202702703	0.096153846	0.2	0.066666667	0.166666667	0.196969697	0.195652174	0.172413793	0.151898734	0.25	0.095238095	0.183333333	0.181818182	0.209302326	0.118421053	0.2	0.327272727	0.116666667	0.26	0.159090909	0.25	0.261538462	0.15	0.151898734	0.178571429	0.259259259	0.186440678	0.142857143	0.149425287	0.194805195	0.25	0.238095238	0.164556962	0.152173913	0.266666667	0.155172414	0.29787234	0.055555556	0.24	0.12	0.142857143	0.205479452	0.255319149	0.211538462	0.204545455	0.205882353	0.184615385	0.209302326	0.244897959
0.348837209	0.575342466	0.304347826	0.273972603	0.292682927	0.535714286	0.360465116	0.046153846	0.25	0.947368421	0.394736842	0.357142857	0.258823529	0.357142857	0.386666667	0.355263158	0.388235294	0.405063291	0.461538462	0.253968254	1	0.465909091	0.514285714	0.4	0.369047619	0.416666667	0.131147541	0.24137931	0.947368421	0.511904762	0.360655738	0.308510638	0.518518519	0.337349398	0.288659794	0.382022472	0.431818182	0.385542169	0.492537313	0.589041096	0.578947368	0.383561644	0.511904762	0.325	0.360465116	0.528089888	0.98245614	0.426229508	0.53030303	0.233333333	0.333333333	0.239583333	0.597222222	0.386666667	0.636363636	0.385542169	0.444444444	0.357142857	0.328767123	0.493506494	0.287356322	0.52173913	0.322222222	0.394230769	0.480519481	0.636363636	0.265060241	0.294736842	0.266666667	0.424242424	0.436781609	0.27027027	0.360465116	0.540540541	0.516129032	0.424242424	0.333333333	0.454545455	0.454545455	0.311111111	0.298850575	0.35	0.50617284	0.2	0.403225806	0.125	0.376470588	0.577464789	0.353846154	0.442857143	0.409090909	0.479452055	0.128571429	0.386666667	0.37037037	0.393442623	0.242105263	0.426229508	0.558823529	0.234567901	0.454545455	0.4	0.256756757	0.575342466	0.388888889	0.319148936	0.192771084	0.53030303	0.337662338	0.202702703	0.385416667	0.453488372	0.453125	0.541666667	0.373626374	0.349514563	0.493150685	0.408450704	0.362318841	0.126984127	0.484375	0.27173913	0.284090909	0.390804598	0.508196721	0.432835821	0.365079365	0.15625	0.428571429	0.393442623	0.516129032
0.583333333	0.517241379	0.320987654	0.466666667	0.464285714	0.659090909	0.74025974	0.0625	0.517241379	0.454545455	0.518518519	0.317647059	0.476190476	0.546391753	0.5125	0.395348837	0.534090909	0.523809524	0.435897436	0.2	0.465909091	1	0.413793103	0.554216867	0.534883721	0.324675325	0.146666667	0.186666667	0.454545455	0.674418605	0.282051282	0.590909091	0.52173913	0.471264368	0.479166667	0.573033708	0.702380952	0.736842105	0.444444444	0.564705882	0.556818182	0.372093023	0.617977528	0.366666667	0.522727273	0.64516129	0.460674157	0.238095238	0.372093023	0.12345679	0.460784314	0.346534653	0.5	0.5125	0.470588235	0.714285714	0.423529412	0.597560976	0.425	0.571428571	0.465909091	0.402298851	0.545454545	0.514018692	0.55952381	0.470588235	0.386363636	0.428571429	0.287356322	0.321428571	0.577777778	0.337349398	0.558139535	0.471910112	0.321428571	0.423076923	0.197530864	0.298850575	0.298850575	0.569767442	0.477272727	0.373626374	0.579545455	0.258823529	0.238095238	0.225	0.675	0.5	0.3125	0.421686747	0.678571429	0.470588235	0.170731707	0.457831325	0.6	0.307692308	0.336633663	0.333333333	0.382022472	0.392857143	0.4125	0.278481013	0.358024691	0.517241379	0.613636364	0.532608696	0.288888889	0.372093023	0.428571429	0.308641975	0.630434783	0.405940594	0.392405063	0.454545455	0.651162791	0.457943925	0.415730337	0.392857143	0.337349398	0.113924051	0.302325581	0.558139535	0.460674157	0.604651163	0.313253012	0.345238095	0.2875	0.22972973	0.511904762	0.307692308	0.290697674
0.325301205	0.535211268	0.3125	0.225352113	0.149425287	0.464285714	0.353658537	0.033333333	0.282352941	0.52173913	0.333333333	0.328358209	0.21686747	0.365591398	0.256410256	0.2125	0.435897436	0.329113924	0.435483871	0.237288136	0.514285714	0.413793103	1	0.308641975	0.297619048	0.410714286	0.188679245	0.222222222	0.52173913	0.406976744	0.327586207	0.3	0.409638554	0.235294118	0.307692308	0.3	0.395348837	0.297619048	0.424242424	0.549295775	0.583333333	0.397058824	0.475609756	0.538461538	0.337349398	0.494252874	0.507042254	0.62	0.9	0.333333333	0.3125	0.189473684	0.513888889	0.256410256	0.457142857	0.297619048	0.420289855	0.285714286	0.263888889	0.397435897	0.292682927	0.571428571	0.269662921	0.362745098	0.384615385	0.457142857	0.269230769	0.244680851	0.155844156	0.517241379	0.4	0.275362319	0.305882353	0.661538462	0.725490196	0.313432836	0.423076923	0.730769231	0.730769231	0.258426966	0.229885057	0.342105263	0.432098765	0.135135135	0.588235294	0.056338028	0.337349398	0.472222222	0.547169811	0.376811594	0.372093023	0.397260274	0.057971014	0.289473684	0.296296296	0.338983051	0.154639175	0.327868852	0.785714286	0.093023256	0.578947368	0.392857143	0.242857143	0.535211268	0.322222222	0.340909091	0.192307692	0.9	0.293333333	0.220588235	0.380434783	0.293478261	0.553571429	0.567164179	0.367816092	0.33	0.537313433	0.342857143	0.294117647	0.140350877	0.679245283	0.290697674	0.215909091	0.32183908	0.535714286	0.5	0.6	0.307692308	0.424657534	0.338983051	0.692307692
0.45	0.533333333	0.384615385	0.453125	0.492957746	0.554216867	0.539473684	0.0625	0.4375	0.405063291	0.492957746	0.233766234	0.426666667	0.461538462	0.485714286	0.514705882	0.456790123	0.608695652	0.417910448	0.234375	0.4	0.554216867	0.308641975	1	0.742424242	0.287878788	0.061538462	0.142857143	0.405063291	0.530120482	0.338709677	0.5	0.5	0.37037037	0.453488372	0.556962025	0.518072289	0.61971831	0.369863014	0.45	0.428571429	0.24691358	0.494117647	0.292682927	0.4625	0.511111111	0.395061728	0.208333333	0.328947368	0.104477612	0.419354839	0.322222222	0.493506494	0.485714286	0.5	0.61971831	0.529411765	0.52	0.492307692	0.533333333	0.435897436	0.4	0.451219512	0.355140187	0.52	0.5	0.381578947	0.447058824	0.376811594	0.236842105	0.524390244	0.424242424	0.56	0.373493976	0.287671233	0.516129032	0.142857143	0.297297297	0.297297297	0.456790123	0.506666667	0.421052632	0.50617284	0.25	0.208333333	0.265625	0.602739726	0.435897436	0.313432836	0.364864865	0.493975904	0.35	0.196969697	0.405405405	0.541666667	0.349206349	0.372093023	0.318181818	0.308641975	0.388888889	0.391304348	0.217391304	0.388059701	0.533333333	0.543209877	0.493975904	0.285714286	0.328947368	0.514705882	0.508474576	0.564705882	0.420454545	0.256756757	0.423076923	0.488095238	0.39	0.3625	0.333333333	0.382352941	0.163934426	0.301369863	0.5	0.506666667	0.728571429	0.260273973	0.352112676	0.28358209	0.174603175	0.486486486	0.349206349	0.287671233
0.506329114	0.493670886	0.388059701	0.333333333	0.472972973	0.571428571	0.481481481	0.059701493	0.43902439	0.373493976	0.493150685	0.324324324	0.617647059	0.462365591	0.426666667	0.536231884	0.49382716	0.52	0.38028169	0.223880597	0.369047619	0.534883721	0.297619048	0.742424242	1	0.257142857	0.074626866	0.102941176	0.373493976	0.547619048	0.264705882	0.575	0.536585366	0.373493976	0.454545455	0.615384615	0.554216867	0.552631579	0.320512821	0.525641026	0.5	0.333333333	0.511627907	0.297619048	0.558441558	0.579545455	0.380952381	0.184210526	0.316455696	0.132352941	0.421052632	0.311827957	0.456790123	0.426666667	0.441558442	0.552631579	0.507042254	0.519480519	0.492537313	0.532467532	0.493506494	0.367088608	0.525	0.450980392	0.519480519	0.441558442	0.402597403	0.482352941	0.361111111	0.197530864	0.580246914	0.405797101	0.6	0.344827586	0.276315789	0.515625	0.169014085	0.269230769	0.269230769	0.5125	0.633802817	0.441558442	0.5625	0.309859155	0.184210526	0.272727273	0.538461538	0.455696203	0.263888889	0.316455696	0.548780488	0.460526316	0.28125	0.407894737	0.5	0.275362319	0.406976744	0.285714286	0.297619048	0.430555556	0.337837838	0.208333333	0.5	0.493670886	0.641025641	0.548780488	0.342105263	0.316455696	0.536231884	0.483870968	0.619047619	0.406593407	0.230769231	0.425	0.542168675	0.448979592	0.317647059	0.391891892	0.310810811	0.121212121	0.272727273	0.558441558	0.526315789	0.771428571	0.25	0.302631579	0.253521127	0.203125	0.4125	0.275362319	0.276315789
0.308823529	0.466666667	0.26	0.269230769	0.234375	0.397260274	0.304347826	0.025	0.222222222	0.423728814	0.410714286	0.36	0.212121212	0.277108434	0.375	0.266666667	0.22972973	0.37704918	0.581395349	0.238095238	0.416666667	0.324675325	0.410714286	0.287878788	0.257142857	1	0.135135135	0.451612903	0.423728814	0.351351351	0.555555556	0.215189873	0.297297297	0.235294118	0.209876543	0.297297297	0.356164384	0.313432836	0.553191489	0.390625	0.367647059	0.423076923	0.388888889	0.316666667	0.216216216	0.313253012	0.433333333	0.333333333	0.450980392	0.119047619	0.235294118	0.164556962	0.466666667	0.375	0.5	0.313432836	0.4	0.318181818	0.25	0.396825397	0.231884058	0.238095238	0.243243243	0.216494845	0.380952381	0.5	0.130434783	0.230769231	0.236363636	0.31372549	0.324324324	0.240740741	0.267605634	0.380952381	0.425531915	0.34	0.261904762	0.38	0.38	0.166666667	0.178082192	0.246153846	0.397058824	0.125	0.333333333	0.102040816	0.304347826	0.370967742	0.386363636	0.541666667	0.328767123	0.265625	0.083333333	0.375	0.272727273	0.567567568	0.181818182	0.666666667	0.436363636	0.158730159	0.408163265	0.628571429	0.178571429	0.466666667	0.256410256	0.25974026	0.090909091	0.450980392	0.117647059	0.127272727	0.277108434	0.342465753	0.5	0.4	0.306666667	0.217391304	0.322580645	0.403846154	0.456521739	0.157894737	0.36	0.2	0.211267606	0.305555556	0.477272727	0.408163265	0.340909091	0.205128205	0.360655738	0.567567568	0.367346939
0.158730159	0.125	0.044444444	0.111111111	0.032786885	0.088607595	0.174603175	0.041666667	0.125	0.114754098	0.125	0.155555556	0.066666667	0.139240506	0.173076923	0.034482759	0.086956522	0.114754098	0.155555556	0.090909091	0.131147541	0.146666667	0.188679245	0.061538462	0.074626866	0.135135135	1	0.115384615	0.114754098	0.12	0.081081081	0.111111111	0.126760563	0.096774194	0.123287671	0.095890411	0.136986301	0.107692308	0.14	0.106060606	0.115942029	0.137254902	0.090909091	0.188679245	0.057142857	0.107142857	0.129032258	0.073170732	0.137254902	0.033333333	0.1125	0.085714286	0.142857143	0.173076923	0.083333333	0.107692308	0.109090909	0.075757576	0.038461538	0.107692308	0.095238095	0.087719298	0.101449275	0.108695652	0.109375	0.083333333	0.148148148	0.066666667	0.019607843	0.085106383	0.078947368	0.040816327	0.057142857	0.14516129	0.085106383	0.085106383	0.088235294	0.104166667	0.104166667	0.102941176	0.044776119	0.048387097	0.097222222	0.068181818	0.073170732	0	0.104477612	0.112903226	0.097560976	0.137254902	0.125	0.120689655	0.028571429	0.12962963	0.096774194	0.076923077	0.041666667	0.1	0.145454545	0.017857143	0.081632653	0.108108108	0.111111111	0.125	0.093333333	0.125	0.098039216	0.137254902	0.052631579	0.045454545	0.153846154	0.108108108	0.111111111	0.114754098	0.138888889	0.066666667	0.064516129	0.096153846	0.159090909	0.076923077	0.083333333	0.072463768	0.076923077	0.054054054	0.088888889	0.177777778	0.102564103	0.107142857	0.196428571	0.076923077	0.085106383
0.1875	0.229508197	0.136363636	0.204545455	0.178571429	0.202702703	0.184615385	0	0.19047619	0.245614035	0.245283019	0.30952381	0.13559322	0.148148148	0.230769231	0.145454545	0.164179104	0.203389831	0.30952381	0.083333333	0.24137931	0.186666667	0.222222222	0.142857143	0.102941176	0.451612903	0.115384615	1	0.245614035	0.191780822	0.387096774	0.136986301	0.136986301	0.203389831	0.103896104	0.220588235	0.194444444	0.19047619	0.333333333	0.1875	0.176470588	0.326086957	0.208333333	0.245283019	0.115942029	0.185185185	0.237288136	0.27027027	0.22	0.214285714	0.194805195	0.144927536	0.229508197	0.230769231	0.283018868	0.19047619	0.20754717	0.193548387	0.14	0.209677419	0.142857143	0.203703704	0.215384615	0.105263158	0.213114754	0.283018868	0.101694915	0.106666667	0.145833333	0.2	0.180555556	0.102040816	0.184615385	0.193548387	0.285714286	0.227272727	0.333333333	0.302325581	0.302325581	0.147058824	0.140625	0.133333333	0.242424242	0.162790698	0.236842105	0.078947368	0.184615385	0.2	0.371428571	0.29787234	0.183098592	0.152542373	0.083333333	0.254901961	0.14516129	0.363636364	0.130434783	0.382352941	0.222222222	0.153846154	0.302325581	0.466666667	0.127659574	0.229508197	0.148648649	0.12	0.017241379	0.22	0.086206897	0.065217391	0.1625	0.231884058	0.261904762	0.183333333	0.164383562	0.125	0.232142857	0.304347826	0.285714286	0.148148148	0.30952381	0.149253731	0.140625	0.157142857	0.333333333	0.191489362	0.314285714	0.172413793	0.228070175	0.363636364	0.317073171
0.352941176	0.583333333	0.308823529	0.277777778	0.296296296	0.542168675	0.364705882	0.046875	0.252747253	1	0.4	0.362318841	0.261904762	0.360824742	0.391891892	0.378378378	0.409638554	0.41025641	0.46875	0.258064516	0.947368421	0.454545455	0.52173913	0.405063291	0.373493976	0.423728814	0.114754098	0.245614035	1	0.5	0.366666667	0.311827957	0.50617284	0.341463415	0.278350515	0.386363636	0.453488372	0.390243902	0.5	0.61971831	0.608108108	0.388888889	0.518072289	0.3125	0.364705882	0.516853933	0.931034483	0.433333333	0.538461538	0.237288136	0.323232323	0.229166667	0.605633803	0.391891892	0.646153846	0.390243902	0.450704225	0.361445783	0.352112676	0.52	0.305882353	0.529411765	0.340909091	0.398058252	0.506666667	0.646153846	0.253012048	0.29787234	0.287671233	0.430769231	0.458823529	0.291666667	0.364705882	0.527027027	0.524590164	0.453125	0.338983051	0.461538462	0.461538462	0.314606742	0.302325581	0.371794872	0.53164557	0.202702703	0.409836066	0.126760563	0.380952381	0.563380282	0.359375	0.449275362	0.430232558	0.507042254	0.114285714	0.391891892	0.392405063	0.4	0.231578947	0.433333333	0.567164179	0.253164557	0.461538462	0.406779661	0.260273973	0.583333333	0.393258427	0.336956522	0.180722892	0.538461538	0.36	0.205479452	0.389473684	0.458823529	0.46031746	0.549295775	0.377777778	0.352941176	0.5	0.414285714	0.367647059	0.129032258	0.492063492	0.288888889	0.302325581	0.411764706	0.516666667	0.439393939	0.370967742	0.158730159	0.434210526	0.4	0.524590164
0.597560976	0.64556962	0.329113924	0.333333333	0.457831325	0.8	0.552941176	0.024691358	0.494252874	0.5	0.53164557	0.375	0.525	0.525773196	0.416666667	0.388235294	0.564705882	0.482352941	0.466666667	0.205128205	0.511904762	0.674418605	0.406976744	0.530120482	0.547619048	0.351351351	0.12	0.191780822	0.5	1	0.342465753	0.604651163	0.642857143	0.431818182	0.428571429	0.623529412	0.639534884	0.56626506	0.493506494	0.617283951	0.626506024	0.506493506	0.731707317	0.406976744	0.571428571	0.696629213	0.505882353	0.307692308	0.432098765	0.186666667	0.47	0.300970874	0.56626506	0.416666667	0.5375	0.56626506	0.545454545	0.517647059	0.534246575	0.805555556	0.530120482	0.445783133	0.522727273	0.523809524	0.816901408	0.5375	0.445783133	0.4375	0.325301205	0.379746835	0.627906977	0.329268293	0.692307692	0.482758621	0.3625	0.3625	0.217948718	0.353658537	0.353658537	0.511363636	0.580246914	0.464285714	0.779220779	0.346153846	0.307692308	0.263157895	0.62962963	0.459770115	0.373333333	0.487179487	0.7375	0.464285714	0.146341463	0.608108108	0.5	0.351351351	0.343434343	0.378378378	0.44047619	0.32183908	0.48	0.32	0.35	0.64556962	0.686746988	0.527472527	0.295454545	0.432098765	0.456790123	0.368421053	0.681818182	0.428571429	0.384615385	0.482352941	0.666666667	0.509803922	0.441860465	0.575342466	0.313253012	0.146666667	0.358024691	0.552941176	0.580246914	0.6	0.371794872	0.405063291	0.364864865	0.219178082	0.524390244	0.351351351	0.345679012
0.298507463	0.433333333	0.22	0.333333333	0.262295082	0.333333333	0.353846154	0.026315789	0.246376812	0.366666667	0.350877193	0.2	0.21875	0.283950617	0.339285714	0.233333333	0.219178082	0.389830508	0.692307692	0.219512195	0.360655738	0.282051282	0.327586207	0.338709677	0.264705882	0.555555556	0.081081081	0.387096774	0.366666667	0.342465753	1	0.205128205	0.253333333	0.205882353	0.230769231	0.305555556	0.310810811	0.365079365	0.577777778	0.298507463	0.3	0.285714286	0.342465753	0.305084746	0.189189189	0.304878049	0.35483871	0.260869565	0.358490566	0.125	0.240963855	0.168831169	0.433333333	0.339285714	0.462962963	0.365079365	0.388888889	0.349206349	0.36	0.409836066	0.276923077	0.266666667	0.285714286	0.195876289	0.393442623	0.462962963	0.151515152	0.236842105	0.269230769	0.3	0.28	0.160714286	0.313432836	0.349206349	0.354166667	0.25	0.186046512	0.34	0.34	0.171052632	0.217391304	0.234375	0.367647059	0.089285714	0.260869565	0.130434783	0.353846154	0.23880597	0.404761905	0.565217391	0.301369863	0.215384615	0.041666667	0.388888889	0.301587302	0.931034483	0.186666667	0.8125	0.305084746	0.126984127	0.522727273	0.527777778	0.163636364	0.433333333	0.28	0.233766234	0.060606061	0.358490566	0.174603175	0.2	0.283950617	0.263157895	0.306122449	0.344262295	0.297297297	0.208791209	0.290322581	0.392156863	0.413043478	0.272727273	0.32	0.275362319	0.272727273	0.277777778	0.465116279	0.456521739	0.325581395	0.125	0.327868852	0.931034483	0.326530612
0.607594937	0.431818182	0.294871795	0.368421053	0.444444444	0.573033708	0.56097561	0.082191781	0.636363636	0.311827957	0.444444444	0.308641975	0.638888889	0.548387097	0.455696203	0.407407407	0.592592593	0.452380952	0.277108434	0.139240506	0.308510638	0.590909091	0.3	0.5	0.575	0.215189873	0.111111111	0.136986301	0.311827957	0.604651163	0.205128205	1	0.472527473	0.544303797	0.494505495	0.614457831	0.65060241	0.555555556	0.305882353	0.426966292	0.43956044	0.333333333	0.516483516	0.329545455	0.56097561	0.580645161	0.305263158	0.180722892	0.272727273	0.118421053	0.554347826	0.428571429	0.4	0.455696203	0.322222222	0.536585366	0.474358974	0.524390244	0.479452055	0.518072289	0.518518519	0.380952381	0.547619048	0.575757576	0.506024096	0.322222222	0.487179487	0.488888889	0.376623377	0.193181818	0.494505495	0.346153846	0.684210526	0.275510204	0.193181818	0.329113924	0.166666667	0.229885057	0.229885057	0.697368421	0.722222222	0.469135802	0.511363636	0.346666667	0.180722892	0.295774648	0.580246914	0.351648352	0.253164557	0.34939759	0.666666667	0.352272727	0.2	0.402439024	0.487804878	0.2	0.402173913	0.209876543	0.244680851	0.441558442	0.289156627	0.158536585	0.464788732	0.431818182	0.766233766	0.626506024	0.375	0.272727273	0.480519481	0.428571429	0.694117647	0.387755102	0.209302326	0.340659341	0.619047619	0.546391753	0.333333333	0.3875	0.296296296	0.154929577	0.23255814	0.641025641	0.55	0.65	0.197674419	0.229885057	0.243589744	0.180555556	0.457831325	0.2	0.220930233
0.443181818	0.555555556	0.311688312	0.316455696	0.444444444	0.627906977	0.471264368	0.053333333	0.4	0.50617284	0.409638554	0.341772152	0.421686747	0.425742574	0.419753086	0.407407407	0.517647059	0.50617284	0.358974359	0.2	0.518518519	0.52173913	0.409638554	0.5	0.536585366	0.297297297	0.126760563	0.136986301	0.50617284	0.642857143	0.253333333	0.472527473	1	0.402298851	0.36	0.558139535	0.539325843	0.5	0.3875	0.649350649	0.6375	0.365853659	0.623529412	0.3	0.523809524	0.670454545	0.530864198	0.306666667	0.435897436	0.133333333	0.388349515	0.274509804	0.518072289	0.419753086	0.506329114	0.5	0.4375	0.470588235	0.479452055	0.615384615	0.447058824	0.487179487	0.477272727	0.471698113	0.602564103	0.506329114	0.397590361	0.353535354	0.341772152	0.363636364	0.563218391	0.280487805	0.542168675	0.470588235	0.381578947	0.418918919	0.213333333	0.35443038	0.35443038	0.449438202	0.493975904	0.38372093	0.62195122	0.278481013	0.306666667	0.210526316	0.523809524	0.64	0.269230769	0.382716049	0.516853933	0.525641026	0.2	0.474358974	0.469879518	0.246753247	0.34375	0.289473684	0.444444444	0.353658537	0.35443038	0.25	0.350649351	0.555555556	0.528089888	0.451612903	0.325301205	0.435897436	0.407407407	0.351351351	0.565217391	0.387755102	0.368421053	0.544303797	0.511111111	0.485148515	0.428571429	0.441558442	0.3125	0.108108108	0.358974359	0.454545455	0.476190476	0.552941176	0.320512821	0.426666667	0.293333333	0.164383562	0.5125	0.246753247	0.363636364
0.419753086	0.310344828	0.186666667	0.4375	0.52173913	0.438202247	0.487179487	0.063492063	0.407407407	0.341463415	0.329113924	0.253333333	0.452054795	0.404255319	0.560606061	0.36	0.481012658	0.428571429	0.205128205	0.147058824	0.337349398	0.471264368	0.235294118	0.37037037	0.373493976	0.235294118	0.096774194	0.203389831	0.341463415	0.431818182	0.205882353	0.544303797	0.402298851	1	0.425287356	0.525	0.488095238	0.425	0.269230769	0.337209302	0.337078652	0.333333333	0.415730337	0.25	0.414634146	0.483516484	0.34939759	0.228571429	0.176470588	0.140625	0.43956044	0.552631579	0.310344828	0.560606061	0.3375	0.425	0.271604938	0.591549296	0.432835821	0.407407407	0.441558442	0.283950617	0.573333333	0.469387755	0.4125	0.3375	0.283950617	0.435294118	0.402985075	0.192307692	0.393258427	0.223684211	0.487179487	0.215053763	0.192307692	0.273972603	0.179104478	0.1875	0.1875	0.671428571	0.493333333	0.273809524	0.44047619	0.390625	0.211267606	0.333333333	0.397590361	0.321428571	0.191780822	0.282051282	0.464285714	0.3375	0.21875	0.337662338	0.375	0.2	0.481012658	0.228571429	0.179775281	0.455882353	0.217948718	0.220588235	0.243243243	0.310344828	0.441860465	0.447058824	0.240506329	0.176470588	0.342105263	0.23943662	0.483146067	0.425287356	0.210526316	0.235955056	0.409090909	0.516483516	0.301204819	0.32	0.273972603	0.186440678	0.205128205	0.526315789	0.4	0.463414634	0.246575342	0.158536585	0.197183099	0.073529412	0.434210526	0.2	0.192307692
0.465909091	0.376344086	0.240963855	0.341772152	0.4	0.448979592	0.460674157	0.109589041	0.471264368	0.278350515	0.416666667	0.213483146	0.395348837	0.697674419	0.444444444	0.414634146	0.43956044	0.476190476	0.285714286	0.164556962	0.288659794	0.479166667	0.307692308	0.453488372	0.454545455	0.209876543	0.123287671	0.103896104	0.278350515	0.428571429	0.230769231	0.494505495	0.36	0.425287356	1	0.431578947	0.494623656	0.391304348	0.269662921	0.34375	0.316831683	0.252747253	0.414141414	0.451219512	0.413043478	0.432692308	0.285714286	0.219512195	0.266666667	0.12987013	0.576086957	0.62962963	0.361702128	0.444444444	0.32967033	0.376344086	0.344827586	0.476744186	0.41025641	0.406593407	0.453488372	0.325842697	0.450549451	0.612244898	0.395604396	0.32967033	0.421686747	0.6	0.384615385	0.215909091	0.452631579	0.35443038	0.460674157	0.295918367	0.215909091	0.273809524	0.134146341	0.238636364	0.238636364	0.471910112	0.431818182	0.423529412	0.40625	0.2875	0.219512195	0.253333333	0.397849462	0.288659794	0.2625	0.280898876	0.47311828	0.273684211	0.12195122	0.344827586	0.362637363	0.225	0.597560976	0.234567901	0.252631579	0.345238095	0.297619048	0.182926829	0.292682927	0.376344086	0.452631579	0.556818182	0.317647059	0.266666667	0.414634146	0.397260274	0.520833333	0.5	0.204545455	0.319148936	0.452631579	0.617021277	0.29787234	0.298850575	0.273809524	0.183098592	0.24137931	0.477272727	0.4	0.472527473	0.265060241	0.224719101	0.2375	0.12987013	0.481927711	0.225	0.229885057
0.5875	0.465116279	0.231707317	0.386666667	0.539473684	0.686746988	0.505882353	0.053333333	0.555555556	0.386363636	0.581081081	0.472222222	0.710144928	0.531914894	0.493506494	0.407407407	0.632911392	0.50617284	0.358974359	0.139240506	0.382022472	0.573033708	0.3	0.556962025	0.615384615	0.297297297	0.095890411	0.220588235	0.386363636	0.623529412	0.305555556	0.614457831	0.558139535	0.525	0.431578947	1	0.7125	0.555555556	0.423076923	0.511904762	0.523255814	0.473684211	0.662650602	0.329545455	0.684210526	0.689655172	0.393258427	0.272727273	0.302325581	0.180555556	0.521276596	0.368421053	0.4	0.493506494	0.416666667	0.575	0.455696203	0.582278481	0.542857143	0.536585366	0.518518519	0.432098765	0.64556962	0.471698113	0.524390244	0.416666667	0.380952381	0.440860215	0.413333333	0.280487805	0.619047619	0.265060241	0.72972973	0.373626374	0.280487805	0.363636364	0.213333333	0.3375	0.3375	0.592592593	0.722222222	0.469135802	0.602409639	0.383561644	0.272727273	0.295774648	0.56097561	0.464285714	0.302631579	0.382716049	0.646341463	0.4	0.267605634	0.533333333	0.469879518	0.297297297	0.433333333	0.324324324	0.3	0.460526316	0.3375	0.319444444	0.350649351	0.465116279	0.679012346	0.551724138	0.294117647	0.302325581	0.480519481	0.428571429	0.734939759	0.416666667	0.3	0.402298851	0.638554217	0.5625	0.333333333	0.520547945	0.296296296	0.154929577	0.325	0.706666667	0.675675676	0.62962963	0.320512821	0.289156627	0.276315789	0.148648649	0.49382716	0.297297297	0.296296296
0.780821918	0.535714286	0.238095238	0.426666667	0.481481481	0.662790698	0.617283951	0.078947368	0.6125	0.453488372	0.643835616	0.434210526	0.53164557	0.651685393	0.552631579	0.376470588	0.609756098	0.5625	0.415584416	0.1625	0.431818182	0.702380952	0.395348837	0.518072289	0.554216867	0.356164384	0.136986301	0.194444444	0.453488372	0.639534884	0.310810811	0.65060241	0.539325843	0.488095238	0.494623656	0.7125	1	0.592592593	0.461538462	0.547619048	0.558139535	0.455696203	0.620689655	0.379310345	0.578313253	0.685393258	0.443181818	0.2625	0.352941176	0.157894737	0.520833333	0.357142857	0.5	0.552631579	0.435294118	0.573170732	0.493670886	0.6	0.5	0.6125	0.555555556	0.43373494	0.6625	0.528846154	0.6	0.435294118	0.43373494	0.427083333	0.397435897	0.333333333	0.561797753	0.301204819	0.6375	0.391304348	0.285714286	0.35	0.175	0.325301205	0.325301205	0.534883721	0.607594937	0.452380952	0.658536585	0.3	0.2625	0.25	0.55952381	0.431818182	0.307692308	0.455696203	0.725	0.386363636	0.207792208	0.573333333	0.506024096	0.32	0.375	0.364864865	0.348314607	0.443037975	0.358024691	0.342465753	0.371794872	0.535714286	0.654761905	0.623529412	0.284090909	0.352941176	0.426829268	0.391891892	0.709302326	0.39	0.35443038	0.470588235	0.782051282	0.545454545	0.366666667	0.52	0.333333333	0.180555556	0.313253012	0.679487179	0.5875	0.646341463	0.376623377	0.358024691	0.282051282	0.157894737	0.61038961	0.32	0.301204819
0.506329114	0.493670886	0.291666667	0.476923077	0.535211268	0.552941176	0.875	0.059701493	0.475	0.390243902	0.472972973	0.240506329	0.447368421	0.446808511	0.465753425	0.394736842	0.423529412	0.5	0.484848485	0.171428571	0.385542169	0.736842105	0.297619048	0.61971831	0.552631579	0.313432836	0.107692308	0.19047619	0.390243902	0.56626506	0.365079365	0.555555556	0.5	0.425	0.391304348	0.555555556	0.592592593	1	0.430555556	0.451219512	0.481927711	0.283950617	0.511627907	0.26744186	0.445783133	0.527472527	0.380952381	0.139240506	0.316455696	0.026666667	0.391752577	0.311827957	0.493670886	0.465753425	0.441558442	0.966666667	0.445945946	0.539473684	0.449275362	0.594594595	0.402439024	0.35	0.50617284	0.396226415	0.581081081	0.441558442	0.402597403	0.448275862	0.324324324	0.227848101	0.471264368	0.328767123	0.558441558	0.376470588	0.2125	0.447761194	0.106666667	0.2375	0.2375	0.5125	0.487179487	0.353658537	0.5625	0.273972603	0.139240506	0.272727273	0.875	0.455696203	0.246575342	0.424657534	0.530120482	0.441558442	0.205882353	0.426666667	0.80952381	0.396825397	0.359550562	0.363636364	0.26744186	0.450704225	0.32	0.225352113	0.352112676	0.493670886	0.6	0.511904762	0.291139241	0.316455696	0.413333333	0.352941176	0.581395349	0.422222222	0.263157895	0.407407407	0.542168675	0.365384615	0.317647059	0.337662338	0.328767123	0.104477612	0.209876543	0.5	0.487179487	0.569620253	0.25	0.414285714	0.202702703	0.115942029	0.448717949	0.396825397	0.197530864
0.386666667	0.560606061	0.238095238	0.246153846	0.287671233	0.519480519	0.381578947	0.018181818	0.320512821	0.5	0.492063492	0.338709677	0.266666667	0.390804598	0.314285714	0.246575342	0.308641975	0.375	0.765957447	0.175438596	0.492537313	0.444444444	0.424242424	0.369863014	0.320512821	0.553191489	0.14	0.333333333	0.5	0.493506494	0.577777778	0.305882353	0.3875	0.269230769	0.269662921	0.423076923	0.461538462	0.430555556	1	0.444444444	0.459459459	0.390625	0.513157895	0.362318841	0.3125	0.425287356	0.507462687	0.315789474	0.435483871	0.169811321	0.290322581	0.215909091	0.537313433	0.314285714	0.6	0.430555556	0.415384615	0.36	0.349206349	0.537313433	0.265822785	0.388059701	0.35443038	0.254716981	0.52238806	0.6	0.207792208	0.247191011	0.296875	0.413793103	0.430379747	0.171428571	0.363636364	0.545454545	0.413793103	0.28125	0.236363636	0.37704918	0.37704918	0.247058824	0.311688312	0.315068493	0.549295775	0.181818182	0.293103448	0.15	0.4	0.369863014	0.407407407	0.893617021	0.4	0.315068493	0.063492063	0.586206897	0.375	0.622222222	0.247058824	0.704545455	0.46875	0.205479452	0.555555556	0.565217391	0.191176471	0.560606061	0.4125	0.333333333	0.0875	0.435483871	0.263888889	0.241935484	0.406976744	0.313953488	0.472727273	0.5	0.486842105	0.295918367	0.405797101	0.466666667	0.344262295	0.229166667	0.406779661	0.329113924	0.311688312	0.397435897	0.454545455	0.58490566	0.37037037	0.169811321	0.441176471	0.622222222	0.389830508
0.463414634	0.630136986	0.362318841	0.276315789	0.325301205	0.705128205	0.423529412	0.028571429	0.352272727	0.61971831	0.428571429	0.455882353	0.423076923	0.427083333	0.367088608	0.407894737	0.50617284	0.4375	0.434782609	0.220588235	0.589041096	0.564705882	0.549295775	0.45	0.525641026	0.390625	0.106060606	0.1875	0.61971831	0.617283951	0.298507463	0.426966292	0.649350649	0.337209302	0.34375	0.511904762	0.547619048	0.451219512	0.444444444	1	0.907692308	0.5	0.679487179	0.375	0.53164557	0.666666667	0.602739726	0.421875	0.567164179	0.238095238	0.387755102	0.205882353	0.565789474	0.367088608	0.6	0.451219512	0.44	0.421686747	0.463768116	0.586666667	0.432098765	0.626865672	0.413793103	0.49	0.573333333	0.6	0.415584416	0.35106383	0.269230769	0.462686567	0.632911392	0.361111111	0.475609756	0.573333333	0.555555556	0.441176471	0.35483871	0.515151515	0.515151515	0.402298851	0.409638554	0.417721519	0.636363636	0.236842105	0.4	0.148648649	0.49382716	0.657142857	0.393939394	0.4	0.542168675	0.577464789	0.136986301	0.5	0.419753086	0.308823529	0.257731959	0.358208955	0.594202899	0.253012048	0.515151515	0.353846154	0.366197183	0.630136986	0.5	0.406593407	0.303797468	0.567164179	0.38961039	0.291666667	0.522222222	0.387096774	0.564516129	0.666666667	0.517647059	0.459183673	0.569444444	0.552238806	0.324324324	0.071428571	0.523076923	0.406976744	0.392857143	0.5625	0.454545455	0.428571429	0.428571429	0.278688525	0.443037975	0.308823529	0.53125
0.476190476	0.684931507	0.324324324	0.278481013	0.310344828	0.691358025	0.453488372	0.027027027	0.351648352	0.608108108	0.443037975	0.471428571	0.4375	0.43877551	0.34939759	0.37037037	0.518072289	0.4	0.450704225	0.225352113	0.578947368	0.556818182	0.583333333	0.428571429	0.5	0.367647059	0.115942029	0.176470588	0.608108108	0.626506024	0.3	0.43956044	0.6375	0.337078652	0.316831683	0.523255814	0.558139535	0.481927711	0.459459459	0.907692308	1	0.513888889	0.6875	0.373493976	0.543209877	0.674418605	0.592105263	0.417910448	0.602941176	0.242424242	0.4	0.20952381	0.597402597	0.34939759	0.567567568	0.481927711	0.454545455	0.402298851	0.438356164	0.597402597	0.428571429	0.614285714	0.395604396	0.5	0.584415584	0.567567568	0.430379747	0.378947368	0.256097561	0.457142857	0.583333333	0.324675325	0.470588235	0.626666667	0.545454545	0.416666667	0.353846154	0.507246377	0.507246377	0.4	0.406976744	0.414634146	0.64556962	0.240506329	0.397058824	0.141025641	0.506024096	0.643835616	0.371428571	0.415584416	0.552941176	0.589041096	0.144736842	0.513513514	0.451219512	0.309859155	0.247524752	0.338028169	0.583333333	0.24137931	0.485714286	0.333333333	0.346666667	0.684931507	0.511363636	0.434782609	0.304878049	0.602941176	0.3875	0.276315789	0.532608696	0.4	0.53030303	0.630136986	0.528735632	0.455445545	0.539473684	0.542857143	0.291139241	0.067567568	0.492753623	0.420454545	0.390804598	0.517647059	0.449275362	0.507246377	0.402985075	0.261538462	0.43902439	0.309859155	0.5
0.5	0.485714286	0.274193548	0.171428571	0.25	0.552631579	0.292682927	0.036363636	0.386666667	0.388888889	0.507936508	0.615384615	0.432835821	0.402298851	0.309859155	0.260273973	0.38961039	0.315789474	0.333333333	0.214285714	0.383561644	0.372093023	0.397058824	0.24691358	0.333333333	0.423076923	0.137254902	0.326086957	0.388888889	0.506493506	0.285714286	0.333333333	0.365853659	0.333333333	0.252747253	0.473684211	0.455696203	0.283950617	0.390625	0.5	0.513888889	1	0.567567568	0.439393939	0.413333333	0.470588235	0.397260274	0.381818182	0.40625	0.340425532	0.406976744	0.213483146	0.424657534	0.309859155	0.447761194	0.283950617	0.430769231	0.337662338	0.34375	0.424657534	0.402777778	0.362318841	0.402597403	0.367346939	0.430555556	0.447761194	0.323943662	0.302325581	0.183098592	0.338709677	0.480519481	0.23880597	0.394736842	0.355263158	0.431034483	0.296875	0.352941176	0.416666667	0.416666667	0.320987654	0.36	0.347222222	0.5	0.338983051	0.357142857	0.186440678	0.325	0.364864865	0.425925926	0.343283582	0.506666667	0.405797101	0.192982456	0.524590164	0.234567901	0.298245614	0.229885057	0.357142857	0.417910448	0.202702703	0.416666667	0.520833333	0.366666667	0.485714286	0.407407407	0.313953488	0.205479452	0.40625	0.277777778	0.21875	0.435294118	0.357142857	0.438596491	0.408450704	0.5	0.376344086	0.342465753	0.711538462	0.338709677	0.111111111	0.4	0.394736842	0.378378378	0.375	0.396551724	0.287878788	0.388888889	0.235294118	0.434782609	0.298245614	0.406779661
0.597560976	0.64556962	0.329113924	0.301204819	0.423529412	0.92	0.483146067	0.050632911	0.529411765	0.518072289	0.551282051	0.466666667	0.50617284	0.541666667	0.4	0.372093023	0.62195122	0.465116279	0.447368421	0.236842105	0.511904762	0.617977528	0.475609756	0.494117647	0.511627907	0.388888889	0.090909091	0.208333333	0.518072289	0.731707317	0.342465753	0.516483516	0.623529412	0.415730337	0.414141414	0.662650602	0.620689655	0.511627907	0.513157895	0.679487179	0.6875	0.567567568	1	0.406976744	0.62962963	0.735632184	0.523809524	0.378378378	0.487179487	0.219178082	0.5	0.31372549	0.56626506	0.4	0.597402597	0.511627907	0.525641026	0.517647059	0.513513514	0.64556962	0.511904762	0.558441558	0.505617978	0.509433962	0.632911392	0.597402597	0.363636364	0.422680412	0.341463415	0.415584416	0.647058824	0.297619048	0.609756098	0.535714286	0.493150685	0.3625	0.301369863	0.441558442	0.441558442	0.511363636	0.542168675	0.481927711	0.691358025	0.346153846	0.36	0.246753247	0.534883721	0.511904762	0.391891892	0.46835443	0.654761905	0.464285714	0.175	0.586666667	0.431818182	0.351351351	0.371134021	0.397260274	0.5125	0.32183908	0.48	0.375	0.402597403	0.64556962	0.609195402	0.478723404	0.266666667	0.487179487	0.43902439	0.405405405	0.626373626	0.4	0.459459459	0.575	0.666666667	0.555555556	0.512195122	0.61971831	0.345679012	0.146666667	0.447368421	0.552941176	0.542168675	0.6	0.407894737	0.405063291	0.364864865	0.236111111	0.5625	0.351351351	0.434210526
0.375	0.434210526	0.235294118	0.208333333	0.204819277	0.430232558	0.305882353	0.050847458	0.3625	0.3125	0.351351351	0.308823529	0.2625	0.511904762	0.272727273	0.2125	0.34939759	0.3125	0.369230769	0.158730159	0.325	0.366666667	0.538461538	0.292682927	0.297619048	0.316666667	0.188679245	0.245283019	0.3125	0.406976744	0.305084746	0.329545455	0.3	0.25	0.451219512	0.329545455	0.379310345	0.26744186	0.362318841	0.375	0.373493976	0.439393939	0.406976744	1	0.305882353	0.382978723	0.320987654	0.396551724	0.507936508	0.283018868	0.448275862	0.298850575	0.397435897	0.272727273	0.378378378	0.26744186	0.4	0.255813953	0.246575342	0.379746835	0.358974359	0.414285714	0.298850575	0.418367347	0.367088608	0.378378378	0.337837838	0.344827586	0.186666667	0.353846154	0.4	0.275362319	0.337349398	0.402597403	0.442622951	0.222222222	0.275862069	0.525423729	0.525423729	0.272727273	0.273809524	0.378378378	0.397590361	0.150684932	0.396551724	0.102941176	0.305882353	0.292682927	0.64	0.357142857	0.356321839	0.259259259	0.073529412	0.306666667	0.235294118	0.295081967	0.272727273	0.306451613	0.470588235	0.13253012	0.551724138	0.344827586	0.298507463	0.434210526	0.367816092	0.340909091	0.207792208	0.507936508	0.276315789	0.220588235	0.459770115	0.38372093	0.318181818	0.381578947	0.38372093	0.4	0.391891892	0.382352941	0.294117647	0.181818182	0.508474576	0.337349398	0.273809524	0.337209302	0.365079365	0.363636364	0.538461538	0.259259259	0.405405405	0.295081967	0.491525424
0.457831325	0.428571429	0.25	0.361111111	0.48	0.654320988	0.418604651	0.057971014	0.428571429	0.364705882	0.423076923	0.388888889	0.623188406	0.422680412	0.345679012	0.44	0.64	0.432098765	0.25	0.166666667	0.360465116	0.522727273	0.337349398	0.4625	0.558441558	0.216216216	0.057142857	0.115942029	0.364705882	0.571428571	0.189189189	0.56097561	0.523809524	0.414634146	0.413043478	0.684210526	0.578313253	0.445783133	0.3125	0.53164557	0.543209877	0.413333333	0.62962963	0.305882353	1	0.639534884	0.372093023	0.295774648	0.341772152	0.253968254	0.412371134	0.319148936	0.363636364	0.345679012	0.361445783	0.445783133	0.397435897	0.525641026	0.569230769	0.5	0.5	0.466666667	0.493975904	0.470588235	0.4875	0.361445783	0.41025641	0.422222222	0.408450704	0.285714286	0.604938272	0.32	0.648648649	0.4	0.302631579	0.356164384	0.231884058	0.346666667	0.346666667	0.576923077	0.661971831	0.547945205	0.5875	0.397058824	0.295774648	0.303030303	0.487804878	0.444444444	0.273972603	0.277108434	0.535714286	0.448717949	0.253731343	0.415584416	0.380952381	0.184210526	0.397727273	0.210526316	0.321428571	0.381578947	0.311688312	0.236111111	0.361111111	0.428571429	0.585365854	0.482758621	0.386666667	0.341772152	0.565217391	0.46875	0.568181818	0.3	0.306666667	0.414634146	0.511627907	0.531914894	0.373493976	0.458333333	0.178571429	0.151515152	0.333333333	0.584415584	0.552631579	0.575	0.276315789	0.24691358	0.281690141	0.234375	0.385542169	0.184210526	0.302631579
0.573033708	0.561797753	0.325581395	0.376470588	0.444444444	0.719101124	0.549450549	0.057471264	0.478723404	0.516853933	0.477272727	0.4	0.55952381	0.524271845	0.454545455	0.426966292	0.651162791	0.5	0.38372093	0.197674419	0.528089888	0.64516129	0.494252874	0.511111111	0.579545455	0.313253012	0.107142857	0.185185185	0.516853933	0.696629213	0.304878049	0.580645161	0.670454545	0.483516484	0.432692308	0.689655172	0.685393258	0.527472527	0.425287356	0.666666667	0.674418605	0.470588235	0.735632184	0.382978723	0.639534884	1	0.539325843	0.337349398	0.453488372	0.195121951	0.485714286	0.336448598	0.510869565	0.454545455	0.5	0.527472527	0.471264368	0.550561798	0.49382716	0.61627907	0.563218391	0.517647059	0.571428571	0.579439252	0.604651163	0.5	0.402173913	0.427184466	0.352272727	0.372093023	0.602150538	0.311111111	0.602272727	0.483870968	0.43902439	0.421686747	0.268292683	0.411764706	0.411764706	0.56043956	0.574712644	0.466666667	0.697674419	0.325581395	0.321428571	0.235294118	0.549450549	0.563218391	0.317647059	0.388888889	0.626373626	0.5	0.197674419	0.505882353	0.483516484	0.313253012	0.365384615	0.321428571	0.444444444	0.362637363	0.395348837	0.317073171	0.376470588	0.561797753	0.619565217	0.557894737	0.308510638	0.453488372	0.426966292	0.361445783	0.652631579	0.405660377	0.409638554	0.516853933	0.674157303	0.646464646	0.477777778	0.493975904	0.325842697	0.158536585	0.4	0.620689655	0.505494505	0.593406593	0.414634146	0.363636364	0.30952381	0.195121951	0.522727273	0.313253012	0.404761905
0.360465116	0.589041096	0.3	0.27027027	0.304878049	0.547619048	0.356321839	0.045454545	0.247311828	0.931034483	0.407894737	0.371428571	0.270588235	0.367346939	0.4	0.350649351	0.38372093	0.417721519	0.454545455	0.25	0.98245614	0.460674157	0.507042254	0.395061728	0.380952381	0.433333333	0.129032258	0.237288136	0.931034483	0.505882353	0.35483871	0.305263158	0.530864198	0.34939759	0.285714286	0.393258427	0.443181818	0.380952381	0.507462687	0.602739726	0.592105263	0.397260274	0.523809524	0.320987654	0.372093023	0.539325843	1	0.419354839	0.52238806	0.229508197	0.33	0.237113402	0.611111111	0.4	0.651515152	0.380952381	0.438356164	0.369047619	0.324324324	0.487179487	0.284090909	0.514285714	0.333333333	0.39047619	0.474358974	0.651515152	0.261904762	0.305263158	0.28	0.417910448	0.448275862	0.266666667	0.356321839	0.533333333	0.507936508	0.417910448	0.327868852	0.447761194	0.447761194	0.307692308	0.310344828	0.345679012	0.518518519	0.197368421	0.396825397	0.123287671	0.372093023	0.591549296	0.348484848	0.457142857	0.404494382	0.493150685	0.142857143	0.4	0.365853659	0.387096774	0.252631579	0.442622951	0.550724638	0.24691358	0.447761194	0.416666667	0.253333333	0.589041096	0.384615385	0.329787234	0.19047619	0.52238806	0.333333333	0.2	0.395833333	0.448275862	0.46875	0.555555556	0.384615385	0.359223301	0.486486486	0.422535211	0.357142857	0.125	0.476923077	0.282608696	0.280898876	0.402298851	0.5	0.426470588	0.359375	0.153846154	0.441558442	0.387096774	0.507936508
0.22972973	0.343283582	0.203703704	0.152542373	0.191176471	0.350649351	0.15	0	0.184210526	0.433333333	0.285714286	0.346153846	0.205882353	0.24137931	0.196969697	0.147058824	0.328571429	0.211267606	0.25	0.2	0.426229508	0.238095238	0.62	0.208333333	0.184210526	0.333333333	0.073170732	0.27027027	0.433333333	0.307692308	0.260869565	0.180722892	0.306666667	0.228571429	0.219512195	0.272727273	0.2625	0.139240506	0.315789474	0.421875	0.417910448	0.381818182	0.378378378	0.396551724	0.295774648	0.337349398	0.419354839	1	0.652173913	0.53125	0.215909091	0.160493827	0.304347826	0.196969697	0.360655738	0.139240506	0.274193548	0.219178082	0.285714286	0.267605634	0.225352113	0.538461538	0.236842105	0.237113402	0.271428571	0.360655738	0.176470588	0.180722892	0.186440678	0.604651163	0.333333333	0.189655172	0.277777778	0.483333333	0.725	0.169491525	0.571428571	0.651162791	0.651162791	0.207792208	0.205479452	0.257575758	0.293333333	0.140350877	0.9375	0.076923077	0.164556962	0.359375	0.575	0.266666667	0.285714286	0.220588235	0.038461538	0.253968254	0.131578947	0.25	0.17721519	0.265306122	0.62	0.102941176	0.543478261	0.404761905	0.152542373	0.343283582	0.25	0.164705882	0.104477612	0.652173913	0.258064516	0.142857143	0.255813953	0.204819277	0.581395349	0.433333333	0.25	0.295454545	0.473684211	0.339285714	0.169491525	0.15	0.707317073	0.243243243	0.23943662	0.230769231	0.634146341	0.290909091	0.694444444	0.289473684	0.268656716	0.25	0.725
0.280487805	0.575757576	0.338983051	0.171428571	0.158536585	0.475	0.308641975	0.017857143	0.238095238	0.538461538	0.357142857	0.333333333	0.230769231	0.326086957	0.207792208	0.226666667	0.371794872	0.298701299	0.473684211	0.259259259	0.53030303	0.372093023	0.9	0.328947368	0.316455696	0.450980392	0.137254902	0.22	0.538461538	0.432098765	0.358490566	0.272727273	0.435897436	0.176470588	0.266666667	0.302325581	0.352941176	0.316455696	0.435483871	0.567164179	0.602941176	0.40625	0.487179487	0.507936508	0.341772152	0.453488372	0.52238806	0.652173913	1	0.340425532	0.273684211	0.136842105	0.529411765	0.207792208	0.46969697	0.316455696	0.453125	0.226190476	0.28358209	0.424657534	0.24691358	0.593220339	0.213483146	0.326732673	0.410958904	0.46969697	0.27027027	0.258426966	0.166666667	0.566037736	0.407407407	0.296875	0.325	0.68852459	0.765957447	0.338709677	0.4375	0.770833333	0.770833333	0.215909091	0.243902439	0.366197183	0.441558442	0.128571429	0.652173913	0.060606061	0.358974359	0.485294118	0.604166667	0.40625	0.345238095	0.405797101	0.0625	0.309859155	0.315789474	0.37037037	0.150537634	0.357142857	0.826923077	0.098765432	0.634615385	0.403846154	0.242424242	0.575757576	0.341176471	0.298850575	0.189189189	1	0.314285714	0.238095238	0.355555556	0.295454545	0.576923077	0.612903226	0.341176471	0.292929293	0.555555556	0.348484848	0.257575758	0.111111111	0.714285714	0.247058824	0.228915663	0.341463415	0.588235294	0.545454545	0.666666667	0.340425532	0.375	0.37037037	0.729166667
0.147058824	0.222222222	0.130434783	0.037735849	0.079365079	0.213333333	0.039473684	0	0.115942029	0.237288136	0.192982456	0.239130435	0.189655172	0.144578313	0.081967213	0.120689655	0.176470588	0.106060606	0.117647059	0.138888889	0.233333333	0.12345679	0.333333333	0.104477612	0.132352941	0.119047619	0.033333333	0.214285714	0.237288136	0.186666667	0.125	0.118421053	0.133333333	0.140625	0.12987013	0.180555556	0.157894737	0.026666667	0.169811321	0.238095238	0.242424242	0.340425532	0.219178082	0.283018868	0.253968254	0.195121951	0.229508197	0.53125	0.340425532	1	0.160493827	0.125	0.184615385	0.081967213	0.228070175	0.026666667	0.157894737	0.134328358	0.156862745	0.132352941	0.138461538	0.34	0.14084507	0.163043478	0.134328358	0.228070175	0.116666667	0.118421053	0.117647059	0.333333333	0.208333333	0.12	0.161764706	0.266666667	0.435897436	0.12	0.5	0.45	0.45	0.15942029	0.19047619	0.186440678	0.183098592	0.181818182	0.484848485	0.075	0.053333333	0.15625	0.428571429	0.125	0.178082192	0.186440678	0.078947368	0.157894737	0.013888889	0.119047619	0.126760563	0.139534884	0.333333333	0.068965517	0.380952381	0.314285714	0.12244898	0.222222222	0.175675676	0.102564103	0.051724138	0.340425532	0.25	0.159090909	0.158536585	0.115384615	0.279069767	0.237288136	0.16	0.174418605	0.267857143	0.265306122	0.056603774	0.178571429	0.461538462	0.179104478	0.136363636	0.136986301	0.35	0.137254902	0.5	0.285714286	0.180327869	0.119047619	0.473684211
0.545454545	0.467391304	0.25	0.345238095	0.340425532	0.505050505	0.412371134	0.1	0.607142857	0.323232323	0.448275862	0.306818182	0.443181818	0.719101124	0.458823529	0.351648352	0.468085106	0.455555556	0.277777778	0.151162791	0.333333333	0.460784314	0.3125	0.419354839	0.421052632	0.235294118	0.1125	0.194805195	0.323232323	0.47	0.240963855	0.554347826	0.388349515	0.43956044	0.576086957	0.521276596	0.520833333	0.391752577	0.290322581	0.387755102	0.4	0.406976744	0.5	0.448275862	0.412371134	0.485714286	0.33	0.215909091	0.273684211	0.160493827	1	0.579545455	0.436170213	0.458823529	0.391304348	0.391752577	0.425287356	0.456521739	0.344827586	0.37755102	0.419354839	0.373626374	0.447916667	0.617647059	0.367346939	0.391304348	0.453488372	0.554347826	0.292134831	0.2	0.435643564	0.266666667	0.556818182	0.288461538	0.252747253	0.280898876	0.176470588	0.274725275	0.274725275	0.483870968	0.494382022	0.347368421	0.405940594	0.279069767	0.202247191	0.202380952	0.427083333	0.333333333	0.270588235	0.301075269	0.548387097	0.292929293	0.192771084	0.377777778	0.336734694	0.235294118	0.516483516	0.244186047	0.26	0.318681319	0.303370787	0.238095238	0.329411765	0.467391304	0.494845361	0.425742574	0.307692308	0.273684211	0.351648352	0.329268293	0.545454545	0.593406593	0.22826087	0.323232323	0.510416667	0.62244898	0.329896907	0.445783133	0.310344828	0.109756098	0.263736264	0.47311828	0.430107527	0.453608247	0.244444444	0.234042553	0.23255814	0.13253012	0.460674157	0.235294118	0.266666667
0.308510638	0.244897959	0.154761905	0.351351351	0.37804878	0.32038835	0.377777778	0.102941176	0.402298851	0.229166667	0.284090909	0.146067416	0.357142857	0.489361702	0.3875	0.358024691	0.344086022	0.340909091	0.172413793	0.131578947	0.239583333	0.346534653	0.189473684	0.322222222	0.311827957	0.164556962	0.085714286	0.144927536	0.229166667	0.300970874	0.168831169	0.428571429	0.274509804	0.552631579	0.62962963	0.368421053	0.357142857	0.311827957	0.215909091	0.205882353	0.20952381	0.213483146	0.31372549	0.298850575	0.319148936	0.336448598	0.237113402	0.160493827	0.136842105	0.125	0.579545455	1	0.244897959	0.3875	0.263736264	0.326086957	0.180851064	0.423529412	0.316455696	0.29787234	0.322222222	0.230769231	0.415730337	0.551020408	0.287234043	0.263736264	0.287356322	0.529411765	0.436619718	0.134831461	0.294117647	0.231707317	0.362637363	0.18627451	0.147727273	0.21686747	0.144736842	0.157303371	0.157303371	0.543209877	0.379310345	0.292134831	0.316326531	0.347222222	0.146341463	0.294117647	0.319148936	0.214285714	0.158536585	0.24137931	0.31	0.197916667	0.211267606	0.247191011	0.282608696	0.164556962	0.76056338	0.175	0.141414141	0.38961039	0.183908046	0.151898734	0.19047619	0.244897959	0.389473684	0.378947368	0.191011236	0.136842105	0.294117647	0.28	0.386138614	0.534883721	0.136363636	0.191919192	0.294117647	0.569892473	0.274725275	0.215909091	0.21686747	0.164179104	0.159090909	0.377777778	0.318681319	0.347368421	0.192771084	0.144444444	0.134146341	0.051948052	0.376470588	0.164556962	0.147727273
0.506329114	0.873015873	0.409090909	0.297297297	0.313253012	0.590361446	0.463414634	0.092307692	0.404761905	0.605633803	0.472972973	0.306666667	0.30952381	0.47826087	0.445945946	0.358974359	0.375	0.540540541	0.606557377	0.242424242	0.597222222	0.5	0.513888889	0.493506494	0.456790123	0.466666667	0.142857143	0.229508197	0.605633803	0.56626506	0.433333333	0.4	0.518072289	0.310344828	0.361702128	0.4	0.5	0.493670886	0.537313433	0.565789474	0.597402597	0.424657534	0.56626506	0.397435897	0.363636364	0.510869565	0.611111111	0.304347826	0.529411765	0.184615385	0.436170213	0.244897959	1	0.445945946	0.819672131	0.493670886	0.597014925	0.392857143	0.333333333	0.552631579	0.369047619	0.479452055	0.386363636	0.396226415	0.539473684	0.819672131	0.384615385	0.35483871	0.256410256	0.347222222	0.488372093	0.328767123	0.428571429	0.519480519	0.426470588	0.46969697	0.220588235	0.414285714	0.414285714	0.344444444	0.348837209	0.37037037	0.5625	0.192307692	0.304347826	0.12	0.518987342	0.513157895	0.421875	0.529411765	0.494117647	0.5	0.138888889	0.465753425	0.443037975	0.466666667	0.260416667	0.5	0.513888889	0.240963855	0.523076923	0.403225806	0.391304348	0.873015873	0.438202247	0.426966292	0.259259259	0.529411765	0.358974359	0.314285714	0.494505495	0.454545455	0.391304348	0.605633803	0.523809524	0.339622642	0.417721519	0.492753623	0.492307692	0.15625	0.4	0.363636364	0.318181818	0.476190476	0.397058824	0.523076923	0.390625	0.222222222	0.614285714	0.466666667	0.405797101
0.521126761	0.407894737	0.261538462	0.634615385	0.507692308	0.423529412	0.535211268	0.111111111	0.465753425	0.391891892	0.462686567	0.242857143	0.414285714	0.470588235	1	0.417910448	0.41025641	0.745762712	0.318181818	0.203389831	0.386666667	0.5125	0.256410256	0.485714286	0.426666667	0.375	0.173076923	0.230769231	0.391891892	0.416666667	0.339285714	0.455696203	0.419753086	0.560606061	0.444444444	0.493506494	0.552631579	0.465753425	0.314285714	0.367088608	0.34939759	0.309859155	0.4	0.272727273	0.345679012	0.454545455	0.4	0.196969697	0.207792208	0.081967213	0.458823529	0.3875	0.445945946	1	0.449275362	0.465753425	0.391304348	0.606060606	0.390625	0.445945946	0.464788732	0.276315789	0.520547945	0.383838384	0.432432432	0.449275362	0.310810811	0.402439024	0.380952381	0.178082192	0.409638554	0.28358209	0.472972973	0.23255814	0.228571429	0.34375	0.142857143	0.189189189	0.189189189	0.486486486	0.4	0.298701299	0.425	0.223880597	0.196969697	0.237288136	0.434210526	0.405405405	0.25	0.309859155	0.526315789	0.315789474	0.183333333	0.371428571	0.373333333	0.327586207	0.341463415	0.385964912	0.209876543	0.393939394	0.275362319	0.310344828	0.268656716	0.407894737	0.392857143	0.46835443	0.263888889	0.207792208	0.319444444	0.265625	0.524390244	0.409638554	0.231884058	0.2875	0.4625	0.423913043	0.24691358	0.373134328	0.433333333	0.166666667	0.208333333	0.493150685	0.4	0.430379747	0.292307692	0.222222222	0.2	0.081967213	0.545454545	0.327586207	0.211267606
0.435897436	0.790322581	0.409836066	0.289855072	0.342105263	0.623376623	0.395061728	0.049180328	0.353658537	0.646153846	0.47826087	0.31884058	0.2875	0.417582418	0.449275362	0.375	0.341176471	0.550724638	0.568965517	0.25	0.636363636	0.470588235	0.457142857	0.5	0.441558442	0.5	0.083333333	0.283018868	0.646153846	0.5375	0.462962963	0.322222222	0.506329114	0.3375	0.32967033	0.416666667	0.435294118	0.441558442	0.6	0.6	0.567567568	0.447761194	0.597402597	0.378378378	0.361445783	0.5	0.651515152	0.360655738	0.46969697	0.228070175	0.391304348	0.263736264	0.819672131	0.449275362	1	0.441558442	0.538461538	0.428571429	0.347826087	0.541666667	0.333333333	0.507462687	0.402439024	0.355769231	0.527777778	1	0.294871795	0.293478261	0.281690141	0.384615385	0.5125	0.323529412	0.4125	0.486486486	0.5	0.475409836	0.288135593	0.4375	0.4375	0.341176471	0.329268293	0.350649351	0.573333333	0.194444444	0.338709677	0.132352941	0.448717949	0.542857143	0.473684211	0.53968254	0.445783133	0.507246377	0.136363636	0.470588235	0.38961039	0.5	0.295454545	0.566037736	0.5	0.263157895	0.586206897	0.481481481	0.328358209	0.790322581	0.423529412	0.348314607	0.202531646	0.46969697	0.356164384	0.287878788	0.449438202	0.44047619	0.435483871	0.573529412	0.475609756	0.336633663	0.478873239	0.523809524	0.475409836	0.155172414	0.467741935	0.345238095	0.313253012	0.481012658	0.466666667	0.46031746	0.438596491	0.206896552	0.558823529	0.5	0.475409836
0.4875	0.493670886	0.291666667	0.476923077	0.513888889	0.552941176	0.846153846	0.059701493	0.456790123	0.390243902	0.453333333	0.240506329	0.466666667	0.431578947	0.465753425	0.394736842	0.423529412	0.5	0.484848485	0.171428571	0.385542169	0.714285714	0.297619048	0.61971831	0.552631579	0.313432836	0.107692308	0.19047619	0.390243902	0.56626506	0.365079365	0.536585366	0.5	0.425	0.376344086	0.575	0.573170732	0.966666667	0.430555556	0.451219512	0.481927711	0.283950617	0.511627907	0.26744186	0.445783133	0.527472527	0.380952381	0.139240506	0.316455696	0.026666667	0.391752577	0.326086957	0.493670886	0.465753425	0.441558442	1	0.445945946	0.519480519	0.449275362	0.594594595	0.402439024	0.35	0.487804878	0.396226415	0.581081081	0.441558442	0.402597403	0.431818182	0.324324324	0.227848101	0.471264368	0.328767123	0.558441558	0.376470588	0.2125	0.447761194	0.106666667	0.2375	0.2375	0.5125	0.487179487	0.353658537	0.5625	0.273972603	0.139240506	0.272727273	0.904761905	0.455696203	0.246575342	0.424657534	0.511904762	0.441558442	0.223880597	0.426666667	0.78125	0.396825397	0.359550562	0.363636364	0.26744186	0.430555556	0.32	0.225352113	0.352112676	0.493670886	0.6	0.511904762	0.291139241	0.316455696	0.394736842	0.352941176	0.6	0.422222222	0.263157895	0.407407407	0.523809524	0.365384615	0.317647059	0.337662338	0.328767123	0.104477612	0.209876543	0.481481481	0.46835443	0.55	0.25	0.414285714	0.202702703	0.115942029	0.448717949	0.396825397	0.197530864
0.521126761	0.646153846	0.464285714	0.268656716	0.289473684	0.551282051	0.379746835	0.071428571	0.445945946	0.450704225	0.507692308	0.380952381	0.375	0.488095238	0.391304348	0.357142857	0.447368421	0.471428571	0.45	0.267857143	0.444444444	0.423529412	0.420289855	0.529411765	0.507042254	0.4	0.109090909	0.20754717	0.450704225	0.545454545	0.388888889	0.474358974	0.4375	0.271604938	0.344827586	0.455696203	0.493670886	0.445945946	0.415384615	0.44	0.454545455	0.430769231	0.525641026	0.4	0.397435897	0.471264368	0.438356164	0.274193548	0.453125	0.157894737	0.425287356	0.180851064	0.597014925	0.391304348	0.538461538	0.445945946	1	0.376623377	0.412698413	0.528571429	0.464788732	0.426470588	0.353658537	0.383838384	0.514285714	0.538461538	0.426470588	0.337209302	0.225352113	0.246376812	0.481012658	0.433333333	0.557142857	0.358974359	0.34375	0.409836066	0.161290323	0.353846154	0.353846154	0.325301205	0.438356164	0.428571429	0.5	0.188405797	0.274193548	0.158730159	0.472972973	0.405405405	0.403508772	0.409090909	0.526315789	0.388888889	0.109375	0.411764706	0.410958904	0.4	0.208791209	0.385964912	0.4	0.243243243	0.396825397	0.333333333	0.517857143	0.646153846	0.481012658	0.414634146	0.358208955	0.453125	0.376811594	0.421052632	0.543209877	0.426829268	0.287878788	0.450704225	0.539473684	0.364583333	0.328947368	0.483870968	0.433333333	0.145454545	0.338461538	0.415584416	0.438356164	0.527027027	0.3125	0.375	0.344827586	0.2	0.457142857	0.4	0.34375
0.573333333	0.409638554	0.243243243	0.583333333	0.588235294	0.541176471	0.608108108	0.076923077	0.481012658	0.361445783	0.5	0.25974026	0.535211268	0.483516484	0.606060606	0.418918919	0.538461538	0.686567164	0.328767123	0.191176471	0.357142857	0.597560976	0.285714286	0.52	0.519480519	0.318181818	0.075757576	0.193548387	0.361445783	0.517647059	0.349206349	0.524390244	0.470588235	0.591549296	0.476744186	0.582278481	0.6	0.539473684	0.36	0.421686747	0.402298851	0.337662338	0.517647059	0.255813953	0.525641026	0.550561798	0.369047619	0.219178082	0.226190476	0.134328358	0.456521739	0.423529412	0.392857143	0.606060606	0.428571429	0.519480519	0.376623377	1	0.546875	0.481012658	0.561643836	0.273809524	0.613333333	0.441176471	0.46835443	0.428571429	0.304878049	0.453488372	0.405797101	0.215189873	0.476744186	0.28	0.652777778	0.274725275	0.246753247	0.315068493	0.138888889	0.209876543	0.209876543	0.578947368	0.554054054	0.325301205	0.493975904	0.295774648	0.202702703	0.276923077	0.525641026	0.357142857	0.216216216	0.337662338	0.615384615	0.341463415	0.227272727	0.452054795	0.4125	0.338461538	0.463414634	0.369230769	0.227272727	0.416666667	0.289473684	0.323076923	0.266666667	0.409638554	0.494117647	0.518072289	0.2625	0.226190476	0.381578947	0.338235294	0.551724138	0.365591398	0.233766234	0.284090909	0.530120482	0.532608696	0.290697674	0.457142857	0.352112676	0.196721311	0.2125	0.652777778	0.493506494	0.556962025	0.287671233	0.225	0.189189189	0.085714286	0.513513514	0.338461538	0.215189873
0.442857143	0.388888889	0.293103448	0.444444444	0.516666667	0.540540541	0.436619718	0.081632653	0.449275362	0.352112676	0.378787879	0.290322581	0.533333333	0.388235294	0.390625	0.396825397	0.537313433	0.454545455	0.333333333	0.230769231	0.328767123	0.425	0.263888889	0.492307692	0.492537313	0.25	0.038461538	0.14	0.352112676	0.534246575	0.36	0.479452055	0.479452055	0.432835821	0.41025641	0.542857143	0.5	0.449275362	0.349206349	0.463768116	0.438356164	0.34375	0.513513514	0.246575342	0.569230769	0.49382716	0.324324324	0.285714286	0.28358209	0.156862745	0.344827586	0.316455696	0.333333333	0.390625	0.347826087	0.449275362	0.412698413	0.546875	1	0.5625	0.590163934	0.384615385	0.485714286	0.354166667	0.546875	0.347826087	0.363636364	0.402597403	0.481481481	0.274193548	0.549295775	0.338983051	0.64516129	0.285714286	0.253968254	0.274193548	0.160714286	0.246153846	0.246153846	0.492753623	0.580645161	0.476190476	0.507042254	0.339285714	0.285714286	0.346938776	0.47826087	0.328767123	0.280701754	0.34375	0.493150685	0.309859155	0.163636364	0.508474576	0.411764706	0.346153846	0.373333333	0.333333333	0.263888889	0.349206349	0.327868852	0.232142857	0.368421053	0.388888889	0.506849315	0.434210526	0.3125	0.28358209	0.491525424	0.510204082	0.493670886	0.279069767	0.258064516	0.371428571	0.447368421	0.458823529	0.323943662	0.465517241	0.274193548	0.217391304	0.25	0.59375	0.606557377	0.536231884	0.305084746	0.265625	0.267857143	0.113207547	0.417910448	0.346153846	0.234375
0.525641026	0.594594595	0.309859155	0.391304348	0.493150685	0.714285714	0.578947368	0.044117647	0.421686747	0.52	0.493150685	0.324324324	0.428571429	0.47826087	0.445945946	0.432432432	0.53164557	0.480519481	0.53125	0.223880597	0.493506494	0.571428571	0.397435897	0.533333333	0.532467532	0.396825397	0.107692308	0.209677419	0.52	0.805555556	0.409836066	0.518072289	0.615384615	0.407407407	0.406593407	0.536585366	0.6125	0.594594595	0.537313433	0.586666667	0.597402597	0.424657534	0.64556962	0.379746835	0.5	0.61627907	0.487179487	0.267605634	0.424657534	0.132352941	0.37755102	0.29787234	0.552631579	0.445945946	0.541666667	0.594594595	0.528571429	0.481012658	0.5625	1	0.493506494	0.44	0.487804878	0.436893204	0.983050847	0.541666667	0.384615385	0.415730337	0.4	0.347222222	0.580246914	0.310810811	0.6	0.444444444	0.347222222	0.405797101	0.185714286	0.337837838	0.337837838	0.44047619	0.487179487	0.441558442	0.893939394	0.347826087	0.267605634	0.292307692	0.621621622	0.4375	0.378787879	0.529411765	0.607594937	0.5	0.138888889	0.597014925	0.540540541	0.419354839	0.344444444	0.428571429	0.415584416	0.337662338	0.455882353	0.318181818	0.315068493	0.594594595	0.580246914	0.511904762	0.275	0.424657534	0.432432432	0.373134328	0.6	0.438202247	0.333333333	0.461538462	0.6	0.448979592	0.435897436	0.492753623	0.347222222	0.174603175	0.342465753	0.5	0.487179487	0.58974359	0.376811594	0.47761194	0.328358209	0.166666667	0.506666667	0.419354839	0.328767123
0.611111111	0.419753086	0.285714286	0.430769231	0.536231884	0.535714286	0.444444444	0.079365079	0.554054054	0.305882353	0.413333333	0.319444444	0.528571429	0.461538462	0.464788732	0.430555556	0.573333333	0.48	0.301369863	0.161764706	0.287356322	0.465909091	0.292682927	0.435897436	0.493506494	0.231884058	0.095238095	0.142857143	0.305882353	0.530120482	0.276923077	0.518518519	0.447058824	0.441558442	0.453488372	0.518518519	0.555555556	0.402439024	0.265822785	0.432098765	0.428571429	0.402777778	0.511904762	0.358974359	0.5	0.563218391	0.284090909	0.225352113	0.24691358	0.138461538	0.419354839	0.322222222	0.369047619	0.464788732	0.333333333	0.402439024	0.464788732	0.561643836	0.590163934	0.493506494	1	0.3125	0.608108108	0.494845361	0.5	0.333333333	0.458333333	0.382022472	0.417910448	0.220779221	0.582278481	0.382352941	0.581081081	0.252747253	0.236842105	0.27027027	0.126760563	0.215189873	0.215189873	0.493670886	0.527027027	0.5	0.487804878	0.343283582	0.225352113	0.327868852	0.426829268	0.317647059	0.257142857	0.2625	0.631578947	0.317073171	0.128571429	0.444444444	0.405063291	0.268656716	0.356321839	0.260869565	0.23255814	0.351351351	0.28	0.235294118	0.409090909	0.419753086	0.506024096	0.55	0.394366197	0.24691358	0.373333333	0.369230769	0.62195122	0.329787234	0.207792208	0.321428571	0.543209877	0.527472527	0.26744186	0.492537313	0.342857143	0.183333333	0.217948718	0.625	0.614285714	0.49382716	0.260273973	0.246753247	0.228571429	0.138461538	0.506849315	0.268656716	0.220779221
0.379746835	0.542857143	0.276923077	0.211267606	0.269230769	0.544303797	0.325301205	0.051724138	0.384615385	0.529411765	0.394366197	0.375	0.298701299	0.415730337	0.276315789	0.297297297	0.460526316	0.316455696	0.333333333	0.180327869	0.52173913	0.402298851	0.571428571	0.4	0.367088608	0.238095238	0.087719298	0.203703704	0.529411765	0.445783133	0.266666667	0.380952381	0.487179487	0.283950617	0.325842697	0.432098765	0.43373494	0.35	0.388059701	0.626865672	0.614285714	0.362318841	0.558441558	0.414285714	0.466666667	0.517647059	0.514285714	0.538461538	0.593220339	0.34	0.373626374	0.230769231	0.479452055	0.276315789	0.507462687	0.35	0.426470588	0.273809524	0.384615385	0.44	0.3125	1	0.365853659	0.366336634	0.426666667	0.507462687	0.420289855	0.288888889	0.275362319	0.5	0.493670886	0.260869565	0.41025641	0.550724638	0.553571429	0.298507463	0.377358491	0.589285714	0.589285714	0.353658537	0.376623377	0.422535211	0.474358974	0.257575758	0.509433962	0.174603175	0.375	0.52173913	0.528301887	0.342857143	0.360465116	0.383561644	0.107692308	0.405797101	0.333333333	0.258064516	0.247191011	0.26984127	0.546875	0.207792208	0.561403509	0.283333333	0.303030303	0.542857143	0.421686747	0.314606742	0.226666667	0.593220339	0.476923077	0.413793103	0.448275862	0.296703297	0.433333333	0.650793651	0.421686747	0.375	0.569230769	0.430769231	0.242857143	0.142857143	0.6	0.358024691	0.358974359	0.443037975	0.465517241	0.412698413	0.549019608	0.264150943	0.471428571	0.258064516	0.611111111
0.618421053	0.386363636	0.182926829	0.408450704	0.637681159	0.528089888	0.55	0.071428571	0.626666667	0.340909091	0.486842105	0.342105263	0.52	0.52173913	0.520547945	0.375	0.5625	0.493670886	0.291139241	0.102564103	0.322222222	0.545454545	0.269662921	0.451219512	0.525	0.243243243	0.101449275	0.215384615	0.340909091	0.522727273	0.285714286	0.547619048	0.477272727	0.573333333	0.450549451	0.64556962	0.6625	0.50617284	0.35443038	0.413793103	0.395604396	0.402597403	0.505617978	0.298850575	0.493975904	0.571428571	0.333333333	0.236842105	0.213483146	0.14084507	0.447916667	0.415730337	0.386363636	0.520547945	0.402439024	0.487804878	0.353658537	0.613333333	0.485714286	0.487804878	0.608108108	0.365853659	1	0.447619048	0.49382716	0.402439024	0.34939759	0.382978723	0.457142857	0.24691358	0.571428571	0.231707317	0.58974359	0.260416667	0.21686747	0.294871795	0.16	0.211764706	0.211764706	0.543209877	0.578947368	0.402439024	0.535714286	0.447761194	0.220779221	0.396825397	0.476190476	0.367816092	0.25	0.333333333	0.617283951	0.337209302	0.211267606	0.48	0.493670886	0.277777778	0.488095238	0.305555556	0.215053763	0.528571429	0.2875	0.3	0.315789474	0.386363636	0.590361446	0.541176471	0.261904762	0.213483146	0.428571429	0.352112676	0.666666667	0.360824742	0.25	0.356321839	0.609756098	0.536842105	0.274725275	0.465753425	0.328947368	0.2	0.228915663	0.698630137	0.666666667	0.56097561	0.269230769	0.211764706	0.24	0.109589041	0.519480519	0.277777778	0.21686747
0.475247525	0.423076923	0.255102041	0.298969072	0.336538462	0.528301887	0.442307692	0.086021505	0.436893204	0.398058252	0.362745098	0.319587629	0.489361702	0.611650485	0.383838384	0.431578947	0.495049505	0.384615385	0.254901961	0.178947368	0.394230769	0.514018692	0.362745098	0.355140187	0.450980392	0.216494845	0.108695652	0.105263158	0.398058252	0.523809524	0.195876289	0.575757576	0.471698113	0.469387755	0.612244898	0.471698113	0.528846154	0.396226415	0.254716981	0.49	0.5	0.367346939	0.509433962	0.418367347	0.470588235	0.579439252	0.39047619	0.237113402	0.326732673	0.163043478	0.617647059	0.551020408	0.396226415	0.383838384	0.355769231	0.396226415	0.383838384	0.441176471	0.354166667	0.436893204	0.494845361	0.366336634	0.447619048	1	0.427184466	0.355769231	0.452631579	0.529411765	0.333333333	0.257425743	0.476635514	0.336842105	0.470588235	0.324324324	0.27	0.309278351	0.22826087	0.29	0.29	0.525252525	0.46	0.396039604	0.476190476	0.28125	0.237113402	0.2	0.428571429	0.367924528	0.234693878	0.264150943	0.554455446	0.41	0.154639175	0.317307692	0.371428571	0.191919192	0.495049505	0.2	0.311320755	0.33	0.303030303	0.181818182	0.35483871	0.423076923	0.533980583	0.509615385	0.346938776	0.326732673	0.36	0.270833333	0.551401869	0.58	0.272727273	0.358490566	0.490566038	0.755102041	0.365384615	0.343434343	0.245098039	0.094736842	0.28	0.470588235	0.403846154	0.452830189	0.302083333	0.228571429	0.226804124	0.150537634	0.388349515	0.191919192	0.282828283
0.532467532	0.581081081	0.295774648	0.376811594	0.5	0.701298701	0.565789474	0.029411765	0.409638554	0.506666667	0.5	0.328767123	0.415584416	0.467391304	0.432432432	0.418918919	0.518987342	0.467532468	0.515625	0.208955224	0.480519481	0.55952381	0.384615385	0.52	0.519480519	0.380952381	0.109375	0.213114754	0.506666667	0.816901408	0.393442623	0.506024096	0.602564103	0.4125	0.395604396	0.524390244	0.6	0.581081081	0.52238806	0.573333333	0.584415584	0.430555556	0.632911392	0.367088608	0.4875	0.604651163	0.474358974	0.271428571	0.410958904	0.134328358	0.367346939	0.287234043	0.539473684	0.432432432	0.527777778	0.581081081	0.514285714	0.46835443	0.546875	0.983050847	0.5	0.426666667	0.49382716	0.427184466	1	0.527777778	0.38961039	0.404494382	0.385714286	0.352112676	0.567901235	0.297297297	0.586666667	0.432098765	0.333333333	0.391304348	0.188405797	0.324324324	0.324324324	0.428571429	0.474358974	0.428571429	0.878787879	0.352941176	0.271428571	0.296875	0.608108108	0.425	0.363636364	0.514705882	0.615384615	0.486486486	0.125	0.606060606	0.527027027	0.403225806	0.333333333	0.412698413	0.402597403	0.324675325	0.441176471	0.323076923	0.301369863	0.581081081	0.567901235	0.5	0.278481013	0.410958904	0.418918919	0.358208955	0.588235294	0.426966292	0.338028169	0.448717949	0.607594937	0.43877551	0.423076923	0.5	0.333333333	0.177419355	0.328767123	0.4875	0.493506494	0.576923077	0.382352941	0.462686567	0.333333333	0.169230769	0.493333333	0.403225806	0.315068493
0.435897436	0.790322581	0.409836066	0.289855072	0.342105263	0.623376623	0.395061728	0.049180328	0.353658537	0.646153846	0.47826087	0.31884058	0.2875	0.417582418	0.449275362	0.375	0.341176471	0.550724638	0.568965517	0.25	0.636363636	0.470588235	0.457142857	0.5	0.441558442	0.5	0.083333333	0.283018868	0.646153846	0.5375	0.462962963	0.322222222	0.506329114	0.3375	0.32967033	0.416666667	0.435294118	0.441558442	0.6	0.6	0.567567568	0.447761194	0.597402597	0.378378378	0.361445783	0.5	0.651515152	0.360655738	0.46969697	0.228070175	0.391304348	0.263736264	0.819672131	0.449275362	1	0.441558442	0.538461538	0.428571429	0.347826087	0.541666667	0.333333333	0.507462687	0.402439024	0.355769231	0.527777778	1	0.294871795	0.293478261	0.281690141	0.384615385	0.5125	0.323529412	0.4125	0.486486486	0.5	0.475409836	0.288135593	0.4375	0.4375	0.341176471	0.329268293	0.350649351	0.573333333	0.194444444	0.338709677	0.132352941	0.448717949	0.542857143	0.473684211	0.53968254	0.445783133	0.507246377	0.136363636	0.470588235	0.38961039	0.5	0.295454545	0.566037736	0.5	0.263157895	0.586206897	0.481481481	0.328358209	0.790322581	0.423529412	0.348314607	0.202531646	0.46969697	0.356164384	0.287878788	0.449438202	0.44047619	0.435483871	0.573529412	0.475609756	0.336633663	0.478873239	0.523809524	0.475409836	0.155172414	0.467741935	0.345238095	0.313253012	0.481012658	0.466666667	0.46031746	0.438596491	0.206896552	0.558823529	0.5	0.475409836
0.493150685	0.421052632	0.296875	0.28358209	0.32	0.402298851	0.41025641	0.12962963	0.479452055	0.253012048	0.375	0.294117647	0.388888889	0.465116279	0.310810811	0.333333333	0.3875	0.350649351	0.23943662	0.161290323	0.265060241	0.386363636	0.269230769	0.381578947	0.402597403	0.130434783	0.148148148	0.101694915	0.253012048	0.445783133	0.151515152	0.487179487	0.397590361	0.283950617	0.421686747	0.380952381	0.43373494	0.402597403	0.207792208	0.415584416	0.430379747	0.323943662	0.363636364	0.337837838	0.41025641	0.402173913	0.261904762	0.176470588	0.27027027	0.116666667	0.453488372	0.287356322	0.384615385	0.310810811	0.294871795	0.402597403	0.426470588	0.304878049	0.363636364	0.384615385	0.458333333	0.420289855	0.34939759	0.452631579	0.38961039	0.294871795	1	0.364705882	0.222222222	0.208333333	0.404761905	0.403225806	0.447368421	0.273809524	0.191780822	0.242857143	0.140625	0.236111111	0.236111111	0.37037037	0.394736842	0.402777778	0.385542169	0.296875	0.176470588	0.233333333	0.466666667	0.329113924	0.246153846	0.205128205	0.426829268	0.311688312	0.161290323	0.347222222	0.405405405	0.147058824	0.290697674	0.142857143	0.2375	0.273972603	0.271428571	0.115942029	0.457627119	0.421052632	0.404761905	0.444444444	0.508196721	0.27027027	0.352112676	0.366666667	0.5	0.325842697	0.211267606	0.333333333	0.456790123	0.389473684	0.259259259	0.367647059	0.208333333	0.066666667	0.222222222	0.375	0.432432432	0.407407407	0.197183099	0.289855072	0.253968254	0.175438596	0.373333333	0.147058824	0.225352113
0.380434783	0.384615385	0.2625	0.350649351	0.409638554	0.443298969	0.454545455	0.097222222	0.384615385	0.29787234	0.392857143	0.177777778	0.493670886	0.582417582	0.402439024	0.443037975	0.402173913	0.386363636	0.261904762	0.216216216	0.294736842	0.428571429	0.244680851	0.447058824	0.482352941	0.230769231	0.066666667	0.106666667	0.29787234	0.4375	0.236842105	0.488888889	0.353535354	0.435294118	0.6	0.440860215	0.427083333	0.448275862	0.247191011	0.35106383	0.378947368	0.302325581	0.422680412	0.344827586	0.422222222	0.427184466	0.305263158	0.180722892	0.258426966	0.118421053	0.554347826	0.529411765	0.35483871	0.402439024	0.293478261	0.431818182	0.337209302	0.453488372	0.402597403	0.415730337	0.382022472	0.288888889	0.382978723	0.529411765	0.404494382	0.293478261	0.364705882	1	0.394736842	0.166666667	0.387755102	0.346153846	0.488372093	0.275510204	0.206896552	0.296296296	0.151898734	0.202247191	0.202247191	0.482758621	0.476190476	0.416666667	0.4	0.311688312	0.180722892	0.260273973	0.438202247	0.322580645	0.207317073	0.258426966	0.421052632	0.293478261	0.168831169	0.32183908	0.402298851	0.230769231	0.535714286	0.240506329	0.231578947	0.3875	0.258823529	0.172839506	0.268292683	0.384615385	0.462365591	0.467391304	0.279069767	0.258426966	0.425	0.351351351	0.469387755	0.563218391	0.195402299	0.29787234	0.373737374	0.546391753	0.263157895	0.305882353	0.235294118	0.108108108	0.191011236	0.454545455	0.393258427	0.466666667	0.211764706	0.229885057	0.182926829	0.118421053	0.359550562	0.230769231	0.179775281
0.302631579	0.272727273	0.177419355	0.381818182	0.534482759	0.365853659	0.315789474	0.108695652	0.361111111	0.287671233	0.348484848	0.164179104	0.40625	0.318181818	0.380952381	0.409836066	0.383561644	0.382352941	0.258064516	0.127272727	0.266666667	0.287356322	0.155844156	0.376811594	0.361111111	0.236363636	0.019607843	0.145833333	0.287671233	0.325301205	0.269230769	0.376623377	0.341772152	0.402985075	0.384615385	0.413333333	0.397435897	0.324324324	0.296875	0.269230769	0.256097561	0.183098592	0.341463415	0.186666667	0.408450704	0.352272727	0.28	0.186440678	0.166666667	0.117647059	0.292134831	0.436619718	0.256410256	0.380952381	0.281690141	0.324324324	0.225352113	0.405797101	0.481481481	0.4	0.417910448	0.275362319	0.457142857	0.333333333	0.385714286	0.281690141	0.222222222	0.394736842	1	0.184615385	0.384615385	0.283333333	0.388888889	0.197530864	0.166666667	0.262295082	0.125	0.161764706	0.161764706	0.383561644	0.454545455	0.491803279	0.381578947	0.351851852	0.186440678	0.422222222	0.315789474	0.266666667	0.203389831	0.333333333	0.304878049	0.197368421	0.169811321	0.338461538	0.342857143	0.259259259	0.53030303	0.296296296	0.155844156	0.482142857	0.215384615	0.218181818	0.169230769	0.272727273	0.402597403	0.426666667	0.171428571	0.166666667	0.409836066	0.411764706	0.397590361	0.333333333	0.169230769	0.27027027	0.301204819	0.435294118	0.260273973	0.276923077	0.222222222	0.255813953	0.181818182	0.428571429	0.432835821	0.405405405	0.229508197	0.196969697	0.169491525	0.055555556	0.367647059	0.259259259	0.166666667
0.272727273	0.405797101	0.220338983	0.153846154	0.189189189	0.3875	0.2375	0	0.197530864	0.430769231	0.313432836	0.262295082	0.186666667	0.263736264	0.178082192	0.133333333	0.298701299	0.223684211	0.350877193	0.244897959	0.424242424	0.321428571	0.517241379	0.236842105	0.197530864	0.31372549	0.085106383	0.2	0.430769231	0.379746835	0.3	0.193181818	0.363636364	0.192307692	0.215909091	0.280487805	0.333333333	0.227848101	0.413793103	0.462686567	0.457142857	0.338709677	0.415584416	0.353846154	0.285714286	0.372093023	0.417910448	0.604651163	0.566037736	0.333333333	0.2	0.134831461	0.347222222	0.178082192	0.384615385	0.227848101	0.246376812	0.215189873	0.274193548	0.347222222	0.220779221	0.5	0.24691358	0.257425743	0.352112676	0.384615385	0.208333333	0.166666667	0.184615385	1	0.320987654	0.169230769	0.253164557	0.627118644	0.583333333	0.1875	0.476190476	0.591836735	0.591836735	0.19047619	0.202531646	0.25	0.350649351	0.142857143	0.642857143	0.086206897	0.253164557	0.362318841	0.458333333	0.383333333	0.292682927	0.304347826	0.033898305	0.34375	0.24	0.31372549	0.149425287	0.326923077	0.543859649	0.138888889	0.56	0.375	0.153846154	0.405797101	0.304878049	0.204545455	0.094594595	0.566037736	0.268656716	0.14516129	0.277777778	0.175824176	0.666666667	0.576271186	0.3375	0.273684211	0.625	0.322580645	0.169230769	0.127659574	0.638297872	0.2375	0.266666667	0.256097561	0.608695652	0.444444444	0.545454545	0.302325581	0.333333333	0.31372549	0.583333333
0.5	0.523809524	0.337662338	0.292682927	0.4875	0.710843373	0.413043478	0.065789474	0.488372093	0.458823529	0.469135802	0.421052632	0.5	0.505154639	0.409638554	0.487179487	0.55952381	0.476190476	0.384615385	0.179487179	0.436781609	0.577777778	0.4	0.524390244	0.580246914	0.324324324	0.078947368	0.180555556	0.458823529	0.627906977	0.28	0.494505495	0.563218391	0.393258427	0.452631579	0.619047619	0.561797753	0.471264368	0.430379747	0.632911392	0.583333333	0.480519481	0.647058824	0.4	0.604938272	0.602150538	0.448275862	0.333333333	0.407407407	0.208333333	0.435643564	0.294117647	0.488372093	0.409638554	0.5125	0.471264368	0.481012658	0.476744186	0.549295775	0.580246914	0.582278481	0.493670886	0.571428571	0.476635514	0.567901235	0.5125	0.404761905	0.387755102	0.384615385	0.320987654	1	0.426666667	0.56626506	0.443181818	0.371794872	0.38961039	0.207792208	0.379746835	0.379746835	0.471910112	0.536585366	0.551282051	0.626506024	0.355263158	0.315789474	0.287671233	0.494252874	0.488095238	0.383561644	0.390243902	0.611764706	0.49382716	0.15	0.5	0.476190476	0.289473684	0.378947368	0.333333333	0.416666667	0.361445783	0.453333333	0.347222222	0.358974359	0.523809524	0.568181818	0.556818182	0.34939759	0.407407407	0.487179487	0.397260274	0.640449438	0.422680412	0.394736842	0.512195122	0.568181818	0.535353535	0.435294118	0.527027027	0.320987654	0.135135135	0.384615385	0.529411765	0.555555556	0.634146341	0.3125	0.313253012	0.375	0.225352113	0.5	0.289473684	0.371794872
0.272727273	0.366197183	0.5	0.25	0.23943662	0.353658537	0.302631579	0.111111111	0.276315789	0.291666667	0.257142857	0.166666667	0.328358209	0.263736264	0.28358209	0.416666667	0.315789474	0.347826087	0.222222222	0.244897959	0.27027027	0.337349398	0.275362319	0.424242424	0.405797101	0.240740741	0.040816327	0.102040816	0.291666667	0.329268293	0.160714286	0.346153846	0.280487805	0.223684211	0.35443038	0.265060241	0.301204819	0.328767123	0.171428571	0.361111111	0.324675325	0.23880597	0.297619048	0.275362319	0.32	0.311111111	0.266666667	0.189655172	0.296875	0.12	0.266666667	0.231707317	0.328767123	0.28358209	0.323529412	0.328767123	0.433333333	0.28	0.338983051	0.310810811	0.382352941	0.260869565	0.231707317	0.336842105	0.297297297	0.323529412	0.403225806	0.346153846	0.283333333	0.169230769	0.426666667	1	0.337837838	0.215189873	0.266666667	0.461538462	0.169811321	0.258064516	0.258064516	0.315789474	0.319444444	0.551724138	0.3	0.180327869	0.189655172	0.166666667	0.394366197	0.342857143	0.272727273	0.169014085	0.308641975	0.343283582	0.109090909	0.178082192	0.347826087	0.175438596	0.234567901	0.169491525	0.275362319	0.261538462	0.278688525	0.137931034	0.442307692	0.366197183	0.35443038	0.452054795	0.396551724	0.296875	0.328125	0.339622642	0.352941176	0.3375	0.229508197	0.273972603	0.258823529	0.287234043	0.263888889	0.223880597	0.266666667	0.06	0.262295082	0.269230769	0.319444444	0.373333333	0.193548387	0.181818182	0.259259259	0.244444444	0.277777778	0.175438596	0.266666667
0.592105263	0.5	0.301369863	0.441176471	0.563380282	0.654320988	0.525	0.057971014	0.621621622	0.364705882	0.520547945	0.315789474	0.696969697	0.516483516	0.472972973	0.402597403	0.64	0.546666667	0.333333333	0.166666667	0.360465116	0.558139535	0.305882353	0.56	0.6	0.267605634	0.057142857	0.184615385	0.364705882	0.692307692	0.313432836	0.684210526	0.542168675	0.487179487	0.460674157	0.72972973	0.6375	0.558441558	0.363636364	0.475609756	0.470588235	0.394736842	0.609756098	0.337349398	0.648648649	0.602272727	0.356321839	0.277777778	0.325	0.161764706	0.556818182	0.362637363	0.428571429	0.472972973	0.4125	0.558441558	0.557142857	0.652777778	0.64516129	0.6	0.581081081	0.41025641	0.58974359	0.470588235	0.586666667	0.4125	0.447368421	0.488372093	0.388888889	0.253164557	0.56626506	0.337837838	1	0.307692308	0.269230769	0.32	0.148648649	0.278481013	0.278481013	0.597402597	0.815384615	0.486842105	0.5875	0.338028169	0.277777778	0.303030303	0.626666667	0.376470588	0.328571429	0.358974359	0.675324675	0.345238095	0.235294118	0.493150685	0.46835443	0.304347826	0.447058824	0.314285714	0.290697674	0.438356164	0.364864865	0.271428571	0.38028169	0.5	0.688311688	0.517647059	0.368421053	0.325	0.542857143	0.46875	0.703703704	0.382978723	0.240506329	0.364705882	0.604938272	0.548387097	0.325581395	0.52173913	0.269230769	0.151515152	0.282051282	0.718309859	0.685714286	0.615384615	0.293333333	0.2625	0.3	0.144927536	0.455696203	0.304347826	0.269230769
0.296703297	0.56	0.277777778	0.202531646	0.2	0.505747126	0.352272727	0.014492754	0.244680851	0.527027027	0.367088608	0.328767123	0.238636364	0.35	0.23255814	0.235294118	0.379310345	0.313953488	0.53968254	0.227272727	0.540540541	0.471910112	0.661538462	0.373493976	0.344827586	0.380952381	0.14516129	0.193548387	0.527027027	0.482758621	0.349206349	0.275510204	0.470588235	0.215053763	0.295918367	0.373626374	0.391304348	0.376470588	0.545454545	0.573333333	0.626666667	0.355263158	0.535714286	0.402597403	0.4	0.483870968	0.533333333	0.483333333	0.68852459	0.266666667	0.288461538	0.18627451	0.519480519	0.23255814	0.486486486	0.376470588	0.358974359	0.274725275	0.285714286	0.444444444	0.252747253	0.550724638	0.260416667	0.324324324	0.432098765	0.486486486	0.273809524	0.275510204	0.197530864	0.627118644	0.443181818	0.215189873	0.307692308	1	0.6	0.297297297	0.366666667	0.606557377	0.606557377	0.263157895	0.25	0.325301205	0.476190476	0.164556962	0.483333333	0.092105263	0.367816092	0.480519481	0.428571429	0.492753623	0.35483871	0.428571429	0.065789474	0.376623377	0.345238095	0.380952381	0.2	0.390625	0.661538462	0.133333333	0.555555556	0.365079365	0.202531646	0.56	0.365591398	0.298969072	0.147727273	0.68852459	0.3125	0.246575342	0.363636364	0.309278351	0.583333333	0.686567164	0.380434783	0.317757009	0.585714286	0.342105263	0.230769231	0.123076923	0.590163934	0.252631579	0.263736264	0.366666667	0.516129032	0.661016949	0.466666667	0.288135593	0.4	0.380952381	0.548387097
0.240506329	0.46969697	0.384615385	0.153846154	0.157894737	0.441558442	0.207317073	0.020408163	0.197530864	0.524590164	0.313432836	0.305084746	0.202702703	0.25	0.228571429	0.214285714	0.315789474	0.291666667	0.4	0.29787234	0.516129032	0.321428571	0.725490196	0.287671233	0.276315789	0.425531915	0.085106383	0.285714286	0.524590164	0.3625	0.354166667	0.193181818	0.381578947	0.192307692	0.215909091	0.280487805	0.285714286	0.2125	0.413793103	0.555555556	0.545454545	0.431034483	0.493150685	0.442622951	0.302631579	0.43902439	0.507936508	0.725	0.765957447	0.435897436	0.252747253	0.147727273	0.426470588	0.228571429	0.5	0.2125	0.34375	0.246753247	0.253968254	0.347222222	0.236842105	0.553571429	0.21686747	0.27	0.333333333	0.5	0.191780822	0.206896552	0.166666667	0.583333333	0.371794872	0.266666667	0.269230769	0.6	1	0.333333333	0.58974359	0.695652174	0.695652174	0.219512195	0.202531646	0.304347826	0.386666667	0.107692308	0.682926829	0.05	0.2375	0.492063492	0.590909091	0.360655738	0.308641975	0.343283582	0.051724138	0.303030303	0.207792208	0.367346939	0.162790698	0.38	0.76	0.093333333	0.659574468	0.466666667	0.229508197	0.46969697	0.289156627	0.204545455	0.125	0.765957447	0.268656716	0.163934426	0.277777778	0.258823529	0.595744681	0.524590164	0.289156627	0.301075269	0.568965517	0.389830508	0.266666667	0.104166667	0.790697674	0.222222222	0.217948718	0.303797468	0.608695652	0.418181818	0.658536585	0.4	0.314285714	0.367346939	0.853658537
0.256410256	0.447761194	0.469387755	0.315789474	0.294117647	0.405063291	0.375	0.086956522	0.243589744	0.453125	0.313432836	0.241935484	0.308823529	0.263736264	0.34375	0.574074074	0.333333333	0.409090909	0.350877193	0.270833333	0.424242424	0.423076923	0.313432836	0.516129032	0.515625	0.34	0.085106383	0.227272727	0.453125	0.3625	0.25	0.329113924	0.418918919	0.273972603	0.273809524	0.363636364	0.35	0.447761194	0.28125	0.441176471	0.416666667	0.296875	0.3625	0.222222222	0.356164384	0.421686747	0.417910448	0.169491525	0.338709677	0.12	0.280898876	0.21686747	0.46969697	0.34375	0.475409836	0.447761194	0.409836066	0.315068493	0.274193548	0.405797101	0.27027027	0.298507463	0.294871795	0.309278351	0.391304348	0.475409836	0.242857143	0.296296296	0.262295082	0.1875	0.38961039	0.461538462	0.32	0.297297297	0.333333333	1	0.24	0.3	0.3	0.351351351	0.301369863	0.343283582	0.444444444	0.220338983	0.169491525	0.145454545	0.434782609	0.492063492	0.25	0.276923077	0.325	0.578947368	0.244897959	0.264705882	0.453125	0.288461538	0.204819277	0.277777778	0.313432836	0.344262295	0.322033898	0.245283019	0.41509434	0.447761194	0.35443038	0.341772152	0.285714286	0.338709677	0.393442623	0.267857143	0.337209302	0.426666667	0.271186441	0.367647059	0.289156627	0.24742268	0.31884058	0.261538462	0.407407407	0.06	0.305084746	0.269230769	0.25	0.471428571	0.254237288	0.278688525	0.259259259	0.272727273	0.352941176	0.288461538	0.310344828
0.135135135	0.257575758	0.260869565	0.109090909	0.104477612	0.25974026	0.118421053	0	0.121621622	0.338983051	0.193548387	0.3125	0.19047619	0.134831461	0.142857143	0.163934426	0.228571429	0.128571429	0.188679245	0.27027027	0.333333333	0.197530864	0.423076923	0.142857143	0.169014085	0.261904762	0.088235294	0.333333333	0.338983051	0.217948718	0.186046512	0.166666667	0.213333333	0.179104478	0.134146341	0.213333333	0.175	0.106666667	0.236363636	0.35483871	0.353846154	0.352941176	0.301369863	0.275862069	0.231884058	0.268292683	0.327868852	0.571428571	0.4375	0.5	0.176470588	0.144736842	0.220588235	0.142857143	0.288135593	0.106666667	0.161290323	0.138888889	0.160714286	0.185714286	0.126760563	0.377358491	0.16	0.22826087	0.188405797	0.288135593	0.140625	0.151898734	0.125	0.476190476	0.207792208	0.169811321	0.148648649	0.366666667	0.58974359	0.24	1	0.523809524	0.523809524	0.194444444	0.157142857	0.206349206	0.232876712	0.16	0.527777778	0.042553191	0.118421053	0.31147541	0.4	0.189655172	0.179487179	0.266666667	0.068181818	0.180327869	0.097222222	0.177777778	0.116883117	0.195652174	0.450980392	0.114754098	0.422222222	0.268292683	0.22	0.257575758	0.192307692	0.135802469	0.098360656	0.4375	0.203389831	0.075471698	0.174418605	0.192307692	0.487804878	0.338983051	0.1625	0.202247191	0.425925926	0.236363636	0.169811321	0.054054054	0.615384615	0.148648649	0.14084507	0.171052632	0.463414634	0.20754717	0.5	0.448275862	0.164179104	0.177777778	0.631578947
0.25	0.455882353	0.275862069	0.149253731	0.139240506	0.430379747	0.231707317	0.019607843	0.222222222	0.461538462	0.304347826	0.362068966	0.213333333	0.27173913	0.189189189	0.208333333	0.342105263	0.266666667	0.385964912	0.211538462	0.454545455	0.298850575	0.730769231	0.297297297	0.269230769	0.38	0.104166667	0.302325581	0.461538462	0.353658537	0.34	0.229885057	0.35443038	0.1875	0.238636364	0.3375	0.325301205	0.2375	0.37704918	0.515151515	0.507246377	0.416666667	0.441558442	0.525423729	0.346666667	0.411764706	0.447761194	0.651162791	0.770833333	0.45	0.274725275	0.157303371	0.414285714	0.189189189	0.4375	0.2375	0.353846154	0.209876543	0.246153846	0.337837838	0.215189873	0.589285714	0.211764706	0.29	0.324324324	0.4375	0.236111111	0.202247191	0.161764706	0.591836735	0.379746835	0.258064516	0.278481013	0.606557377	0.695652174	0.3	0.523809524	1	1	0.214285714	0.227848101	0.314285714	0.394736842	0.15625	0.651162791	0.06557377	0.278481013	0.411764706	0.674418605	0.328125	0.270588235	0.352941176	0.086206897	0.257142857	0.233766234	0.326923077	0.159090909	0.314814815	0.698113208	0.105263158	0.632653061	0.416666667	0.222222222	0.455882353	0.297619048	0.24137931	0.136986301	0.770833333	0.279411765	0.216666667	0.314606742	0.26744186	0.54	0.557377049	0.297619048	0.268041237	0.576271186	0.333333333	0.238095238	0.12244898	0.880952381	0.231707317	0.227848101	0.296296296	0.551020408	0.454545455	0.707317073	0.348837209	0.342857143	0.326923077	0.813953488
0.25	0.455882353	0.275862069	0.149253731	0.139240506	0.430379747	0.231707317	0.019607843	0.222222222	0.461538462	0.304347826	0.362068966	0.213333333	0.27173913	0.189189189	0.208333333	0.342105263	0.266666667	0.385964912	0.211538462	0.454545455	0.298850575	0.730769231	0.297297297	0.269230769	0.38	0.104166667	0.302325581	0.461538462	0.353658537	0.34	0.229885057	0.35443038	0.1875	0.238636364	0.3375	0.325301205	0.2375	0.37704918	0.515151515	0.507246377	0.416666667	0.441558442	0.525423729	0.346666667	0.411764706	0.447761194	0.651162791	0.770833333	0.45	0.274725275	0.157303371	0.414285714	0.189189189	0.4375	0.2375	0.353846154	0.209876543	0.246153846	0.337837838	0.215189873	0.589285714	0.211764706	0.29	0.324324324	0.4375	0.236111111	0.202247191	0.161764706	0.591836735	0.379746835	0.258064516	0.278481013	0.606557377	0.695652174	0.3	0.523809524	1	1	0.214285714	0.227848101	0.314285714	0.394736842	0.15625	0.651162791	0.06557377	0.278481013	0.411764706	0.674418605	0.328125	0.270588235	0.352941176	0.086206897	0.257142857	0.233766234	0.326923077	0.159090909	0.314814815	0.698113208	0.105263158	0.632653061	0.416666667	0.222222222	0.455882353	0.297619048	0.24137931	0.136986301	0.770833333	0.279411765	0.216666667	0.314606742	0.26744186	0.54	0.557377049	0.297619048	0.268041237	0.576271186	0.333333333	0.238095238	0.12244898	0.880952381	0.231707317	0.227848101	0.296296296	0.551020408	0.454545455	0.707317073	0.348837209	0.342857143	0.326923077	0.813953488
0.452380952	0.375	0.28	0.434782609	0.513513514	0.534090909	0.5375	0.072463768	0.5125	0.314606742	0.333333333	0.24691358	0.569444444	0.432989691	0.486486486	0.415584416	0.569620253	0.4625	0.21686747	0.180555556	0.311111111	0.569767442	0.258426966	0.456790123	0.5125	0.166666667	0.102941176	0.147058824	0.314606742	0.511363636	0.171052632	0.697368421	0.449438202	0.671428571	0.471910112	0.592592593	0.534883721	0.5125	0.247058824	0.402298851	0.4	0.320987654	0.511363636	0.272727273	0.576923077	0.56043956	0.307692308	0.207792208	0.215909091	0.15942029	0.483870968	0.543209877	0.344444444	0.486486486	0.341176471	0.5125	0.325301205	0.578947368	0.492753623	0.44047619	0.493670886	0.353658537	0.543209877	0.525252525	0.428571429	0.341176471	0.37037037	0.482758621	0.383561644	0.19047619	0.471910112	0.315789474	0.597402597	0.263157895	0.219512195	0.351351351	0.194444444	0.214285714	0.214285714	1	0.630136986	0.390243902	0.471264368	0.432835821	0.192307692	0.298507463	0.518518519	0.340909091	0.220779221	0.273809524	0.511627907	0.373493976	0.231884058	0.358024691	0.426829268	0.166666667	0.458823529	0.17721519	0.217391304	0.472222222	0.259259259	0.153846154	0.375	0.375	0.617283951	0.494252874	0.346153846	0.215909091	0.535211268	0.397058824	0.579545455	0.378947368	0.192771084	0.285714286	0.455555556	0.526315789	0.369047619	0.341772152	0.234567901	0.149253731	0.231707317	0.597402597	0.4875	0.567901235	0.225	0.172413793	0.210526316	0.142857143	0.46835443	0.166666667	0.219512195
0.539473684	0.414634146	0.281690141	0.323943662	0.528571429	0.585365854	0.43902439	0.061538462	0.611111111	0.302325581	0.445945946	0.315068493	0.770491803	0.472527473	0.4	0.405405405	0.586666667	0.435897436	0.246753247	0.126760563	0.298850575	0.477272727	0.229885057	0.506666667	0.633802817	0.178082192	0.044776119	0.140625	0.302325581	0.580246914	0.217391304	0.722222222	0.493975904	0.493333333	0.431818182	0.722222222	0.607594937	0.487179487	0.311688312	0.409638554	0.406976744	0.36	0.542168675	0.273809524	0.661971831	0.574712644	0.310344828	0.205479452	0.243902439	0.19047619	0.494382022	0.379310345	0.348837209	0.4	0.329268293	0.487179487	0.438356164	0.554054054	0.580645161	0.487179487	0.527027027	0.376623377	0.578947368	0.46	0.474358974	0.329268293	0.394736842	0.476190476	0.454545455	0.202531646	0.536585366	0.319444444	0.815384615	0.25	0.202531646	0.301369863	0.157142857	0.227848101	0.227848101	0.630136986	1	0.513888889	0.518518519	0.4	0.205479452	0.344262295	0.532467532	0.329411765	0.253521127	0.307692308	0.582278481	0.329268293	0.290322581	0.438356164	0.417721519	0.211267606	0.469135802	0.23943662	0.215909091	0.53030303	0.293333333	0.197183099	0.402985075	0.414634146	0.726027397	0.543209877	0.333333333	0.243902439	0.575757576	0.525423729	0.675	0.326315789	0.189873418	0.34939759	0.555555556	0.52173913	0.279069767	0.442857143	0.217948718	0.180327869	0.246753247	0.710144928	0.628571429	0.584415584	0.223684211	0.197530864	0.242857143	0.136363636	0.423076923	0.211267606	0.233766234
0.365853659	0.423076923	0.323076923	0.271428571	0.36	0.524390244	0.329411765	0.084745763	0.423076923	0.371794872	0.378378378	0.263888889	0.450704225	0.402173913	0.298701299	0.414285714	0.561643836	0.38961039	0.3	0.153846154	0.35	0.373626374	0.342105263	0.421052632	0.441558442	0.246153846	0.048387097	0.133333333	0.371794872	0.464285714	0.234375	0.469135802	0.38372093	0.273809524	0.423529412	0.469135802	0.452380952	0.353658537	0.315068493	0.417721519	0.414634146	0.347222222	0.481927711	0.378378378	0.547945205	0.466666667	0.345679012	0.257575758	0.366197183	0.186440678	0.347368421	0.292134831	0.37037037	0.298701299	0.350649351	0.353658537	0.428571429	0.325301205	0.476190476	0.441558442	0.5	0.422535211	0.402439024	0.396039604	0.428571429	0.350649351	0.402777778	0.416666667	0.491803279	0.25	0.551282051	0.551724138	0.486842105	0.325301205	0.304347826	0.343283582	0.206349206	0.314285714	0.314285714	0.390243902	0.513888889	1	0.43902439	0.303030303	0.257575758	0.262295082	0.395061728	0.384615385	0.35483871	0.293333333	0.411764706	0.316455696	0.119402985	0.369863014	0.371794872	0.246153846	0.325581395	0.257575758	0.324675325	0.333333333	0.333333333	0.230769231	0.369230769	0.423076923	0.5125	0.578947368	0.357142857	0.366197183	0.546875	0.49122807	0.5	0.32967033	0.253521127	0.38961039	0.390804598	0.421052632	0.329113924	0.391304348	0.267605634	0.196428571	0.31884058	0.448717949	0.453333333	0.444444444	0.257142857	0.277777778	0.322580645	0.206896552	0.413333333	0.246153846	0.304347826
0.518072289	0.602564103	0.298701299	0.355263158	0.46835443	0.759493671	0.548780488	0.04	0.404494382	0.53164557	0.526315789	0.4	0.4625	0.489583333	0.425	0.467532468	0.542168675	0.475609756	0.5	0.202702703	0.50617284	0.579545455	0.432098765	0.50617284	0.5625	0.397058824	0.097222222	0.242424242	0.53164557	0.779220779	0.367647059	0.511363636	0.62195122	0.44047619	0.40625	0.602409639	0.658536585	0.5625	0.549295775	0.636363636	0.64556962	0.5	0.691358025	0.397590361	0.5875	0.697674419	0.518518519	0.293333333	0.441558442	0.183098592	0.405940594	0.316326531	0.5625	0.425	0.573333333	0.5625	0.5	0.493975904	0.507042254	0.893939394	0.487804878	0.474358974	0.535714286	0.476190476	0.878787879	0.573333333	0.385542169	0.4	0.381578947	0.350649351	0.626506024	0.3	0.5875	0.476190476	0.386666667	0.444444444	0.232876712	0.394736842	0.394736842	0.471264368	0.518518519	0.43902439	1	0.369863014	0.276315789	0.263888889	0.5875	0.487804878	0.38028169	0.520547945	0.595238095	0.573333333	0.186666667	0.583333333	0.5125	0.376811594	0.361702128	0.405797101	0.45	0.375	0.472222222	0.362318841	0.320512821	0.602564103	0.569767442	0.505617978	0.26744186	0.441558442	0.430379747	0.356164384	0.606741573	0.451612903	0.373333333	0.49382716	0.607142857	0.49	0.4875	0.527777778	0.316455696	0.157142857	0.4	0.511904762	0.464285714	0.6375	0.397260274	0.452054795	0.352112676	0.2	0.518987342	0.376811594	0.386666667
0.305555556	0.207792208	0.133333333	0.203389831	0.4	0.3375	0.283783784	0.069767442	0.388059701	0.202702703	0.272727273	0.280701754	0.393442623	0.275862069	0.223880597	0.35	0.352112676	0.186666667	0.140625	0.096153846	0.2	0.258823529	0.135135135	0.25	0.309859155	0.125	0.068181818	0.162790698	0.202702703	0.346153846	0.089285714	0.346666667	0.278481013	0.390625	0.2875	0.383561644	0.3	0.273972603	0.181818182	0.236842105	0.240506329	0.338983051	0.346153846	0.150684932	0.397058824	0.325581395	0.197368421	0.140350877	0.128571429	0.181818182	0.279069767	0.347222222	0.192307692	0.223880597	0.194444444	0.273972603	0.188405797	0.295774648	0.339285714	0.347826087	0.343283582	0.257575758	0.447761194	0.28125	0.352941176	0.194444444	0.296875	0.311688312	0.351851852	0.142857143	0.355263158	0.180327869	0.338028169	0.164556962	0.107692308	0.220338983	0.16	0.15625	0.15625	0.432835821	0.4	0.303030303	0.369863014	1	0.120689655	0.685714286	0.283783784	0.184210526	0.118644068	0.161764706	0.307692308	0.264705882	0.239130435	0.322580645	0.348484848	0.086206897	0.371428571	0.101694915	0.135135135	0.418181818	0.138461538	0.127272727	0.224137931	0.207792208	0.337662338	0.342105263	0.241935484	0.128571429	0.396551724	0.395833333	0.353658537	0.256097561	0.14516129	0.186666667	0.320512821	0.314606742	0.225352113	0.278688525	0.142857143	0.166666667	0.140625	0.338028169	0.4	0.32	0.147540984	0.138461538	0.122807018	0.06122449	0.313432836	0.086206897	0.125
0.22972973	0.343283582	0.203703704	0.152542373	0.191176471	0.333333333	0.15	0	0.184210526	0.409836066	0.285714286	0.320754717	0.205882353	0.24137931	0.196969697	0.147058824	0.309859155	0.211267606	0.25	0.2	0.403225806	0.238095238	0.588235294	0.208333333	0.184210526	0.333333333	0.073170732	0.236842105	0.409836066	0.307692308	0.260869565	0.180722892	0.306666667	0.211267606	0.219512195	0.272727273	0.2625	0.139240506	0.293103448	0.4	0.397058824	0.357142857	0.36	0.396551724	0.295774648	0.321428571	0.396825397	0.9375	0.652173913	0.484848485	0.202247191	0.146341463	0.304347826	0.196969697	0.338709677	0.139240506	0.274193548	0.202702703	0.285714286	0.267605634	0.225352113	0.509433962	0.220779221	0.237113402	0.271428571	0.338709677	0.176470588	0.180722892	0.186440678	0.642857143	0.315789474	0.189655172	0.277777778	0.483333333	0.682926829	0.169491525	0.527777778	0.651162791	0.651162791	0.192307692	0.205479452	0.257575758	0.276315789	0.120689655	1	0.076923077	0.164556962	0.359375	0.575	0.266666667	0.285714286	0.202898551	0.038461538	0.253968254	0.131578947	0.25	0.1625	0.265306122	0.588235294	0.102941176	0.543478261	0.372093023	0.152542373	0.343283582	0.25	0.164705882	0.104477612	0.652173913	0.258064516	0.142857143	0.255813953	0.19047619	0.545454545	0.457627119	0.25	0.280898876	0.448275862	0.315789474	0.169491525	0.15	0.707317073	0.243243243	0.257142857	0.230769231	0.634146341	0.290909091	0.694444444	0.289473684	0.268656716	0.25	0.682926829
0.268656716	0.135135135	0.134615385	0.24	0.442307692	0.240506329	0.264705882	0.088235294	0.37704918	0.126760563	0.25	0.163636364	0.333333333	0.228915663	0.237288136	0.309090909	0.260869565	0.194029851	0.122807018	0.066666667	0.125	0.225	0.056338028	0.265625	0.272727273	0.102040816	0	0.078947368	0.126760563	0.263157895	0.130434783	0.295774648	0.210526316	0.333333333	0.253333333	0.295774648	0.25	0.272727273	0.15	0.148648649	0.141025641	0.186440678	0.246753247	0.102941176	0.303030303	0.235294118	0.123287671	0.076923077	0.060606061	0.075	0.202380952	0.294117647	0.12	0.237288136	0.132352941	0.272727273	0.158730159	0.276923077	0.346938776	0.292307692	0.327868852	0.174603175	0.396825397	0.2	0.296875	0.132352941	0.233333333	0.260273973	0.422222222	0.086206897	0.287671233	0.166666667	0.303030303	0.092105263	0.05	0.145454545	0.042553191	0.06557377	0.06557377	0.298507463	0.344262295	0.262295082	0.263888889	0.685714286	0.076923077	1	0.264705882	0.109589041	0.096153846	0.147540984	0.256756757	0.132352941	0.2	0.280701754	0.355932203	0.125	0.359375	0.12	0.056338028	0.408163265	0.101694915	0.104166667	0.169811321	0.135135135	0.287671233	0.328571429	0.192982456	0.060606061	0.309090909	0.380952381	0.307692308	0.160493827	0.087719298	0.126760563	0.287671233	0.255813953	0.147058824	0.210526316	0.145454545	0.25	0.066666667	0.323076923	0.413793103	0.267605634	0.089285714	0.101694915	0.078431373	0	0.234375	0.125	0.05
0.5125	0.538461538	0.338028169	0.462686567	0.48	0.595238095	0.820895522	0.057971014	0.5	0.380952381	0.441558442	0.234567901	0.513513514	0.452631579	0.434210526	0.384615385	0.464285714	0.526315789	0.449275362	0.166666667	0.376470588	0.675	0.337349398	0.602739726	0.538461538	0.304347826	0.104477612	0.184615385	0.380952381	0.62962963	0.353846154	0.580246914	0.523809524	0.397590361	0.397849462	0.56097561	0.55952381	0.875	0.4	0.49382716	0.506024096	0.325	0.534883721	0.305882353	0.487804878	0.549450549	0.372093023	0.164556962	0.358974359	0.053333333	0.427083333	0.319148936	0.518987342	0.434210526	0.448717949	0.904761905	0.472972973	0.525641026	0.47826087	0.621621622	0.426829268	0.375	0.476190476	0.428571429	0.608108108	0.448717949	0.466666667	0.438202247	0.315789474	0.253164557	0.494252874	0.394366197	0.626666667	0.367816092	0.2375	0.434782609	0.118421053	0.278481013	0.278481013	0.518518519	0.532467532	0.395061728	0.5875	0.283783784	0.164556962	0.264705882	1	0.444444444	0.291666667	0.394736842	0.535714286	0.448717949	0.217391304	0.434210526	0.705882353	0.363636364	0.351648352	0.333333333	0.305882353	0.381578947	0.364864865	0.236111111	0.38028169	0.538461538	0.625	0.535714286	0.316455696	0.358974359	0.421052632	0.382352941	0.642857143	0.397849462	0.289473684	0.414634146	0.547619048	0.398058252	0.357142857	0.381578947	0.337837838	0.101449275	0.25	0.525	0.512820513	0.536585366	0.243589744	0.383561644	0.246575342	0.144927536	0.474358974	0.363636364	0.2375
0.348837209	0.513157895	0.343283582	0.291666667	0.325	0.517647059	0.409638554	0.0625	0.292134831	0.563380282	0.413333333	0.338028169	0.3375	0.343434343	0.405405405	0.355263158	0.421686747	0.441558442	0.357142857	0.196969697	0.577464789	0.5	0.472222222	0.435897436	0.455696203	0.370967742	0.112903226	0.2	0.563380282	0.459770115	0.23880597	0.351648352	0.64	0.321428571	0.288659794	0.464285714	0.431818182	0.455696203	0.369863014	0.657142857	0.643835616	0.364864865	0.511904762	0.292682927	0.444444444	0.563218391	0.591549296	0.359375	0.485294118	0.15625	0.333333333	0.214285714	0.513157895	0.405405405	0.542857143	0.455696203	0.405405405	0.357142857	0.328767123	0.4375	0.317647059	0.52173913	0.367816092	0.367924528	0.425	0.542857143	0.329113924	0.322580645	0.266666667	0.362318841	0.488095238	0.342857143	0.376470588	0.480519481	0.492063492	0.492063492	0.31147541	0.411764706	0.411764706	0.340909091	0.329411765	0.384615385	0.487804878	0.184210526	0.359375	0.109589041	0.444444444	1	0.294117647	0.328947368	0.425287356	0.479452055	0.161764706	0.333333333	0.441558442	0.25	0.242105263	0.298507463	0.492957746	0.282051282	0.371428571	0.3125	0.309859155	0.513157895	0.420454545	0.347826087	0.269230769	0.485294118	0.355263158	0.253521127	0.445652174	0.420454545	0.476190476	0.563380282	0.388888889	0.376237624	0.434210526	0.388888889	0.323943662	0.059701493	0.439393939	0.329545455	0.329411765	0.457831325	0.352941176	0.352112676	0.323076923	0.233333333	0.392405063	0.25	0.446153846
0.295774648	0.467741935	0.294117647	0.189655172	0.205882353	0.418918919	0.24	0.023255814	0.3	0.359375	0.344262295	0.290909091	0.220588235	0.313253012	0.25	0.179104478	0.287671233	0.318181818	0.42	0.195652174	0.353846154	0.3125	0.547169811	0.313432836	0.263888889	0.386363636	0.097560976	0.371428571	0.359375	0.373333333	0.404761905	0.253164557	0.269230769	0.191780822	0.2625	0.302631579	0.307692308	0.246575342	0.407407407	0.393939394	0.371428571	0.425925926	0.391891892	0.64	0.273972603	0.317647059	0.348484848	0.575	0.604166667	0.428571429	0.270588235	0.158536585	0.421875	0.25	0.473684211	0.246575342	0.403508772	0.216216216	0.280701754	0.378787879	0.257142857	0.528301887	0.25	0.234693878	0.363636364	0.473684211	0.246153846	0.207317073	0.203389831	0.458333333	0.383561644	0.272727273	0.328571429	0.428571429	0.590909091	0.25	0.4	0.674418605	0.674418605	0.220779221	0.253521127	0.35483871	0.38028169	0.118644068	0.575	0.096153846	0.291666667	0.294117647	1	0.375	0.298701299	0.253731343	0.037735849	0.31147541	0.208333333	0.386363636	0.175	0.4	0.547169811	0.117647059	0.756097561	0.463414634	0.254545455	0.467741935	0.311688312	0.25	0.119402985	0.604166667	0.338983051	0.25	0.3625	0.24691358	0.38	0.426229508	0.328947368	0.23655914	0.465517241	0.381818182	0.296296296	0.205128205	0.69047619	0.291666667	0.253521127	0.310810811	0.47826087	0.384615385	0.823529412	0.351351351	0.387096774	0.386363636	0.666666667
0.381578947	0.552238806	0.234375	0.242424242	0.283783784	0.475	0.376623377	0.017857143	0.316455696	0.449275362	0.461538462	0.292307692	0.246753247	0.386363636	0.309859155	0.243243243	0.273809524	0.369863014	0.75	0.172413793	0.442857143	0.421686747	0.376811594	0.364864865	0.316455696	0.541666667	0.137254902	0.29787234	0.449275362	0.487179487	0.565217391	0.34939759	0.382716049	0.282051282	0.280898876	0.382716049	0.455696203	0.424657534	0.893617021	0.4	0.415584416	0.343283582	0.46835443	0.357142857	0.277108434	0.388888889	0.457142857	0.266666667	0.40625	0.125	0.301075269	0.24137931	0.529411765	0.309859155	0.53968254	0.424657534	0.409090909	0.337662338	0.34375	0.529411765	0.2625	0.342857143	0.333333333	0.264150943	0.514705882	0.53968254	0.205128205	0.258426966	0.333333333	0.383333333	0.390243902	0.169014085	0.358974359	0.492753623	0.360655738	0.276923077	0.189655172	0.328125	0.328125	0.273809524	0.307692308	0.293333333	0.520547945	0.161764706	0.266666667	0.147540984	0.394736842	0.328947368	0.375	1	0.37804878	0.276315789	0.0625	0.576271186	0.369863014	0.608695652	0.258823529	0.688888889	0.417910448	0.202702703	0.517857143	0.489795918	0.188405797	0.552238806	0.443037975	0.329411765	0.086419753	0.40625	0.243243243	0.238095238	0.386363636	0.325581395	0.413793103	0.492537313	0.461538462	0.292929293	0.420289855	0.435483871	0.338709677	0.224489796	0.35483871	0.308641975	0.307692308	0.447368421	0.421052632	0.574074074	0.339285714	0.166666667	0.434782609	0.608695652	0.338709677
0.777777778	0.530120482	0.275	0.381578947	0.475	0.698795181	0.554216867	0.052631579	0.5875	0.430232558	0.638888889	0.426666667	0.586666667	0.611111111	0.526315789	0.385542169	0.604938272	0.5375	0.38961039	0.151898734	0.409090909	0.678571429	0.372093023	0.493975904	0.548780488	0.328767123	0.125	0.183098592	0.430232558	0.7375	0.301369863	0.666666667	0.516853933	0.464285714	0.47311828	0.646341463	0.725	0.530120482	0.4	0.542168675	0.552941176	0.506666667	0.654761905	0.356321839	0.535714286	0.626373626	0.404494382	0.285714286	0.345238095	0.178082192	0.548387097	0.31	0.494117647	0.526315789	0.445783133	0.511904762	0.526315789	0.615384615	0.493150685	0.607594937	0.631578947	0.360465116	0.617283951	0.554455446	0.615384615	0.445783133	0.426829268	0.421052632	0.304878049	0.292682927	0.611764706	0.308641975	0.675324675	0.35483871	0.308641975	0.325	0.179487179	0.270588235	0.270588235	0.511627907	0.582278481	0.411764706	0.595238095	0.307692308	0.285714286	0.256756757	0.535714286	0.425287356	0.298701299	0.37804878	1	0.395348837	0.151898734	0.546666667	0.464285714	0.310810811	0.340206186	0.337837838	0.340909091	0.365853659	0.367088608	0.333333333	0.381578947	0.530120482	0.691358025	0.581395349	0.305882353	0.345238095	0.419753086	0.328947368	0.686046512	0.383838384	0.329113924	0.382022472	0.756410256	0.556701031	0.315217391	0.6	0.341772152	0.152777778	0.273809524	0.675324675	0.623376623	0.583333333	0.333333333	0.285714286	0.289473684	0.178082192	0.525	0.310810811	0.277108434
0.302325581	0.48	0.365079365	0.236111111	0.275	0.506024096	0.395061728	0.066666667	0.21978022	0.507042254	0.291139241	0.31884058	0.355263158	0.29	0.315789474	0.455882353	0.390243902	0.35443038	0.31884058	0.25	0.479452055	0.470588235	0.397260274	0.35	0.460526316	0.265625	0.120689655	0.152542373	0.507042254	0.464285714	0.215384615	0.352272727	0.525641026	0.3375	0.273684211	0.4	0.386363636	0.441558442	0.315068493	0.577464789	0.589041096	0.405797101	0.464285714	0.259259259	0.448717949	0.5	0.493150685	0.220588235	0.405797101	0.186440678	0.292929293	0.197916667	0.5	0.315789474	0.507246377	0.441558442	0.388888889	0.341463415	0.309859155	0.5	0.317073171	0.383561644	0.337209302	0.41	0.486486486	0.507246377	0.311688312	0.293478261	0.197368421	0.304347826	0.49382716	0.343283582	0.345238095	0.428571429	0.343283582	0.578947368	0.266666667	0.352941176	0.352941176	0.373493976	0.329268293	0.316455696	0.573333333	0.264705882	0.202898551	0.132352941	0.448717949	0.479452055	0.253731343	0.276315789	0.395348837	1	0.229508197	0.298701299	0.465753425	0.246153846	0.212765957	0.257575758	0.378378378	0.315068493	0.333333333	0.230769231	0.348484848	0.48	0.406976744	0.363636364	0.338028169	0.405797101	0.375	0.197183099	0.387096774	0.375	0.328358209	0.38961039	0.359550562	0.310679612	0.418918919	0.333333333	0.25	0.030769231	0.31884058	0.298850575	0.252873563	0.426829268	0.275362319	0.352941176	0.28125	0.25	0.358974359	0.246153846	0.323529412
0.185714286	0.138888889	0.117647059	0.2	0.237288136	0.170731707	0.2	0.129032258	0.188405797	0.114285714	0.177419355	0.192307692	0.321428571	0.136363636	0.183333333	0.206896552	0.197183099	0.181818182	0.050847458	0.095238095	0.128571429	0.170731707	0.057971014	0.196969697	0.28125	0.083333333	0.028571429	0.083333333	0.114285714	0.146341463	0.041666667	0.2	0.2	0.21875	0.12195122	0.267605634	0.207792208	0.205882353	0.063492063	0.136986301	0.144736842	0.192982456	0.175	0.073529412	0.253731343	0.197674419	0.142857143	0.038461538	0.0625	0.078947368	0.192771084	0.211267606	0.138888889	0.183333333	0.136363636	0.223880597	0.109375	0.227272727	0.163636364	0.138888889	0.128571429	0.107692308	0.211267606	0.154639175	0.125	0.136363636	0.161290323	0.168831169	0.169811321	0.033898305	0.15	0.109090909	0.235294118	0.065789474	0.051724138	0.244897959	0.068181818	0.086206897	0.086206897	0.231884058	0.290322581	0.119402985	0.186666667	0.239130435	0.038461538	0.2	0.217391304	0.161764706	0.037735849	0.0625	0.151898734	0.229508197	1	0.14516129	0.181818182	0.04	0.25	0.058823529	0.042857143	0.34	0.05	0.0625	0.224489796	0.138888889	0.226666667	0.181818182	0.178571429	0.0625	0.166666667	0.142857143	0.204819277	0.164556962	0.052631579	0.114285714	0.164556962	0.164835165	0.085714286	0.175438596	0.109090909	0	0.068965517	0.235294118	0.176470588	0.205479452	0.053571429	0.032786885	0.039215686	0.051282051	0.149253731	0.04	0.070175439
0.611940299	0.550724638	0.261538462	0.268656716	0.420289855	0.571428571	0.415584416	0.016949153	0.445945946	0.391891892	0.606557377	0.45	0.394366197	0.488095238	0.371428571	0.301369863	0.428571429	0.430555556	0.474576271	0.183333333	0.386666667	0.457831325	0.289473684	0.405405405	0.407894737	0.375	0.12962963	0.254901961	0.391891892	0.608108108	0.388888889	0.402439024	0.474358974	0.337662338	0.344827586	0.533333333	0.573333333	0.426666667	0.586206897	0.5	0.513513514	0.524590164	0.586666667	0.306666667	0.415584416	0.505882353	0.4	0.253968254	0.309859155	0.157894737	0.377777778	0.247191011	0.465753425	0.371428571	0.470588235	0.426666667	0.411764706	0.452054795	0.508474576	0.597014925	0.444444444	0.405797101	0.48	0.317307692	0.606060606	0.470588235	0.347222222	0.32183908	0.338461538	0.34375	0.5	0.178082192	0.493150685	0.376623377	0.303030303	0.264705882	0.180327869	0.257142857	0.257142857	0.358024691	0.438356164	0.369863014	0.583333333	0.322580645	0.253968254	0.280701754	0.434210526	0.333333333	0.31147541	0.576271186	0.546666667	0.298701299	0.14516129	1	0.355263158	0.4	0.325301205	0.462962963	0.342465753	0.277777778	0.396825397	0.433962264	0.287878788	0.550724638	0.481012658	0.45	0.181818182	0.309859155	0.319444444	0.372881356	0.488095238	0.3	0.370967742	0.450704225	0.647887324	0.408602151	0.346666667	0.735849057	0.365079365	0.235294118	0.279411765	0.472972973	0.478873239	0.506666667	0.37704918	0.396825397	0.278688525	0.137931034	0.569230769	0.4	0.264705882
0.419753086	0.443037975	0.308823529	0.373134328	0.5	0.471264368	0.705882353	0.080645161	0.461538462	0.392405063	0.4	0.205128205	0.376623377	0.404255319	0.373333333	0.416666667	0.392857143	0.392405063	0.424242424	0.181818182	0.37037037	0.6	0.296296296	0.541666667	0.5	0.272727273	0.096774194	0.14516129	0.392405063	0.5	0.301587302	0.487804878	0.469879518	0.375	0.362637363	0.469879518	0.506024096	0.80952381	0.375	0.419753086	0.451219512	0.234567901	0.431818182	0.235294118	0.380952381	0.483516484	0.365853659	0.131578947	0.315789474	0.013888889	0.336734694	0.282608696	0.443037975	0.373333333	0.38961039	0.78125	0.410958904	0.4125	0.411764706	0.540540541	0.405063291	0.333333333	0.493670886	0.371428571	0.527027027	0.38961039	0.405405405	0.402298851	0.342857143	0.24	0.476190476	0.347826087	0.46835443	0.345238095	0.207792208	0.453125	0.097222222	0.233766234	0.233766234	0.426829268	0.417721519	0.371794872	0.5125	0.348484848	0.131578947	0.355932203	0.705882353	0.441558442	0.208333333	0.369863014	0.464285714	0.465753425	0.181818182	0.355263158	1	0.333333333	0.329545455	0.303030303	0.265060241	0.523076923	0.283783784	0.185714286	0.314285714	0.443037975	0.530864198	0.518518519	0.342465753	0.315789474	0.436619718	0.313432836	0.552941176	0.393258427	0.260273973	0.392405063	0.476190476	0.339805825	0.333333333	0.269230769	0.291666667	0.076923077	0.205128205	0.432098765	0.493333333	0.5	0.213333333	0.397058824	0.197183099	0.123076923	0.397435897	0.333333333	0.192307692
0.308823529	0.442622951	0.26	0.32	0.253968254	0.342105263	0.363636364	0.025	0.23943662	0.4	0.362068966	0.192982456	0.212121212	0.277108434	0.327586207	0.245901639	0.213333333	0.37704918	0.743589744	0.209302326	0.393442623	0.307692308	0.338983051	0.349206349	0.275362319	0.567567568	0.076923077	0.363636364	0.4	0.351351351	0.931034483	0.2	0.246753247	0.2	0.225	0.297297297	0.32	0.396825397	0.622222222	0.308823529	0.309859155	0.298245614	0.351351351	0.295081967	0.184210526	0.313253012	0.387096774	0.25	0.37037037	0.119047619	0.235294118	0.164556962	0.466666667	0.327586207	0.5	0.396825397	0.4	0.338461538	0.346153846	0.419354839	0.268656716	0.258064516	0.277777778	0.191919192	0.403225806	0.5	0.147058824	0.230769231	0.259259259	0.31372549	0.289473684	0.175438596	0.304347826	0.380952381	0.367346939	0.288461538	0.177777778	0.326923077	0.326923077	0.166666667	0.211267606	0.246153846	0.376811594	0.086206897	0.25	0.125	0.363636364	0.25	0.386363636	0.608695652	0.310810811	0.246153846	0.04	0.4	0.333333333	1	0.181818182	0.875	0.316666667	0.140625	0.5	0.540540541	0.178571429	0.442622951	0.289473684	0.243589744	0.058823529	0.37037037	0.1875	0.192307692	0.277108434	0.272727273	0.32	0.37704918	0.306666667	0.204301075	0.28125	0.403846154	0.395833333	0.257142857	0.307692308	0.267605634	0.264705882	0.287671233	0.477272727	0.5	0.311111111	0.119047619	0.338709677	1	0.31372549
0.355555556	0.273684211	0.156626506	0.285714286	0.534246575	0.37755102	0.366666667	0.088235294	0.390804598	0.231578947	0.34939759	0.174418605	0.4125	0.478723404	0.341463415	0.345679012	0.347826087	0.344827586	0.188235294	0.118421053	0.242105263	0.336633663	0.154639175	0.372093023	0.406976744	0.181818182	0.041666667	0.130434783	0.231578947	0.343434343	0.186666667	0.402173913	0.34375	0.481012658	0.597560976	0.433333333	0.375	0.359550562	0.247058824	0.257731959	0.247524752	0.229885057	0.371134021	0.272727273	0.397727273	0.365384615	0.252631579	0.17721519	0.150537634	0.126760563	0.516483516	0.76056338	0.260416667	0.341463415	0.295454545	0.359550562	0.208791209	0.463414634	0.373333333	0.344444444	0.356321839	0.247191011	0.488095238	0.495049505	0.333333333	0.295454545	0.290697674	0.535714286	0.53030303	0.149425287	0.378947368	0.234567901	0.447058824	0.2	0.162790698	0.204819277	0.116883117	0.159090909	0.159090909	0.458823529	0.469135802	0.325581395	0.361702128	0.371428571	0.1625	0.359375	0.351648352	0.242105263	0.175	0.258823529	0.340206186	0.212765957	0.25	0.325301205	0.329545455	0.181818182	1	0.207792208	0.154639175	0.452054795	0.186046512	0.2	0.207317073	0.273684211	0.455555556	0.413043478	0.206896552	0.150537634	0.313253012	0.319444444	0.432989691	0.505747126	0.151162791	0.231578947	0.350515464	0.629213483	0.23655914	0.292682927	0.176470588	0.166666667	0.16091954	0.413793103	0.416666667	0.411111111	0.195121951	0.159090909	0.15	0.052631579	0.348837209	0.181818182	0.149425287
0.358208955	0.475409836	0.25	0.283018868	0.285714286	0.386666667	0.333333333	0.023809524	0.267605634	0.433333333	0.421052632	0.25	0.223880597	0.317073171	0.385964912	0.258064516	0.207792208	0.433333333	0.75	0.2	0.426229508	0.333333333	0.327868852	0.318181818	0.285714286	0.666666667	0.1	0.382352941	0.433333333	0.378378378	0.8125	0.209876543	0.289473684	0.228571429	0.234567901	0.324324324	0.364864865	0.363636364	0.704545455	0.358208955	0.338028169	0.357142857	0.397260274	0.306451613	0.210526316	0.321428571	0.442622951	0.265306122	0.357142857	0.139534884	0.244186047	0.175	0.5	0.385964912	0.566037736	0.363636364	0.385964912	0.369230769	0.333333333	0.428571429	0.260869565	0.26984127	0.305555556	0.2	0.412698413	0.566037736	0.142857143	0.240506329	0.296296296	0.326923077	0.333333333	0.169491525	0.314285714	0.390625	0.38	0.277777778	0.195652174	0.314814815	0.314814815	0.17721519	0.23943662	0.257575758	0.405797101	0.101694915	0.265306122	0.12	0.333333333	0.298507463	0.4	0.688888889	0.337837838	0.257575758	0.058823529	0.462962963	0.303030303	0.875	0.207792208	1	0.35	0.171875	0.510638298	0.638888889	0.172413793	0.475409836	0.298701299	0.269230769	0.057142857	0.357142857	0.2	0.185185185	0.317073171	0.282051282	0.387755102	0.433333333	0.351351351	0.225806452	0.292307692	0.470588235	0.408163265	0.243243243	0.320754717	0.277777778	0.275362319	0.315068493	0.488888889	0.479166667	0.326086957	0.139534884	0.393442623	0.875	0.326923077
0.279069767	0.535211268	0.4	0.144736842	0.149425287	0.5	0.261363636	0.050847458	0.224719101	0.567164179	0.351351351	0.348484848	0.202380952	0.309278351	0.209876543	0.227848101	0.333333333	0.296296296	0.459016393	0.327272727	0.558823529	0.382022472	0.785714286	0.308641975	0.297619048	0.436363636	0.145454545	0.222222222	0.567164179	0.44047619	0.305084746	0.244680851	0.444444444	0.179775281	0.252631579	0.3	0.348314607	0.26744186	0.46875	0.594202899	0.583333333	0.417910448	0.5125	0.470588235	0.321428571	0.444444444	0.550724638	0.62	0.826923077	0.333333333	0.26	0.141414141	0.513888889	0.209876543	0.5	0.26744186	0.4	0.227272727	0.263888889	0.415584416	0.23255814	0.546875	0.215053763	0.311320755	0.402597403	0.5	0.2375	0.231578947	0.155844156	0.543859649	0.416666667	0.275362319	0.290697674	0.661538462	0.76	0.313432836	0.450980392	0.698113208	0.698113208	0.217391304	0.215909091	0.324675325	0.45	0.135135135	0.588235294	0.056338028	0.305882353	0.492957746	0.547169811	0.417910448	0.340909091	0.378378378	0.042857143	0.342465753	0.265060241	0.316666667	0.154639175	0.35	1	0.093023256	0.607142857	0.418181818	0.242857143	0.535211268	0.322222222	0.268817204	0.1625	0.826923077	0.276315789	0.202898551	0.336842105	0.293478261	0.611111111	0.590909091	0.352272727	0.291262136	0.560606061	0.362318841	0.353846154	0.120689655	0.711538462	0.21978022	0.229885057	0.337209302	0.535714286	0.5	0.6	0.333333333	0.368421053	0.316666667	0.725490196
0.333333333	0.240963855	0.2	0.35	0.620689655	0.344827586	0.4	0.12	0.430555556	0.253164557	0.342857143	0.185714286	0.461538462	0.32967033	0.393939394	0.444444444	0.394736842	0.337837838	0.152777778	0.116666667	0.234567901	0.392857143	0.093023256	0.388888889	0.430555556	0.158730159	0.017857143	0.153846154	0.253164557	0.32183908	0.126984127	0.441558442	0.353658537	0.455882353	0.345238095	0.460526316	0.443037975	0.450704225	0.205479452	0.253012048	0.24137931	0.202702703	0.32183908	0.13253012	0.381578947	0.362637363	0.24691358	0.102941176	0.098765432	0.068965517	0.318681319	0.38961039	0.240963855	0.393939394	0.263157895	0.430555556	0.243243243	0.416666667	0.349206349	0.337662338	0.351351351	0.207792208	0.528571429	0.33	0.324675325	0.263157895	0.273972603	0.3875	0.482142857	0.138888889	0.361445783	0.261538462	0.438356164	0.133333333	0.093333333	0.344262295	0.114754098	0.105263158	0.105263158	0.472222222	0.53030303	0.333333333	0.375	0.418181818	0.102941176	0.408163265	0.381578947	0.282051282	0.117647059	0.202702703	0.365853659	0.315068493	0.34	0.277777778	0.523076923	0.140625	0.452054795	0.171875	0.093023256	1	0.135135135	0.125	0.285714286	0.240963855	0.430379747	0.417721519	0.318181818	0.098765432	0.421875	0.283333333	0.44047619	0.329411765	0.14084507	0.222222222	0.345238095	0.380434783	0.2125	0.23943662	0.188405797	0.113207547	0.121621622	0.478873239	0.442857143	0.434210526	0.142857143	0.105263158	0.104477612	0.068965517	0.324324324	0.140625	0.108108108
0.315789474	0.571428571	0.345454545	0.203125	0.216216216	0.506666667	0.311688312	0.019607843	0.302631579	0.461538462	0.384615385	0.274193548	0.263888889	0.360465116	0.275362319	0.260869565	0.291139241	0.357142857	0.549019608	0.26	0.454545455	0.4125	0.578947368	0.391304348	0.337837838	0.408163265	0.081632653	0.302325581	0.461538462	0.48	0.522727273	0.289156627	0.35443038	0.217948718	0.297619048	0.3375	0.358024691	0.32	0.555555556	0.515151515	0.485714286	0.416666667	0.48	0.551724138	0.311688312	0.395348837	0.447761194	0.543478261	0.634615385	0.380952381	0.303370787	0.183908046	0.523076923	0.275362319	0.586206897	0.32	0.396825397	0.289473684	0.327868852	0.455882353	0.28	0.561403509	0.2875	0.303030303	0.441176471	0.586206897	0.271428571	0.258823529	0.215384615	0.56	0.453333333	0.278688525	0.364864865	0.555555556	0.659574468	0.322033898	0.422222222	0.632653061	0.632653061	0.259259259	0.293333333	0.333333333	0.472222222	0.138461538	0.543478261	0.101694915	0.364864865	0.371428571	0.756097561	0.517857143	0.367088608	0.333333333	0.05	0.396825397	0.283783784	0.5	0.186046512	0.510638298	0.607142857	0.135135135	1	0.446808511	0.262295082	0.571428571	0.379746835	0.255813953	0.121621622	0.634615385	0.359375	0.25862069	0.392857143	0.282352941	0.509803922	0.557377049	0.379746835	0.28125	0.576271186	0.423728814	0.322033898	0.170212766	0.717391304	0.311688312	0.293333333	0.4	0.551020408	0.481481481	0.75	0.380952381	0.402985075	0.5	0.695652174
0.333333333	0.403225806	0.192307692	0.203703704	0.238095238	0.364864865	0.219178082	0	0.225352113	0.406779661	0.471698113	0.367346939	0.215384615	0.296296296	0.310344828	0.19047619	0.232876712	0.360655738	0.488888889	0.159090909	0.4	0.278481013	0.392857143	0.217391304	0.208333333	0.628571429	0.108108108	0.466666667	0.406779661	0.32	0.527777778	0.158536585	0.25	0.220588235	0.182926829	0.319444444	0.342465753	0.225352113	0.565217391	0.353846154	0.333333333	0.520833333	0.375	0.344827586	0.236111111	0.317073171	0.416666667	0.404761905	0.403846154	0.314285714	0.238095238	0.151898734	0.403225806	0.310344828	0.481481481	0.225352113	0.333333333	0.323076923	0.232142857	0.318181818	0.235294118	0.283333333	0.3	0.181818182	0.323076923	0.481481481	0.115942029	0.172839506	0.218181818	0.375	0.347222222	0.137931034	0.271428571	0.365079365	0.466666667	0.245283019	0.268292683	0.416666667	0.416666667	0.153846154	0.197183099	0.230769231	0.362318841	0.127272727	0.372093023	0.104166667	0.236111111	0.3125	0.463414634	0.489795918	0.333333333	0.230769231	0.0625	0.433962264	0.185714286	0.540540541	0.2	0.638888889	0.418181818	0.125	0.446808511	1	0.120689655	0.403225806	0.243589744	0.215189873	0.044117647	0.403846154	0.171875	0.12962963	0.280487805	0.25974026	0.477272727	0.360655738	0.366197183	0.247191011	0.306451613	0.531914894	0.346938776	0.228571429	0.395833333	0.253521127	0.231884058	0.256756757	0.488372093	0.333333333	0.414634146	0.179487179	0.389830508	0.540540541	0.404255319
0.426470588	0.391304348	0.479166667	0.193548387	0.225352113	0.41025641	0.324324324	0.139534884	0.432835821	0.260273973	0.279411765	0.333333333	0.419354839	0.325581395	0.268656716	0.3125	0.375	0.314285714	0.225806452	0.25	0.256756757	0.358024691	0.242857143	0.388059701	0.5	0.178571429	0.111111111	0.127659574	0.260273973	0.35	0.163636364	0.464788732	0.350649351	0.243243243	0.292682927	0.350649351	0.371794872	0.352112676	0.191176471	0.366197183	0.346666667	0.366666667	0.402597403	0.298507463	0.361111111	0.376470588	0.253333333	0.152542373	0.242424242	0.12244898	0.329411765	0.19047619	0.391304348	0.268656716	0.328358209	0.352112676	0.517857143	0.266666667	0.368421053	0.315068493	0.409090909	0.303030303	0.315789474	0.35483871	0.301369863	0.328358209	0.457627119	0.268292683	0.169230769	0.153846154	0.358974359	0.442307692	0.38028169	0.202531646	0.229508197	0.41509434	0.22	0.222222222	0.222222222	0.375	0.402985075	0.369230769	0.320512821	0.224137931	0.152542373	0.169811321	0.38028169	0.309859155	0.254545455	0.188405797	0.381578947	0.348484848	0.224489796	0.287878788	0.314285714	0.178571429	0.207317073	0.172413793	0.242857143	0.285714286	0.262295082	0.120689655	1	0.391304348	0.413333333	0.381578947	0.403508772	0.242424242	0.333333333	0.37254902	0.407407407	0.292682927	0.193548387	0.352941176	0.394736842	0.304347826	0.232876712	0.35	0.363636364	0.083333333	0.245901639	0.38028169	0.402985075	0.436619718	0.140625	0.203125	0.240740741	0.279069767	0.338235294	0.178571429	0.25
0.545454545	1	0.409090909	0.297297297	0.329268293	0.670886076	0.463414634	0.044117647	0.43902439	0.583333333	0.557142857	0.361111111	0.375	0.511111111	0.407894737	0.358974359	0.423529412	0.52	0.606557377	0.261538462	0.575342466	0.517241379	0.535211268	0.533333333	0.493670886	0.466666667	0.125	0.229508197	0.583333333	0.64556962	0.433333333	0.431818182	0.555555556	0.310344828	0.376344086	0.465116279	0.535714286	0.493670886	0.560606061	0.630136986	0.684931507	0.485714286	0.64556962	0.434210526	0.428571429	0.561797753	0.589041096	0.343283582	0.575757576	0.222222222	0.467391304	0.244897959	0.873015873	0.407894737	0.790322581	0.493670886	0.646153846	0.409638554	0.388888889	0.594594595	0.419753086	0.542857143	0.386363636	0.423076923	0.581081081	0.790322581	0.421052632	0.384615385	0.272727273	0.405797101	0.523809524	0.366197183	0.5	0.56	0.46969697	0.447761194	0.257575758	0.455882353	0.455882353	0.375	0.414634146	0.423076923	0.602564103	0.207792208	0.343283582	0.135135135	0.538461538	0.513157895	0.467741935	0.552238806	0.530120482	0.48	0.138888889	0.550724638	0.443037975	0.442622951	0.273684211	0.475409836	0.535211268	0.240963855	0.571428571	0.403225806	0.391304348	1	0.505882353	0.459770115	0.275	0.575757576	0.394736842	0.373134328	0.545454545	0.438202247	0.432835821	0.652173913	0.56097561	0.365384615	0.473684211	0.560606061	0.447761194	0.138461538	0.441176471	0.411764706	0.380952381	0.512195122	0.439393939	0.546875	0.435483871	0.262295082	0.637681159	0.442622951	0.447761194
0.6125	0.505882353	0.303797468	0.292682927	0.469135802	0.651162791	0.547619048	0.051948052	0.542168675	0.393258427	0.525641026	0.333333333	0.666666667	0.520833333	0.392857143	0.380952381	0.541176471	0.425287356	0.367088608	0.15	0.388888889	0.613636364	0.322222222	0.543209877	0.641025641	0.256410256	0.093333333	0.148648649	0.393258427	0.686746988	0.28	0.766233766	0.528089888	0.441860465	0.452631579	0.679012346	0.654761905	0.6	0.4125	0.5	0.511363636	0.407407407	0.609195402	0.367816092	0.585365854	0.619565217	0.384615385	0.25	0.341176471	0.175675676	0.494845361	0.389473684	0.438202247	0.392857143	0.423529412	0.6	0.481012658	0.494117647	0.506849315	0.580246914	0.506024096	0.421686747	0.590361446	0.533980583	0.567901235	0.423529412	0.404761905	0.462365591	0.402597403	0.304878049	0.568181818	0.35443038	0.688311688	0.365591398	0.289156627	0.35443038	0.192307692	0.297619048	0.297619048	0.617283951	0.726027397	0.5125	0.569767442	0.337662338	0.25	0.287671233	0.625	0.420454545	0.311688312	0.443037975	0.691358025	0.406976744	0.226666667	0.481012658	0.530864198	0.289473684	0.455555556	0.298701299	0.322222222	0.430379747	0.379746835	0.243589744	0.413333333	0.505882353	1	0.556818182	0.287356322	0.341176471	0.506493506	0.416666667	0.717647059	0.366336634	0.292682927	0.425287356	0.642857143	0.52	0.386363636	0.467532468	0.273809524	0.150684932	0.301204819	0.625	0.615384615	0.634146341	0.296296296	0.297619048	0.302631579	0.191780822	0.464285714	0.289473684	0.289156627
0.6	0.459770115	0.291139241	0.363636364	0.456790123	0.532608696	0.573170732	0.095890411	0.530120482	0.336956522	0.475	0.273809524	0.506329114	0.542553191	0.46835443	0.4375	0.56626506	0.5	0.3375	0.151898734	0.319148936	0.532608696	0.340909091	0.493975904	0.548780488	0.25974026	0.125	0.12	0.336956522	0.527472527	0.233766234	0.626506024	0.451612903	0.447058824	0.556818182	0.551724138	0.623529412	0.511904762	0.333333333	0.406593407	0.434782609	0.313953488	0.478723404	0.340909091	0.482758621	0.557894737	0.329787234	0.164705882	0.298850575	0.102564103	0.425742574	0.378947368	0.426966292	0.46835443	0.348314607	0.511904762	0.414634146	0.518072289	0.434210526	0.511904762	0.55	0.314606742	0.541176471	0.509615385	0.5	0.348314607	0.444444444	0.467391304	0.426666667	0.204545455	0.556818182	0.452054795	0.517647059	0.298969072	0.204545455	0.341772152	0.135802469	0.24137931	0.24137931	0.494252874	0.543209877	0.578947368	0.505617978	0.342105263	0.164705882	0.328571429	0.535714286	0.347826087	0.25	0.329411765	0.581395349	0.363636364	0.181818182	0.45	0.518518519	0.243589744	0.413043478	0.269230769	0.268817204	0.417721519	0.255813953	0.215189873	0.381578947	0.459770115	0.556818182	1	0.37037037	0.298850575	0.4375	0.422535211	0.666666667	0.397959184	0.220930233	0.351648352	0.574712644	0.51	0.260416667	0.382716049	0.308641975	0.185714286	0.229885057	0.592592593	0.506024096	0.528735632	0.223529412	0.301204819	0.225	0.131578947	0.525	0.243589744	0.218390805
0.271604938	0.275	0.283333333	0.25	0.347826087	0.303370787	0.268292683	0.145833333	0.324675325	0.180722892	0.17721519	0.188405797	0.305555556	0.276595745	0.263888889	0.323529412	0.329113924	0.306666667	0.108108108	0.178571429	0.192771084	0.288888889	0.192307692	0.285714286	0.342105263	0.090909091	0.098039216	0.017241379	0.180722892	0.295454545	0.060606061	0.375	0.325301205	0.240506329	0.317647059	0.294117647	0.284090909	0.291139241	0.0875	0.303797468	0.304878049	0.205479452	0.266666667	0.207792208	0.386666667	0.308510638	0.19047619	0.104477612	0.189189189	0.051724138	0.307692308	0.191011236	0.259259259	0.263888889	0.202531646	0.291139241	0.358208955	0.2625	0.3125	0.275	0.394366197	0.226666667	0.261904762	0.346938776	0.278481013	0.202531646	0.508196721	0.279069767	0.171428571	0.094594595	0.34939759	0.396551724	0.368421053	0.147727273	0.125	0.285714286	0.098360656	0.136986301	0.136986301	0.346153846	0.333333333	0.357142857	0.26744186	0.241935484	0.104477612	0.192982456	0.316455696	0.269230769	0.119402985	0.086419753	0.305882353	0.338028169	0.178571429	0.181818182	0.342465753	0.058823529	0.206896552	0.057142857	0.1625	0.318181818	0.121621622	0.044117647	0.403508772	0.275	0.287356322	0.37037037	1	0.189189189	0.304347826	0.245901639	0.363636364	0.272727273	0.126760563	0.209876543	0.287356322	0.298969072	0.156626506	0.208333333	0.173913043	0.01754386	0.123287671	0.268292683	0.315789474	0.301204819	0.097222222	0.121621622	0.140625	0.173076923	0.197530864	0.058823529	0.125
0.280487805	0.575757576	0.338983051	0.171428571	0.158536585	0.475	0.308641975	0.017857143	0.238095238	0.538461538	0.357142857	0.333333333	0.230769231	0.326086957	0.207792208	0.226666667	0.371794872	0.298701299	0.473684211	0.259259259	0.53030303	0.372093023	0.9	0.328947368	0.316455696	0.450980392	0.137254902	0.22	0.538461538	0.432098765	0.358490566	0.272727273	0.435897436	0.176470588	0.266666667	0.302325581	0.352941176	0.316455696	0.435483871	0.567164179	0.602941176	0.40625	0.487179487	0.507936508	0.341772152	0.453488372	0.52238806	0.652173913	1	0.340425532	0.273684211	0.136842105	0.529411765	0.207792208	0.46969697	0.316455696	0.453125	0.226190476	0.28358209	0.424657534	0.24691358	0.593220339	0.213483146	0.326732673	0.410958904	0.46969697	0.27027027	0.258426966	0.166666667	0.566037736	0.407407407	0.296875	0.325	0.68852459	0.765957447	0.338709677	0.4375	0.770833333	0.770833333	0.215909091	0.243902439	0.366197183	0.441558442	0.128571429	0.652173913	0.060606061	0.358974359	0.485294118	0.604166667	0.40625	0.345238095	0.405797101	0.0625	0.309859155	0.315789474	0.37037037	0.150537634	0.357142857	0.826923077	0.098765432	0.634615385	0.403846154	0.242424242	0.575757576	0.341176471	0.298850575	0.189189189	1	0.314285714	0.238095238	0.355555556	0.295454545	0.576923077	0.612903226	0.341176471	0.292929293	0.555555556	0.348484848	0.257575758	0.111111111	0.714285714	0.247058824	0.228915663	0.341463415	0.588235294	0.545454545	0.666666667	0.340425532	0.375	0.37037037	0.729166667
0.3375	0.394736842	0.306451613	0.3125	0.426470588	0.481481481	0.384615385	0.072727273	0.432432432	0.36	0.366197183	0.211267606	0.484848485	0.409090909	0.319444444	0.424242424	0.535211268	0.397260274	0.246376812	0.186440678	0.337662338	0.428571429	0.293333333	0.514705882	0.536231884	0.117647059	0.052631579	0.086206897	0.36	0.456790123	0.174603175	0.480519481	0.407407407	0.342105263	0.414634146	0.480519481	0.426829268	0.413333333	0.263888889	0.38961039	0.3875	0.277777778	0.43902439	0.276315789	0.565217391	0.426966292	0.333333333	0.258064516	0.314285714	0.25	0.351648352	0.294117647	0.358974359	0.319444444	0.356164384	0.394736842	0.376811594	0.381578947	0.491525424	0.432432432	0.373333333	0.476923077	0.428571429	0.36	0.418918919	0.356164384	0.352112676	0.425	0.409836066	0.268656716	0.487179487	0.328125	0.542857143	0.3125	0.268656716	0.393442623	0.203389831	0.279411765	0.279411765	0.535211268	0.575757576	0.546875	0.430379747	0.396551724	0.258064516	0.309090909	0.421052632	0.355263158	0.338983051	0.243243243	0.419753086	0.375	0.166666667	0.319444444	0.436619718	0.1875	0.313253012	0.2	0.276315789	0.421875	0.359375	0.171875	0.333333333	0.394736842	0.506493506	0.4375	0.304347826	0.314285714	1	0.538461538	0.512195122	0.274725275	0.2	0.378378378	0.397590361	0.382978723	0.351351351	0.3	0.197183099	0.169811321	0.303030303	0.565217391	0.485714286	0.513513514	0.220588235	0.225352113	0.327586207	0.181818182	0.422535211	0.1875	0.287878788
0.388059701	0.373134328	0.288461538	0.25	0.296875	0.413333333	0.323943662	0.097560976	0.46031746	0.205479452	0.406779661	0.220338983	0.423728814	0.392405063	0.265625	0.355932203	0.439393939	0.375	0.263157895	0.142857143	0.202702703	0.308641975	0.220588235	0.508474576	0.483870968	0.127272727	0.045454545	0.065217391	0.205479452	0.368421053	0.2	0.428571429	0.351351351	0.23943662	0.397260274	0.428571429	0.391891892	0.352941176	0.241935484	0.291666667	0.276315789	0.21875	0.405405405	0.220588235	0.46875	0.361445783	0.2	0.142857143	0.238095238	0.159090909	0.329268293	0.28	0.314285714	0.265625	0.287878788	0.352941176	0.421052632	0.338235294	0.510204082	0.373134328	0.369230769	0.413793103	0.352112676	0.270833333	0.358208955	0.287878788	0.366666667	0.351351351	0.411764706	0.14516129	0.397260274	0.339622642	0.46875	0.246575342	0.163934426	0.267857143	0.075471698	0.216666667	0.216666667	0.397058824	0.525423729	0.49122807	0.356164384	0.395833333	0.142857143	0.380952381	0.382352941	0.253521127	0.25	0.238095238	0.328947368	0.197183099	0.142857143	0.372881356	0.313432836	0.192307692	0.319444444	0.185185185	0.202898551	0.283333333	0.25862069	0.12962963	0.37254902	0.373134328	0.416666667	0.422535211	0.245901639	0.238095238	0.538461538	1	0.41025641	0.228915663	0.129032258	0.333333333	0.397260274	0.318181818	0.246376812	0.305084746	0.224137931	0.263157895	0.2	0.424242424	0.428571429	0.484848485	0.169491525	0.25862069	0.211538462	0.108695652	0.45	0.192307692	0.183333333
0.670731707	0.545454545	0.275862069	0.373493976	0.548780488	0.685393258	0.604651163	0.072289157	0.7	0.389473684	0.548780488	0.380952381	0.620253165	0.655913978	0.524390244	0.393258427	0.597701149	0.534883721	0.364705882	0.149425287	0.385416667	0.630434783	0.380434783	0.564705882	0.619047619	0.277108434	0.153846154	0.1625	0.389473684	0.681818182	0.283950617	0.694117647	0.565217391	0.483146067	0.520833333	0.734939759	0.709302326	0.581395349	0.406976744	0.522222222	0.532608696	0.435294118	0.626373626	0.459770115	0.568181818	0.652631579	0.395833333	0.255813953	0.355555556	0.158536585	0.545454545	0.386138614	0.494505495	0.524390244	0.449438202	0.6	0.543209877	0.551724138	0.493670886	0.6	0.62195122	0.448275862	0.666666667	0.551401869	0.588235294	0.449438202	0.5	0.469387755	0.397590361	0.277777778	0.640449438	0.352941176	0.703703704	0.363636364	0.277777778	0.337209302	0.174418605	0.314606742	0.314606742	0.579545455	0.675	0.5	0.606741573	0.353658537	0.255813953	0.307692308	0.642857143	0.445652174	0.3625	0.386363636	0.686046512	0.387096774	0.204819277	0.488095238	0.552941176	0.277108434	0.432989691	0.317073171	0.336842105	0.44047619	0.392857143	0.280487805	0.407407407	0.545454545	0.717647059	0.666666667	0.363636364	0.355555556	0.512195122	0.41025641	1	0.431372549	0.280898876	0.450549451	0.697674419	0.584158416	0.340206186	0.475609756	0.352941176	0.164556962	0.318181818	0.725	0.675	0.613636364	0.284090909	0.314606742	0.320987654	0.158536585	0.578313253	0.277108434	0.306818182
0.329896907	0.438202247	0.256097561	0.292682927	0.337078652	0.448979592	0.397849462	0.08	0.333333333	0.458823529	0.352272727	0.285714286	0.318681319	0.505154639	0.409638554	0.432098765	0.350515464	0.377777778	0.333333333	0.194805195	0.453488372	0.405940594	0.293478261	0.420454545	0.406593407	0.342465753	0.108108108	0.231884058	0.458823529	0.428571429	0.263157895	0.387755102	0.387755102	0.425287356	0.5	0.416666667	0.39	0.422222222	0.313953488	0.387096774	0.4	0.357142857	0.4	0.38372093	0.3	0.405660377	0.448275862	0.204819277	0.295454545	0.115384615	0.593406593	0.534883721	0.454545455	0.409638554	0.44047619	0.422222222	0.426829268	0.365591398	0.279069767	0.438202247	0.329787234	0.296703297	0.360824742	0.58	0.426966292	0.44047619	0.325842697	0.563218391	0.333333333	0.175824176	0.422680412	0.3375	0.382978723	0.309278351	0.258823529	0.426666667	0.192307692	0.26744186	0.26744186	0.378947368	0.326315789	0.32967033	0.451612903	0.256097561	0.19047619	0.160493827	0.397849462	0.420454545	0.24691358	0.325581395	0.383838384	0.375	0.164556962	0.3	0.393258427	0.272727273	0.505747126	0.282051282	0.293478261	0.329411765	0.282352941	0.25974026	0.292682927	0.438202247	0.366336634	0.397959184	0.272727273	0.295454545	0.274725275	0.228915663	0.431372549	1	0.23255814	0.333333333	0.326923077	0.535353535	0.29787234	0.313953488	0.35443038	0.076923077	0.270588235	0.3	0.3125	0.456521739	0.25	0.282352941	0.222222222	0.115384615	0.351648352	0.272727273	0.273809524
0.293333333	0.432835821	0.290909091	0.174603175	0.191780822	0.428571429	0.256410256	0	0.215189873	0.46031746	0.359375	0.381818182	0.222222222	0.295454545	0.231884058	0.183098592	0.32	0.260273973	0.381818182	0.25	0.453125	0.392405063	0.553571429	0.256756757	0.230769231	0.5	0.111111111	0.261904762	0.46031746	0.384615385	0.306122449	0.209302326	0.368421053	0.210526316	0.204545455	0.3	0.35443038	0.263157895	0.472727273	0.564516129	0.53030303	0.438596491	0.459459459	0.318181818	0.306666667	0.409638554	0.46875	0.581395349	0.576923077	0.279069767	0.22826087	0.136363636	0.391304348	0.231884058	0.435483871	0.263157895	0.287878788	0.233766234	0.258064516	0.333333333	0.207792208	0.433333333	0.25	0.272727273	0.338028169	0.435483871	0.211267606	0.195402299	0.169230769	0.666666667	0.394736842	0.229508197	0.240506329	0.583333333	0.595744681	0.271186441	0.487804878	0.54	0.54	0.192771084	0.189873418	0.253521127	0.373333333	0.14516129	0.545454545	0.087719298	0.289473684	0.476190476	0.38	0.413793103	0.329113924	0.328358209	0.052631579	0.370967742	0.260273973	0.32	0.151162791	0.387755102	0.611111111	0.14084507	0.509803922	0.477272727	0.193548387	0.432835821	0.292682927	0.220930233	0.126760563	0.576923077	0.2	0.129032258	0.280898876	0.23255814	1	0.586206897	0.376623377	0.290322581	0.551724138	0.396551724	0.25	0.106382979	0.551020408	0.225	0.236842105	0.291139241	0.553191489	0.375	0.456521739	0.341463415	0.3	0.32	0.530612245
0.402439024	0.652173913	0.348484848	0.194805195	0.265060241	0.56097561	0.380952381	0.046875	0.357142857	0.549295775	0.418918919	0.362318841	0.292682927	0.419354839	0.2875	0.307692308	0.376470588	0.358024691	0.492063492	0.238095238	0.541666667	0.454545455	0.567164179	0.423076923	0.425	0.4	0.114754098	0.183333333	0.549295775	0.482352941	0.344262295	0.340659341	0.544303797	0.235955056	0.319148936	0.402298851	0.470588235	0.407407407	0.5	0.666666667	0.630136986	0.408450704	0.575	0.381578947	0.414634146	0.516853933	0.555555556	0.433333333	0.612903226	0.237288136	0.323232323	0.191919192	0.605633803	0.2875	0.573529412	0.407407407	0.450704225	0.284090909	0.371428571	0.461538462	0.321428571	0.650793651	0.356321839	0.358490566	0.448717949	0.573529412	0.333333333	0.29787234	0.27027027	0.576271186	0.512195122	0.273972603	0.364705882	0.686567164	0.524590164	0.367647059	0.338983051	0.557377049	0.557377049	0.285714286	0.34939759	0.38961039	0.49382716	0.186666667	0.457627119	0.126760563	0.414634146	0.563380282	0.426229508	0.492537313	0.382022472	0.38961039	0.114285714	0.450704225	0.392405063	0.37704918	0.231578947	0.433333333	0.590909091	0.222222222	0.557377049	0.360655738	0.352941176	0.652173913	0.425287356	0.351648352	0.209876543	0.612903226	0.378378378	0.333333333	0.450549451	0.333333333	0.586206897	1	0.458823529	0.352941176	0.521126761	0.434782609	0.347826087	0.129032258	0.566666667	0.333333333	0.365853659	0.463414634	0.467741935	0.532258065	0.465517241	0.280701754	0.493150685	0.37704918	0.524590164
0.842857143	0.56097561	0.2875	0.325	0.451219512	0.670588235	0.547619048	0.065789474	0.641025641	0.377777778	0.676056338	0.421052632	0.518987342	0.67816092	0.4625	0.318181818	0.523255814	0.512195122	0.421052632	0.164556962	0.373626374	0.651162791	0.367816092	0.488095238	0.542168675	0.306666667	0.138888889	0.164383562	0.377777778	0.666666667	0.297297297	0.619047619	0.511111111	0.409090909	0.452631579	0.638554217	0.782051282	0.542168675	0.486842105	0.517647059	0.528735632	0.5	0.666666667	0.38372093	0.511627907	0.674157303	0.384615385	0.25	0.341176471	0.16	0.510416667	0.294117647	0.523809524	0.4625	0.475609756	0.523809524	0.539473684	0.530120482	0.447368421	0.6	0.543209877	0.421686747	0.609756098	0.490566038	0.607594937	0.475609756	0.456790123	0.373737374	0.301204819	0.3375	0.568181818	0.258823529	0.604938272	0.380434783	0.289156627	0.289156627	0.1625	0.297619048	0.297619048	0.455555556	0.555555556	0.390804598	0.607142857	0.320512821	0.25	0.287671233	0.547619048	0.388888889	0.328947368	0.461538462	0.756410256	0.359550562	0.164556962	0.647887324	0.476190476	0.306666667	0.350515464	0.351351351	0.352272727	0.345238095	0.379746835	0.366197183	0.394736842	0.56097561	0.642857143	0.574712644	0.287356322	0.341176471	0.397590361	0.397260274	0.697674419	0.326923077	0.376623377	0.458823529	1	0.535353535	0.355555556	0.569444444	0.35443038	0.183098592	0.285714286	0.666666667	0.575	0.595238095	0.329113924	0.3625	0.285714286	0.16	0.576923077	0.306666667	0.273809524
0.489583333	0.365384615	0.231578947	0.333333333	0.461538462	0.544554455	0.411764706	0.091954023	0.463917526	0.352941176	0.414893617	0.311827957	0.522727273	0.632653061	0.423913043	0.382978723	0.593406593	0.4375	0.22	0.152173913	0.349514563	0.457943925	0.33	0.39	0.448979592	0.217391304	0.066666667	0.125	0.352941176	0.509803922	0.208791209	0.546391753	0.485148515	0.516483516	0.617021277	0.5625	0.545454545	0.365384615	0.295918367	0.459183673	0.455445545	0.376344086	0.555555556	0.4	0.531914894	0.646464646	0.359223301	0.295454545	0.292929293	0.174418605	0.62244898	0.569892473	0.339622642	0.423913043	0.336633663	0.365384615	0.364583333	0.532608696	0.458823529	0.448979592	0.527472527	0.375	0.536842105	0.755102041	0.43877551	0.336633663	0.389473684	0.546391753	0.435294118	0.273684211	0.535353535	0.287234043	0.548387097	0.317757009	0.301075269	0.24742268	0.202247191	0.268041237	0.268041237	0.526315789	0.52173913	0.421052632	0.49	0.314606742	0.280898876	0.255813953	0.398058252	0.376237624	0.23655914	0.292929293	0.556701031	0.310679612	0.164835165	0.408602151	0.339805825	0.204301075	0.629213483	0.225806452	0.291262136	0.380434783	0.28125	0.247191011	0.304347826	0.365384615	0.52	0.51	0.298969072	0.292929293	0.382978723	0.318181818	0.584158416	0.535353535	0.290322581	0.352941176	0.535353535	1	0.36	0.426966292	0.234693878	0.152941176	0.284210526	0.6	0.505376344	0.510204082	0.293478261	0.205882353	0.22826087	0.10989011	0.412371134	0.204301075	0.273684211
0.269662921	0.473684211	0.318181818	0.232876712	0.226190476	0.5	0.310344828	0.031746032	0.272727273	0.5	0.320512821	0.277777778	0.238095238	0.340206186	0.24691358	0.282051282	0.385542169	0.333333333	0.352941176	0.266666667	0.493150685	0.415730337	0.537313433	0.3625	0.317647059	0.322580645	0.064516129	0.232142857	0.5	0.441860465	0.290322581	0.333333333	0.428571429	0.301204819	0.29787234	0.333333333	0.366666667	0.317647059	0.405797101	0.569444444	0.539473684	0.342465753	0.512195122	0.391891892	0.373493976	0.477777778	0.486486486	0.473684211	0.555555556	0.267857143	0.329896907	0.274725275	0.417721519	0.24691358	0.478873239	0.317647059	0.328947368	0.290697674	0.323943662	0.435897436	0.26744186	0.569230769	0.274725275	0.365384615	0.423076923	0.478873239	0.259259259	0.263157895	0.260273973	0.625	0.435294118	0.263888889	0.325581395	0.585714286	0.568965517	0.31884058	0.425925926	0.576271186	0.576271186	0.369047619	0.279069767	0.329113924	0.4875	0.225352113	0.448275862	0.147058824	0.357142857	0.434210526	0.465517241	0.420289855	0.315217391	0.418918919	0.085714286	0.346666667	0.333333333	0.28125	0.23655914	0.292307692	0.560606061	0.2125	0.576271186	0.306451613	0.232876712	0.473684211	0.386363636	0.260416667	0.156626506	0.555555556	0.351351351	0.246376812	0.340206186	0.29787234	0.551724138	0.521126761	0.355555556	0.36	1	0.328767123	0.246575342	0.096774194	0.614035088	0.266666667	0.264367816	0.43902439	0.483333333	0.409090909	0.482142857	0.290909091	0.371794872	0.28125	0.596491228
0.625	0.560606061	0.278688525	0.246153846	0.362318841	0.602739726	0.329113924	0.018181818	0.450704225	0.414285714	0.593220339	0.509090909	0.439393939	0.44047619	0.373134328	0.281690141	0.452054795	0.434782609	0.406779661	0.155172414	0.408450704	0.392857143	0.342857143	0.333333333	0.391891892	0.403846154	0.096153846	0.304347826	0.414285714	0.575342466	0.392156863	0.3875	0.441558442	0.32	0.298850575	0.520547945	0.52	0.337662338	0.466666667	0.552238806	0.542857143	0.711538462	0.61971831	0.382352941	0.458333333	0.493975904	0.422535211	0.339285714	0.348484848	0.265306122	0.445783133	0.215909091	0.492753623	0.373134328	0.523809524	0.337662338	0.483870968	0.457142857	0.465517241	0.492753623	0.492537313	0.430769231	0.465753425	0.343434343	0.5	0.523809524	0.367647059	0.305882353	0.276923077	0.322580645	0.527027027	0.223880597	0.52173913	0.342105263	0.389830508	0.261538462	0.236363636	0.333333333	0.333333333	0.341772152	0.442857143	0.391304348	0.527777778	0.278688525	0.315789474	0.210526316	0.381578947	0.388888889	0.381818182	0.435483871	0.6	0.333333333	0.175438596	0.735849057	0.269230769	0.403846154	0.292682927	0.470588235	0.362318841	0.23943662	0.423728814	0.531914894	0.35	0.560606061	0.467532468	0.382716049	0.208333333	0.348484848	0.3	0.305084746	0.475609756	0.313953488	0.396551724	0.434782609	0.569444444	0.426966292	0.328767123	1	0.344262295	0.18	0.338709677	0.478873239	0.485294118	0.453333333	0.379310345	0.3125	0.345454545	0.192307692	0.507692308	0.403846154	0.344262295
0.361111111	0.447761194	0.411764706	0.315789474	0.257142857	0.353658537	0.356164384	0.136363636	0.366197183	0.367647059	0.333333333	0.283333333	0.219178082	0.337209302	0.433333333	0.328125	0.282051282	0.453125	0.4	0.29787234	0.362318841	0.337349398	0.294117647	0.382352941	0.310810811	0.456521739	0.159090909	0.285714286	0.367647059	0.313253012	0.413043478	0.296296296	0.3125	0.273972603	0.273809524	0.296296296	0.333333333	0.328767123	0.344262295	0.324324324	0.291139241	0.338709677	0.345679012	0.294117647	0.178571429	0.325842697	0.357142857	0.169491525	0.257575758	0.056603774	0.310344828	0.21686747	0.492307692	0.433333333	0.475409836	0.328767123	0.433333333	0.352112676	0.274193548	0.347222222	0.342857143	0.242857143	0.328947368	0.245098039	0.333333333	0.475409836	0.208333333	0.235294118	0.222222222	0.169230769	0.320987654	0.266666667	0.269230769	0.230769231	0.266666667	0.407407407	0.169811321	0.238095238	0.238095238	0.234567901	0.217948718	0.267605634	0.316455696	0.142857143	0.169491525	0.145454545	0.337837838	0.323943662	0.296296296	0.338709677	0.341772152	0.25	0.109090909	0.365079365	0.291666667	0.395833333	0.176470588	0.408163265	0.353846154	0.188405797	0.322033898	0.346938776	0.363636364	0.447761194	0.273809524	0.308641975	0.173913043	0.257575758	0.197183099	0.224137931	0.352941176	0.35443038	0.25	0.347826087	0.35443038	0.234693878	0.246575342	0.344262295	1	0.23255814	0.262295082	0.285714286	0.266666667	0.320512821	0.233333333	0.278688525	0.236363636	0.142857143	0.46031746	0.395833333	0.266666667
0.171875	0.138461538	0.065217391	0.155555556	0.181818182	0.142857143	0.134328358	0.038461538	0.174603175	0.129032258	0.160714286	0.102040816	0.118644068	0.164556962	0.166666667	0.107142857	0.184615385	0.186440678	0.2	0.055555556	0.126984127	0.113924051	0.140350877	0.163934426	0.121212121	0.157894737	0.076923077	0.148148148	0.129032258	0.146666667	0.272727273	0.154929577	0.108108108	0.186440678	0.183098592	0.154929577	0.180555556	0.104477612	0.229166667	0.071428571	0.067567568	0.111111111	0.146666667	0.181818182	0.151515152	0.158536585	0.125	0.15	0.111111111	0.178571429	0.109756098	0.164179104	0.15625	0.166666667	0.155172414	0.104477612	0.145454545	0.196721311	0.217391304	0.174603175	0.183333333	0.142857143	0.2	0.094736842	0.177419355	0.155172414	0.066666667	0.108108108	0.255813953	0.127659574	0.135135135	0.06	0.151515152	0.123076923	0.104166667	0.06	0.054054054	0.12244898	0.12244898	0.149253731	0.180327869	0.196428571	0.157142857	0.166666667	0.15	0.25	0.101449275	0.059701493	0.205128205	0.224489796	0.152777778	0.030769231	0	0.235294118	0.076923077	0.257142857	0.166666667	0.243243243	0.120689655	0.113207547	0.170212766	0.228571429	0.083333333	0.138461538	0.150684932	0.185714286	0.01754386	0.111111111	0.169811321	0.263157895	0.164556962	0.076923077	0.106382979	0.129032258	0.183098592	0.152941176	0.096774194	0.18	0.23255814	1	0.125	0.206349206	0.161290323	0.142857143	0.186046512	0.145833333	0.153846154	0	0.232142857	0.257142857	0.104166667
0.2375	0.441176471	0.327272727	0.134328358	0.155844156	0.435897436	0.204819277	0.02	0.225	0.492063492	0.289855072	0.344827586	0.2	0.260869565	0.208333333	0.211267606	0.328947368	0.27027027	0.368421053	0.24	0.484375	0.302325581	0.679245283	0.301369863	0.272727273	0.36	0.083333333	0.30952381	0.492063492	0.358024691	0.32	0.23255814	0.358974359	0.205128205	0.24137931	0.325	0.313253012	0.209876543	0.406779661	0.523076923	0.492753623	0.4	0.447368421	0.508474576	0.333333333	0.4	0.476923077	0.707317073	0.714285714	0.461538462	0.263736264	0.159090909	0.4	0.208333333	0.467741935	0.209876543	0.338461538	0.2125	0.25	0.342465753	0.217948718	0.6	0.228915663	0.28	0.328767123	0.467741935	0.222222222	0.191011236	0.181818182	0.638297872	0.384615385	0.262295082	0.282051282	0.590163934	0.790697674	0.305084746	0.615384615	0.880952381	0.880952381	0.231707317	0.246753247	0.31884058	0.4	0.140625	0.707317073	0.066666667	0.25	0.439393939	0.69047619	0.35483871	0.273809524	0.31884058	0.068965517	0.279411765	0.205128205	0.307692308	0.16091954	0.320754717	0.711538462	0.121621622	0.717391304	0.395833333	0.245901639	0.441176471	0.301204819	0.229885057	0.123287671	0.714285714	0.303030303	0.2	0.318181818	0.270588235	0.551020408	0.566666667	0.285714286	0.284210526	0.614035088	0.338709677	0.262295082	0.125	1	0.234567901	0.246753247	0.316455696	0.5625	0.410714286	0.769230769	0.390243902	0.328571429	0.307692308	0.925
0.657534247	0.411764706	0.233766234	0.462686567	0.563380282	0.576470588	0.564102564	0.073529412	0.666666667	0.288888889	0.520547945	0.333333333	0.723076923	0.568181818	0.493150685	0.35	0.662162162	0.506493506	0.282051282	0.12	0.27173913	0.558139535	0.290697674	0.5	0.558441558	0.2	0.072463768	0.149253731	0.288888889	0.552941176	0.275362319	0.641025641	0.454545455	0.526315789	0.477272727	0.706666667	0.679487179	0.5	0.329113924	0.406976744	0.420454545	0.394736842	0.552941176	0.337349398	0.584415584	0.620689655	0.282608696	0.243243243	0.247058824	0.179104478	0.47311828	0.377777778	0.363636364	0.493150685	0.345238095	0.481481481	0.415584416	0.652777778	0.59375	0.5	0.625	0.358024691	0.698630137	0.470588235	0.4875	0.345238095	0.375	0.454545455	0.428571429	0.2375	0.529411765	0.269230769	0.718309859	0.252631579	0.222222222	0.269230769	0.148648649	0.231707317	0.231707317	0.597402597	0.710144928	0.448717949	0.511904762	0.338028169	0.243243243	0.323076923	0.525	0.329545455	0.291666667	0.308641975	0.675324675	0.298850575	0.235294118	0.472972973	0.432098765	0.267605634	0.413793103	0.277777778	0.21978022	0.478873239	0.311688312	0.253521127	0.38028169	0.411764706	0.625	0.592592593	0.268292683	0.247058824	0.565217391	0.424242424	0.725	0.3	0.225	0.333333333	0.666666667	0.6	0.266666667	0.478873239	0.285714286	0.206349206	0.234567901	1	0.685714286	0.575	0.243589744	0.202380952	0.246575342	0.112676056	0.513157895	0.267605634	0.222222222
0.581081081	0.380952381	0.246575342	0.323943662	0.573529412	0.56626506	0.475	0.061538462	0.657142857	0.302325581	0.486111111	0.352112676	0.565217391	0.472527473	0.4	0.333333333	0.506329114	0.435897436	0.28	0.142857143	0.284090909	0.460674157	0.215909091	0.506666667	0.526315789	0.211267606	0.076923077	0.140625	0.302325581	0.580246914	0.272727273	0.55	0.476190476	0.4	0.4	0.675675676	0.5875	0.487179487	0.311688312	0.392857143	0.390804598	0.378378378	0.542168675	0.273809524	0.552631579	0.505494505	0.280898876	0.23943662	0.228915663	0.136363636	0.430107527	0.318681319	0.318181818	0.4	0.313253012	0.46835443	0.438356164	0.493506494	0.606557377	0.487179487	0.614285714	0.358974359	0.666666667	0.403846154	0.493506494	0.313253012	0.432432432	0.393258427	0.432835821	0.266666667	0.555555556	0.319444444	0.685714286	0.263736264	0.217948718	0.25	0.14084507	0.227848101	0.227848101	0.4875	0.628571429	0.453333333	0.464285714	0.4	0.257142857	0.413793103	0.512820513	0.329411765	0.253521127	0.307692308	0.623376623	0.252873563	0.176470588	0.478873239	0.493333333	0.264705882	0.416666667	0.275362319	0.229885057	0.442857143	0.293333333	0.231884058	0.402985075	0.380952381	0.615384615	0.506024096	0.315789474	0.228915663	0.485714286	0.428571429	0.675	0.3125	0.236842105	0.365853659	0.575	0.505376344	0.264367816	0.485294118	0.266666667	0.161290323	0.246753247	0.685714286	1	0.544303797	0.24	0.243589744	0.242857143	0.119402985	0.423076923	0.264705882	0.217948718
0.543209877	0.512195122	0.337837838	0.342105263	0.493506494	0.662650602	0.5	0.054794521	0.476190476	0.411764706	0.554054054	0.368421053	0.506493506	0.543478261	0.430379747	0.513513514	0.530120482	0.518987342	0.386666667	0.205479452	0.390804598	0.604651163	0.32183908	0.728571429	0.771428571	0.305555556	0.054054054	0.157142857	0.411764706	0.6	0.277777778	0.65	0.552941176	0.463414634	0.472527473	0.62962963	0.646341463	0.569620253	0.397435897	0.5625	0.517647059	0.375	0.6	0.337209302	0.575	0.593406593	0.402298851	0.230769231	0.341463415	0.136986301	0.453608247	0.347368421	0.476190476	0.430379747	0.481012658	0.55	0.527027027	0.556962025	0.536231884	0.58974359	0.49382716	0.443037975	0.56097561	0.452830189	0.576923077	0.481012658	0.407407407	0.466666667	0.405405405	0.256097561	0.634146341	0.373333333	0.615384615	0.366666667	0.303797468	0.471428571	0.171052632	0.296296296	0.296296296	0.567901235	0.584415584	0.444444444	0.6375	0.32	0.230769231	0.267605634	0.536585366	0.457831325	0.310810811	0.447368421	0.583333333	0.426829268	0.205479452	0.506666667	0.5	0.287671233	0.411111111	0.315068493	0.337209302	0.434210526	0.4	0.256756757	0.436619718	0.512195122	0.634146341	0.528735632	0.301204819	0.341463415	0.513513514	0.484848485	0.613636364	0.456521739	0.291139241	0.463414634	0.595238095	0.510204082	0.43902439	0.453333333	0.320512821	0.142857143	0.316455696	0.575	0.544303797	1	0.278481013	0.3125	0.301369863	0.202898551	0.4875	0.287671233	0.303797468
0.315068493	0.439393939	0.206896552	0.237288136	0.228571429	0.379746835	0.25974026	0	0.202531646	0.516666667	0.409836066	0.363636364	0.225352113	0.298850575	0.292307692	0.220588235	0.289473684	0.31884058	0.442307692	0.255319149	0.508196721	0.313253012	0.535714286	0.260273973	0.25	0.477272727	0.088888889	0.333333333	0.516666667	0.371794872	0.465116279	0.197674419	0.320512821	0.246575342	0.265060241	0.320512821	0.376623377	0.25	0.454545455	0.454545455	0.449275362	0.396551724	0.407894737	0.365079365	0.276315789	0.414634146	0.5	0.634146341	0.588235294	0.35	0.244444444	0.192771084	0.397058824	0.292307692	0.466666667	0.25	0.3125	0.287671233	0.305084746	0.376811594	0.260273973	0.465517241	0.269230769	0.302083333	0.382352941	0.466666667	0.197183099	0.211764706	0.229508197	0.608695652	0.3125	0.193548387	0.293333333	0.516129032	0.608695652	0.254237288	0.463414634	0.551020408	0.551020408	0.225	0.223684211	0.257142857	0.397260274	0.147540984	0.634146341	0.089285714	0.243589744	0.352941176	0.47826087	0.421052632	0.333333333	0.275362319	0.053571429	0.37704918	0.213333333	0.477272727	0.195121951	0.488888889	0.535714286	0.142857143	0.551020408	0.488372093	0.140625	0.439393939	0.296296296	0.223529412	0.097222222	0.588235294	0.220588235	0.169491525	0.284090909	0.25	0.553191489	0.467741935	0.329113924	0.293478261	0.483333333	0.379310345	0.233333333	0.186046512	0.5625	0.243589744	0.24	0.278481013	1	0.407407407	0.5	0.2	0.343283582	0.477272727	0.608695652
0.315789474	0.546875	0.254237288	0.203125	0.168831169	0.4125	0.383561644	0.019607843	0.2375	0.439393939	0.363636364	0.234375	0.166666667	0.314606742	0.222222222	0.208333333	0.243902439	0.301369863	0.680851064	0.211538462	0.432835821	0.345238095	0.5	0.352112676	0.302631579	0.408163265	0.177777778	0.191489362	0.439393939	0.405063291	0.456521739	0.229885057	0.426666667	0.158536585	0.224719101	0.289156627	0.358024691	0.414285714	0.58490566	0.428571429	0.507246377	0.287878788	0.405063291	0.363636364	0.24691358	0.363636364	0.426470588	0.290909091	0.545454545	0.137254902	0.234042553	0.144444444	0.523076923	0.222222222	0.46031746	0.414285714	0.375	0.225	0.265625	0.47761194	0.246753247	0.412698413	0.211764706	0.228571429	0.462686567	0.46031746	0.289855072	0.229885057	0.196969697	0.444444444	0.313253012	0.181818182	0.2625	0.661016949	0.418181818	0.278688525	0.20754717	0.454545455	0.454545455	0.172413793	0.197530864	0.277777778	0.452054795	0.138461538	0.290909091	0.101694915	0.383561644	0.352112676	0.384615385	0.574074074	0.285714286	0.352941176	0.032786885	0.396825397	0.397058824	0.5	0.159090909	0.479166667	0.5	0.105263158	0.481481481	0.333333333	0.203125	0.546875	0.297619048	0.301204819	0.121621622	0.545454545	0.225352113	0.25862069	0.314606742	0.282352941	0.375	0.532258065	0.3625	0.205882353	0.409090909	0.3125	0.278688525	0.145833333	0.410714286	0.202380952	0.243589744	0.3125	0.407407407	1	0.37254902	0.16	0.402985075	0.5	0.392857143
0.25	0.435483871	0.306122449	0.13559322	0.176470588	0.391891892	0.197368421	0	0.236111111	0.370967742	0.31147541	0.277777778	0.208955224	0.258823529	0.2	0.184615385	0.277777778	0.268656716	0.352941176	0.204545455	0.365079365	0.2875	0.6	0.28358209	0.253521127	0.340909091	0.102564103	0.314285714	0.370967742	0.364864865	0.325581395	0.243589744	0.293333333	0.197183099	0.2375	0.276315789	0.282051282	0.202702703	0.37037037	0.428571429	0.402985075	0.388888889	0.364864865	0.538461538	0.281690141	0.30952381	0.359375	0.694444444	0.666666667	0.5	0.23255814	0.134146341	0.390625	0.2	0.438596491	0.202702703	0.344827586	0.189189189	0.267857143	0.328358209	0.228571429	0.549019608	0.24	0.226804124	0.333333333	0.438596491	0.253968254	0.182926829	0.169491525	0.545454545	0.375	0.259259259	0.3	0.466666667	0.658536585	0.259259259	0.5	0.707317073	0.707317073	0.210526316	0.242857143	0.322580645	0.352112676	0.122807018	0.694444444	0.078431373	0.246575342	0.323076923	0.823529412	0.339285714	0.289473684	0.28125	0.039215686	0.278688525	0.197183099	0.311111111	0.15	0.326086957	0.6	0.104477612	0.75	0.414634146	0.240740741	0.435483871	0.302631579	0.225	0.140625	0.666666667	0.327586207	0.211538462	0.320987654	0.222222222	0.456521739	0.465517241	0.285714286	0.22826087	0.482142857	0.345454545	0.236363636	0.153846154	0.769230769	0.246575342	0.242857143	0.301369863	0.5	0.37254902	1	0.454545455	0.333333333	0.311111111	0.743589744
0.130434783	0.262295082	0.3	0.057692308	0.0625	0.22972973	0.097222222	0	0.115942029	0.158730159	0.152542373	0.1875	0.169491525	0.104651163	0.081967213	0.160714286	0.176470588	0.123076923	0.212765957	0.205882353	0.15625	0.22972973	0.307692308	0.174603175	0.203125	0.205128205	0.107142857	0.172413793	0.158730159	0.219178082	0.125	0.180555556	0.164383562	0.073529412	0.12987013	0.148648649	0.157894737	0.115942029	0.169811321	0.278688525	0.261538462	0.235294118	0.236111111	0.259259259	0.234375	0.195121951	0.153846154	0.289473684	0.340425532	0.285714286	0.13253012	0.051948052	0.222222222	0.081967213	0.206896552	0.115942029	0.2	0.085714286	0.113207547	0.166666667	0.138461538	0.264150943	0.109589041	0.150537634	0.169230769	0.206896552	0.175438596	0.118421053	0.055555556	0.302325581	0.225352113	0.244444444	0.144927536	0.288135593	0.4	0.272727273	0.448275862	0.348837209	0.348837209	0.142857143	0.136363636	0.206896552	0.2	0.06122449	0.289473684	0	0.144927536	0.233333333	0.351351351	0.166666667	0.178082192	0.25	0.051282051	0.137931034	0.123076923	0.119047619	0.052631579	0.139534884	0.333333333	0.068965517	0.380952381	0.179487179	0.279069767	0.262295082	0.191780822	0.131578947	0.173076923	0.340425532	0.181818182	0.108695652	0.158536585	0.115384615	0.341463415	0.280701754	0.16	0.10989011	0.290909091	0.192307692	0.142857143	0	0.390243902	0.112676056	0.119402985	0.202898551	0.2	0.16	0.454545455	1	0.142857143	0.119047619	0.4
0.628571429	0.637681159	0.294117647	0.378787879	0.405405405	0.567901235	0.513157895	0.081967213	0.547945205	0.434210526	0.575757576	0.328571429	0.363636364	0.578313253	0.545454545	0.364864865	0.46835443	0.602941176	0.430769231	0.184615385	0.428571429	0.511904762	0.424657534	0.486486486	0.4125	0.360655738	0.196428571	0.228070175	0.434210526	0.524390244	0.327868852	0.457831325	0.5125	0.434210526	0.481927711	0.49382716	0.61038961	0.448717949	0.441176471	0.443037975	0.43902439	0.434782609	0.5625	0.405405405	0.385542169	0.522727273	0.441558442	0.268656716	0.375	0.180327869	0.460674157	0.376470588	0.614285714	0.545454545	0.558823529	0.448717949	0.457142857	0.513513514	0.417910448	0.506666667	0.506849315	0.471428571	0.519480519	0.388349515	0.493333333	0.558823529	0.373333333	0.359550562	0.367647059	0.333333333	0.5	0.277777778	0.455696203	0.4	0.314285714	0.352941176	0.164179104	0.342857143	0.342857143	0.46835443	0.423076923	0.413333333	0.518987342	0.313432836	0.268656716	0.234375	0.474358974	0.392405063	0.387096774	0.434782609	0.525	0.358974359	0.149253731	0.569230769	0.397435897	0.338709677	0.348837209	0.393442623	0.368421053	0.324324324	0.402985075	0.389830508	0.338235294	0.637681159	0.464285714	0.525	0.197530864	0.375	0.422535211	0.45	0.578313253	0.351648352	0.3	0.493150685	0.576923077	0.412371134	0.371794872	0.507692308	0.46031746	0.232142857	0.328571429	0.513157895	0.423076923	0.4875	0.343283582	0.402985075	0.333333333	0.142857143	1	0.338709677	0.314285714
0.308823529	0.442622951	0.26	0.32	0.253968254	0.342105263	0.363636364	0.025	0.23943662	0.4	0.362068966	0.192982456	0.212121212	0.277108434	0.327586207	0.245901639	0.213333333	0.37704918	0.743589744	0.209302326	0.393442623	0.307692308	0.338983051	0.349206349	0.275362319	0.567567568	0.076923077	0.363636364	0.4	0.351351351	0.931034483	0.2	0.246753247	0.2	0.225	0.297297297	0.32	0.396825397	0.622222222	0.308823529	0.309859155	0.298245614	0.351351351	0.295081967	0.184210526	0.313253012	0.387096774	0.25	0.37037037	0.119047619	0.235294118	0.164556962	0.466666667	0.327586207	0.5	0.396825397	0.4	0.338461538	0.346153846	0.419354839	0.268656716	0.258064516	0.277777778	0.191919192	0.403225806	0.5	0.147058824	0.230769231	0.259259259	0.31372549	0.289473684	0.175438596	0.304347826	0.380952381	0.367346939	0.288461538	0.177777778	0.326923077	0.326923077	0.166666667	0.211267606	0.246153846	0.376811594	0.086206897	0.25	0.125	0.363636364	0.25	0.386363636	0.608695652	0.310810811	0.246153846	0.04	0.4	0.333333333	1	0.181818182	0.875	0.316666667	0.140625	0.5	0.540540541	0.178571429	0.442622951	0.289473684	0.243589744	0.058823529	0.37037037	0.1875	0.192307692	0.277108434	0.272727273	0.32	0.37704918	0.306666667	0.204301075	0.28125	0.403846154	0.395833333	0.257142857	0.307692308	0.267605634	0.264705882	0.287671233	0.477272727	0.5	0.311111111	0.119047619	0.338709677	1	0.31372549
0.240506329	0.447761194	0.333333333	0.136363636	0.142857143	0.423076923	0.192771084	0.020408163	0.2125	0.524590164	0.294117647	0.350877193	0.202702703	0.25	0.211267606	0.214285714	0.315789474	0.273972603	0.375	0.244897959	0.516129032	0.290697674	0.692307692	0.287671233	0.276315789	0.367346939	0.085106383	0.317073171	0.524590164	0.345679012	0.326530612	0.220930233	0.363636364	0.192307692	0.229885057	0.296296296	0.301204819	0.197530864	0.389830508	0.53125	0.5	0.406779661	0.434210526	0.491525424	0.302631579	0.404761905	0.507936508	0.725	0.729166667	0.473684211	0.266666667	0.147727273	0.405797101	0.211267606	0.475409836	0.197530864	0.34375	0.215189873	0.234375	0.328767123	0.220779221	0.611111111	0.21686747	0.282828283	0.315068493	0.475409836	0.225352113	0.179775281	0.166666667	0.583333333	0.371794872	0.266666667	0.269230769	0.548387097	0.853658537	0.310344828	0.631578947	0.813953488	0.813953488	0.219512195	0.233766234	0.304347826	0.386666667	0.125	0.682926829	0.05	0.2375	0.446153846	0.666666667	0.338709677	0.277108434	0.323529412	0.070175439	0.264705882	0.192307692	0.31372549	0.149425287	0.326923077	0.725490196	0.108108108	0.695652174	0.404255319	0.25	0.447761194	0.289156627	0.218390805	0.125	0.729166667	0.287878788	0.183333333	0.306818182	0.273809524	0.530612245	0.524590164	0.273809524	0.273684211	0.596491228	0.344262295	0.266666667	0.104166667	0.925	0.222222222	0.217948718	0.303797468	0.608695652	0.392857143	0.743589744	0.4	0.314285714	0.31372549	1
