1.000000 0.361359 0.379123 0.399200 0.430987 0.397008 0.608718 0.391340 0.641188 0.437080 0.794284 0.417652 0.725523 0.705199 0.659409 0.432392 0.697146 0.703132 0.442811 0.458004 0.456415 0.482568 0.335689 0.501806 0.442850 0.404365 0.379137 0.361523 0.459074 0.476356 0.644728 0.693789 0.335772 0.413507 0.636002 0.704611 0.809587 0.367171 0.470920 0.389703 0.443828 0.322159 0.433749 0.391768 0.446342 0.370487 0.470648 0.337855 0.372408 0.477742 0.659328 0.664945 0.425182 0.707360 0.404219 0.401936 0.385222 0.699917 0.676419 0.315108 0.413521 0.310706 0.567223 0.338726 0.447088 0.407429 0.299037 0.708339 0.682412 0.391815 0.345303 0.350236 0.480895 0.437335 0.354807 0.379249 0.424018 0.322715 0.392226 0.509959 0.541795 0.370678 0.459478 0.424153 0.377452 0.448134 0.405854 0.393816 0.364809 0.374222 0.493059 0.354848 0.506624 0.508292 0.457064 0.511541 0.584691 0.476585 0.287503 0.397789 0.440260 0.360568 0.356111 0.379836 0.563606 0.654299 0.297722 0.371902 0.368354 0.377174 0.533240 0.399811 0.469803 0.530604 0.632921 0.491882 0.379794 0.306946 0.395517 0.368491 0.503042 0.703593 0.657574 0.474939 0.333983 0.318329 0.223403 0.332168 0.662910 0.408729 0.341827
0.361359 1.000000 0.626089 0.491761 0.497222 0.472082 0.617465 0.614273 0.341176 0.597575 0.374683 0.487452 0.371256 0.314805 0.410316 0.473159 0.369365 0.258984 0.526060 0.624804 0.635801 0.485644 0.490562 0.530042 0.509877 0.455845 0.348774 0.373701 0.574182 0.541233 0.320001 0.442720 0.586185 0.344433 0.368634 0.336593 0.367763 0.585464 0.656210 0.387104 0.375809 0.390250 0.522368 0.366286 0.285736 0.422280 0.505231 0.400356 0.456318 0.581377 0.351139 0.431395 0.816758 0.389216 0.903555 0.525869 0.700636 0.391936 0.377646 0.473080 0.445797 0.387326 0.439181 0.425356 0.568147 0.779170 0.495414 0.328016 0.369272 0.423558 0.431088 0.388305 0.393522 0.447807 0.378375 0.362375 0.511732 0.420277 0.382038 0.264928 0.503625 0.376808 0.547712 0.399541 0.434189 0.396757 0.554201 0.377320 0.456145 0.464758 0.480627 0.498505 0.356391 0.420864 0.495625 0.446096 0.357441 0.401697 0.392548 0.618470 0.383869 0.446935 0.532780 0.841635 0.296763 0.334287 0.512197 0.381065 0.397617 0.439120 0.315208 0.364577 0.469733 0.469225 0.382125 0.329159 0.439620 0.361753 0.409241 0.424673 0.471547 0.375395 0.404854 0.498153 0.488615 0.337907 0.311056 0.377156 0.324657 0.440636 0.448276
0.379123 0.626089 1.000000 0.380799 0.521044 0.385183 0.512064 0.687585 0.422673 0.551064 0.437012 0.415428 0.386381 0.458483 0.321469 0.371537 0.350936 0.380683 0.394700 0.737334 0.542022 0.432602 0.285039 0.479859 0.414351 0.398869 0.337354 0.461216 0.543818 0.483325 0.289691 0.378780 0.436075 0.394237 0.293645 0.375774 0.399319 0.414047 0.519389 0.364793 0.378126 0.388944 0.412925 0.252357 0.328434 0.363451 0.472388 0.365156 0.309920 0.486743 0.395042 0.294640 0.573752 0.339241 0.548898 0.448513 0.540514 0.352050 0.403418 0.398399 0.591801 0.394929 0.579338 0.542782 0.467510 0.549373 0.498711 0.373947 0.406985 0.466690 0.346603 0.410118 0.455478 0.374292 0.402625 0.339780 0.395497 0.349303 0.396433 0.406243 0.440407 0.433300 0.470221 0.427624 0.387515 0.443511 0.407905 0.279521 0.348093 0.389516 0.504071 0.498731 0.368760 0.289876 0.371314 0.380228 0.400628 0.299086 0.244596 0.482046 0.401976 0.322914 0.487388 0.580470 0.389458 0.362157 0.430320 0.257431 0.450304 0.327784 0.421710 0.341756 0.378380 0.356936 0.315271 0.282772 0.390941 0.324672 0.380200 0.383174 0.386588 0.330210 0.346618 0.411362 0.475052 0.454024 0.283009 0.384072 0.451439 0.388464 0.409905
0.399200 0.491761 0.380799 1.000000 0.465032 0.382605 0.620180 0.457428 0.275591 0.384614 0.322476 0.382354 0.390841 0.331171 0.451295 0.346015 0.443308 0.286174 0.386815 0.397970 0.403283 0.770606 0.340282 0.590068 0.584574 0.449624 0.405742 0.408519 0.405783 0.358230 0.335091 0.377613 0.473390 0.302229 0.498554 0.310653 0.428333 0.489600 0.444771 0.452020 0.475287 0.339219 0.397564 0.479132 0.279789 0.344554 0.328149 0.373929 0.403186 0.394142 0.301056 0.452842 0.486351 0.367031 0.521661 0.480531 0.423966 0.372588 0.364705 0.438507 0.385363 0.360275 0.326891 0.212591 0.438534 0.493549 0.500986 0.330225 0.265646 0.368796 0.334839 0.325137 0.338876 0.423828 0.307259 0.343099 0.406683 0.361594 0.356825 0.278544 0.421051 0.229685 0.413927 0.290994 0.294237 0.319525 0.565419 0.322316 0.283508 0.366527 0.345559 0.296353 0.368236 0.327088 0.464916 0.398384 0.296995 0.388154 0.369068 0.468785 0.398945 0.284424 0.510939 0.505045 0.338213 0.369716 0.439836 0.325659 0.357277 0.352561 0.289589 0.326194 0.388302 0.335657 0.396891 0.447877 0.297714 0.387980 0.417466 0.289700 0.356628 0.378378 0.367333 0.550111 0.306385 0.292388 0.246664 0.408878 0.259985 0.213800 0.495248
0.430987 0.497222 0.521044 0.465032 1.000000 0.397792 0.544735 0.533638 0.458111 0.481030 0.439950 0.469722 0.434613 0.365791 0.313318 0.492294 0.346249 0.309712 0.324239 0.485093 0.547828 0.519950 0.337603 0.527571 0.567015 0.403926 0.326849 0.404463 0.618349 0.544360 0.328072 0.407043 0.626134 0.453087 0.379772 0.517743 0.393276 0.448679 0.621730 0.444450 0.589032 0.376125 0.411906 0.223160 0.326856 0.395237 0.488593 0.349571 0.389219 0.562550 0.382079 0.368170 0.465185 0.331314 0.482569 0.636507 0.602636 0.533022 0.516216 0.515873 0.444743 0.363111 0.394719 0.361940 0.577860 0.534987 0.538929 0.317434 0.308667 0.458045 0.351232 0.370745 0.368013 0.408799 0.343338 0.416660 0.455673 0.288142 0.463952 0.358072 0.420475 0.347024 0.602639 0.413383 0.383883 0.474811 0.589223 0.495310 0.329311 0.544638 0.358140 0.418973 0.400488 0.384832 0.386654 0.366434 0.383588 0.371545 0.454199 0.657472 0.288045 0.423860 0.498129 0.453791 0.452880 0.465502 0.571633 0.356856 0.369321 0.534900 0.386317 0.375768 0.406188 0.416243 0.299258 0.392864 0.473682 0.464056 0.451242 0.459245 0.451319 0.364410 0.394450 0.480307 0.419382 0.400757 0.316451 0.417654 0.339042 0.299287 0.397385
0.397008 0.472082 0.385183 0.382605 0.397792 1.000000 0.474422 0.536325 0.530905 0.593592 0.403108 0.314256 0.494328 0.380084 0.329063 0.435855 0.478517 0.479659 0.382811 0.523461 0.547754 0.396573 0.380279 0.354817 0.435723 0.440336 0.336674 0.298810 0.581042 0.486422 0.445000 0.498985 0.494597 0.302587 0.461820 0.347301 0.425801 0.566743 0.430629 0.437476 0.455069 0.425639 0.778695 0.387585 0.451297 0.534232 0.537282 0.310092 0.387133 0.603880 0.480244 0.418255 0.452582 0.392584 0.499785 0.477028 0.493649 0.452990 0.520758 0.451732 0.323575 0.442660 0.422015 0.427795 0.580796 0.552465 0.394984 0.449486 0.503089 0.444594 0.414809 0.587079 0.395669 0.413108 0.470083 0.326639 0.472173 0.452093 0.468298 0.324623 0.479255 0.442347 0.449251 0.349229 0.360027 0.326273 0.513273 0.422492 0.323143 0.401600 0.434984 0.406000 0.296971 0.436483 0.525692 0.376143 0.425768 0.398291 0.348941 0.471008 0.407191 0.378103 0.409374 0.438189 0.384561 0.384937 0.508298 0.383858 0.471618 0.381513 0.554610 0.406821 0.335599 0.566695 0.464184 0.341541 0.494514 0.354504 0.400757 0.374284 0.442479 0.530217 0.519500 0.405925 0.266211 0.383246 0.312425 0.471103 0.404031 0.366716 0.355087
0.608718 0.617465 0.512064 0.620180 0.544735 0.474422 1.000000 0.597573 0.447335 0.542334 0.460894 0.409734 0.531629 0.464093 0.510497 0.407722 0.485937 0.424000 0.394370 0.628871 0.597176 0.720199 0.423271 0.616348 0.532983 0.461999 0.353451 0.411391 0.547210 0.480669 0.442979 0.568289 0.588852 0.346734 0.487812 0.445535 0.522529 0.674027 0.526886 0.438297 0.489588 0.352424 0.503700 0.385729 0.454296 0.369333 0.596710 0.343404 0.421221 0.572798 0.504554 0.589204 0.580065 0.495532 0.629553 0.621323 0.517098 0.494241 0.510222 0.454738 0.465784 0.431412 0.437607 0.395099 0.579971 0.565901 0.577641 0.430504 0.402413 0.416971 0.396148 0.310576 0.529417 0.533007 0.432589 0.387652 0.391903 0.363333 0.399717 0.407802 0.612898 0.399625 0.501126 0.327375 0.428243 0.347261 0.722318 0.442249 0.309092 0.408244 0.469376 0.344182 0.463635 0.494267 0.512192 0.430309 0.430676 0.408355 0.368421 0.698383 0.396235 0.357628 0.506990 0.569550 0.464673 0.485123 0.585537 0.384595 0.428713 0.428700 0.439796 0.411881 0.475194 0.479674 0.461467 0.415660 0.405306 0.338132 0.358263 0.426877 0.471348 0.498664 0.480204 0.504156 0.430733 0.363400 0.226147 0.326899 0.383276 0.358858 0.359315
0.391340 0.614273 0.687585 0.457428 0.533638 0.536325 0.597573 1.000000 0.465730 0.608391 0.337827 0.316319 0.480424 0.422901 0.344443 0.361924 0.406080 0.380435 0.363811 0.814713 0.564175 0.501994 0.376248 0.496887 0.467775 0.453684 0.330662 0.385106 0.521198 0.557464 0.310395 0.484289 0.553503 0.327699 0.332277 0.312052 0.440909 0.556667 0.576206 0.356768 0.393733 0.349004 0.438599 0.248408 0.318183 0.420376 0.528563 0.330797 0.445967 0.544050 0.418915 0.374011 0.584895 0.319901 0.606736 0.541570 0.487694 0.376895 0.472726 0.500100 0.461337 0.465348 0.437539 0.422398 0.632787 0.650190 0.612958 0.431341 0.339894 0.501969 0.400835 0.388741 0.448601 0.423298 0.407604 0.299221 0.394642 0.304613 0.392041 0.366439 0.468283 0.438933 0.540846 0.347374 0.381736 0.345065 0.570755 0.367135 0.347184 0.416995 0.395557 0.373750 0.371865 0.317340 0.458849 0.343358 0.431481 0.300677 0.390505 0.620402 0.360323 0.421054 0.579724 0.584411 0.354051 0.383267 0.584733 0.396791 0.423393 0.467598 0.426907 0.363363 0.338131 0.363163 0.392781 0.369722 0.352571 0.339353 0.296576 0.349228 0.431259 0.366416 0.401584 0.370132 0.379783 0.420815 0.248895 0.414077 0.356312 0.314604 0.368751
0.641188 0.341176 0.422673 0.275591 0.458111 0.530905 0.447335 0.465730 1.000000 0.432166 0.657156 0.302532 0.721479 0.643139 0.541574 0.450280 0.658305 0.616910 0.420853 0.452579 0.397103 0.373421 0.197991 0.321301 0.326010 0.414334 0.269679 0.201559 0.449614 0.528531 0.427893 0.707270 0.378216 0.393776 0.521003 0.620057 0.665349 0.474327 0.366864 0.444020 0.468838 0.219498 0.478216 0.208400 0.401678 0.480018 0.494196 0.238276 0.239854 0.448895 0.793312 0.562233 0.324574 0.571811 0.396982 0.422588 0.445732 0.662974 0.719305 0.394074 0.478855 0.405070 0.700506 0.452565 0.498368 0.476484 0.337967 0.638587 0.654866 0.410146 0.367334 0.449437 0.571068 0.477314 0.432204 0.309556 0.405519 0.298608 0.433767 0.524087 0.647184 0.460180 0.415233 0.445851 0.251366 0.466649 0.375610 0.309267 0.214361 0.313783 0.489415 0.343708 0.350880 0.427375 0.443449 0.405047 0.585291 0.454748 0.151166 0.467662 0.393674 0.512783 0.309669 0.390343 0.551299 0.617211 0.356151 0.285330 0.364162 0.309494 0.530363 0.330761 0.467394 0.507281 0.640863 0.538084 0.337622 0.305304 0.284324 0.411827 0.425393 0.683403 0.714279 0.415030 0.322174 0.348652 0.259776 0.332593 0.678460 0.441681 0.385302
0.437080 0.597575 0.551064 0.384614 0.481030 0.593592 0.542334 0.608391 0.432166 1.000000 0.426098 0.490070 0.454132 0.493897 0.398620 0.422483 0.422612 0.367787 0.351403 0.611327 0.829582 0.472393 0.393517 0.552840 0.451199 0.437126 0.366281 0.379278 0.850787 0.509276 0.317796 0.475416 0.435102 0.381750 0.382531 0.393313 0.440224 0.533356 0.570922 0.413718 0.477005 0.445920 0.543122 0.273936 0.290238 0.367174 0.811850 0.380202 0.408384 0.844254 0.430531 0.410719 0.564124 0.396109 0.554640 0.463900 0.568905 0.469040 0.468535 0.482660 0.437427 0.429032 0.422444 0.443242 0.615703 0.568607 0.492096 0.470410 0.489290 0.524699 0.457844 0.306750 0.518671 0.446258 0.467038 0.368476 0.467611 0.350465 0.460115 0.446211 0.488041 0.460490 0.545501 0.394224 0.439821 0.434348 0.459045 0.467037 0.377228 0.528468 0.433704 0.460938 0.438159 0.418386 0.362174 0.399946 0.552747 0.323855 0.350875 0.512458 0.440189 0.357388 0.472529 0.587576 0.480185 0.408883 0.391953 0.372676 0.438203 0.458300 0.504336 0.400066 0.402146 0.550704 0.443905 0.358241 0.602978 0.420860 0.351111 0.324341 0.569926 0.367501 0.418141 0.469255 0.450423 0.440829 0.278962 0.415843 0.363030 0.452024 0.400284
0.794284 0.374683 0.437012 0.322476 0.439950 0.403108 0.460894 0.337827 0.657156 0.426098 1.000000 0.476681 0.733403 0.782510 0.610972 0.479683 0.689653 0.723836 0.441208 0.410400 0.430051 0.382188 0.210975 0.425197 0.399158 0.402351 0.347482 0.325888 0.481923 0.502293 0.545379 0.691403 0.298945 0.486766 0.590865 0.802951 0.785355 0.410141 0.495816 0.474479 0.532542 0.329060 0.523384 0.402301 0.477324 0.439093 0.413845 0.319459 0.257335 0.495149 0.753966 0.605500 0.478701 0.642624 0.399545 0.366194 0.379372 0.741948 0.670086 0.310729 0.489121 0.291480 0.720995 0.325054 0.450226 0.433476 0.239142 0.698879 0.709989 0.412992 0.298455 0.364202 0.523752 0.428448 0.388381 0.377243 0.500175 0.303481 0.379653 0.575182 0.577178 0.356718 0.448224 0.481676 0.418120 0.545410 0.350618 0.390115 0.431278 0.349091 0.627203 0.423458 0.426881 0.542819 0.433861 0.522890 0.535412 0.479619 0.196824 0.346009 0.400366 0.310824 0.327540 0.418210 0.599475 0.726404 0.287842 0.260657 0.408665 0.417001 0.577477 0.388531 0.508509 0.685974 0.625268 0.524128 0.473467 0.357953 0.461402 0.395582 0.527947 0.672761 0.717956 0.499932 0.337054 0.340254 0.273891 0.332677 0.777815 0.395406 0.406204
0.417652 0.487452 0.415428 0.382354 0.469722 0.314256 0.409734 0.316319 0.302532 0.490070 0.476681 1.000000 0.348878 0.418283 0.425434 0.361370 0.291732 0.299826 0.408427 0.336194 0.556013 0.413351 0.478381 0.498401 0.478091 0.360379 0.357793 0.326122 0.528376 0.407137 0.498899 0.361317 0.355387 0.564585 0.404210 0.480871 0.453219 0.366386 0.531073 0.417999 0.482469 0.371041 0.320734 0.606895 0.325437 0.426093 0.426678 0.584555 0.420593 0.541320 0.365668 0.426055 0.477791 0.408456 0.409863 0.373960 0.512298 0.537442 0.427764 0.406409 0.316938 0.421015 0.343386 0.316844 0.415312 0.475129 0.369589 0.339192 0.349033 0.468443 0.295074 0.329077 0.314012 0.376627 0.373930 0.310981 0.550588 0.383271 0.409822 0.301359 0.358809 0.268054 0.481631 0.546559 0.632383 0.632994 0.365125 0.418372 0.690032 0.464206 0.459990 0.468821 0.422165 0.386013 0.333379 0.463605 0.321655 0.466796 0.392247 0.353572 0.249608 0.347057 0.314925 0.463671 0.372047 0.429519 0.310800 0.406101 0.290650 0.492687 0.340046 0.366348 0.437494 0.396547 0.363777 0.341791 0.461123 0.436342 0.504221 0.330635 0.318296 0.328936 0.346138 0.498912 0.391050 0.365719 0.455584 0.304713 0.321925 0.407335 0.354340
0.725523 0.371256 0.386381 0.390841 0.434613 0.494328 0.531629 0.480424 0.721479 0.454132 0.733403 0.348878 1.000000 0.737355 0.642793 0.575177 0.733812 0.711082 0.384906 0.459417 0.427040 0.416840 0.304623 0.412967 0.466986 0.442813 0.291980 0.336012 0.448789 0.546593 0.501247 0.806825 0.387572 0.352326 0.605151 0.643071 0.797506 0.502891 0.442276 0.549388 0.580641 0.335178 0.517236 0.270328 0.425669 0.477448 0.478042 0.281137 0.377980 0.464004 0.730149 0.664115 0.407976 0.633244 0.428284 0.466505 0.439895 0.749342 0.758279 0.369331 0.514387 0.379078 0.657805 0.337835 0.477142 0.471563 0.385166 0.769585 0.692808 0.412916 0.421416 0.422873 0.579652 0.504434 0.379528 0.446896 0.431857 0.296121 0.369678 0.637011 0.637014 0.510188 0.436634 0.441593 0.337462 0.412750 0.455312 0.394654 0.286568 0.404601 0.459420 0.395942 0.519634 0.544137 0.524825 0.445705 0.629498 0.449503 0.298256 0.482912 0.496260 0.379165 0.419445 0.434447 0.661477 0.691600 0.306848 0.343918 0.444332 0.403031 0.553481 0.518471 0.513918 0.603979 0.677933 0.548034 0.402909 0.340809 0.373056 0.495652 0.514117 0.745064 0.830786 0.447181 0.346649 0.334625 0.228330 0.408748 0.726532 0.402617 0.369406
0.705199 0.314805 0.458483 0.331171 0.365791 0.380084 0.464093 0.422901 0.643139 0.493897 0.782510 0.418283 0.737355 1.000000 0.597885 0.431620 0.659451 0.756571 0.394592 0.465518 0.444936 0.409513 0.219111 0.434974 0.369553 0.382868 0.305027 0.326560 0.469405 0.442746 0.476762 0.734061 0.261808 0.426438 0.554590 0.632207 0.759228 0.433284 0.458373 0.498282 0.509277 0.390191 0.468797 0.322100 0.417288 0.381502 0.473902 0.336984 0.291453 0.473253 0.673372 0.591121 0.393810 0.588283 0.379321 0.383392 0.332616 0.696667 0.692234 0.338284 0.588166 0.382811 0.744177 0.426331 0.449799 0.411352 0.312744 0.795142 0.653180 0.476648 0.421649 0.395054 0.601058 0.471093 0.401508 0.363185 0.466244 0.253779 0.372728 0.637334 0.548704 0.491595 0.431275 0.413938 0.331493 0.503964 0.388503 0.356746 0.317114 0.385151 0.508995 0.385773 0.437421 0.470147 0.416953 0.471470 0.618977 0.451196 0.204756 0.374671 0.452493 0.294601 0.375456 0.424587 0.653499 0.704206 0.252564 0.251836 0.485245 0.381098 0.571309 0.461809 0.505878 0.503880 0.659229 0.557728 0.399676 0.388077 0.393495 0.353550 0.536996 0.653772 0.669010 0.450325 0.471250 0.403017 0.245773 0.394885 0.715500 0.421493 0.364651
0.659409 0.410316 0.321469 0.451295 0.313318 0.329063 0.510497 0.344443 0.541574 0.398620 0.610972 0.425434 0.642793 0.597885 1.000000 0.513975 0.758039 0.638579 0.455268 0.373055 0.377810 0.457753 0.349306 0.437043 0.414284 0.403414 0.441664 0.353688 0.379708 0.449764 0.451678 0.685417 0.276371 0.365845 0.687141 0.645652 0.684282 0.399584 0.447933 0.575312 0.533882 0.327365 0.450722 0.453338 0.312157 0.309970 0.397147 0.337585 0.412880 0.400588 0.600638 0.683559 0.393477 0.813633 0.451973 0.343602 0.391956 0.621423 0.570171 0.312475 0.496625 0.364794 0.568866 0.330902 0.377087 0.398530 0.356737 0.684049 0.641188 0.387515 0.323505 0.435402 0.501777 0.472469 0.377998 0.349450 0.440107 0.334488 0.362141 0.519112 0.551367 0.406782 0.384904 0.414558 0.365390 0.409655 0.326853 0.385185 0.311068 0.371975 0.450580 0.325232 0.474772 0.492970 0.469278 0.470080 0.633053 0.484916 0.343722 0.381931 0.464193 0.422468 0.348406 0.449145 0.500281 0.662829 0.246841 0.357970 0.401629 0.462330 0.535950 0.404234 0.532342 0.432327 0.729640 0.563920 0.311805 0.288919 0.283176 0.291374 0.453470 0.621716 0.572347 0.433200 0.408497 0.313376 0.253201 0.363266 0.611720 0.358137 0.457328
0.432392 0.473159 0.371537 0.346015 0.492294 0.435855 0.407722 0.361924 0.450280 0.422483 0.479683 0.361370 0.575177 0.431620 0.513975 1.000000 0.471613 0.459827 0.355839 0.424189 0.420607 0.370692 0.304427 0.429564 0.452922 0.395439 0.308201 0.387283 0.437302 0.413624 0.337073 0.506362 0.418078 0.340475 0.523247 0.469280 0.450501 0.409811 0.464207 0.499663 0.517050 0.351685 0.535108 0.327222 0.362167 0.532818 0.426822 0.338995 0.403519 0.441342 0.474485 0.491132 0.453543 0.508352 0.445176 0.418755 0.456791 0.559695 0.496363 0.343413 0.474657 0.341038 0.486943 0.426916 0.419196 0.445387 0.400456 0.422457 0.440181 0.434970 0.361646 0.458400 0.462823 0.365806 0.417382 0.516101 0.384211 0.312461 0.318843 0.465570 0.511541 0.492689 0.400592 0.419029 0.348798 0.428194 0.398561 0.400812 0.307713 0.408246 0.433214 0.547188 0.330564 0.519780 0.466243 0.391227 0.500006 0.369848 0.350123 0.452004 0.524557 0.410241 0.380322 0.498585 0.454582 0.498169 0.346032 0.346889 0.524439 0.442295 0.446461 0.381305 0.474396 0.550554 0.431298 0.360260 0.474889 0.403016 0.397294 0.475592 0.528919 0.485125 0.605953 0.422619 0.450309 0.321030 0.236938 0.400938 0.429481 0.390237 0.388560
0.697146 0.369365 0.350936 0.443308 0.346249 0.478517 0.485937 0.406080 0.658305 0.422612 0.689653 0.291732 0.733812 0.659451 0.758039 0.471613 1.000000 0.708261 0.465540 0.417567 0.397092 0.437451 0.246620 0.395016 0.356430 0.454396 0.332503 0.251642 0.411471 0.537632 0.460131 0.788000 0.311129 0.345962 0.622960 0.683602 0.687546 0.401260 0.393805 0.549595 0.542763 0.261980 0.538544 0.389719 0.309232 0.326018 0.429591 0.248249 0.318567 0.444309 0.711089 0.581573 0.384464 0.624108 0.471108 0.372622 0.376492 0.657763 0.709661 0.331396 0.463823 0.358169 0.603281 0.351786 0.451003 0.380893 0.261222 0.720381 0.724588 0.383283 0.318266 0.435276 0.501021 0.501057 0.382433 0.431111 0.435735 0.327827 0.400944 0.517250 0.544850 0.436974 0.425661 0.357553 0.302376 0.369809 0.383285 0.405284 0.228239 0.367965 0.473908 0.335106 0.403959 0.439218 0.468185 0.487608 0.632766 0.441451 0.257223 0.376784 0.466122 0.398884 0.331996 0.432504 0.559466 0.730123 0.335653 0.265544 0.415392 0.431067 0.602860 0.440390 0.444229 0.533044 0.738159 0.667574 0.337992 0.288541 0.314961 0.367062 0.507982 0.765696 0.713123 0.426222 0.279437 0.260919 0.266115 0.352116 0.709903 0.331871 0.485536
0.703132 0.258984 0.380683 0.286174 0.309712 0.479659 0.424000 0.380435 0.616910 0.367787 0.723836 0.299826 0.711082 0.756571 0.638579 0.459827 0.708261 1.000000 0.414304 0.428121 0.367009 0.373907 0.235225 0.372156 0.359476 0.360323 0.374520 0.300958 0.362477 0.432395 0.513690 0.678593 0.245678 0.379049 0.661240 0.596089 0.729834 0.325906 0.365700 0.396402 0.443058 0.370656 0.580136 0.410534 0.384026 0.341630 0.389783 0.246691 0.298655 0.388913 0.631510 0.633875 0.294139 0.658551 0.344362 0.343706 0.310494 0.658270 0.678104 0.287724 0.458859 0.316387 0.634387 0.454333 0.392673 0.348096 0.264142 0.777304 0.730606 0.418112 0.286737 0.490850 0.489720 0.478817 0.348052 0.423871 0.368455 0.299539 0.363235 0.523967 0.505824 0.426064 0.382116 0.420648 0.329534 0.458280 0.363386 0.366824 0.303822 0.337679 0.450174 0.344883 0.392501 0.429937 0.467486 0.455706 0.646471 0.462603 0.231264 0.327514 0.433955 0.317232 0.356365 0.288284 0.480922 0.679916 0.252328 0.266233 0.493167 0.378996 0.666694 0.422132 0.418800 0.495240 0.605712 0.456163 0.337585 0.282549 0.353638 0.367185 0.453101 0.733070 0.626727 0.358904 0.368147 0.329210 0.227156 0.404741 0.763434 0.389711 0.318997
0.442811 0.526060 0.394700 0.386815 0.324239 0.382811 0.394370 0.363811 0.420853 0.351403 0.441208 0.408427 0.384906 0.394592 0.455268 0.355839 0.465540 0.414304 1.000000 0.415539 0.349783 0.355219 0.332673 0.403472 0.411648 0.571909 0.367544 0.328946 0.367355 0.411732 0.516759 0.407345 0.376203 0.333660 0.394665 0.374437 0.428688 0.391146 0.364297 0.396882 0.358450 0.338413 0.431358 0.419346 0.304253 0.340842 0.296128 0.387915 0.381309 0.389974 0.456812 0.403057 0.450705 0.484649 0.558603 0.397198 0.429000 0.477182 0.443579 0.364139 0.366113 0.361280 0.435983 0.334699 0.405022 0.516519 0.322798 0.456447 0.418698 0.434159 0.364979 0.463944 0.333210 0.476216 0.415769 0.348117 0.507188 0.446178 0.387404 0.316889 0.481092 0.385379 0.350166 0.369978 0.339987 0.382778 0.377501 0.315043 0.417630 0.309918 0.490062 0.356548 0.419971 0.504969 0.573654 0.719825 0.365388 0.796481 0.294680 0.394184 0.377092 0.500866 0.331351 0.523684 0.349871 0.412202 0.399089 0.360917 0.393221 0.351996 0.325947 0.279340 0.475790 0.420052 0.426232 0.364134 0.358827 0.395840 0.339652 0.340950 0.472944 0.431006 0.429539 0.505909 0.424508 0.466330 0.296905 0.347857 0.435496 0.525308 0.530258
0.458004 0.624804 0.737334 0.397970 0.485093 0.523461 0.628871 0.814713 0.452579 0.611327 0.410400 0.336194 0.459417 0.465518 0.373055 0.424189 0.417567 0.428121 0.415539 1.000000 0.577939 0.525109 0.313284 0.501227 0.430671 0.494488 0.359462 0.458200 0.549191 0.525053 0.345260 0.462155 0.541098 0.316028 0.361863 0.340454 0.465127 0.563937 0.557976 0.369770 0.379546 0.391713 0.511275 0.266260 0.423936 0.394005 0.562562 0.336661 0.380510 0.573223 0.499300 0.387464 0.584972 0.369362 0.590039 0.499271 0.466234 0.378890 0.476864 0.476904 0.494500 0.429154 0.514044 0.482699 0.623447 0.611716 0.587082 0.434715 0.380547 0.512997 0.434271 0.359567 0.539736 0.455245 0.461924 0.336012 0.400557 0.339533 0.402872 0.378444 0.532608 0.458992 0.483962 0.349685 0.374238 0.379069 0.520278 0.391571 0.335600 0.389150 0.445677 0.421524 0.425728 0.407826 0.449389 0.459308 0.444448 0.333710 0.290975 0.622822 0.458398 0.360009 0.503673 0.588998 0.340143 0.400498 0.614317 0.355772 0.477226 0.433148 0.424841 0.389078 0.390211 0.440530 0.412273 0.403600 0.423353 0.311569 0.303526 0.345456 0.518946 0.380110 0.422777 0.331850 0.446436 0.511601 0.183259 0.441989 0.392301 0.426298 0.390384
0.456415 0.635801 0.542022 0.403283 0.547828 0.547754 0.597176 0.564175 0.397103 0.829582 0.430051 0.556013 0.427040 0.444936 0.377810 0.420607 0.397092 0.367009 0.349783 0.577939 1.000000 0.524389 0.491111 0.566875 0.519887 0.401495 0.341261 0.347684 0.804973 0.502153 0.335329 0.519299 0.401125 0.394541 0.410934 0.404013 0.449877 0.530973 0.626994 0.349344 0.474904 0.379525 0.499094 0.342306 0.329345 0.404319 0.757411 0.386669 0.416871 0.798374 0.379372 0.468638 0.536633 0.387796 0.553610 0.469069 0.557856 0.498928 0.486797 0.493064 0.373238 0.390902 0.385557 0.428937 0.571159 0.563709 0.440240 0.433091 0.436344 0.499171 0.395932 0.314192 0.457921 0.423365 0.455362 0.335293 0.484735 0.356492 0.464719 0.343438 0.459315 0.398728 0.591105 0.443321 0.493277 0.489787 0.554206 0.451171 0.439883 0.564222 0.424088 0.457662 0.386894 0.338866 0.307218 0.406054 0.437488 0.318855 0.355691 0.566437 0.362436 0.346537 0.431440 0.531054 0.399118 0.422500 0.380799 0.378855 0.368945 0.537240 0.416226 0.498605 0.389956 0.485253 0.400219 0.386863 0.554818 0.442484 0.395277 0.404765 0.506173 0.436075 0.384536 0.502963 0.419278 0.389517 0.357678 0.382368 0.351642 0.441909 0.327390
0.482568 0.485644 0.432602 0.770606 0.519950 0.396573 0.720199 0.501994 0.373421 0.472393 0.382188 0.413351 0.416840 0.409513 0.457753 0.370692 0.437451 0.373907 0.355219 0.525109 0.524389 1.000000 0.292401 0.607073 0.520728 0.485703 0.384024 0.375513 0.482392 0.470648 0.365559 0.431163 0.515502 0.329234 0.495134 0.354658 0.488819 0.556954 0.462415 0.354694 0.450766 0.359900 0.408401 0.423558 0.394365 0.337828 0.571021 0.361943 0.379205 0.487911 0.440859 0.499210 0.511742 0.374791 0.506403 0.550466 0.409776 0.416785 0.459723 0.502273 0.400415 0.359035 0.334798 0.342152 0.579032 0.480339 0.537948 0.411361 0.333037 0.356621 0.401197 0.295086 0.445134 0.452170 0.419322 0.360885 0.353629 0.377731 0.430633 0.292010 0.505063 0.272701 0.516205 0.342306 0.420666 0.398804 0.695730 0.335005 0.315182 0.361535 0.390552 0.329409 0.371895 0.338930 0.382791 0.471236 0.359345 0.379302 0.317823 0.587500 0.349159 0.287879 0.446179 0.487875 0.347124 0.413689 0.509528 0.361575 0.360741 0.379105 0.371036 0.346511 0.415355 0.350750 0.399057 0.431250 0.319123 0.332699 0.378490 0.259556 0.400616 0.386831 0.375420 0.501187 0.398699 0.285735 0.222671 0.413113 0.310725 0.292820 0.436258
0.335689 0.490562 0.285039 0.340282 0.337603 0.380279 0.423271 0.376248 0.197991 0.393517 0.210975 0.478381 0.304623 0.219111 0.349306 0.304427 0.246620 0.235225 0.332673 0.313284 0.491111 0.292401 1.000000 0.407849 0.555551 0.441563 0.420532 0.401493 0.405473 0.286965 0.402330 0.382805 0.303872 0.447209 0.262223 0.256172 0.276097 0.324200 0.435447 0.366413 0.351910 0.283681 0.221195 0.367045 0.296203 0.422465 0.298018 0.503925 0.796226 0.400138 0.175772 0.380911 0.360600 0.299947 0.436357 0.426105 0.457221 0.327452 0.203195 0.386882 0.227062 0.458148 0.192591 0.257561 0.360217 0.458477 0.446406 0.222307 0.190590 0.414347 0.316076 0.330164 0.157504 0.348748 0.357364 0.302686 0.469800 0.487670 0.420973 0.188362 0.195388 0.303718 0.378495 0.432376 0.541963 0.418048 0.444882 0.393317 0.527830 0.373482 0.271798 0.343143 0.452690 0.318019 0.253356 0.329748 0.264544 0.384648 0.776780 0.392360 0.275098 0.384189 0.450264 0.360923 0.175280 0.291727 0.325284 0.768745 0.176573 0.389269 0.221935 0.479235 0.291606 0.246367 0.318793 0.249159 0.393840 0.430959 0.412433 0.406956 0.324636 0.248898 0.217729 0.396385 0.436954 0.414760 0.474353 0.375897 0.140273 0.340550 0.342707
0.501806 0.530042 0.479859 0.590068 0.527571 0.354817 0.616348 0.496887 0.321301 0.552840 0.425197 0.498401 0.412967 0.434974 0.437043 0.429564 0.395016 0.372156 0.403472 0.501227 0.566875 0.607073 0.407849 1.000000 0.676980 0.418941 0.411197 0.499083 0.545881 0.428151 0.408906 0.365840 0.459517 0.421989 0.472137 0.409927 0.466185 0.507455 0.577600 0.373231 0.441728 0.397453 0.397002 0.424256 0.314658 0.376389 0.473662 0.474816 0.477495 0.514189 0.368011 0.478974 0.615160 0.468303 0.505543 0.509770 0.544021 0.521391 0.478441 0.471190 0.478158 0.442395 0.321645 0.346775 0.508338 0.513135 0.538935 0.439072 0.364241 0.536117 0.401743 0.297764 0.394383 0.476848 0.396902 0.454657 0.465762 0.300304 0.390835 0.407011 0.403290 0.387481 0.529330 0.424577 0.526345 0.432317 0.575393 0.430404 0.378515 0.525531 0.521341 0.519779 0.464197 0.472717 0.456588 0.459079 0.497479 0.448839 0.442898 0.494133 0.338339 0.401894 0.574355 0.608703 0.409398 0.479751 0.430334 0.346809 0.494766 0.557429 0.418673 0.347416 0.420420 0.432568 0.325869 0.408504 0.466343 0.516219 0.421195 0.338531 0.476631 0.348544 0.370605 0.665153 0.449271 0.388925 0.290737 0.432381 0.292276 0.316296 0.405540
0.442850 0.509877 0.414351 0.584574 0.567015 0.435723 0.532983 0.467775 0.326010 0.451199 0.399158 0.478091 0.466986 0.369553 0.414284 0.452922 0.356430 0.359476 0.411648 0.430671 0.519887 0.520728 0.555551 0.676980 1.000000 0.473065 0.420515 0.473787 0.502948 0.389872 0.404230 0.380373 0.509757 0.392038 0.432614 0.403612 0.491828 0.491397 0.481433 0.470923 0.504205 0.368244 0.389483 0.366285 0.300826 0.386849 0.356209 0.404977 0.505001 0.468542 0.309216 0.413982 0.462724 0.422489 0.481858 0.506324 0.551756 0.552176 0.462748 0.478125 0.315602 0.412681 0.320051 0.293274 0.506182 0.517362 0.531336 0.381826 0.336927 0.442434 0.326823 0.355795 0.242329 0.357310 0.353619 0.379718 0.602497 0.416141 0.482444 0.285983 0.306052 0.255194 0.446869 0.426958 0.424945 0.411407 0.535731 0.410987 0.378295 0.383128 0.453536 0.444709 0.512631 0.441410 0.435879 0.407724 0.290358 0.508822 0.534090 0.529247 0.361992 0.335233 0.623767 0.456542 0.339772 0.417469 0.448166 0.480763 0.287792 0.481145 0.298172 0.486449 0.417901 0.378426 0.333826 0.362928 0.465153 0.512761 0.497925 0.363592 0.499862 0.363457 0.400020 0.686080 0.386078 0.387472 0.361194 0.467900 0.320490 0.330415 0.428741
0.404365 0.455845 0.398869 0.449624 0.403926 0.440336 0.461999 0.453684 0.414334 0.437126 0.402351 0.360379 0.442813 0.382868 0.403414 0.395439 0.454396 0.360323 0.571909 0.494488 0.401495 0.485703 0.441563 0.418941 0.473065 1.000000 0.408560 0.422948 0.424695 0.433936 0.432969 0.406364 0.508048 0.338699 0.410827 0.392749 0.415221 0.431760 0.373073 0.455567 0.453569 0.305633 0.402359 0.381388 0.359815 0.322635 0.408638 0.444121 0.491836 0.446313 0.493777 0.366182 0.445170 0.386822 0.479526 0.444374 0.452908 0.430623 0.436798 0.460654 0.364635 0.404218 0.391604 0.334790 0.503831 0.492615 0.447884 0.402795 0.330839 0.497972 0.434768 0.338778 0.478767 0.564999 0.531467 0.399854 0.482083 0.467030 0.459528 0.358920 0.455579 0.368509 0.419832 0.342213 0.373261 0.340860 0.467947 0.399151 0.407079 0.312720 0.405819 0.419192 0.441556 0.494209 0.415231 0.635795 0.386084 0.533015 0.454505 0.414528 0.482234 0.415072 0.436324 0.469504 0.328283 0.476893 0.470930 0.518581 0.351594 0.370398 0.338971 0.470125 0.425617 0.429678 0.437779 0.441117 0.442091 0.370649 0.316084 0.385225 0.554337 0.359614 0.434274 0.371602 0.423193 0.534625 0.200993 0.445228 0.333191 0.504435 0.561924
0.379137 0.348774 0.337354 0.405742 0.326849 0.336674 0.353451 0.330662 0.269679 0.366281 0.347482 0.357793 0.291980 0.305027 0.441664 0.308201 0.332503 0.374520 0.367544 0.359462 0.341261 0.384024 0.420532 0.411197 0.420515 0.408560 1.000000 0.685625 0.363189 0.318334 0.297235 0.278299 0.293937 0.322561 0.431158 0.291357 0.368179 0.245301 0.354077 0.375873 0.359238 0.468543 0.390086 0.338024 0.370394 0.385648 0.277813 0.379987 0.418538 0.401384 0.267077 0.375659 0.327330 0.384626 0.346468 0.314767 0.388082 0.312306 0.298570 0.259524 0.303505 0.377154 0.328681 0.346918 0.312635 0.400177 0.305835 0.328654 0.289714 0.433889 0.220977 0.324519 0.219895 0.333326 0.333021 0.229218 0.357523 0.306920 0.305275 0.248014 0.267699 0.206227 0.282051 0.323792 0.359846 0.359530 0.285081 0.302786 0.339476 0.277177 0.323872 0.358671 0.365893 0.365157 0.360112 0.383025 0.337479 0.377223 0.400644 0.282156 0.428667 0.401178 0.420760 0.312318 0.219972 0.360711 0.282011 0.402278 0.319716 0.343832 0.353390 0.276826 0.304355 0.340131 0.353107 0.300704 0.409430 0.439420 0.424194 0.347266 0.390597 0.274770 0.271108 0.364379 0.466778 0.356921 0.293530 0.436757 0.289041 0.321382 0.378098
0.361523 0.373701 0.461216 0.408519 0.404463 0.298810 0.411391 0.385106 0.201559 0.379278 0.325888 0.326122 0.336012 0.326560 0.353688 0.387283 0.251642 0.300958 0.328946 0.458200 0.347684 0.375513 0.401493 0.499083 0.473787 0.422948 0.685625 1.000000 0.431600 0.287869 0.292608 0.246286 0.301724 0.274988 0.314320 0.255806 0.358786 0.246906 0.400771 0.400629 0.393138 0.505412 0.327214 0.232618 0.465598 0.429253 0.261538 0.464933 0.492475 0.364087 0.249790 0.349523 0.347081 0.361924 0.321876 0.394916 0.374228 0.282554 0.287656 0.342108 0.437826 0.415953 0.310955 0.377851 0.313100 0.384198 0.417890 0.302126 0.248816 0.477273 0.295137 0.322469 0.306548 0.371019 0.288022 0.313078 0.352294 0.320796 0.388896 0.349669 0.302245 0.375641 0.327534 0.347292 0.312478 0.343452 0.355418 0.288008 0.336774 0.369276 0.318916 0.405399 0.468729 0.408420 0.393318 0.369275 0.399073 0.334562 0.450550 0.333722 0.486988 0.346334 0.424051 0.357565 0.338136 0.261433 0.268408 0.414597 0.373957 0.308279 0.338986 0.338994 0.364432 0.347045 0.226469 0.231490 0.418839 0.543229 0.440441 0.424959 0.441203 0.284199 0.269577 0.374782 0.468795 0.505755 0.267188 0.534060 0.296920 0.275021 0.355773
0.459074 0.574182 0.543818 0.405783 0.618349 0.581042 0.547210 0.521198 0.449614 0.850787 0.481923 0.528376 0.448789 0.469405 0.379708 0.437302 0.411471 0.362477 0.367355 0.549191 0.804973 0.482392 0.405473 0.545881 0.502948 0.424695 0.363189 0.431600 1.000000 0.539632 0.361679 0.467494 0.466214 0.404192 0.336127 0.458653 0.434726 0.529952 0.627053 0.466583 0.575578 0.400046 0.552298 0.288346 0.384132 0.382282 0.747268 0.372673 0.424737 0.859328 0.447030 0.395877 0.537592 0.381190 0.520013 0.476353 0.597954 0.495655 0.532544 0.525906 0.477853 0.395117 0.454160 0.457110 0.622027 0.548852 0.452348 0.407802 0.461374 0.557026 0.368620 0.353704 0.481798 0.432549 0.492311 0.332585 0.504585 0.414875 0.602178 0.448879 0.498940 0.436901 0.602140 0.421270 0.451737 0.499492 0.500855 0.502584 0.413312 0.612358 0.410277 0.453948 0.411991 0.418046 0.382202 0.432794 0.454252 0.370819 0.396297 0.494084 0.417250 0.347584 0.412368 0.516605 0.557184 0.428872 0.398703 0.412112 0.417073 0.452318 0.512818 0.403562 0.455407 0.577700 0.420058 0.366707 0.685245 0.463692 0.455040 0.446945 0.521931 0.421391 0.433417 0.562114 0.451199 0.485524 0.419386 0.396999 0.400887 0.450331 0.416059
0.476356 0.541233 0.483325 0.358230 0.544360 0.486422 0.480669 0.557464 0.528531 0.509276 0.502293 0.407137 0.546593 0.442746 0.449764 0.413624 0.537632 0.432395 0.411732 0.525053 0.502153 0.470648 0.286965 0.428151 0.389872 0.433936 0.318334 0.287869 0.539632 1.000000 0.395729 0.510902 0.453870 0.348239 0.372908 0.489409 0.475714 0.491556 0.621515 0.424110 0.490656 0.257732 0.488813 0.256488 0.240513 0.404625 0.477341 0.313680 0.359056 0.560707 0.575250 0.386263 0.533934 0.439446 0.580783 0.471759 0.585477 0.503245 0.585250 0.584675 0.441851 0.372161 0.488766 0.419512 0.685462 0.560833 0.406767 0.457476 0.422602 0.484438 0.363038 0.416059 0.387776 0.415935 0.410367 0.348883 0.477798 0.324598 0.423412 0.341289 0.474107 0.429825 0.759350 0.362738 0.383557 0.403317 0.483882 0.430712 0.318383 0.558844 0.392959 0.403819 0.320171 0.366194 0.428750 0.421955 0.475302 0.445203 0.309489 0.445956 0.341492 0.426788 0.391344 0.568781 0.483280 0.460315 0.461421 0.325882 0.369379 0.482552 0.487899 0.306657 0.386675 0.452497 0.444856 0.403471 0.414211 0.384684 0.379015 0.362968 0.438265 0.487574 0.571906 0.437888 0.414632 0.334677 0.339168 0.357505 0.506928 0.351397 0.369960
0.644728 0.320001 0.289691 0.335091 0.328072 0.445000 0.442979 0.310395 0.427893 0.317796 0.545379 0.498899 0.501247 0.476762 0.451678 0.337073 0.460131 0.513690 0.516759 0.345260 0.335329 0.365559 0.402330 0.408906 0.404230 0.432969 0.297235 0.292608 0.361679 0.395729 1.000000 0.484162 0.335529 0.412964 0.397491 0.468996 0.535260 0.347417 0.380591 0.370568 0.353099 0.268295 0.339403 0.509909 0.440042 0.424881 0.298979 0.500861 0.403366 0.388536 0.516738 0.434159 0.339215 0.517761 0.345396 0.380862 0.352912 0.560257 0.474278 0.365078 0.265185 0.361518 0.399363 0.251734 0.410779 0.408967 0.296128 0.484344 0.484097 0.488523 0.327585 0.383088 0.319767 0.424359 0.495982 0.264311 0.447272 0.389839 0.359681 0.424485 0.388915 0.327216 0.394715 0.440777 0.442969 0.472733 0.414588 0.399058 0.506492 0.378789 0.513487 0.350601 0.412914 0.552037 0.401590 0.616224 0.384232 0.578409 0.344766 0.274644 0.317056 0.372106 0.293271 0.282189 0.438490 0.501269 0.378377 0.411570 0.280374 0.357897 0.418025 0.304688 0.408897 0.429743 0.463553 0.353323 0.376907 0.330932 0.432962 0.300796 0.404784 0.503934 0.478009 0.445794 0.277173 0.358600 0.372059 0.341972 0.463721 0.489280 0.397469
0.693789 0.442720 0.378780 0.377613 0.407043 0.498985 0.568289 0.484289 0.707270 0.475416 0.691403 0.361317 0.806825 0.734061 0.685417 0.506362 0.788000 0.678593 0.407345 0.462155 0.519299 0.431163 0.382805 0.365840 0.380373 0.406364 0.278299 0.246286 0.467494 0.510902 0.484162 1.000000 0.326084 0.400742 0.576003 0.641340 0.761461 0.537622 0.465056 0.500920 0.529444 0.301291 0.498001 0.328602 0.403333 0.441258 0.533524 0.272067 0.341808 0.513171 0.711783 0.701383 0.383416 0.570715 0.525040 0.501897 0.415052 0.706936 0.708079 0.355488 0.511211 0.367863 0.653785 0.376173 0.498249 0.483501 0.337184 0.758543 0.685118 0.428890 0.430013 0.460959 0.552530 0.492835 0.390334 0.357039 0.433053 0.328342 0.422272 0.562078 0.595240 0.536416 0.483429 0.447015 0.351559 0.421637 0.527456 0.452444 0.279238 0.391109 0.474625 0.296928 0.430622 0.505881 0.482994 0.483238 0.624929 0.420343 0.243097 0.523299 0.482336 0.463706 0.373006 0.448806 0.589116 0.700407 0.364117 0.296508 0.407039 0.499600 0.582054 0.493141 0.536806 0.506388 0.795491 0.552726 0.352572 0.343098 0.327309 0.472972 0.502824 0.758271 0.704152 0.425504 0.379621 0.334989 0.326329 0.384611 0.702486 0.452258 0.428565
0.335772 0.586185 0.436075 0.473390 0.626134 0.494597 0.588852 0.553503 0.378216 0.435102 0.298945 0.355387 0.387572 0.261808 0.276371 0.418078 0.311129 0.245678 0.376203 0.541098 0.401125 0.515502 0.303872 0.459517 0.509757 0.508048 0.293937 0.301724 0.466214 0.453870 0.335529 0.326084 1.000000 0.253196 0.345442 0.351400 0.314399 0.491593 0.482742 0.420305 0.413409 0.321316 0.473256 0.274305 0.294520 0.333846 0.458182 0.275810 0.331933 0.469916 0.374715 0.301583 0.547616 0.281006 0.593154 0.572599 0.656947 0.427188 0.425011 0.489027 0.341731 0.384485 0.303978 0.337998 0.568454 0.604912 0.531753 0.266713 0.288957 0.390120 0.402717 0.343392 0.361655 0.433469 0.363070 0.397669 0.348314 0.280629 0.320937 0.214471 0.454696 0.302637 0.450183 0.301744 0.350583 0.335925 0.554409 0.426814 0.246047 0.379727 0.352503 0.452052 0.393192 0.424923 0.429240 0.405461 0.274951 0.387562 0.407047 0.622752 0.288126 0.386408 0.522940 0.521687 0.359170 0.398275 0.676692 0.309035 0.333169 0.443626 0.311838 0.256634 0.454402 0.419780 0.285931 0.363868 0.416372 0.253609 0.304882 0.362769 0.425333 0.323358 0.354730 0.380616 0.402054 0.329232 0.170521 0.370144 0.259371 0.318533 0.363943
0.413507 0.344433 0.394237 0.302229 0.453087 0.302587 0.346734 0.327699 0.393776 0.381750 0.486766 0.564585 0.352326 0.426438 0.365845 0.340475 0.345962 0.379049 0.333660 0.316028 0.394541 0.329234 0.447209 0.421989 0.392038 0.338699 0.322561 0.274988 0.404192 0.348239 0.412964 0.400742 0.253196 1.000000 0.379942 0.462996 0.445576 0.371388 0.467108 0.361678 0.404163 0.355572 0.329318 0.464528 0.289564 0.342109 0.389546 0.448283 0.479553 0.422943 0.379903 0.382544 0.352592 0.376476 0.333803 0.494171 0.413932 0.425608 0.346058 0.333963 0.402062 0.394992 0.407506 0.342538 0.365316 0.426549 0.391449 0.388465 0.378244 0.457446 0.347034 0.361588 0.312828 0.416323 0.370306 0.396965 0.498578 0.332642 0.399995 0.393894 0.307671 0.314454 0.418347 0.727008 0.601850 0.675643 0.358198 0.411760 0.534707 0.355106 0.440171 0.305366 0.411741 0.386998 0.283434 0.357972 0.399176 0.372770 0.430363 0.354885 0.351871 0.457971 0.371251 0.335871 0.358414 0.441312 0.316044 0.471647 0.332379 0.382447 0.415040 0.388242 0.426306 0.373258 0.364105 0.349270 0.399807 0.403044 0.396639 0.357821 0.373959 0.259017 0.325402 0.417497 0.395529 0.378882 0.560632 0.366568 0.398537 0.329621 0.407529
0.636002 0.368634 0.293645 0.498554 0.379772 0.461820 0.487812 0.332277 0.521003 0.382531 0.590865 0.404210 0.605151 0.554590 0.687141 0.523247 0.622960 0.661240 0.394665 0.361863 0.410934 0.495134 0.262223 0.472137 0.432614 0.410827 0.431158 0.314320 0.336127 0.372908 0.397491 0.576003 0.345442 0.379942 1.000000 0.527067 0.651423 0.371313 0.414702 0.420298 0.459774 0.427913 0.564673 0.507702 0.351414 0.398493 0.428344 0.253372 0.285094 0.416178 0.489760 0.788041 0.417764 0.683174 0.427536 0.326433 0.415387 0.663060 0.569290 0.298404 0.418047 0.303045 0.473601 0.359898 0.364707 0.407333 0.342632 0.626907 0.602141 0.328739 0.256898 0.420025 0.483784 0.419449 0.256012 0.467776 0.351240 0.245515 0.270429 0.401529 0.509473 0.309745 0.370212 0.344372 0.364676 0.356371 0.385666 0.328244 0.305425 0.303765 0.388566 0.350491 0.361579 0.431017 0.464277 0.378567 0.559125 0.435095 0.243805 0.388864 0.471664 0.305268 0.416401 0.406867 0.381872 0.637585 0.321859 0.246104 0.479763 0.447418 0.556509 0.412465 0.481735 0.509078 0.554458 0.524927 0.317387 0.311944 0.270055 0.336960 0.422192 0.594809 0.615995 0.404733 0.331786 0.241251 0.114330 0.406679 0.503807 0.309752 0.369882
0.704611 0.336593 0.375774 0.310653 0.517743 0.347301 0.445535 0.312052 0.620057 0.393313 0.802951 0.480871 0.643071 0.632207 0.645652 0.469280 0.683602 0.596089 0.374437 0.340454 0.404013 0.354658 0.256172 0.409927 0.403612 0.392749 0.291357 0.255806 0.458653 0.489409 0.468996 0.641340 0.351400 0.462996 0.527067 1.000000 0.698488 0.378399 0.514667 0.497419 0.569390 0.250772 0.453280 0.335787 0.333164 0.354200 0.377024 0.308968 0.285632 0.469825 0.688970 0.494543 0.404437 0.610478 0.371437 0.391260 0.420518 0.711451 0.665311 0.339247 0.457746 0.308208 0.606784 0.314433 0.445838 0.372865 0.254374 0.625982 0.657175 0.382857 0.281600 0.404975 0.425940 0.427693 0.371675 0.416755 0.492165 0.314667 0.403549 0.524378 0.463062 0.359194 0.454280 0.444797 0.401951 0.449873 0.336454 0.438360 0.364348 0.419010 0.543402 0.406076 0.463311 0.488826 0.369051 0.465424 0.534307 0.435652 0.264800 0.365969 0.325173 0.364414 0.277559 0.374254 0.595465 0.705673 0.331893 0.292978 0.311232 0.474021 0.594614 0.351634 0.477256 0.560096 0.598707 0.536248 0.472198 0.354971 0.392125 0.391979 0.468333 0.638176 0.620715 0.447839 0.270360 0.292509 0.286712 0.273409 0.666988 0.304392 0.402827
0.809587 0.367763 0.399319 0.428333 0.393276 0.425801 0.522529 0.440909 0.665349 0.440224 0.785355 0.453219 0.797506 0.759228 0.684282 0.450501 0.687546 0.729834 0.428688 0.465127 0.449877 0.488819 0.276097 0.466185 0.491828 0.415221 0.368179 0.358786 0.434726 0.475714 0.535260 0.761461 0.314399 0.445576 0.651423 0.698488 1.000000 0.460636 0.476479 0.455204 0.504479 0.342025 0.463912 0.400527 0.426559 0.395244 0.469502 0.303866 0.298844 0.486862 0.702542 0.703421 0.406375 0.681302 0.424771 0.471570 0.373222 0.725208 0.713961 0.344269 0.452950 0.334144 0.622097 0.344404 0.465018 0.463863 0.342413 0.830965 0.761647 0.412841 0.446007 0.431390 0.494681 0.467761 0.335885 0.408435 0.453642 0.267565 0.378749 0.557094 0.549915 0.436972 0.443445 0.511651 0.400389 0.441951 0.436163 0.436583 0.366440 0.367851 0.512112 0.374096 0.525376 0.544162 0.466666 0.508209 0.600780 0.482711 0.208267 0.453861 0.511479 0.364801 0.363068 0.400567 0.594644 0.655908 0.310460 0.288415 0.374560 0.425257 0.536735 0.512543 0.564291 0.558769 0.707689 0.539857 0.391595 0.348021 0.353425 0.368000 0.534483 0.712259 0.699144 0.454739 0.317466 0.345381 0.250575 0.399064 0.747757 0.411731 0.389842
0.367171 0.585464 0.414047 0.489600 0.448679 0.566743 0.674027 0.556667 0.474327 0.533356 0.410141 0.366386 0.502891 0.433284 0.399584 0.409811 0.401260 0.325906 0.391146 0.563937 0.530973 0.556954 0.324200 0.507455 0.491397 0.431760 0.245301 0.246906 0.529952 0.491556 0.347417 0.537622 0.491593 0.371388 0.371313 0.378399 0.460636 1.000000 0.499592 0.427593 0.467345 0.314792 0.553521 0.303724 0.358171 0.408044 0.556221 0.256452 0.345430 0.567001 0.509061 0.441634 0.544077 0.402087 0.624586 0.620469 0.476501 0.444440 0.495923 0.474618 0.500824 0.440558 0.452602 0.366816 0.647174 0.591276 0.569895 0.436797 0.386573 0.434428 0.442360 0.372093 0.469485 0.500789 0.458740 0.298159 0.500753 0.311068 0.402652 0.374250 0.570204 0.394833 0.501296 0.360751 0.377274 0.330125 0.691819 0.447486 0.237164 0.396050 0.467524 0.305575 0.305766 0.486064 0.545707 0.399650 0.360594 0.410019 0.276620 0.673243 0.364582 0.377113 0.467956 0.639277 0.408807 0.365033 0.597418 0.331055 0.509685 0.400748 0.397122 0.429406 0.506816 0.505671 0.515037 0.402627 0.392954 0.385429 0.340860 0.287280 0.453635 0.403440 0.514759 0.520223 0.365391 0.375097 0.224036 0.345917 0.364291 0.359248 0.396116
0.470920 0.656210 0.519389 0.444771 0.621730 0.430629 0.526886 0.576206 0.366864 0.570922 0.495816 0.531073 0.442276 0.458373 0.447933 0.464207 0.393805 0.365700 0.364297 0.557976 0.626994 0.462415 0.435447 0.577600 0.481433 0.373073 0.354077 0.400771 0.627053 0.621515 0.380591 0.465056 0.482742 0.467108 0.414702 0.514667 0.476479 0.499592 1.000000 0.451045 0.520359 0.400759 0.450881 0.369536 0.280523 0.408232 0.467650 0.429578 0.494333 0.602878 0.374145 0.432619 0.659609 0.437079 0.595761 0.494836 0.623107 0.505184 0.470819 0.556645 0.527209 0.440332 0.408137 0.357284 0.628038 0.639593 0.527294 0.455592 0.376608 0.584670 0.483346 0.426916 0.419280 0.472174 0.405399 0.340036 0.510878 0.302079 0.404136 0.408203 0.441191 0.441448 0.722254 0.467264 0.512017 0.498019 0.497764 0.441829 0.488644 0.749254 0.408296 0.517695 0.375106 0.382254 0.411022 0.416529 0.460675 0.320873 0.429782 0.503632 0.364647 0.363494 0.424596 0.584928 0.484689 0.450391 0.450992 0.439790 0.493965 0.561835 0.477211 0.358632 0.430311 0.458736 0.386177 0.415849 0.588175 0.458038 0.437831 0.386619 0.457479 0.414025 0.416621 0.500189 0.468486 0.417599 0.370005 0.457510 0.363856 0.359281 0.393434
0.389703 0.387104 0.364793 0.452020 0.444450 0.437476 0.438297 0.356768 0.444020 0.413718 0.474479 0.417999 0.549388 0.498282 0.575312 0.499663 0.549595 0.396402 0.396882 0.369770 0.349344 0.354694 0.366413 0.373231 0.470923 0.455567 0.375873 0.400629 0.466583 0.424110 0.370568 0.500920 0.420305 0.361678 0.420298 0.497419 0.455204 0.427593 0.451045 1.000000 0.886553 0.403717 0.451320 0.366198 0.333079 0.392759 0.306150 0.367322 0.486489 0.416877 0.515648 0.403548 0.378393 0.487163 0.396929 0.379391 0.445314 0.522012 0.451695 0.384409 0.482712 0.454972 0.548677 0.274306 0.409317 0.409719 0.440302 0.434043 0.381267 0.467650 0.416032 0.438356 0.481223 0.424931 0.503265 0.339027 0.477410 0.406539 0.415297 0.529816 0.536788 0.381642 0.353888 0.336890 0.288897 0.405863 0.317972 0.465057 0.316261 0.431156 0.400519 0.422793 0.495512 0.436844 0.472346 0.397483 0.403938 0.475858 0.488825 0.397198 0.430504 0.369278 0.424689 0.438932 0.578867 0.587796 0.340012 0.436281 0.420405 0.443326 0.415585 0.427761 0.429725 0.477854 0.545080 0.507967 0.428151 0.341423 0.359367 0.337712 0.453002 0.444539 0.495409 0.444604 0.394042 0.431600 0.336696 0.379666 0.410098 0.320583 0.501157
0.443828 0.375809 0.378126 0.475287 0.589032 0.455069 0.489588 0.393733 0.468838 0.477005 0.532542 0.482469 0.580641 0.509277 0.533882 0.517050 0.542763 0.443058 0.358450 0.379546 0.474904 0.450766 0.351910 0.441728 0.504205 0.453569 0.359238 0.393138 0.575578 0.490656 0.353099 0.529444 0.413409 0.404163 0.459774 0.569390 0.504479 0.467345 0.520359 0.886553 1.000000 0.407574 0.471754 0.391470 0.358349 0.391709 0.416663 0.366828 0.483867 0.509281 0.531734 0.428809 0.396483 0.480468 0.378820 0.416401 0.470422 0.610597 0.553260 0.473405 0.443217 0.390258 0.521472 0.264040 0.498373 0.393597 0.456303 0.460548 0.393159 0.481750 0.394600 0.438819 0.478094 0.453050 0.540347 0.382079 0.508521 0.416555 0.492932 0.537738 0.537420 0.379376 0.496582 0.383374 0.389213 0.439163 0.386363 0.555304 0.364740 0.525709 0.418896 0.428064 0.508725 0.428673 0.455252 0.403892 0.421653 0.447669 0.474558 0.454171 0.417792 0.368115 0.412596 0.437825 0.580981 0.629954 0.358653 0.430485 0.430103 0.509413 0.476995 0.465575 0.406735 0.534180 0.526954 0.506446 0.492450 0.409521 0.411733 0.396381 0.463548 0.479783 0.505747 0.500914 0.359478 0.432756 0.381103 0.392509 0.422397 0.318756 0.487981
0.322159 0.390250 0.388944 0.339219 0.376125 0.425639 0.352424 0.349004 0.219498 0.445920 0.329060 0.371041 0.335178 0.390191 0.327365 0.351685 0.261980 0.370656 0.338413 0.391713 0.379525 0.359900 0.283681 0.397453 0.368244 0.305633 0.468543 0.505412 0.400046 0.257732 0.268295 0.301291 0.321316 0.355572 0.427913 0.250772 0.342025 0.314792 0.400759 0.403717 0.407574 1.000000 0.435621 0.319566 0.424639 0.386973 0.388873 0.318259 0.351292 0.402602 0.249309 0.371670 0.350897 0.317401 0.372717 0.415774 0.391132 0.360005 0.350860 0.345748 0.358220 0.419658 0.288491 0.379187 0.378229 0.444911 0.401723 0.434370 0.357785 0.329680 0.416243 0.438358 0.339303 0.451544 0.312647 0.307301 0.358943 0.412628 0.399045 0.404346 0.306473 0.316227 0.390449 0.411073 0.292015 0.402745 0.300943 0.338542 0.271963 0.409898 0.314527 0.311884 0.427169 0.409532 0.379179 0.393809 0.465358 0.355325 0.318243 0.332965 0.417905 0.285739 0.379312 0.384017 0.376504 0.292509 0.284622 0.294628 0.471189 0.343162 0.472147 0.281703 0.318248 0.322989 0.322544 0.302721 0.319214 0.492700 0.407552 0.307440 0.393414 0.299372 0.276377 0.332637 0.464696 0.414160 0.202664 0.554758 0.305124 0.350117 0.347521
0.433749 0.522368 0.412925 0.397564 0.411906 0.778695 0.503700 0.438599 0.478216 0.543122 0.523384 0.320734 0.517236 0.468797 0.450722 0.535108 0.538544 0.580136 0.431358 0.511275 0.499094 0.408401 0.221195 0.397002 0.389483 0.402359 0.390086 0.327214 0.552298 0.488813 0.339403 0.498001 0.473256 0.329318 0.564673 0.453280 0.463912 0.553521 0.450881 0.451320 0.471754 0.435621 1.000000 0.407677 0.433623 0.479480 0.509288 0.236536 0.299674 0.585385 0.529211 0.474623 0.518876 0.518409 0.591631 0.420032 0.496375 0.491466 0.553490 0.376007 0.416899 0.379061 0.560886 0.477723 0.513661 0.515924 0.335416 0.490484 0.544861 0.384387 0.321300 0.587446 0.483583 0.457953 0.374483 0.475585 0.430800 0.356799 0.352216 0.394209 0.550609 0.467024 0.416992 0.338650 0.323096 0.361898 0.466455 0.419920 0.281365 0.395779 0.440860 0.383751 0.261821 0.515130 0.583291 0.387879 0.465835 0.430624 0.266873 0.467975 0.463901 0.349186 0.437656 0.509672 0.392640 0.501084 0.444295 0.239790 0.580988 0.410424 0.586344 0.391178 0.412523 0.676807 0.432732 0.386934 0.546894 0.352773 0.408335 0.408894 0.499048 0.559464 0.573437 0.417545 0.336355 0.304570 0.247363 0.377797 0.504297 0.376923 0.308958
0.391768 0.366286 0.252357 0.479132 0.223160 0.387585 0.385729 0.248408 0.208400 0.273936 0.402301 0.606895 0.270328 0.322100 0.453338 0.327222 0.389719 0.410534 0.419346 0.266260 0.342306 0.423558 0.367045 0.424256 0.366285 0.381388 0.338024 0.232618 0.288346 0.256488 0.509909 0.328602 0.274305 0.464528 0.507702 0.335787 0.400527 0.303724 0.369536 0.366198 0.391470 0.319566 0.407677 1.000000 0.306389 0.302925 0.245742 0.502594 0.380862 0.310787 0.334186 0.464124 0.383956 0.449806 0.339373 0.257026 0.318530 0.400543 0.308398 0.299216 0.232038 0.310350 0.285092 0.245058 0.306533 0.342657 0.262968 0.340195 0.336929 0.359461 0.240885 0.406481 0.304078 0.371186 0.425179 0.269249 0.406151 0.420209 0.349943 0.303475 0.335215 0.191631 0.344144 0.456908 0.550523 0.467503 0.349775 0.339538 0.595168 0.317244 0.468893 0.303202 0.306743 0.314632 0.362366 0.422260 0.289346 0.395863 0.345258 0.218798 0.320184 0.352760 0.216050 0.359276 0.261784 0.408989 0.316149 0.348320 0.381848 0.423533 0.446778 0.310984 0.336442 0.387203 0.375330 0.329257 0.293481 0.253431 0.336938 0.232428 0.290335 0.373559 0.313367 0.418471 0.262719 0.261391 0.368553 0.290687 0.300292 0.247574 0.420329
0.446342 0.285736 0.328434 0.279789 0.326856 0.451297 0.454296 0.318183 0.401678 0.290238 0.477324 0.325437 0.425669 0.417288 0.312157 0.362167 0.309232 0.384026 0.304253 0.423936 0.329345 0.394365 0.296203 0.314658 0.300826 0.359815 0.370394 0.465598 0.384132 0.240513 0.440042 0.403333 0.294520 0.289564 0.351414 0.333164 0.426559 0.358171 0.280523 0.333079 0.358349 0.424639 0.433623 0.306389 1.000000 0.645727 0.398164 0.401777 0.314882 0.357298 0.483451 0.444253 0.263731 0.387526 0.276908 0.362248 0.243375 0.379171 0.392438 0.370456 0.326221 0.491197 0.441545 0.321251 0.401066 0.377289 0.317579 0.351831 0.374159 0.350588 0.268841 0.357717 0.433707 0.384664 0.430222 0.238188 0.331580 0.370833 0.434740 0.407284 0.459212 0.346907 0.322407 0.388944 0.344178 0.409562 0.369746 0.277467 0.370851 0.244742 0.443699 0.300052 0.342392 0.467549 0.336616 0.374054 0.340668 0.358293 0.270582 0.377630 0.406542 0.275788 0.221580 0.269925 0.337182 0.378595 0.374753 0.378240 0.299781 0.262097 0.402014 0.296845 0.346384 0.460964 0.383641 0.361237 0.350904 0.462669 0.416442 0.449804 0.369360 0.437974 0.411365 0.318051 0.342261 0.381586 0.318203 0.390631 0.377508 0.376148 0.340299
0.370487 0.422280 0.363451 0.344554 0.395237 0.534232 0.369333 0.420376 0.480018 0.367174 0.439093 0.426093 0.477448 0.381502 0.309970 0.532818 0.326018 0.341630 0.340842 0.394005 0.404319 0.337828 0.422465 0.376389 0.386849 0.322635 0.385648 0.429253 0.382282 0.404625 0.424881 0.441258 0.333846 0.342109 0.398493 0.354200 0.395244 0.408044 0.408232 0.392759 0.391709 0.386973 0.479480 0.302925 0.645727 1.000000 0.318118 0.428842 0.419355 0.413752 0.449298 0.473992 0.388186 0.382167 0.420576 0.401656 0.435064 0.462480 0.388417 0.404183 0.371668 0.550352 0.418470 0.381198 0.443006 0.530653 0.371883 0.346019 0.364959 0.433054 0.293598 0.421649 0.396287 0.386584 0.389154 0.344945 0.417738 0.363226 0.373957 0.348384 0.457307 0.444350 0.406650 0.441034 0.380704 0.459000 0.417660 0.290046 0.447661 0.355948 0.442106 0.448811 0.321270 0.482745 0.352205 0.337789 0.359948 0.403147 0.377406 0.397613 0.425170 0.396309 0.346490 0.397956 0.346131 0.386665 0.368313 0.412820 0.337670 0.374010 0.356973 0.331142 0.388319 0.512030 0.365882 0.319853 0.405555 0.557310 0.497920 0.512565 0.401127 0.427390 0.553655 0.418863 0.395126 0.346374 0.367462 0.435789 0.352155 0.379061 0.355854
0.470648 0.505231 0.472388 0.328149 0.488593 0.537282 0.596710 0.528563 0.494196 0.811850 0.413845 0.426678 0.478042 0.473902 0.397147 0.426822 0.429591 0.389783 0.296128 0.562562 0.757411 0.571021 0.298018 0.473662 0.356209 0.408638 0.277813 0.261538 0.747268 0.477341 0.298979 0.533524 0.458182 0.389546 0.428344 0.377024 0.469502 0.556221 0.467650 0.306150 0.416663 0.388873 0.509288 0.245742 0.398164 0.318118 1.000000 0.216266 0.291396 0.742115 0.489124 0.486022 0.484074 0.376129 0.500506 0.540443 0.503706 0.463021 0.516158 0.441140 0.399464 0.344925 0.401656 0.522132 0.592502 0.472668 0.426284 0.473707 0.530325 0.388490 0.436258 0.253384 0.518483 0.434429 0.437496 0.403792 0.360518 0.288426 0.456492 0.387868 0.533105 0.421197 0.519647 0.422277 0.415586 0.445657 0.506625 0.462894 0.253023 0.432575 0.422613 0.401905 0.347551 0.394607 0.363560 0.381754 0.530463 0.269450 0.234483 0.582235 0.427569 0.376510 0.364388 0.511523 0.450635 0.415486 0.407695 0.279947 0.408928 0.397084 0.481898 0.382909 0.436587 0.500031 0.450035 0.370138 0.486292 0.303454 0.248200 0.317155 0.508756 0.404722 0.430080 0.412870 0.456144 0.363810 0.189077 0.349542 0.392824 0.483412 0.322021
0.337855 0.400356 0.365156 0.373929 0.349571 0.310092 0.343404 0.330797 0.238276 0.380202 0.319459 0.584555 0.281137 0.336984 0.337585 0.338995 0.248249 0.246691 0.387915 0.336661 0.386669 0.361943 0.503925 0.474816 0.404977 0.444121 0.379987 0.464933 0.372673 0.313680 0.500861 0.272067 0.275810 0.448283 0.253372 0.308968 0.303866 0.256452 0.429578 0.367322 0.366828 0.318259 0.236536 0.502594 0.401777 0.428842 0.216266 1.000000 0.596510 0.372177 0.281014 0.297803 0.346816 0.370873 0.322858 0.305271 0.391313 0.358653 0.276313 0.389672 0.369514 0.454678 0.300230 0.246418 0.344798 0.419266 0.373500 0.277754 0.213677 0.536094 0.298767 0.331554 0.329243 0.382487 0.423800 0.173393 0.524152 0.510900 0.401484 0.286751 0.313160 0.320525 0.425030 0.486858 0.498084 0.523345 0.330030 0.238237 0.744104 0.369543 0.339753 0.315930 0.433436 0.387272 0.315522 0.431677 0.352634 0.409299 0.538972 0.256360 0.322228 0.333515 0.325589 0.388052 0.298440 0.306814 0.287562 0.593162 0.281409 0.330434 0.323050 0.333045 0.336503 0.249357 0.293671 0.255273 0.360461 0.475762 0.489478 0.354970 0.323976 0.284962 0.248029 0.379777 0.374712 0.397088 0.550872 0.390304 0.242184 0.297550 0.417920
0.372408 0.456318 0.309920 0.403186 0.389219 0.387133 0.421221 0.445967 0.239854 0.408384 0.257335 0.420593 0.377980 0.291453 0.412880 0.403519 0.318567 0.298655 0.381309 0.380510 0.416871 0.379205 0.796226 0.477495 0.505001 0.491836 0.418538 0.492475 0.424737 0.359056 0.403366 0.341808 0.331933 0.479553 0.285094 0.285632 0.298844 0.345430 0.494333 0.486489 0.483867 0.351292 0.299674 0.380862 0.314882 0.419355 0.291396 0.596510 1.000000 0.375249 0.269673 0.354811 0.400823 0.366591 0.413057 0.438554 0.454677 0.331894 0.270042 0.452900 0.348071 0.450418 0.259147 0.243821 0.388167 0.450611 0.532207 0.276916 0.170002 0.515113 0.391932 0.376615 0.276112 0.467206 0.445640 0.325633 0.489884 0.499190 0.455448 0.339798 0.304758 0.384790 0.427066 0.488679 0.493957 0.474430 0.420710 0.386990 0.556106 0.466278 0.283079 0.338808 0.507861 0.377961 0.345158 0.415467 0.361051 0.422451 0.898869 0.379905 0.348390 0.417255 0.459457 0.422455 0.318276 0.320857 0.314098 0.856856 0.321687 0.368610 0.316118 0.436247 0.305227 0.290148 0.317295 0.296663 0.417399 0.437113 0.427218 0.387693 0.394286 0.263739 0.271795 0.402905 0.467271 0.484997 0.504867 0.456953 0.176903 0.286583 0.440369
0.477742 0.581377 0.486743 0.394142 0.562550 0.603880 0.572798 0.544050 0.448895 0.844254 0.495149 0.541320 0.464004 0.473253 0.400588 0.441342 0.444309 0.388913 0.389974 0.573223 0.798374 0.487911 0.400138 0.514189 0.468542 0.446313 0.401384 0.364087 0.859328 0.560707 0.388536 0.513171 0.469916 0.422943 0.416178 0.469825 0.486862 0.567001 0.602878 0.416877 0.509281 0.402602 0.585385 0.310787 0.357298 0.413752 0.742115 0.372177 0.375249 1.000000 0.453639 0.439016 0.545635 0.391000 0.573060 0.492364 0.591407 0.532509 0.542042 0.450097 0.387605 0.433113 0.444042 0.444987 0.626294 0.625860 0.471574 0.464807 0.504063 0.529152 0.380183 0.327527 0.456066 0.461741 0.447451 0.346357 0.511332 0.317033 0.425217 0.374934 0.489797 0.418024 0.584129 0.426506 0.497538 0.471231 0.518865 0.561037 0.426758 0.540236 0.436108 0.428608 0.430448 0.479961 0.385873 0.438641 0.489822 0.388113 0.343272 0.532745 0.418580 0.387953 0.439725 0.526882 0.452468 0.456595 0.476896 0.371750 0.422339 0.498209 0.510819 0.387489 0.449747 0.598079 0.466060 0.420377 0.653682 0.468844 0.449178 0.380060 0.561114 0.403041 0.437228 0.493707 0.419450 0.411116 0.359564 0.378651 0.411570 0.447034 0.378724
0.659328 0.351139 0.395042 0.301056 0.382079 0.480244 0.504554 0.418915 0.793312 0.430531 0.753966 0.365668 0.730149 0.673372 0.600638 0.474485 0.711089 0.631510 0.456812 0.499300 0.379372 0.440859 0.175772 0.368011 0.309216 0.493777 0.267077 0.249790 0.447030 0.575250 0.516738 0.711783 0.374715 0.379903 0.489760 0.688970 0.702542 0.509061 0.374145 0.515648 0.531734 0.249309 0.529211 0.334186 0.483451 0.449298 0.489124 0.281014 0.269673 0.453639 1.000000 0.559765 0.405146 0.599193 0.427008 0.438499 0.370117 0.671105 0.710655 0.355565 0.480621 0.353441 0.726473 0.397411 0.502698 0.435957 0.320824 0.640904 0.677861 0.451964 0.414347 0.400457 0.610340 0.530996 0.518843 0.393972 0.426306 0.376597 0.453984 0.615394 0.671521 0.425918 0.414845 0.413829 0.309655 0.437617 0.423426 0.401809 0.299892 0.317961 0.584006 0.364394 0.397976 0.586185 0.484157 0.547982 0.540420 0.516035 0.179499 0.425066 0.444054 0.444076 0.279124 0.458907 0.627981 0.688334 0.397438 0.276534 0.405263 0.411398 0.559875 0.390076 0.534696 0.610376 0.668478 0.555609 0.358849 0.300973 0.303139 0.391256 0.515062 0.690259 0.736922 0.418289 0.329921 0.365702 0.234368 0.329088 0.697329 0.474611 0.447162
0.664945 0.431395 0.294640 0.452842 0.368170 0.418255 0.589204 0.374011 0.562233 0.410719 0.605500 0.426055 0.664115 0.591121 0.683559 0.491132 0.581573 0.633875 0.403057 0.387464 0.468638 0.499210 0.380911 0.478974 0.413982 0.366182 0.375659 0.349523 0.395877 0.386263 0.434159 0.701383 0.301583 0.382544 0.788041 0.494543 0.703421 0.441634 0.432619 0.403548 0.428809 0.371670 0.474623 0.464124 0.444253 0.473992 0.486022 0.297803 0.354811 0.439016 0.559765 1.000000 0.418425 0.635488 0.476395 0.437128 0.409128 0.679034 0.556438 0.318569 0.478080 0.352493 0.504466 0.369873 0.409987 0.431377 0.376101 0.619786 0.589301 0.374231 0.343656 0.370160 0.541597 0.457218 0.301565 0.437043 0.349005 0.260381 0.315501 0.481366 0.581285 0.451239 0.408339 0.410159 0.393219 0.392594 0.498506 0.358354 0.336605 0.342162 0.411427 0.334892 0.408266 0.490975 0.463937 0.410974 0.602919 0.453282 0.278485 0.493019 0.497974 0.406804 0.413620 0.441654 0.454952 0.612535 0.310810 0.297565 0.455313 0.440697 0.536885 0.465564 0.600938 0.513795 0.611748 0.473059 0.341641 0.338039 0.268708 0.477712 0.439074 0.644417 0.633809 0.406814 0.419740 0.288322 0.217813 0.378766 0.546377 0.377355 0.305461
0.425182 0.816758 0.573752 0.486351 0.465185 0.452582 0.580065 0.584895 0.324574 0.564124 0.478701 0.477791 0.407976 0.393810 0.393477 0.453543 0.384464 0.294139 0.450705 0.584972 0.536633 0.511742 0.360600 0.615160 0.462724 0.445170 0.327330 0.347081 0.537592 0.533934 0.339215 0.383416 0.547616 0.352592 0.417764 0.404437 0.406375 0.544077 0.659609 0.378393 0.396483 0.350897 0.518876 0.383956 0.263731 0.388186 0.484074 0.346816 0.400823 0.545635 0.405146 0.418425 1.000000 0.399643 0.765579 0.529673 0.605911 0.429457 0.390561 0.423241 0.453620 0.363912 0.391898 0.354901 0.533400 0.673102 0.482383 0.381182 0.401435 0.417656 0.480407 0.319282 0.416039 0.435041 0.357416 0.457328 0.453017 0.324808 0.320203 0.366268 0.499806 0.385224 0.491235 0.347275 0.495413 0.350156 0.539270 0.423979 0.442491 0.452913 0.548373 0.634854 0.326172 0.482193 0.496562 0.428458 0.392357 0.384282 0.367792 0.552705 0.359163 0.398789 0.516786 0.854289 0.354979 0.400104 0.473469 0.286820 0.449130 0.475597 0.330783 0.319976 0.468508 0.618175 0.362933 0.375445 0.544691 0.322487 0.328509 0.373645 0.515349 0.324583 0.460273 0.446046 0.451412 0.330199 0.185081 0.383253 0.307106 0.369206 0.468542
0.707360 0.389216 0.339241 0.367031 0.331314 0.392584 0.495532 0.319901 0.571811 0.396109 0.642624 0.408456 0.633244 0.588283 0.813633 0.508352 0.624108 0.658551 0.484649 0.369362 0.387796 0.374791 0.299947 0.468303 0.422489 0.386822 0.384626 0.361924 0.381190 0.439446 0.517761 0.570715 0.281006 0.376476 0.683174 0.610478 0.681302 0.402087 0.437079 0.487163 0.480468 0.317401 0.518409 0.449806 0.387526 0.382167 0.376129 0.370873 0.366591 0.391000 0.599193 0.635488 0.399643 1.000000 0.440816 0.337027 0.402758 0.634722 0.577798 0.309615 0.459094 0.374613 0.572964 0.339514 0.365947 0.383076 0.328998 0.673517 0.646276 0.360335 0.326494 0.471740 0.512456 0.481431 0.367766 0.378373 0.443439 0.312632 0.336558 0.479396 0.594496 0.396971 0.383438 0.401174 0.329747 0.413785 0.316526 0.355201 0.333372 0.353710 0.469537 0.360170 0.443209 0.500779 0.525518 0.447808 0.636650 0.521108 0.290014 0.355289 0.427694 0.347543 0.310600 0.425035 0.479218 0.593690 0.229659 0.348662 0.425818 0.414876 0.526730 0.389700 0.468871 0.524146 0.565871 0.461856 0.326870 0.327578 0.304648 0.321621 0.424910 0.635947 0.595069 0.464337 0.333677 0.327293 0.182918 0.356463 0.611190 0.353862 0.349484
0.404219 0.903555 0.548898 0.521661 0.482569 0.499785 0.629553 0.606736 0.396982 0.554640 0.399545 0.409863 0.428284 0.379321 0.451973 0.445176 0.471108 0.344362 0.558603 0.590039 0.553610 0.506403 0.436357 0.505543 0.481858 0.479526 0.346468 0.321876 0.520013 0.580783 0.345396 0.525040 0.593154 0.333803 0.427536 0.371437 0.424771 0.624586 0.595761 0.396929 0.378820 0.372717 0.591631 0.339373 0.276908 0.420576 0.500506 0.322858 0.413057 0.573060 0.427008 0.476395 0.765579 0.440816 1.000000 0.549738 0.669054 0.455677 0.453315 0.444750 0.457856 0.398639 0.475815 0.429708 0.597773 0.736650 0.486594 0.398440 0.409553 0.410063 0.410572 0.424267 0.387259 0.522115 0.351611 0.445191 0.484241 0.362911 0.336610 0.269753 0.494515 0.435939 0.545471 0.339165 0.387784 0.332316 0.592449 0.438949 0.348754 0.409269 0.468114 0.416654 0.344506 0.486684 0.529891 0.480487 0.405821 0.476737 0.365999 0.621017 0.429664 0.450208 0.547066 0.815759 0.314384 0.406518 0.572034 0.333933 0.384806 0.460266 0.380273 0.379095 0.530144 0.499556 0.442354 0.391655 0.401787 0.347080 0.365465 0.405127 0.491815 0.421074 0.469723 0.467156 0.483961 0.328153 0.291901 0.368282 0.405242 0.455992 0.458553
0.401936 0.525869 0.448513 0.480531 0.636507 0.477028 0.621323 0.541570 0.422588 0.463900 0.366194 0.373960 0.466505 0.383392 0.343602 0.418755 0.372622 0.343706 0.397198 0.499271 0.469069 0.550466 0.426105 0.509770 0.506324 0.444374 0.314767 0.394916 0.476353 0.471759 0.380862 0.501897 0.572599 0.494171 0.326433 0.391260 0.471570 0.620469 0.494836 0.379391 0.416401 0.415774 0.420032 0.257026 0.362248 0.401656 0.540443 0.305271 0.438554 0.492364 0.438499 0.437128 0.529673 0.337027 0.549738 1.000000 0.516643 0.432408 0.472118 0.439060 0.384596 0.402175 0.362241 0.437828 0.531298 0.571534 0.532974 0.429739 0.447442 0.431176 0.646780 0.437421 0.379343 0.487635 0.328925 0.460603 0.451713 0.373105 0.500837 0.408337 0.473474 0.446048 0.467638 0.479555 0.406620 0.411009 0.768989 0.489229 0.284799 0.453682 0.432381 0.433758 0.442610 0.475781 0.516053 0.460159 0.436260 0.439384 0.425720 0.734674 0.362867 0.498614 0.462826 0.533546 0.462621 0.380672 0.578815 0.373575 0.402760 0.477717 0.366483 0.409146 0.510355 0.419640 0.402289 0.359927 0.436284 0.430821 0.368558 0.439245 0.523627 0.399321 0.409632 0.444797 0.471007 0.418410 0.256801 0.526649 0.375951 0.345725 0.444169
0.385222 0.700636 0.540514 0.423966 0.602636 0.493649 0.517098 0.487694 0.445732 0.568905 0.379372 0.512298 0.439895 0.332616 0.391956 0.456791 0.376492 0.310494 0.429000 0.466234 0.557856 0.409776 0.457221 0.544021 0.551756 0.452908 0.388082 0.374228 0.597954 0.585477 0.352912 0.415052 0.656947 0.413932 0.415387 0.420518 0.373222 0.476501 0.623107 0.445314 0.470422 0.391132 0.496375 0.318530 0.243375 0.435064 0.503706 0.391313 0.454677 0.591407 0.370117 0.409128 0.605911 0.402758 0.669054 0.516643 1.000000 0.529571 0.524316 0.531293 0.444806 0.429589 0.415391 0.468014 0.592778 0.691429 0.486064 0.360914 0.383556 0.487841 0.390789 0.383922 0.344110 0.456598 0.385445 0.432660 0.509011 0.345901 0.423569 0.261171 0.424929 0.381956 0.631287 0.479273 0.436014 0.444734 0.456590 0.488041 0.357974 0.551326 0.476573 0.508223 0.433019 0.414631 0.404940 0.422990 0.462337 0.442660 0.456566 0.533804 0.396459 0.493831 0.550735 0.601478 0.397091 0.415063 0.469177 0.386917 0.365177 0.461204 0.465104 0.308171 0.477543 0.440057 0.353420 0.370646 0.527669 0.433438 0.436510 0.435534 0.423517 0.402645 0.396367 0.517258 0.519696 0.397666 0.391793 0.382400 0.365852 0.404425 0.380972
0.699917 0.391936 0.352050 0.372588 0.533022 0.452990 0.494241 0.376895 0.662974 0.469040 0.741948 0.537442 0.749342 0.696667 0.621423 0.559695 0.657763 0.658270 0.477182 0.378890 0.498928 0.416785 0.327452 0.521391 0.552176 0.430623 0.312306 0.282554 0.495655 0.503245 0.560257 0.706936 0.427188 0.425608 0.663060 0.711451 0.725208 0.444440 0.505184 0.522012 0.610597 0.360005 0.491466 0.400543 0.379171 0.462480 0.463021 0.358653 0.331894 0.532509 0.671105 0.679034 0.429457 0.634722 0.455677 0.432408 0.529571 1.000000 0.775102 0.395328 0.406118 0.358283 0.612692 0.342188 0.509218 0.469734 0.339304 0.666664 0.640257 0.445856 0.361691 0.403481 0.509225 0.483976 0.392707 0.477488 0.551523 0.296111 0.391325 0.552208 0.559554 0.428521 0.532421 0.417188 0.418870 0.464694 0.450949 0.489479 0.387809 0.458176 0.557681 0.435642 0.515859 0.585456 0.465847 0.528811 0.539295 0.588727 0.305293 0.466565 0.427122 0.385830 0.393077 0.445423 0.587808 0.812997 0.376544 0.307470 0.399802 0.567602 0.565357 0.470220 0.586648 0.605519 0.628314 0.570642 0.466430 0.460323 0.445583 0.433349 0.549531 0.666490 0.711565 0.567495 0.355750 0.327845 0.285924 0.375784 0.625105 0.445123 0.404282
0.676419 0.377646 0.403418 0.364705 0.516216 0.520758 0.510222 0.472726 0.719305 0.468535 0.670086 0.427764 0.758279 0.692234 0.570171 0.496363 0.709661 0.678104 0.443579 0.476864 0.486797 0.459723 0.203195 0.478441 0.462748 0.436798 0.298570 0.287656 0.532544 0.585250 0.474278 0.708079 0.425011 0.346058 0.569290 0.665311 0.713961 0.495923 0.470819 0.451695 0.553260 0.350860 0.553490 0.308398 0.392438 0.388417 0.516158 0.276313 0.270042 0.542042 0.710655 0.556438 0.390561 0.577798 0.453315 0.472118 0.524316 0.775102 1.000000 0.456105 0.448660 0.374987 0.623161 0.453501 0.553257 0.491383 0.341637 0.710847 0.664965 0.430804 0.387462 0.484822 0.550530 0.534614 0.401203 0.397246 0.487689 0.336367 0.482649 0.541824 0.602620 0.454204 0.545469 0.377641 0.335974 0.403847 0.487728 0.461604 0.245135 0.471742 0.463216 0.363099 0.466024 0.479933 0.514382 0.533349 0.587415 0.525510 0.206150 0.472601 0.422373 0.391450 0.360799 0.446456 0.628736 0.675894 0.387984 0.264809 0.443227 0.454952 0.613978 0.425687 0.494439 0.489662 0.614720 0.571569 0.417893 0.435457 0.437392 0.441650 0.463409 0.760569 0.700828 0.501653 0.337086 0.351495 0.261237 0.381568 0.698775 0.395885 0.331703
0.315108 0.473080 0.398399 0.438507 0.515873 0.451732 0.454738 0.500100 0.394074 0.482660 0.310729 0.406409 0.369331 0.338284 0.312475 0.343413 0.331396 0.287724 0.364139 0.476904 0.493064 0.502273 0.386882 0.471190 0.478125 0.460654 0.259524 0.342108 0.525906 0.584675 0.365078 0.355488 0.489027 0.333963 0.298404 0.339247 0.344269 0.474618 0.556645 0.384409 0.473405 0.345748 0.376007 0.299216 0.370456 0.404183 0.441140 0.389672 0.452900 0.450097 0.355565 0.318569 0.423241 0.309615 0.444750 0.439060 0.531293 0.395328 0.456105 1.000000 0.369443 0.509031 0.325654 0.401242 0.741359 0.529878 0.517739 0.360871 0.274838 0.480355 0.455982 0.488862 0.398984 0.487159 0.517070 0.300055 0.475952 0.405466 0.522241 0.342616 0.415890 0.467459 0.678655 0.429063 0.448954 0.418746 0.481863 0.428430 0.337834 0.591442 0.355145 0.418631 0.347821 0.331492 0.306389 0.420029 0.389204 0.405568 0.409773 0.449652 0.317009 0.332097 0.404716 0.433480 0.414283 0.332126 0.438221 0.446399 0.307438 0.415799 0.438761 0.272627 0.396223 0.306053 0.330368 0.433586 0.464209 0.549405 0.378337 0.314387 0.415391 0.342676 0.347708 0.450851 0.409738 0.413487 0.443197 0.530841 0.328463 0.405181 0.461937
0.413521 0.445797 0.591801 0.385363 0.444743 0.323575 0.465784 0.461337 0.478855 0.437427 0.489121 0.316938 0.514387 0.588166 0.496625 0.474657 0.463823 0.458859 0.366113 0.494500 0.373238 0.400415 0.227062 0.478158 0.315602 0.364635 0.303505 0.437826 0.477853 0.441851 0.265185 0.511211 0.341731 0.402062 0.418047 0.457746 0.452950 0.500824 0.527209 0.482712 0.443217 0.358220 0.416899 0.232038 0.326221 0.371668 0.399464 0.369514 0.348071 0.387605 0.480621 0.478080 0.453620 0.459094 0.457856 0.384596 0.444806 0.406118 0.448660 0.369443 1.000000 0.422621 0.572288 0.422785 0.422318 0.455750 0.463171 0.511367 0.419829 0.521091 0.368225 0.404072 0.576866 0.452257 0.354980 0.360540 0.395705 0.300798 0.360402 0.537034 0.547570 0.554749 0.432114 0.430830 0.296972 0.451307 0.391450 0.254748 0.263098 0.411935 0.359367 0.356973 0.354402 0.406639 0.482630 0.388863 0.581754 0.362012 0.276558 0.424966 0.428291 0.356489 0.420996 0.547091 0.573858 0.405006 0.356424 0.279605 0.665545 0.301827 0.524506 0.373221 0.509781 0.400433 0.472749 0.376192 0.324826 0.352101 0.263755 0.404524 0.385107 0.443035 0.496457 0.380363 0.523018 0.416261 0.282523 0.364270 0.499944 0.323235 0.418009
0.310706 0.387326 0.394929 0.360275 0.363111 0.442660 0.431412 0.465348 0.405070 0.429032 0.291480 0.421015 0.379078 0.382811 0.364794 0.341038 0.358169 0.316387 0.361280 0.429154 0.390902 0.359035 0.458148 0.442395 0.412681 0.404218 0.377154 0.415953 0.395117 0.372161 0.361518 0.367863 0.384485 0.394992 0.303045 0.308208 0.334144 0.440558 0.440332 0.454972 0.390258 0.419658 0.379061 0.310350 0.491197 0.550352 0.344925 0.454678 0.450418 0.433113 0.353441 0.352493 0.363912 0.374613 0.398639 0.402175 0.429589 0.358283 0.374987 0.509031 0.422621 1.000000 0.357641 0.394256 0.503499 0.527546 0.633017 0.379459 0.292225 0.503017 0.406796 0.428225 0.443301 0.527258 0.467880 0.334537 0.353024 0.304501 0.340367 0.336601 0.436139 0.487479 0.426567 0.473101 0.452962 0.470284 0.400788 0.368784 0.335273 0.411306 0.401826 0.459143 0.416912 0.405063 0.327725 0.318965 0.458594 0.398870 0.430397 0.407363 0.328359 0.435105 0.455811 0.413303 0.343102 0.376619 0.382772 0.422511 0.364477 0.423477 0.406698 0.330689 0.394801 0.345331 0.336475 0.470186 0.416688 0.589291 0.387636 0.373848 0.341553 0.364282 0.329572 0.333559 0.436637 0.389498 0.355570 0.418430 0.290668 0.350881 0.367722
0.567223 0.439181 0.579338 0.326891 0.394719 0.422015 0.437607 0.437539 0.700506 0.422444 0.720995 0.343386 0.657805 0.744177 0.568866 0.486943 0.603281 0.634387 0.435983 0.514044 0.385557 0.334798 0.192591 0.321645 0.320051 0.391604 0.328681 0.310955 0.454160 0.488766 0.399363 0.653785 0.303978 0.407506 0.473601 0.606784 0.622097 0.452602 0.408137 0.548677 0.521472 0.288491 0.560886 0.285092 0.441545 0.418470 0.401656 0.300230 0.259147 0.444042 0.726473 0.504466 0.391898 0.572964 0.475815 0.362241 0.415391 0.612692 0.623161 0.325654 0.572288 0.357641 1.000000 0.467550 0.447046 0.495004 0.305043 0.583057 0.587254 0.465357 0.382343 0.463095 0.614402 0.408064 0.431077 0.334840 0.450686 0.291688 0.370689 0.609850 0.624266 0.466098 0.396139 0.404489 0.255164 0.485465 0.333043 0.326320 0.263480 0.297571 0.543947 0.354825 0.371916 0.465497 0.447049 0.423726 0.503861 0.451737 0.177290 0.396723 0.471979 0.383660 0.414770 0.487703 0.589413 0.681053 0.297569 0.241028 0.419919 0.343518 0.557057 0.404997 0.523142 0.519566 0.630959 0.518240 0.368911 0.335045 0.393455 0.382591 0.460481 0.602553 0.631116 0.440295 0.402101 0.386445 0.287709 0.334157 0.714990 0.453211 0.396454
0.338726 0.425356 0.542782 0.212591 0.361940 0.427795 0.395099 0.422398 0.452565 0.443242 0.325054 0.316844 0.337835 0.426331 0.330902 0.426916 0.351786 0.454333 0.334699 0.482699 0.428937 0.342152 0.257561 0.346775 0.293274 0.334790 0.346918 0.377851 0.457110 0.419512 0.251734 0.376173 0.337998 0.342538 0.359898 0.314433 0.344404 0.366816 0.357284 0.274306 0.264040 0.379187 0.477723 0.245058 0.321251 0.381198 0.522132 0.246418 0.243821 0.444987 0.397411 0.369873 0.354901 0.339514 0.429708 0.437828 0.468014 0.342188 0.453501 0.401242 0.422785 0.394256 0.467550 1.000000 0.426821 0.452765 0.353840 0.382417 0.480711 0.436092 0.353850 0.440425 0.435899 0.358967 0.349621 0.435858 0.347032 0.380371 0.498885 0.327418 0.420057 0.442982 0.406899 0.350629 0.280693 0.403389 0.362054 0.303297 0.235941 0.351760 0.357112 0.447773 0.227977 0.283458 0.326715 0.308137 0.450851 0.312200 0.191097 0.407512 0.442728 0.357624 0.317275 0.413468 0.389849 0.299353 0.306248 0.244497 0.403646 0.232668 0.453695 0.316441 0.413613 0.299098 0.348149 0.290096 0.373798 0.347028 0.398620 0.350482 0.462186 0.407442 0.411278 0.346103 0.540306 0.356570 0.209052 0.383743 0.452864 0.466721 0.299530
0.447088 0.568147 0.467510 0.438534 0.577860 0.580796 0.579971 0.632787 0.498368 0.615703 0.450226 0.415312 0.477142 0.449799 0.377087 0.419196 0.451003 0.392673 0.405022 0.623447 0.571159 0.579032 0.360217 0.508338 0.506182 0.503831 0.312635 0.313100 0.622027 0.685462 0.410779 0.498249 0.568454 0.365316 0.364707 0.445838 0.465018 0.647174 0.628038 0.409317 0.498373 0.378229 0.513661 0.306533 0.401066 0.443006 0.592502 0.344798 0.388167 0.626294 0.502698 0.409987 0.533400 0.365947 0.597773 0.531298 0.592778 0.509218 0.553257 0.741359 0.422318 0.503499 0.447046 0.426821 1.000000 0.649320 0.558453 0.454845 0.389686 0.533621 0.464569 0.408564 0.460477 0.489573 0.532345 0.354156 0.538062 0.382360 0.530086 0.359870 0.485969 0.450498 0.774824 0.357980 0.415038 0.395718 0.577403 0.534642 0.312802 0.515275 0.441459 0.422125 0.344179 0.451216 0.378561 0.499966 0.462958 0.440475 0.358637 0.557930 0.378922 0.372816 0.530928 0.548586 0.431951 0.438644 0.599614 0.381710 0.373789 0.485028 0.528958 0.324396 0.458254 0.460354 0.460789 0.406638 0.550080 0.479824 0.420753 0.363223 0.535518 0.441842 0.470539 0.483266 0.441767 0.412237 0.337882 0.464290 0.431120 0.444770 0.424898
0.407429 0.779170 0.549373 0.493549 0.534987 0.552465 0.565901 0.650190 0.476484 0.568607 0.433476 0.475129 0.471563 0.411352 0.398530 0.445387 0.380893 0.348096 0.516519 0.611716 0.563709 0.480339 0.458477 0.513135 0.517362 0.492615 0.400177 0.384198 0.548852 0.560833 0.408967 0.483501 0.604912 0.426549 0.407333 0.372865 0.463863 0.591276 0.639593 0.409719 0.393597 0.444911 0.515924 0.342657 0.377289 0.530653 0.472668 0.419266 0.450611 0.625860 0.435957 0.431377 0.673102 0.383076 0.736650 0.571534 0.691429 0.469734 0.491383 0.529878 0.455750 0.527546 0.495004 0.452765 0.649320 1.000000 0.571299 0.433818 0.433319 0.548204 0.478656 0.412127 0.462608 0.491290 0.437981 0.340802 0.549469 0.394867 0.415250 0.372406 0.541677 0.408484 0.563389 0.499150 0.447794 0.483162 0.540121 0.452154 0.469179 0.460694 0.472142 0.473861 0.388232 0.480298 0.448121 0.474670 0.434905 0.481622 0.395356 0.598854 0.398132 0.512382 0.576116 0.662211 0.397827 0.402985 0.552637 0.425005 0.400543 0.454726 0.358311 0.339581 0.523986 0.446218 0.448955 0.406800 0.486264 0.473251 0.476231 0.421886 0.491818 0.379364 0.448050 0.506203 0.537335 0.416828 0.338933 0.431292 0.419441 0.490740 0.424039
0.299037 0.495414 0.498711 0.500986 0.538929 0.394984 0.577641 0.612958 0.337967 0.492096 0.239142 0.369589 0.385166 0.312744 0.356737 0.400456 0.261222 0.264142 0.322798 0.587082 0.440240 0.537948 0.446406 0.538935 0.531336 0.447884 0.305835 0.417890 0.452348 0.406767 0.296128 0.337184 0.531753 0.391449 0.342632 0.254374 0.342413 0.569895 0.527294 0.440302 0.456303 0.401723 0.335416 0.262968 0.317579 0.371883 0.426284 0.373500 0.532207 0.471574 0.320824 0.376101 0.482383 0.328998 0.486594 0.532974 0.486064 0.339304 0.341637 0.517739 0.463171 0.633017 0.305043 0.353840 0.558453 0.571299 1.000000 0.334725 0.236292 0.516156 0.451741 0.335917 0.419668 0.510675 0.392760 0.354636 0.353752 0.335412 0.366733 0.364668 0.438342 0.390925 0.455217 0.423183 0.456539 0.383153 0.537305 0.390508 0.329739 0.408208 0.322920 0.410666 0.453503 0.378607 0.356952 0.323891 0.421919 0.397509 0.499963 0.635137 0.344192 0.419847 0.602050 0.514666 0.345628 0.320590 0.561437 0.463475 0.443983 0.391562 0.333158 0.341737 0.426943 0.347014 0.315599 0.358629 0.409492 0.439291 0.308477 0.318222 0.405742 0.236510 0.313153 0.346480 0.486919 0.439874 0.224590 0.427949 0.222771 0.303498 0.389619
0.708339 0.328016 0.373947 0.330225 0.317434 0.449486 0.430504 0.431341 0.638587 0.470410 0.698879 0.339192 0.769585 0.795142 0.684049 0.422457 0.720381 0.777304 0.456447 0.434715 0.433091 0.411361 0.222307 0.439072 0.381826 0.402795 0.328654 0.302126 0.407802 0.457476 0.484344 0.758543 0.266713 0.388465 0.626907 0.625982 0.830965 0.436797 0.455592 0.434043 0.460548 0.434370 0.490484 0.340195 0.351831 0.346019 0.473707 0.277754 0.276916 0.464807 0.640904 0.619786 0.381182 0.673517 0.398440 0.429739 0.360914 0.666664 0.710847 0.360871 0.511367 0.379459 0.583057 0.382417 0.454845 0.433818 0.334725 1.000000 0.819932 0.387475 0.495040 0.489878 0.536939 0.494797 0.330155 0.366805 0.417978 0.273791 0.372364 0.580355 0.530140 0.471628 0.442949 0.485883 0.345502 0.415333 0.397452 0.361271 0.276309 0.399297 0.463564 0.364897 0.481351 0.482097 0.464890 0.500108 0.737694 0.467845 0.186345 0.373382 0.433508 0.359133 0.316325 0.395979 0.640628 0.621597 0.245810 0.222823 0.497190 0.418586 0.621966 0.457718 0.501078 0.475378 0.684961 0.541877 0.376355 0.362008 0.267550 0.308441 0.517071 0.733781 0.649473 0.389774 0.346263 0.360373 0.202346 0.452453 0.773762 0.407901 0.380890
0.682412 0.369272 0.406985 0.265646 0.308667 0.503089 0.402413 0.339894 0.654866 0.489290 0.709989 0.349033 0.692808 0.653180 0.641188 0.440181 0.724588 0.730606 0.418698 0.380547 0.436344 0.333037 0.190590 0.364241 0.336927 0.330839 0.289714 0.248816 0.461374 0.422602 0.484097 0.685118 0.288957 0.378244 0.602141 0.657175 0.761647 0.386573 0.376608 0.381267 0.393159 0.357785 0.544861 0.336929 0.374159 0.364959 0.530325 0.213677 0.170002 0.504063 0.677861 0.589301 0.401435 0.646276 0.409553 0.447442 0.383556 0.640257 0.664965 0.274838 0.419829 0.292225 0.587254 0.480711 0.389686 0.433319 0.236292 0.819932 1.000000 0.335186 0.419436 0.446882 0.469278 0.430421 0.308094 0.413910 0.427518 0.322366 0.402068 0.553212 0.522533 0.381968 0.347428 0.466579 0.328088 0.398858 0.333912 0.356583 0.281695 0.330404 0.536875 0.429518 0.380781 0.475496 0.457805 0.447587 0.647745 0.408843 0.109532 0.360964 0.433139 0.362790 0.223536 0.389317 0.585434 0.585485 0.247407 0.173261 0.426342 0.334498 0.593573 0.420972 0.534708 0.563645 0.638213 0.477789 0.391405 0.275692 0.293504 0.345531 0.535718 0.730709 0.669404 0.414310 0.300721 0.269855 0.194853 0.410764 0.788398 0.464321 0.391327
0.391815 0.423558 0.466690 0.368796 0.458045 0.444594 0.416971 0.501969 0.410146 0.524699 0.412992 0.468443 0.412916 0.476648 0.387515 0.434970 0.383283 0.418112 0.434159 0.512997 0.499171 0.356621 0.414347 0.536117 0.442434 0.497972 0.433889 0.477273 0.557026 0.484438 0.488523 0.428890 0.390120 0.457446 0.328739 0.382857 0.412841 0.434428 0.584670 0.467650 0.481750 0.329680 0.384387 0.359461 0.350588 0.433054 0.388490 0.536094 0.515113 0.529152 0.451964 0.374231 0.417656 0.360335 0.410063 0.431176 0.487841 0.445856 0.430804 0.480355 0.521091 0.503017 0.465357 0.436092 0.533621 0.548204 0.516156 0.387475 0.335186 1.000000 0.448506 0.356777 0.463302 0.518605 0.580134 0.348671 0.493216 0.368939 0.496205 0.491141 0.431549 0.459590 0.477971 0.475852 0.494089 0.531073 0.410646 0.452541 0.465355 0.558556 0.470570 0.482212 0.354961 0.478735 0.394453 0.507570 0.469698 0.463804 0.444300 0.417298 0.456525 0.506399 0.454353 0.459679 0.493357 0.432016 0.423085 0.459240 0.436449 0.501957 0.458238 0.345662 0.486443 0.414238 0.456135 0.367846 0.549888 0.488917 0.427459 0.468323 0.521337 0.361979 0.402559 0.473720 0.544568 0.534080 0.483107 0.453013 0.379017 0.479645 0.499259
0.345303 0.431088 0.346603 0.334839 0.351232 0.414809 0.396148 0.400835 0.367334 0.457844 0.298455 0.295074 0.421416 0.421649 0.323505 0.361646 0.318266 0.286737 0.364979 0.434271 0.395932 0.401197 0.316076 0.401743 0.326823 0.434768 0.220977 0.295137 0.368620 0.363038 0.327585 0.430013 0.402717 0.347034 0.256898 0.281600 0.446007 0.442360 0.483346 0.416032 0.394600 0.416243 0.321300 0.240885 0.268841 0.293598 0.436258 0.298767 0.391932 0.380183 0.414347 0.343656 0.480407 0.326494 0.410572 0.646780 0.390789 0.361691 0.387462 0.455982 0.368225 0.406796 0.382343 0.353850 0.464569 0.478656 0.451741 0.495040 0.419436 0.448506 1.000000 0.455771 0.487746 0.481237 0.387617 0.434690 0.409870 0.334524 0.385657 0.493284 0.499930 0.529276 0.370022 0.402411 0.310234 0.314998 0.460513 0.416458 0.217774 0.470097 0.382510 0.471298 0.407063 0.425261 0.437131 0.448592 0.422064 0.356718 0.295049 0.496269 0.410579 0.389320 0.293567 0.493213 0.524878 0.341933 0.292305 0.326205 0.412570 0.388727 0.344612 0.366987 0.456659 0.349209 0.428877 0.360699 0.401387 0.353827 0.222156 0.304218 0.545943 0.350930 0.370231 0.296169 0.401635 0.388095 0.153637 0.595134 0.322344 0.424063 0.477134
0.350236 0.388305 0.410118 0.325137 0.370745 0.587079 0.310576 0.388741 0.449437 0.306750 0.364202 0.329077 0.422873 0.395054 0.435402 0.458400 0.435276 0.490850 0.463944 0.359567 0.314192 0.295086 0.330164 0.297764 0.355795 0.338778 0.324519 0.322469 0.353704 0.416059 0.383088 0.460959 0.343392 0.361588 0.420025 0.404975 0.431390 0.372093 0.426916 0.438356 0.438819 0.438358 0.587446 0.406481 0.357717 0.421649 0.253384 0.331554 0.376615 0.327527 0.400457 0.370160 0.319282 0.471740 0.424267 0.437421 0.383922 0.403481 0.484822 0.488862 0.404072 0.428225 0.463095 0.440425 0.408564 0.412127 0.335917 0.489878 0.446882 0.356777 0.455771 1.000000 0.346604 0.411210 0.385507 0.276755 0.409790 0.428497 0.419079 0.358744 0.395058 0.617010 0.408657 0.431980 0.352258 0.377528 0.389980 0.298240 0.291752 0.379598 0.381259 0.378648 0.326958 0.361140 0.512162 0.421811 0.406816 0.463158 0.307979 0.328172 0.389075 0.391258 0.288130 0.344161 0.413732 0.358877 0.346269 0.343552 0.454918 0.371115 0.540850 0.290254 0.342823 0.347152 0.441619 0.320620 0.355489 0.399108 0.356931 0.329729 0.319127 0.514985 0.431204 0.347250 0.315070 0.333309 0.403191 0.542340 0.455002 0.366980 0.411671
0.480895 0.393522 0.455478 0.338876 0.368013 0.395669 0.529417 0.448601 0.571068 0.518671 0.523752 0.314012 0.579652 0.601058 0.501777 0.462823 0.501021 0.489720 0.333210 0.539736 0.457921 0.445134 0.157504 0.394383 0.242329 0.478767 0.219895 0.306548 0.481798 0.387776 0.319767 0.552530 0.361655 0.312828 0.483784 0.425940 0.494681 0.469485 0.419280 0.481223 0.478094 0.339303 0.483583 0.304078 0.433707 0.396287 0.518483 0.329243 0.276112 0.456066 0.610340 0.541597 0.416039 0.512456 0.387259 0.379343 0.344110 0.509225 0.550530 0.398984 0.576866 0.443301 0.614402 0.435899 0.460477 0.462608 0.419668 0.536939 0.469278 0.463302 0.487746 0.346604 1.000000 0.509430 0.433962 0.327777 0.324594 0.269069 0.377967 0.668344 0.867488 0.554238 0.392346 0.346271 0.289055 0.451212 0.432282 0.262151 0.267777 0.345583 0.362873 0.375805 0.384832 0.473170 0.430218 0.403610 0.566497 0.324574 0.206425 0.463625 0.470154 0.310567 0.346353 0.476470 0.543178 0.568493 0.316142 0.255439 0.520024 0.341581 0.506011 0.405959 0.488286 0.492926 0.520069 0.484801 0.401960 0.293858 0.253798 0.399554 0.492659 0.515258 0.598584 0.350011 0.390724 0.392504 0.142057 0.392766 0.501562 0.447192 0.354220
0.437335 0.447807 0.374292 0.423828 0.408799 0.413108 0.533007 0.423298 0.477314 0.446258 0.428448 0.376627 0.504434 0.471093 0.472469 0.365806 0.501057 0.478817 0.476216 0.455245 0.423365 0.452170 0.348748 0.476848 0.357310 0.564999 0.333326 0.371019 0.432549 0.415935 0.424359 0.492835 0.433469 0.416323 0.419449 0.427693 0.467761 0.500789 0.472174 0.424931 0.453050 0.451544 0.457953 0.371186 0.384664 0.386584 0.434429 0.382487 0.467206 0.461741 0.530996 0.457218 0.435041 0.481431 0.522115 0.487635 0.456598 0.483976 0.534614 0.487159 0.452257 0.527258 0.408064 0.358967 0.489573 0.491290 0.510675 0.494797 0.430421 0.518605 0.481237 0.411210 0.509430 1.000000 0.479697 0.434528 0.380554 0.383710 0.417829 0.481400 0.515503 0.482743 0.442345 0.454182 0.422932 0.449477 0.484816 0.478178 0.347279 0.484801 0.460462 0.399651 0.435829 0.570409 0.427392 0.540523 0.558660 0.472562 0.380063 0.472944 0.504675 0.454309 0.369743 0.510082 0.434691 0.463784 0.401652 0.407224 0.451347 0.453836 0.504328 0.350228 0.492191 0.439390 0.441864 0.567874 0.399938 0.493050 0.314357 0.445797 0.490169 0.513219 0.465345 0.389712 0.458051 0.471074 0.275876 0.484986 0.422759 0.515691 0.502142
0.354807 0.378375 0.402625 0.307259 0.343338 0.470083 0.432589 0.407604 0.432204 0.467038 0.388381 0.373930 0.379528 0.401508 0.377998 0.417382 0.382433 0.348052 0.415769 0.461924 0.455362 0.419322 0.357364 0.396902 0.353619 0.531467 0.333021 0.288022 0.492311 0.410367 0.495982 0.390334 0.363070 0.370306 0.256012 0.371675 0.335885 0.458740 0.405399 0.503265 0.540347 0.312647 0.374483 0.425179 0.430222 0.389154 0.437496 0.423800 0.445640 0.447451 0.518843 0.301565 0.357416 0.367766 0.351611 0.328925 0.385445 0.392707 0.401203 0.517070 0.354980 0.467880 0.431077 0.349621 0.532345 0.437981 0.392760 0.330155 0.308094 0.580134 0.387617 0.385507 0.433962 0.479697 1.000000 0.262733 0.458155 0.438803 0.482746 0.458317 0.436704 0.413174 0.441589 0.451606 0.507351 0.453264 0.343723 0.480616 0.398088 0.428592 0.602833 0.427650 0.331631 0.434200 0.262850 0.532175 0.348366 0.409269 0.377985 0.360494 0.391664 0.411404 0.316483 0.372381 0.409434 0.435981 0.445751 0.463424 0.350368 0.348471 0.434732 0.331612 0.395646 0.403665 0.425351 0.388234 0.455570 0.366335 0.314711 0.300362 0.433881 0.335549 0.365324 0.406600 0.434779 0.484149 0.477276 0.402820 0.320463 0.458491 0.537864
0.379249 0.362375 0.339780 0.343099 0.416660 0.326639 0.387652 0.299221 0.309556 0.368476 0.377243 0.310981 0.446896 0.363185 0.349450 0.516101 0.431111 0.423871 0.348117 0.336012 0.335293 0.360885 0.302686 0.454657 0.379718 0.399854 0.229218 0.313078 0.332585 0.348883 0.264311 0.357039 0.397669 0.396965 0.467776 0.416755 0.408435 0.298159 0.340036 0.339027 0.382079 0.307301 0.475585 0.269249 0.238188 0.344945 0.403792 0.173393 0.325633 0.346357 0.393972 0.437043 0.457328 0.378373 0.445191 0.460603 0.432660 0.477488 0.397246 0.300055 0.360540 0.334537 0.334840 0.435858 0.354156 0.340802 0.354636 0.366805 0.413910 0.348671 0.434690 0.276755 0.327777 0.434528 0.262733 1.000000 0.307484 0.203167 0.233179 0.398201 0.356622 0.468403 0.342447 0.335105 0.406134 0.270161 0.385739 0.488651 0.207025 0.371394 0.387211 0.516724 0.391782 0.483451 0.375169 0.328579 0.426334 0.370648 0.341008 0.409963 0.472663 0.293982 0.426604 0.418312 0.363295 0.489364 0.324448 0.220483 0.378092 0.449044 0.396772 0.421747 0.463315 0.540723 0.261769 0.425110 0.430242 0.326090 0.265153 0.449900 0.555783 0.349291 0.460510 0.311592 0.431760 0.318759 0.120460 0.323633 0.363299 0.337409 0.393517
0.424018 0.511732 0.395497 0.406683 0.455673 0.472173 0.391903 0.394642 0.405519 0.467611 0.500175 0.550588 0.431857 0.466244 0.440107 0.384211 0.435735 0.368455 0.507188 0.400557 0.484735 0.353629 0.469800 0.465762 0.602497 0.482083 0.357523 0.352294 0.504585 0.477798 0.447272 0.433053 0.348314 0.498578 0.351240 0.492165 0.453642 0.500753 0.510878 0.477410 0.508521 0.358943 0.430800 0.406151 0.331580 0.417738 0.360518 0.524152 0.489884 0.511332 0.426306 0.349005 0.453017 0.443439 0.484241 0.451713 0.509011 0.551523 0.487689 0.475952 0.395705 0.353024 0.450686 0.347032 0.538062 0.549469 0.353752 0.417978 0.427518 0.493216 0.409870 0.409790 0.324594 0.380554 0.458155 0.307484 1.000000 0.550015 0.591722 0.351276 0.380879 0.330360 0.520210 0.436535 0.436541 0.467841 0.401571 0.414781 0.508516 0.446565 0.477971 0.372390 0.376151 0.461109 0.445839 0.500452 0.340305 0.535210 0.437882 0.430150 0.328606 0.357275 0.404698 0.504541 0.395564 0.411815 0.416996 0.501517 0.370904 0.401190 0.358095 0.457439 0.498122 0.416554 0.474944 0.340266 0.444796 0.473803 0.548297 0.333190 0.556595 0.399289 0.449423 0.618122 0.384829 0.386973 0.472241 0.503345 0.433340 0.396561 0.510346
0.322715 0.420277 0.349303 0.361594 0.288142 0.452093 0.363333 0.304613 0.298608 0.350465 0.303481 0.383271 0.296121 0.253779 0.334488 0.312461 0.327827 0.299539 0.446178 0.339533 0.356492 0.377731 0.487670 0.300304 0.416141 0.467030 0.306920 0.320796 0.414875 0.324598 0.389839 0.328342 0.280629 0.332642 0.245515 0.314667 0.267565 0.311068 0.302079 0.406539 0.416555 0.412628 0.356799 0.420209 0.370833 0.363226 0.288426 0.510900 0.499190 0.317033 0.376597 0.260381 0.324808 0.312632 0.362911 0.373105 0.345901 0.296111 0.336367 0.405466 0.300798 0.304501 0.291688 0.380371 0.382360 0.394867 0.335412 0.273791 0.322366 0.368939 0.334524 0.428497 0.269069 0.383710 0.438803 0.203167 0.550015 1.000000 0.749121 0.305319 0.335980 0.210429 0.339840 0.343613 0.335874 0.384258 0.367385 0.243017 0.547224 0.295924 0.327739 0.249250 0.357912 0.313625 0.364611 0.491237 0.267348 0.421679 0.411643 0.315706 0.322264 0.355902 0.255983 0.361525 0.329559 0.246946 0.280288 0.538582 0.301161 0.235751 0.289335 0.318215 0.269140 0.258717 0.325959 0.195448 0.281088 0.380038 0.469855 0.381232 0.347668 0.409815 0.298541 0.440960 0.354597 0.381298 0.407990 0.422838 0.288849 0.401657 0.466570
0.392226 0.382038 0.396433 0.356825 0.463952 0.468298 0.399717 0.392041 0.433767 0.460115 0.379653 0.409822 0.369678 0.372728 0.362141 0.318843 0.400944 0.363235 0.387404 0.402872 0.464719 0.430633 0.420973 0.390835 0.482444 0.459528 0.305275 0.388896 0.602178 0.423412 0.359681 0.422272 0.320937 0.399995 0.270429 0.403549 0.378749 0.402652 0.404136 0.415297 0.492932 0.399045 0.352216 0.349943 0.434740 0.373957 0.456492 0.401484 0.455448 0.425217 0.453984 0.315501 0.320203 0.336558 0.336610 0.500837 0.423569 0.391325 0.482649 0.522241 0.360402 0.340367 0.370689 0.498885 0.530086 0.415250 0.366733 0.372364 0.402068 0.496205 0.385657 0.419079 0.377967 0.417829 0.482746 0.233179 0.591722 0.749121 1.000000 0.405739 0.399830 0.301579 0.518534 0.379138 0.330661 0.448610 0.444205 0.365129 0.414072 0.423013 0.387554 0.291819 0.348764 0.321237 0.325654 0.458573 0.353497 0.395549 0.396549 0.424604 0.359691 0.404690 0.287940 0.367101 0.457771 0.324011 0.321589 0.488919 0.291281 0.346024 0.405138 0.364796 0.365912 0.313374 0.448725 0.292544 0.390241 0.471835 0.447413 0.430779 0.458484 0.466841 0.377147 0.555865 0.426527 0.465166 0.452738 0.503361 0.383284 0.400242 0.500715
0.509959 0.264928 0.406243 0.278544 0.358072 0.324623 0.407802 0.366439 0.524087 0.446211 0.575182 0.301359 0.637011 0.637334 0.519112 0.465570 0.517250 0.523967 0.316889 0.378444 0.343438 0.292010 0.188362 0.407011 0.285983 0.358920 0.248014 0.349669 0.448879 0.341289 0.424485 0.562078 0.214471 0.393894 0.401529 0.524378 0.557094 0.374250 0.408203 0.529816 0.537738 0.404346 0.394209 0.303475 0.407284 0.348384 0.387868 0.286751 0.339798 0.374934 0.615394 0.481366 0.366268 0.479396 0.269753 0.408337 0.261171 0.552208 0.541824 0.342616 0.537034 0.336601 0.609850 0.327418 0.359870 0.372406 0.364668 0.580355 0.553212 0.491141 0.493284 0.358744 0.668344 0.481400 0.458317 0.398201 0.351276 0.305319 0.405739 1.000000 0.599138 0.510052 0.325632 0.413740 0.338149 0.399083 0.340020 0.378225 0.271180 0.429158 0.460647 0.396296 0.447370 0.558478 0.418036 0.422324 0.577783 0.358930 0.286253 0.341393 0.459858 0.367204 0.317881 0.389834 0.750880 0.634030 0.229152 0.281669 0.496828 0.358871 0.546741 0.390199 0.507485 0.498745 0.531467 0.480532 0.425064 0.373766 0.308000 0.415355 0.520005 0.475766 0.567861 0.398957 0.418323 0.445601 0.240641 0.412129 0.565326 0.422931 0.445816
0.541795 0.503625 0.440407 0.421051 0.420475 0.479255 0.612898 0.468283 0.647184 0.488041 0.577178 0.358809 0.637014 0.548704 0.551367 0.511541 0.544850 0.505824 0.481092 0.532608 0.459315 0.505063 0.195388 0.403290 0.306052 0.455579 0.267699 0.302245 0.498940 0.474107 0.388915 0.595240 0.454696 0.307671 0.509473 0.463062 0.549915 0.570204 0.441191 0.536788 0.537420 0.306473 0.550609 0.335215 0.459212 0.457307 0.533105 0.313160 0.304758 0.489797 0.671521 0.581285 0.499806 0.594496 0.494515 0.473474 0.424929 0.559554 0.602620 0.415890 0.547570 0.436139 0.624266 0.420057 0.485969 0.541677 0.438342 0.530140 0.522533 0.431549 0.499930 0.395058 0.867488 0.515503 0.436704 0.356622 0.380879 0.335980 0.399830 0.599138 1.000000 0.485609 0.404415 0.378988 0.302743 0.459867 0.503201 0.294008 0.306587 0.362061 0.436647 0.409829 0.383688 0.509940 0.604449 0.458365 0.515353 0.455698 0.235728 0.561138 0.409305 0.408898 0.330274 0.564633 0.558428 0.581681 0.371341 0.283415 0.545884 0.355778 0.473738 0.369461 0.520422 0.589615 0.557997 0.492171 0.391998 0.280003 0.315041 0.460487 0.473313 0.592191 0.667575 0.472922 0.376421 0.361841 0.161874 0.364856 0.533523 0.422758 0.405841
0.370678 0.376808 0.433300 0.229685 0.347024 0.442347 0.399625 0.438933 0.460180 0.460490 0.356718 0.268054 0.510188 0.491595 0.406782 0.492689 0.436974 0.426064 0.385379 0.458992 0.398728 0.272701 0.303718 0.387481 0.255194 0.368509 0.206227 0.375641 0.436901 0.429825 0.327216 0.536416 0.302637 0.314454 0.309745 0.359194 0.436972 0.394833 0.441448 0.381642 0.379376 0.316227 0.467024 0.191631 0.346907 0.444350 0.421197 0.320525 0.384790 0.418024 0.425918 0.451239 0.385224 0.396971 0.435939 0.446048 0.381956 0.428521 0.454204 0.467459 0.554749 0.487479 0.466098 0.442982 0.450498 0.408484 0.390925 0.471628 0.381968 0.459590 0.529276 0.617010 0.554238 0.482743 0.413174 0.468403 0.330360 0.210429 0.301579 0.510052 0.485609 1.000000 0.446079 0.411123 0.356212 0.340691 0.411607 0.418208 0.209104 0.445479 0.385473 0.445967 0.382949 0.458566 0.381286 0.354918 0.579297 0.365537 0.297306 0.412784 0.522533 0.384548 0.335947 0.424246 0.475438 0.413485 0.305708 0.283516 0.457238 0.380510 0.530037 0.358974 0.472169 0.438440 0.443132 0.354239 0.482894 0.422568 0.244579 0.435903 0.476401 0.421480 0.476186 0.257632 0.463404 0.412890 0.353678 0.465714 0.462272 0.442920 0.348296
0.459478 0.547712 0.470221 0.413927 0.602639 0.449251 0.501126 0.540846 0.415233 0.545501 0.448224 0.481631 0.436634 0.431275 0.384904 0.400592 0.425661 0.382116 0.350166 0.483962 0.591105 0.516205 0.378495 0.529330 0.446869 0.419832 0.282051 0.327534 0.602140 0.759350 0.394715 0.483429 0.450183 0.418347 0.370212 0.454280 0.443445 0.501296 0.722254 0.353888 0.496582 0.390449 0.416992 0.344144 0.322407 0.406650 0.519647 0.425030 0.427066 0.584129 0.414845 0.408339 0.491235 0.383438 0.545471 0.467638 0.631287 0.532421 0.545469 0.678655 0.432114 0.426567 0.396139 0.406899 0.774824 0.563389 0.455217 0.442949 0.347428 0.477971 0.370022 0.408657 0.392346 0.442345 0.441589 0.342447 0.520210 0.339840 0.518534 0.325632 0.404415 0.446079 1.000000 0.415751 0.438279 0.452757 0.502185 0.498376 0.364448 0.676947 0.370312 0.393164 0.381837 0.365418 0.334310 0.439357 0.509843 0.371547 0.389019 0.434973 0.354504 0.350542 0.403449 0.524570 0.446108 0.436798 0.444122 0.389784 0.394226 0.506543 0.545884 0.328768 0.380937 0.358902 0.386463 0.383434 0.465170 0.521022 0.463248 0.339588 0.440283 0.461506 0.434124 0.509635 0.442775 0.355973 0.416141 0.398038 0.422455 0.359564 0.362089
0.424153 0.399541 0.427624 0.290994 0.413383 0.349229 0.327375 0.347374 0.445851 0.394224 0.481676 0.546559 0.441593 0.413938 0.414558 0.419029 0.357553 0.420648 0.369978 0.349685 0.443321 0.342306 0.432376 0.424577 0.426958 0.342213 0.323792 0.347292 0.421270 0.362738 0.440777 0.447015 0.301744 0.727008 0.344372 0.444797 0.511651 0.360751 0.467264 0.336890 0.383374 0.411073 0.338650 0.456908 0.388944 0.441034 0.422277 0.486858 0.488679 0.426506 0.413829 0.410159 0.347275 0.401174 0.339165 0.479555 0.479273 0.417188 0.377641 0.429063 0.430830 0.473101 0.404489 0.350629 0.357980 0.499150 0.423183 0.485883 0.466579 0.475852 0.402411 0.431980 0.346271 0.454182 0.451606 0.335105 0.436535 0.343613 0.379138 0.413740 0.378988 0.411123 0.415751 1.000000 0.647686 0.807970 0.324413 0.390697 0.543376 0.406153 0.506300 0.407276 0.460429 0.423020 0.296007 0.403822 0.511671 0.368106 0.395237 0.364460 0.360869 0.536435 0.290214 0.359462 0.407904 0.373251 0.268700 0.444183 0.321094 0.348299 0.481492 0.347676 0.440166 0.356601 0.390566 0.393999 0.387986 0.443829 0.384716 0.397293 0.384770 0.358004 0.335085 0.383095 0.444711 0.402839 0.575960 0.424805 0.503376 0.413412 0.471802
0.377452 0.434189 0.387515 0.294237 0.383883 0.360027 0.428243 0.381736 0.251366 0.439821 0.418120 0.632383 0.337462 0.331493 0.365390 0.348798 0.302376 0.329534 0.339987 0.374238 0.493277 0.420666 0.541963 0.526345 0.424945 0.373261 0.359846 0.312478 0.451737 0.383557 0.442969 0.351559 0.350583 0.601850 0.364676 0.401951 0.400389 0.377274 0.512017 0.288897 0.389213 0.292015 0.323096 0.550523 0.344178 0.380704 0.415586 0.498084 0.493957 0.497538 0.309655 0.393219 0.495413 0.329747 0.387784 0.406620 0.436014 0.418870 0.335974 0.448954 0.296972 0.452962 0.255164 0.280693 0.415038 0.447794 0.456539 0.345502 0.328088 0.494089 0.310234 0.352258 0.289055 0.422932 0.507351 0.406134 0.436541 0.335874 0.330661 0.338149 0.302743 0.356212 0.438279 0.647686 1.000000 0.572004 0.457667 0.444054 0.640462 0.419106 0.536642 0.507617 0.384177 0.406173 0.255386 0.380107 0.334689 0.343813 0.480841 0.379052 0.276496 0.391382 0.348692 0.393294 0.274399 0.422336 0.435879 0.465105 0.309078 0.490932 0.392209 0.353986 0.408822 0.423560 0.313219 0.342903 0.477704 0.365402 0.337418 0.318239 0.338823 0.216295 0.275696 0.389186 0.415367 0.335082 0.549345 0.339908 0.280556 0.358630 0.390109
0.448134 0.396757 0.443511 0.319525 0.474811 0.326273 0.347261 0.345065 0.466649 0.434348 0.545410 0.632994 0.412750 0.503964 0.409655 0.428194 0.369809 0.458280 0.382778 0.379069 0.489787 0.398804 0.418048 0.432317 0.411407 0.340860 0.359530 0.343452 0.499492 0.403317 0.472733 0.421637 0.335925 0.675643 0.356371 0.449873 0.441951 0.330125 0.498019 0.405863 0.439163 0.402745 0.361898 0.467503 0.409562 0.459000 0.445657 0.523345 0.474430 0.471231 0.437617 0.392594 0.350156 0.413785 0.332316 0.411009 0.444734 0.464694 0.403847 0.418746 0.451307 0.470284 0.485465 0.403389 0.395718 0.483162 0.383153 0.415333 0.398858 0.531073 0.314998 0.377528 0.451212 0.449477 0.453264 0.270161 0.467841 0.384258 0.448610 0.399083 0.459867 0.340691 0.452757 0.807970 0.572004 1.000000 0.349720 0.322090 0.573375 0.411163 0.454129 0.406991 0.403112 0.379413 0.289434 0.461156 0.432693 0.395530 0.408454 0.348705 0.287721 0.443691 0.314827 0.368651 0.411978 0.452786 0.279796 0.462585 0.345046 0.345676 0.417774 0.301225 0.391528 0.366450 0.359884 0.414867 0.440794 0.431406 0.501864 0.393264 0.395235 0.380013 0.374563 0.466027 0.491987 0.383070 0.514446 0.378080 0.463643 0.476498 0.419512
0.405854 0.554201 0.407905 0.565419 0.589223 0.513273 0.722318 0.570755 0.375610 0.459045 0.350618 0.365125 0.455312 0.388503 0.326853 0.398561 0.383285 0.363386 0.377501 0.520278 0.554206 0.695730 0.444882 0.575393 0.535731 0.467947 0.285081 0.355418 0.500855 0.483882 0.414588 0.527456 0.554409 0.358198 0.385666 0.336454 0.436163 0.691819 0.497764 0.317972 0.386363 0.300943 0.466455 0.349775 0.369746 0.417660 0.506625 0.330030 0.420710 0.518865 0.423426 0.498506 0.539270 0.316526 0.592449 0.768989 0.456590 0.450949 0.487728 0.481863 0.391450 0.400788 0.333043 0.362054 0.577403 0.540121 0.537305 0.397452 0.333912 0.410646 0.460513 0.389980 0.432282 0.484816 0.343723 0.385739 0.401571 0.367385 0.444205 0.340020 0.503201 0.411607 0.502185 0.324413 0.457667 0.349720 1.000000 0.398656 0.329181 0.404201 0.385259 0.350263 0.365413 0.434275 0.501519 0.462077 0.331513 0.395385 0.417437 0.717177 0.292657 0.380399 0.501591 0.543845 0.365411 0.403518 0.634150 0.360140 0.428647 0.503330 0.342778 0.409865 0.446423 0.422980 0.362617 0.372053 0.392850 0.399004 0.372604 0.444522 0.444064 0.435999 0.410532 0.488887 0.392319 0.326715 0.270189 0.425129 0.304488 0.316533 0.356348
0.393816 0.377320 0.279521 0.322316 0.495310 0.422492 0.442249 0.367135 0.309267 0.467037 0.390115 0.418372 0.394654 0.356746 0.385185 0.400812 0.405284 0.366824 0.315043 0.391571 0.451171 0.335005 0.393317 0.430404 0.410987 0.399151 0.302786 0.288008 0.502584 0.430712 0.399058 0.452444 0.426814 0.411760 0.328244 0.438360 0.436583 0.447486 0.441829 0.465057 0.555304 0.338542 0.419920 0.339538 0.277467 0.290046 0.462894 0.238237 0.386990 0.561037 0.401809 0.358354 0.423979 0.355201 0.438949 0.489229 0.488041 0.489479 0.461604 0.428430 0.254748 0.368784 0.326320 0.303297 0.534642 0.452154 0.390508 0.361271 0.356583 0.452541 0.416458 0.298240 0.262151 0.478178 0.480616 0.488651 0.414781 0.243017 0.365129 0.378225 0.294008 0.418208 0.498376 0.390697 0.444054 0.322090 0.398656 1.000000 0.266530 0.517073 0.447946 0.464951 0.424056 0.508201 0.318150 0.421481 0.452809 0.391515 0.395178 0.428213 0.426620 0.407204 0.386591 0.408185 0.362293 0.481017 0.404341 0.316413 0.315493 0.581180 0.408137 0.319434 0.423293 0.442311 0.457561 0.419189 0.481750 0.439373 0.306416 0.315350 0.497565 0.330571 0.309787 0.339071 0.387545 0.407052 0.334510 0.342057 0.350782 0.341617 0.358793
0.364809 0.456145 0.348093 0.283508 0.329311 0.323143 0.309092 0.347184 0.214361 0.377228 0.431278 0.690032 0.286568 0.317114 0.311068 0.307713 0.228239 0.303822 0.417630 0.335600 0.439883 0.315182 0.527830 0.378515 0.378295 0.407079 0.339476 0.336774 0.413312 0.318383 0.506492 0.279238 0.246047 0.534707 0.305425 0.364348 0.366440 0.237164 0.488644 0.316261 0.364740 0.271963 0.281365 0.595168 0.370851 0.447661 0.253023 0.744104 0.556106 0.426758 0.299892 0.336605 0.442491 0.333372 0.348754 0.284799 0.357974 0.387809 0.245135 0.337834 0.263098 0.335273 0.263480 0.235941 0.312802 0.469179 0.329739 0.276309 0.281695 0.465355 0.217774 0.291752 0.267777 0.347279 0.398088 0.207025 0.508516 0.547224 0.414072 0.271180 0.306587 0.209104 0.364448 0.543376 0.640462 0.573375 0.329181 0.266530 1.000000 0.335069 0.416838 0.360202 0.382712 0.364890 0.254709 0.408021 0.248289 0.395880 0.500263 0.260730 0.277410 0.374361 0.263574 0.350656 0.231139 0.342553 0.282691 0.596750 0.244557 0.369912 0.251504 0.342822 0.301223 0.395554 0.276159 0.220528 0.435689 0.373726 0.477534 0.386498 0.342293 0.262668 0.282389 0.385944 0.333724 0.362579 0.542298 0.325850 0.244821 0.355559 0.385292
0.374222 0.464758 0.389516 0.366527 0.544638 0.401600 0.408244 0.416995 0.313783 0.528468 0.349091 0.464206 0.404601 0.385151 0.371975 0.408246 0.367965 0.337679 0.309918 0.389150 0.564222 0.361535 0.373482 0.525531 0.383128 0.312720 0.277177 0.369276 0.612358 0.558844 0.378789 0.391109 0.379727 0.355106 0.303765 0.419010 0.367851 0.396050 0.749254 0.431156 0.525709 0.409898 0.395779 0.317244 0.244742 0.355948 0.432575 0.369543 0.466278 0.540236 0.317961 0.342162 0.452913 0.353710 0.409269 0.453682 0.551326 0.458176 0.471742 0.591442 0.411935 0.411306 0.297571 0.351760 0.515275 0.460694 0.408208 0.399297 0.330404 0.558556 0.470097 0.379598 0.345583 0.484801 0.428592 0.371394 0.446565 0.295924 0.423013 0.429158 0.362061 0.445479 0.676947 0.406153 0.419106 0.411163 0.404201 0.517073 0.335069 1.000000 0.337661 0.492954 0.339636 0.340570 0.359965 0.381493 0.480127 0.320582 0.410321 0.386475 0.354441 0.372182 0.302469 0.458410 0.529560 0.378764 0.296096 0.371719 0.489111 0.534162 0.470015 0.305220 0.325019 0.355638 0.332644 0.373567 0.554090 0.493417 0.401907 0.422186 0.432446 0.419445 0.353219 0.466227 0.417316 0.419411 0.372359 0.395356 0.320818 0.312063 0.360338
0.493059 0.480627 0.504071 0.345559 0.358140 0.434984 0.469376 0.395557 0.489415 0.433704 0.627203 0.459990 0.459420 0.508995 0.450580 0.433214 0.473908 0.450174 0.490062 0.445677 0.424088 0.390552 0.271798 0.521341 0.453536 0.405819 0.323872 0.318916 0.410277 0.392959 0.513487 0.474625 0.352503 0.440171 0.388566 0.543402 0.512112 0.467524 0.408296 0.400519 0.418896 0.314527 0.440860 0.468893 0.443699 0.442106 0.422613 0.339753 0.283079 0.436108 0.584006 0.411427 0.548373 0.469537 0.468114 0.432381 0.476573 0.557681 0.463216 0.355145 0.359367 0.401826 0.543947 0.357112 0.441459 0.472142 0.322920 0.463564 0.536875 0.470570 0.382510 0.381259 0.362873 0.460462 0.602833 0.387211 0.477971 0.327739 0.387554 0.460647 0.436647 0.385473 0.370312 0.506300 0.536642 0.454129 0.385259 0.447946 0.416838 0.337661 1.000000 0.562400 0.357537 0.542877 0.391108 0.507713 0.410765 0.461186 0.216025 0.404848 0.423074 0.494255 0.323103 0.503008 0.402111 0.532427 0.423111 0.271863 0.381793 0.449314 0.464150 0.293012 0.458378 0.602535 0.472006 0.427171 0.462044 0.396574 0.359371 0.338033 0.506861 0.439396 0.477216 0.528086 0.414306 0.394542 0.339141 0.361062 0.488855 0.431534 0.482559
0.354848 0.498505 0.498731 0.296353 0.418973 0.406000 0.344182 0.373750 0.343708 0.460938 0.423458 0.468821 0.395942 0.385773 0.325232 0.547188 0.335106 0.344883 0.356548 0.421524 0.457662 0.329409 0.343143 0.519779 0.444709 0.419192 0.358671 0.405399 0.453948 0.403819 0.350601 0.296928 0.452052 0.305366 0.350491 0.406076 0.374096 0.305575 0.517695 0.422793 0.428064 0.311884 0.383751 0.303202 0.300052 0.448811 0.401905 0.315930 0.338808 0.428608 0.364394 0.334892 0.634854 0.360170 0.416654 0.433758 0.508223 0.435642 0.363099 0.418631 0.356973 0.459143 0.354825 0.447773 0.422125 0.473861 0.410666 0.364897 0.429518 0.482212 0.471298 0.378648 0.375805 0.399651 0.427650 0.516724 0.372390 0.249250 0.291819 0.396296 0.409829 0.445967 0.393164 0.407276 0.507617 0.406991 0.350263 0.464951 0.360202 0.492954 0.562400 1.000000 0.337635 0.396799 0.343980 0.398089 0.420571 0.341123 0.337399 0.362018 0.391796 0.362555 0.382336 0.519293 0.396309 0.426114 0.304099 0.247997 0.405875 0.439805 0.339813 0.297930 0.409092 0.517089 0.295798 0.359175 0.615470 0.382261 0.330161 0.395127 0.488254 0.361124 0.406008 0.392152 0.469779 0.389345 0.183763 0.424538 0.335338 0.441510 0.395818
0.506624 0.356391 0.368760 0.368236 0.400488 0.296971 0.463635 0.371865 0.350880 0.438159 0.426881 0.422165 0.519634 0.437421 0.474772 0.330564 0.403959 0.392501 0.419971 0.425728 0.386894 0.371895 0.452690 0.464197 0.512631 0.441556 0.365893 0.468729 0.411991 0.320171 0.412914 0.430622 0.393192 0.411741 0.361579 0.463311 0.525376 0.305766 0.375106 0.495512 0.508725 0.427169 0.261821 0.306743 0.342392 0.321270 0.347551 0.433436 0.507861 0.430448 0.397976 0.408266 0.326172 0.443209 0.344506 0.442610 0.433019 0.515859 0.466024 0.347821 0.354402 0.416912 0.371916 0.227977 0.344179 0.388232 0.453503 0.481351 0.380781 0.354961 0.407063 0.326958 0.384832 0.435829 0.331631 0.391782 0.376151 0.357912 0.348764 0.447370 0.383688 0.382949 0.381837 0.460429 0.384177 0.403112 0.365413 0.424056 0.382712 0.339636 0.357537 0.337635 1.000000 0.519739 0.349974 0.450535 0.430727 0.450764 0.477898 0.399266 0.412865 0.370242 0.431840 0.354727 0.486360 0.495805 0.312415 0.490894 0.264625 0.407337 0.384218 0.413003 0.397485 0.376920 0.377717 0.443255 0.338764 0.410515 0.409608 0.332585 0.512109 0.391243 0.347577 0.342495 0.390962 0.491151 0.253870 0.393993 0.409398 0.341532 0.403535
0.508292 0.420864 0.289876 0.327088 0.384832 0.436483 0.494267 0.317340 0.427375 0.418386 0.542819 0.386013 0.544137 0.470147 0.492970 0.519780 0.439218 0.429937 0.504969 0.407826 0.338866 0.338930 0.318019 0.472717 0.441410 0.494209 0.365157 0.408420 0.418046 0.366194 0.552037 0.505881 0.424923 0.386998 0.431017 0.488826 0.544162 0.486064 0.382254 0.436844 0.428673 0.409532 0.515130 0.314632 0.467549 0.482745 0.394607 0.387272 0.377961 0.479961 0.586185 0.490975 0.482193 0.500779 0.486684 0.475781 0.414631 0.585456 0.479933 0.331492 0.406639 0.405063 0.465497 0.283458 0.451216 0.480298 0.378607 0.482097 0.475496 0.478735 0.425261 0.361140 0.473170 0.570409 0.434200 0.483451 0.461109 0.313625 0.321237 0.558478 0.509940 0.458566 0.365418 0.423020 0.406173 0.379413 0.434275 0.508201 0.364890 0.340570 0.542877 0.396799 0.519739 1.000000 0.519140 0.606486 0.467466 0.564046 0.335404 0.444041 0.544219 0.463936 0.420054 0.486917 0.467172 0.532784 0.446635 0.324071 0.414460 0.474451 0.440831 0.338578 0.612641 0.606228 0.482958 0.391242 0.497897 0.466010 0.371875 0.452774 0.617885 0.417141 0.540552 0.387353 0.456078 0.435055 0.256589 0.425966 0.453023 0.557527 0.478248
0.457064 0.495625 0.371314 0.464916 0.386654 0.525692 0.512192 0.458849 0.443449 0.362174 0.433861 0.333379 0.524825 0.416953 0.469278 0.466243 0.468185 0.467486 0.573654 0.449389 0.307218 0.382791 0.253356 0.456588 0.435879 0.415231 0.360112 0.393318 0.382202 0.428750 0.401590 0.482994 0.429240 0.283434 0.464277 0.369051 0.466666 0.545707 0.411022 0.472346 0.455252 0.379179 0.583291 0.362366 0.336616 0.352205 0.363560 0.315522 0.345158 0.385873 0.484157 0.463937 0.496562 0.525518 0.529891 0.516053 0.404940 0.465847 0.514382 0.306389 0.482630 0.327725 0.447049 0.326715 0.378561 0.448121 0.356952 0.464890 0.457805 0.394453 0.437131 0.512162 0.430218 0.427392 0.262850 0.375169 0.445839 0.364611 0.325654 0.418036 0.604449 0.381286 0.334310 0.296007 0.255386 0.289434 0.501519 0.318150 0.254709 0.359965 0.391108 0.343980 0.349974 0.519140 1.000000 0.476175 0.394649 0.548632 0.255967 0.483243 0.391180 0.419138 0.390479 0.572486 0.441225 0.421175 0.425126 0.274853 0.612639 0.406856 0.431306 0.323770 0.451623 0.500495 0.421255 0.332004 0.309936 0.300157 0.350821 0.380272 0.413374 0.505596 0.518631 0.492932 0.302381 0.364620 0.176570 0.394766 0.426750 0.380464 0.436830
0.511541 0.446096 0.380228 0.398384 0.366434 0.376143 0.430309 0.343358 0.405047 0.399946 0.522890 0.463605 0.445705 0.471470 0.470080 0.391227 0.487608 0.455706 0.719825 0.459308 0.406054 0.471236 0.329748 0.459079 0.407724 0.635795 0.383025 0.369275 0.432794 0.421955 0.616224 0.483238 0.405461 0.357972 0.378567 0.465424 0.508209 0.399650 0.416529 0.397483 0.403892 0.393809 0.387879 0.422260 0.374054 0.337789 0.381754 0.431677 0.415467 0.438641 0.547982 0.410974 0.428458 0.447808 0.480487 0.460159 0.422990 0.528811 0.533349 0.420029 0.388863 0.318965 0.423726 0.308137 0.499966 0.474670 0.323891 0.500108 0.447587 0.507570 0.448592 0.421811 0.403610 0.540523 0.532175 0.328579 0.500452 0.491237 0.458573 0.422324 0.458365 0.354918 0.439357 0.403822 0.380107 0.461156 0.462077 0.421481 0.408021 0.381493 0.507713 0.398089 0.450535 0.606486 0.476175 1.000000 0.402275 0.690229 0.312930 0.360976 0.425135 0.415860 0.305683 0.449138 0.428289 0.479140 0.425056 0.372286 0.387791 0.379680 0.393808 0.294397 0.528406 0.401785 0.487999 0.410420 0.409364 0.389276 0.355996 0.365179 0.498026 0.470535 0.429596 0.445442 0.480335 0.485098 0.282068 0.420536 0.449223 0.577226 0.550359
0.584691 0.357441 0.400628 0.296995 0.383588 0.425768 0.430676 0.431481 0.585291 0.552747 0.535412 0.321655 0.629498 0.618977 0.633053 0.500006 0.632766 0.646471 0.365388 0.444448 0.437488 0.359345 0.264544 0.497479 0.290358 0.386084 0.337479 0.399073 0.454252 0.475302 0.384232 0.624929 0.274951 0.399176 0.559125 0.534307 0.600780 0.360594 0.460675 0.403938 0.421653 0.465358 0.465835 0.289346 0.340668 0.359948 0.530463 0.352634 0.361051 0.489822 0.540420 0.602919 0.392357 0.636650 0.405821 0.436260 0.462337 0.539295 0.587415 0.389204 0.581754 0.458594 0.503861 0.450851 0.462958 0.434905 0.421919 0.737694 0.647745 0.469698 0.422064 0.406816 0.566497 0.558660 0.348366 0.426334 0.340305 0.267348 0.353497 0.577783 0.515353 0.579297 0.509843 0.511671 0.334689 0.432693 0.331513 0.452809 0.248289 0.480127 0.410765 0.420571 0.430727 0.467466 0.394649 0.402275 1.000000 0.381121 0.273435 0.396235 0.451583 0.458734 0.374132 0.462808 0.556228 0.526244 0.234420 0.266599 0.546284 0.428254 0.659506 0.369661 0.446350 0.424834 0.563659 0.474262 0.377539 0.430861 0.257963 0.414991 0.453718 0.619993 0.524430 0.314145 0.443817 0.395857 0.212969 0.430708 0.650191 0.359158 0.327104
0.476585 0.401697 0.299086 0.388154 0.371545 0.398291 0.408355 0.300677 0.454748 0.323855 0.479619 0.466796 0.449503 0.451196 0.484916 0.369848 0.441451 0.462603 0.796481 0.333710 0.318855 0.379302 0.384648 0.448839 0.508822 0.533015 0.377223 0.334562 0.370819 0.445203 0.578409 0.420343 0.387562 0.372770 0.435095 0.435652 0.482711 0.410019 0.320873 0.475858 0.447669 0.355325 0.430624 0.395863 0.358293 0.403147 0.269450 0.409299 0.422451 0.388113 0.516035 0.453282 0.384282 0.521108 0.476737 0.439384 0.442660 0.588727 0.525510 0.405568 0.362012 0.398870 0.451737 0.312200 0.440475 0.481622 0.397509 0.467845 0.408843 0.463804 0.356718 0.463158 0.324574 0.472562 0.409269 0.370648 0.535210 0.421679 0.395549 0.358930 0.455698 0.365537 0.371547 0.368106 0.343813 0.395530 0.395385 0.391515 0.395880 0.320582 0.461186 0.341123 0.450764 0.564046 0.548632 0.690229 0.381121 1.000000 0.384177 0.387906 0.355917 0.480329 0.415883 0.454743 0.436920 0.492860 0.394395 0.401076 0.378566 0.409407 0.363197 0.330718 0.524915 0.443714 0.456490 0.372691 0.387470 0.474925 0.398803 0.355851 0.452739 0.450618 0.471573 0.519779 0.436624 0.429788 0.330801 0.349789 0.463990 0.497792 0.440781
0.287503 0.392548 0.244596 0.369068 0.454199 0.348941 0.368421 0.390505 0.151166 0.350875 0.196824 0.392247 0.298256 0.204756 0.343722 0.350123 0.257223 0.231264 0.294680 0.290975 0.355691 0.317823 0.776780 0.442898 0.534090 0.454505 0.400644 0.450550 0.396297 0.309489 0.344766 0.243097 0.407047 0.430363 0.243805 0.264800 0.208267 0.276620 0.429782 0.488825 0.474558 0.318243 0.266873 0.345258 0.270582 0.377406 0.234483 0.538972 0.898869 0.343272 0.179499 0.278485 0.367792 0.290014 0.365999 0.425720 0.456566 0.305293 0.206150 0.409773 0.276558 0.430397 0.177290 0.191097 0.358637 0.395356 0.499963 0.186345 0.109532 0.444300 0.295049 0.307979 0.206425 0.380063 0.377985 0.341008 0.437882 0.411643 0.396549 0.286253 0.235728 0.297306 0.389019 0.395237 0.480841 0.408454 0.417437 0.395178 0.500263 0.410321 0.216025 0.337399 0.477898 0.335404 0.255967 0.312930 0.273435 0.384177 1.000000 0.379099 0.249396 0.353525 0.492373 0.364713 0.279935 0.332295 0.366892 0.778909 0.257658 0.384142 0.246921 0.418617 0.266549 0.261635 0.239062 0.279099 0.408248 0.391599 0.387135 0.344955 0.358444 0.180800 0.212547 0.349217 0.397332 0.411404 0.466257 0.382311 0.110204 0.181497 0.385825
0.397789 0.618470 0.482046 0.468785 0.657472 0.471008 0.698383 0.620402 0.467662 0.512458 0.346009 0.353572 0.482912 0.374671 0.381931 0.452004 0.376784 0.327514 0.394184 0.622822 0.566437 0.587500 0.392360 0.494133 0.529247 0.414528 0.282156 0.333722 0.494084 0.445956 0.274644 0.523299 0.622752 0.354885 0.388864 0.365969 0.453861 0.673243 0.503632 0.397198 0.454171 0.332965 0.467975 0.218798 0.377630 0.397613 0.582235 0.256360 0.379905 0.532745 0.425066 0.493019 0.552705 0.355289 0.621017 0.734674 0.533804 0.466565 0.472601 0.449652 0.424966 0.407363 0.396723 0.407512 0.557930 0.598854 0.635137 0.373382 0.360964 0.417298 0.496269 0.328172 0.463625 0.472944 0.360494 0.409963 0.430150 0.315706 0.424604 0.341393 0.561138 0.412784 0.434973 0.364460 0.379052 0.348705 0.717177 0.428213 0.260730 0.386475 0.404848 0.362018 0.399266 0.444041 0.483243 0.360976 0.396235 0.387906 0.379099 1.000000 0.343475 0.484494 0.532957 0.606837 0.350907 0.407519 0.686461 0.337447 0.419927 0.484219 0.301055 0.410486 0.535374 0.457242 0.425347 0.410558 0.375699 0.363489 0.314178 0.447994 0.485091 0.407780 0.431178 0.419798 0.401866 0.339126 0.195613 0.420765 0.318135 0.324318 0.363246
0.440260 0.383869 0.401976 0.398945 0.288045 0.407191 0.396235 0.360323 0.393674 0.440189 0.400366 0.249608 0.496260 0.452493 0.464193 0.524557 0.466122 0.433955 0.377092 0.458398 0.362436 0.349159 0.275098 0.338339 0.361992 0.482234 0.428667 0.486988 0.417250 0.341492 0.317056 0.482336 0.288126 0.351871 0.471664 0.325173 0.511479 0.364582 0.364647 0.430504 0.417792 0.417905 0.463901 0.320184 0.406542 0.425170 0.427569 0.322228 0.348390 0.418580 0.444054 0.497974 0.359163 0.427694 0.429664 0.362867 0.396459 0.427122 0.422373 0.317009 0.428291 0.328359 0.471979 0.442728 0.378922 0.398132 0.344192 0.433508 0.433139 0.456525 0.410579 0.389075 0.470154 0.504675 0.391664 0.472663 0.328606 0.322264 0.359691 0.459858 0.409305 0.522533 0.354504 0.360869 0.276496 0.287721 0.292657 0.426620 0.277410 0.354441 0.423074 0.391796 0.412865 0.544219 0.391180 0.425135 0.451583 0.355917 0.249396 0.343475 1.000000 0.398461 0.383468 0.397125 0.386520 0.427388 0.300021 0.339058 0.413959 0.303017 0.442892 0.396217 0.493400 0.507804 0.495747 0.370333 0.461653 0.401426 0.285203 0.449129 0.622549 0.410663 0.516780 0.326629 0.481523 0.459287 0.240710 0.508924 0.425642 0.525775 0.448569
0.360568 0.446935 0.322914 0.284424 0.423860 0.378103 0.357628 0.421054 0.512783 0.357388 0.310824 0.347057 0.379165 0.294601 0.422468 0.410241 0.398884 0.317232 0.500866 0.360009 0.346537 0.287879 0.384189 0.401894 0.335233 0.415072 0.401178 0.346334 0.347584 0.426788 0.372106 0.463706 0.386408 0.457971 0.305268 0.364414 0.364801 0.377113 0.363494 0.369278 0.368115 0.285739 0.349186 0.352760 0.275788 0.396309 0.376510 0.333515 0.417255 0.387953 0.444076 0.406804 0.398789 0.347543 0.450208 0.498614 0.493831 0.385830 0.391450 0.332097 0.356489 0.435105 0.383660 0.357624 0.372816 0.512382 0.419847 0.359133 0.362790 0.506399 0.389320 0.391258 0.310567 0.454309 0.411404 0.293982 0.357275 0.355902 0.404690 0.367204 0.408898 0.384548 0.350542 0.536435 0.391382 0.443691 0.380399 0.407204 0.374361 0.372182 0.494255 0.362555 0.370242 0.463936 0.419138 0.415860 0.458734 0.480329 0.353525 0.484494 0.398461 1.000000 0.386219 0.470203 0.335834 0.381386 0.375063 0.348791 0.355336 0.449152 0.362149 0.226766 0.421008 0.390636 0.457244 0.340953 0.336725 0.415626 0.273700 0.452168 0.427406 0.357145 0.347139 0.363341 0.476527 0.363794 0.365897 0.361516 0.344018 0.409114 0.426177
0.356111 0.532780 0.487388 0.510939 0.498129 0.409374 0.506990 0.579724 0.309669 0.472529 0.327540 0.314925 0.419445 0.375456 0.348406 0.380322 0.331996 0.356365 0.331351 0.503673 0.431440 0.446179 0.450264 0.574355 0.623767 0.436324 0.420760 0.424051 0.412368 0.391344 0.293271 0.373006 0.522940 0.371251 0.416401 0.277559 0.363068 0.467956 0.424596 0.424689 0.412596 0.379312 0.437656 0.216050 0.221580 0.346490 0.364388 0.325589 0.459457 0.439725 0.279124 0.413620 0.516786 0.310600 0.547066 0.462826 0.550735 0.393077 0.360799 0.404716 0.420996 0.455811 0.414770 0.317275 0.530928 0.576116 0.602050 0.316325 0.223536 0.454353 0.293567 0.288130 0.346353 0.369743 0.316483 0.426604 0.404698 0.255983 0.287940 0.317881 0.330274 0.335947 0.403449 0.290214 0.348692 0.314827 0.501591 0.386591 0.263574 0.302469 0.323103 0.382336 0.431840 0.420054 0.390479 0.305683 0.374132 0.415883 0.492373 0.532957 0.383468 0.386219 1.000000 0.521113 0.256365 0.440328 0.489706 0.343692 0.361405 0.481011 0.290792 0.417537 0.370702 0.374333 0.326100 0.332408 0.410828 0.432937 0.381518 0.337115 0.440397 0.247129 0.316860 0.423491 0.433327 0.380940 0.238694 0.394314 0.281497 0.305744 0.315105
0.379836 0.841635 0.580470 0.505045 0.453791 0.438189 0.569550 0.584411 0.390343 0.587576 0.418210 0.463671 0.434447 0.424587 0.449145 0.498585 0.432504 0.288284 0.523684 0.588998 0.531054 0.487875 0.360923 0.608703 0.456542 0.469504 0.312318 0.357565 0.516605 0.568781 0.282189 0.448806 0.521687 0.335871 0.406867 0.374254 0.400567 0.639277 0.584928 0.438932 0.437825 0.384017 0.509672 0.359276 0.269925 0.397956 0.511523 0.388052 0.422455 0.526882 0.458907 0.441654 0.854289 0.425035 0.815759 0.533546 0.601478 0.445423 0.446456 0.433480 0.547091 0.413303 0.487703 0.413468 0.548586 0.662211 0.514666 0.395979 0.389317 0.459679 0.493213 0.344161 0.476470 0.510082 0.372381 0.418312 0.504541 0.361525 0.367101 0.389834 0.564633 0.424246 0.524570 0.359462 0.393294 0.368651 0.543845 0.408185 0.350656 0.458410 0.503008 0.519293 0.354727 0.486917 0.572486 0.449138 0.462808 0.454743 0.364713 0.606837 0.397125 0.470203 0.521113 1.000000 0.395398 0.385118 0.472582 0.305584 0.524550 0.467463 0.347902 0.357993 0.514861 0.512563 0.451276 0.410351 0.384011 0.392153 0.328432 0.382417 0.509748 0.394121 0.499477 0.481328 0.488432 0.354562 0.201560 0.403633 0.362368 0.378851 0.513352
0.563606 0.296763 0.389458 0.338213 0.452880 0.384561 0.464673 0.354051 0.551299 0.480185 0.599475 0.372047 0.661477 0.653499 0.500281 0.454582 0.559466 0.480922 0.349871 0.340143 0.399118 0.347124 0.175280 0.409398 0.339772 0.328283 0.219972 0.338136 0.557184 0.483280 0.438490 0.589116 0.359170 0.358414 0.381872 0.595465 0.594644 0.408807 0.484689 0.578867 0.580981 0.376504 0.392640 0.261784 0.337182 0.346131 0.450635 0.298440 0.318276 0.452468 0.627981 0.454952 0.354979 0.479218 0.314384 0.462621 0.397091 0.587808 0.628736 0.414283 0.573858 0.343102 0.589413 0.389849 0.431951 0.397827 0.345628 0.640628 0.585434 0.493357 0.524878 0.413732 0.543178 0.434691 0.409434 0.363295 0.395564 0.329559 0.457771 0.750880 0.558428 0.475438 0.446108 0.407904 0.274399 0.411978 0.365411 0.362293 0.231139 0.529560 0.402111 0.396309 0.486360 0.467172 0.441225 0.428289 0.556228 0.436920 0.279935 0.350907 0.386520 0.335834 0.256365 0.395398 1.000000 0.538086 0.253244 0.266064 0.448411 0.374789 0.577698 0.352333 0.536037 0.453664 0.534421 0.442065 0.432704 0.399600 0.369845 0.406634 0.486388 0.601993 0.616945 0.449257 0.371749 0.418202 0.271967 0.370838 0.619785 0.360839 0.433874
0.654299 0.334287 0.362157 0.369716 0.465502 0.384937 0.485123 0.383267 0.617211 0.408883 0.726404 0.429519 0.691600 0.704206 0.662829 0.498169 0.730123 0.679916 0.412202 0.400498 0.422500 0.413689 0.291727 0.479751 0.417469 0.476893 0.360711 0.261433 0.428872 0.460315 0.501269 0.700407 0.398275 0.441312 0.637585 0.705673 0.655908 0.365033 0.450391 0.587796 0.629954 0.292509 0.501084 0.408989 0.378595 0.386665 0.415486 0.306814 0.320857 0.456595 0.688334 0.612535 0.400104 0.593690 0.406518 0.380672 0.415063 0.812997 0.675894 0.332126 0.405006 0.376619 0.681053 0.299353 0.438644 0.402985 0.320590 0.621597 0.585485 0.432016 0.341933 0.358877 0.568493 0.463784 0.435981 0.489364 0.411815 0.246946 0.324011 0.634030 0.581681 0.413485 0.436798 0.373251 0.422336 0.452786 0.403518 0.481017 0.342553 0.378764 0.532427 0.426114 0.495805 0.532784 0.421175 0.479140 0.526244 0.492860 0.332295 0.407519 0.427388 0.381386 0.440328 0.385118 0.538086 1.000000 0.341401 0.287302 0.390799 0.589158 0.573443 0.459976 0.512298 0.591339 0.634594 0.652130 0.434910 0.337941 0.382809 0.404178 0.510932 0.609863 0.633255 0.471797 0.357880 0.329915 0.258924 0.325480 0.599272 0.397505 0.401295
0.297722 0.512197 0.430320 0.439836 0.571633 0.508298 0.585537 0.584733 0.356151 0.391953 0.287842 0.310800 0.306848 0.252564 0.246841 0.346032 0.335653 0.252328 0.399089 0.614317 0.380799 0.509528 0.325284 0.430334 0.448166 0.470930 0.282011 0.268408 0.398703 0.461421 0.378377 0.364117 0.676692 0.316044 0.321859 0.331893 0.310460 0.597418 0.450992 0.340012 0.358653 0.284622 0.444295 0.316149 0.374753 0.368313 0.407695 0.287562 0.314098 0.476896 0.397438 0.310810 0.473469 0.229659 0.572034 0.578815 0.469177 0.376544 0.387984 0.438221 0.356424 0.382772 0.297569 0.306248 0.599614 0.552637 0.561437 0.245810 0.247407 0.423085 0.292305 0.346269 0.316142 0.401652 0.445751 0.324448 0.416996 0.280288 0.321589 0.229152 0.371341 0.305708 0.444122 0.268700 0.435879 0.279796 0.634150 0.404341 0.282691 0.296096 0.423111 0.304099 0.312415 0.446635 0.425126 0.425056 0.234420 0.394395 0.366892 0.686461 0.300021 0.375063 0.489706 0.472582 0.253244 0.341401 1.000000 0.311961 0.381569 0.437772 0.332050 0.293815 0.407897 0.410628 0.335674 0.367718 0.337727 0.269310 0.269332 0.293221 0.393986 0.259307 0.343771 0.339409 0.313555 0.354549 0.236169 0.331961 0.234786 0.285889 0.402565
0.371902 0.381065 0.257431 0.325659 0.356856 0.383858 0.384595 0.396791 0.285330 0.372676 0.260657 0.406101 0.343918 0.251836 0.357970 0.346889 0.265544 0.266233 0.360917 0.355772 0.378855 0.361575 0.768745 0.346809 0.480763 0.518581 0.402278 0.414597 0.412112 0.325882 0.411570 0.296508 0.309035 0.471647 0.246104 0.292978 0.288415 0.331055 0.439790 0.436281 0.430485 0.294628 0.239790 0.348320 0.378240 0.412820 0.279947 0.593162 0.856856 0.371750 0.276534 0.297565 0.286820 0.348662 0.333933 0.373575 0.386917 0.307470 0.264809 0.446399 0.279605 0.422511 0.241028 0.244497 0.381710 0.425005 0.463475 0.222823 0.173261 0.459240 0.326205 0.343552 0.255439 0.407224 0.463424 0.220483 0.501517 0.538582 0.488919 0.281669 0.283415 0.283516 0.389784 0.444183 0.465105 0.462585 0.360140 0.316413 0.596750 0.371719 0.271863 0.247997 0.490894 0.324071 0.274853 0.372286 0.266599 0.401076 0.778909 0.337447 0.339058 0.348791 0.343692 0.305584 0.266064 0.287302 0.311961 1.000000 0.226243 0.254972 0.280249 0.402028 0.261142 0.264364 0.296567 0.285447 0.379671 0.405246 0.452511 0.323887 0.362547 0.227506 0.269316 0.384757 0.413213 0.466887 0.493343 0.414941 0.181157 0.318264 0.410875
0.368354 0.397617 0.450304 0.357277 0.369321 0.471618 0.428713 0.423393 0.364162 0.438203 0.408665 0.290650 0.444332 0.485245 0.401629 0.524439 0.415392 0.493167 0.393221 0.477226 0.368945 0.360741 0.176573 0.494766 0.287792 0.351594 0.319716 0.373957 0.417073 0.369379 0.280374 0.407039 0.333169 0.332379 0.479763 0.311232 0.374560 0.509685 0.493965 0.420405 0.430103 0.471189 0.580988 0.381848 0.299781 0.337670 0.408928 0.281409 0.321687 0.422339 0.405263 0.455313 0.449130 0.425818 0.384806 0.402760 0.365177 0.399802 0.443227 0.307438 0.665545 0.364477 0.419919 0.403646 0.373789 0.400543 0.443983 0.497190 0.426342 0.436449 0.412570 0.454918 0.520024 0.451347 0.350368 0.378092 0.370904 0.301161 0.291281 0.496828 0.545884 0.457238 0.394226 0.321094 0.309078 0.345046 0.428647 0.315493 0.244557 0.489111 0.381793 0.405875 0.264625 0.414460 0.612639 0.387791 0.546284 0.378566 0.257658 0.419927 0.413959 0.355336 0.361405 0.524550 0.448411 0.390799 0.381569 0.226243 1.000000 0.358770 0.509618 0.307213 0.391397 0.446756 0.382233 0.329422 0.351878 0.346427 0.267083 0.336099 0.362231 0.448767 0.427107 0.374239 0.399290 0.403059 0.122599 0.398891 0.401444 0.300945 0.298985
0.377174 0.439120 0.327784 0.352561 0.534900 0.381513 0.428700 0.467598 0.309494 0.458300 0.417001 0.492687 0.403031 0.381098 0.462330 0.442295 0.431067 0.378996 0.351996 0.433148 0.537240 0.379105 0.389269 0.557429 0.481145 0.370398 0.343832 0.308279 0.452318 0.482552 0.357897 0.499600 0.443626 0.382447 0.447418 0.474021 0.425257 0.400748 0.561835 0.443326 0.509413 0.343162 0.410424 0.423533 0.262097 0.374010 0.397084 0.330434 0.368610 0.498209 0.411398 0.440697 0.475597 0.414876 0.460266 0.477717 0.461204 0.567602 0.454952 0.415799 0.301827 0.423477 0.343518 0.232668 0.485028 0.454726 0.391562 0.418586 0.334498 0.501957 0.388727 0.371115 0.341581 0.453836 0.348471 0.449044 0.401190 0.235751 0.346024 0.358871 0.355778 0.380510 0.506543 0.348299 0.490932 0.345676 0.503330 0.581180 0.369912 0.534162 0.449314 0.439805 0.407337 0.474451 0.406856 0.379680 0.428254 0.409407 0.384142 0.484219 0.303017 0.449152 0.481011 0.467463 0.374789 0.589158 0.437772 0.254972 0.358770 1.000000 0.427196 0.370057 0.385144 0.474160 0.425857 0.443388 0.417319 0.421907 0.280150 0.377292 0.439324 0.389240 0.331109 0.407350 0.318934 0.368657 0.334983 0.393873 0.323532 0.284105 0.384606
0.533240 0.315208 0.421710 0.289589 0.386317 0.554610 0.439796 0.426907 0.530363 0.504336 0.577477 0.340046 0.553481 0.571309 0.535950 0.446461 0.602860 0.666694 0.325947 0.424841 0.416226 0.371036 0.221935 0.418673 0.298172 0.338971 0.353390 0.338986 0.512818 0.487899 0.418025 0.582054 0.311838 0.415040 0.556509 0.594614 0.536735 0.397122 0.477211 0.415585 0.476995 0.472147 0.586344 0.446778 0.402014 0.356973 0.481898 0.323050 0.316118 0.510819 0.559875 0.536885 0.330783 0.526730 0.380273 0.366483 0.465104 0.565357 0.613978 0.438761 0.524506 0.406698 0.557057 0.453695 0.528958 0.358311 0.333158 0.621966 0.593573 0.458238 0.344612 0.540850 0.506011 0.504328 0.434732 0.396772 0.358095 0.289335 0.405138 0.546741 0.473738 0.530037 0.545884 0.481492 0.392209 0.417774 0.342778 0.408137 0.251504 0.470015 0.464150 0.339813 0.384218 0.440831 0.431306 0.393808 0.659506 0.363197 0.246921 0.301055 0.442892 0.362149 0.290792 0.347902 0.577698 0.573443 0.332050 0.280249 0.509618 0.427196 1.000000 0.274342 0.444398 0.485817 0.535014 0.471570 0.439741 0.399651 0.321633 0.353266 0.419079 0.605336 0.523499 0.357915 0.380354 0.350114 0.363687 0.424976 0.626644 0.338149 0.407103
0.399811 0.364577 0.341756 0.326194 0.375768 0.406821 0.411881 0.363363 0.330761 0.400066 0.388531 0.366348 0.518471 0.461809 0.404234 0.381305 0.440390 0.422132 0.279340 0.389078 0.498605 0.346511 0.479235 0.347416 0.486449 0.470125 0.276826 0.338994 0.403562 0.306657 0.304688 0.493141 0.256634 0.388242 0.412465 0.351634 0.512543 0.429406 0.358632 0.427761 0.465575 0.281703 0.391178 0.310984 0.296845 0.331142 0.382909 0.333045 0.436247 0.387489 0.390076 0.465564 0.319976 0.389700 0.379095 0.409146 0.308171 0.470220 0.425687 0.272627 0.373221 0.330689 0.404997 0.316441 0.324396 0.339581 0.341737 0.457718 0.420972 0.345662 0.366987 0.290254 0.405959 0.350228 0.331612 0.421747 0.457439 0.318215 0.364796 0.390199 0.369461 0.358974 0.328768 0.347676 0.353986 0.301225 0.409865 0.319434 0.342822 0.305220 0.293012 0.297930 0.413003 0.338578 0.323770 0.294397 0.369661 0.330718 0.418617 0.410486 0.396217 0.226766 0.417537 0.357993 0.352333 0.459976 0.293815 0.402028 0.307213 0.370057 0.274342 1.000000 0.414100 0.415679 0.411296 0.360667 0.321532 0.296891 0.305122 0.370124 0.464978 0.429251 0.496827 0.365130 0.280939 0.384320 0.232208 0.367947 0.394248 0.292117 0.307886
0.469803 0.469733 0.378380 0.388302 0.406188 0.335599 0.475194 0.338131 0.467394 0.402146 0.508509 0.437494 0.513918 0.505878 0.532342 0.474396 0.444229 0.418800 0.475790 0.390211 0.389956 0.415355 0.291606 0.420420 0.417901 0.425617 0.304355 0.364432 0.455407 0.386675 0.408897 0.536806 0.454402 0.426306 0.481735 0.477256 0.564291 0.506816 0.430311 0.429725 0.406735 0.318248 0.412523 0.336442 0.346384 0.388319 0.436587 0.336503 0.305227 0.449747 0.534696 0.600938 0.468508 0.468871 0.530144 0.510355 0.477543 0.586648 0.494439 0.396223 0.509781 0.394801 0.523142 0.413613 0.458254 0.523986 0.426943 0.501078 0.534708 0.486443 0.456659 0.342823 0.488286 0.492191 0.395646 0.463315 0.498122 0.269140 0.365912 0.507485 0.520422 0.472169 0.380937 0.440166 0.408822 0.391528 0.446423 0.423293 0.301223 0.325019 0.458378 0.409092 0.397485 0.612641 0.451623 0.528406 0.446350 0.524915 0.266549 0.535374 0.493400 0.421008 0.370702 0.514861 0.536037 0.512298 0.407897 0.261142 0.391397 0.385144 0.444398 0.414100 1.000000 0.471517 0.533978 0.475163 0.421786 0.390283 0.292066 0.417765 0.525924 0.428631 0.518698 0.441422 0.496861 0.363801 0.297747 0.449831 0.530002 0.471727 0.487690
0.530604 0.469225 0.356936 0.335657 0.416243 0.566695 0.479674 0.363163 0.507281 0.550704 0.685974 0.396547 0.603979 0.503880 0.432327 0.550554 0.533044 0.495240 0.420052 0.440530 0.485253 0.350750 0.246367 0.432568 0.378426 0.429678 0.340131 0.347045 0.577700 0.452497 0.429743 0.506388 0.419780 0.373258 0.509078 0.560096 0.558769 0.505671 0.458736 0.477854 0.534180 0.322989 0.676807 0.387203 0.460964 0.512030 0.500031 0.249357 0.290148 0.598079 0.610376 0.513795 0.618175 0.524146 0.499556 0.419640 0.440057 0.605519 0.489662 0.306053 0.400433 0.345331 0.519566 0.299098 0.460354 0.446218 0.347014 0.475378 0.563645 0.414238 0.349209 0.347152 0.492926 0.439390 0.403665 0.540723 0.416554 0.258717 0.313374 0.498745 0.589615 0.438440 0.358902 0.356601 0.423560 0.366450 0.422980 0.442311 0.395554 0.355638 0.602535 0.517089 0.376920 0.606228 0.500495 0.401785 0.424834 0.443714 0.261635 0.457242 0.507804 0.390636 0.374333 0.512563 0.453664 0.591339 0.410628 0.264364 0.446756 0.474160 0.485817 0.415679 0.471517 1.000000 0.469244 0.440386 0.655218 0.318118 0.335958 0.474799 0.630750 0.505075 0.675436 0.458742 0.304651 0.316251 0.209115 0.353160 0.487437 0.370065 0.408390
0.632921 0.382125 0.315271 0.396891 0.299258 0.464184 0.461467 0.392781 0.640863 0.443905 0.625268 0.363777 0.677933 0.659229 0.729640 0.431298 0.738159 0.605712 0.426232 0.412273 0.400219 0.399057 0.318793 0.325869 0.333826 0.437779 0.353107 0.226469 0.420058 0.444856 0.463553 0.795491 0.285931 0.364105 0.554458 0.598707 0.707689 0.515037 0.386177 0.545080 0.526954 0.322544 0.432732 0.375330 0.383641 0.365882 0.450035 0.293671 0.317295 0.466060 0.668478 0.611748 0.362933 0.565871 0.442354 0.402289 0.353420 0.628314 0.614720 0.330368 0.472749 0.336475 0.630959 0.348149 0.460789 0.448955 0.315599 0.684961 0.638213 0.456135 0.428877 0.441619 0.520069 0.441864 0.425351 0.261769 0.474944 0.325959 0.448725 0.531467 0.557997 0.443132 0.386463 0.390566 0.313219 0.359884 0.362617 0.457561 0.276159 0.332644 0.472006 0.295798 0.377717 0.482958 0.421255 0.487999 0.563659 0.456490 0.239062 0.425347 0.495747 0.457244 0.326100 0.451276 0.534421 0.634594 0.335674 0.296567 0.382233 0.425857 0.535014 0.411296 0.533978 0.469244 1.000000 0.556515 0.303565 0.292996 0.247652 0.340489 0.488402 0.638794 0.644869 0.362830 0.372162 0.330750 0.301145 0.403219 0.602707 0.400787 0.490544
0.491882 0.329159 0.282772 0.447877 0.392864 0.341541 0.415660 0.369722 0.538084 0.358241 0.524128 0.341791 0.548034 0.557728 0.563920 0.360260 0.667574 0.456163 0.364134 0.403600 0.386863 0.431250 0.249159 0.408504 0.362928 0.441117 0.300704 0.231490 0.366707 0.403471 0.353323 0.552726 0.363868 0.349270 0.524927 0.536248 0.539857 0.402627 0.415849 0.507967 0.506446 0.302721 0.386934 0.329257 0.361237 0.319853 0.370138 0.255273 0.296663 0.420377 0.555609 0.473059 0.375445 0.461856 0.391655 0.359927 0.370646 0.570642 0.571569 0.433586 0.376192 0.470186 0.518240 0.290096 0.406638 0.406800 0.358629 0.541877 0.477789 0.367846 0.360699 0.320620 0.484801 0.567874 0.388234 0.425110 0.340266 0.195448 0.292544 0.480532 0.492171 0.354239 0.383434 0.393999 0.342903 0.414867 0.372053 0.419189 0.220528 0.373567 0.427171 0.359175 0.443255 0.391242 0.332004 0.410420 0.474262 0.372691 0.279099 0.410558 0.370333 0.340953 0.332408 0.410351 0.442065 0.652130 0.367718 0.285447 0.329422 0.443388 0.471570 0.360667 0.475163 0.440386 0.556515 1.000000 0.297376 0.366122 0.313310 0.281778 0.455759 0.501005 0.507395 0.403237 0.294814 0.339281 0.211646 0.344589 0.448123 0.354105 0.463303
0.379794 0.439620 0.390941 0.297714 0.473682 0.494514 0.405306 0.352571 0.337622 0.602978 0.473467 0.461123 0.402909 0.399676 0.311805 0.474889 0.337992 0.337585 0.358827 0.423353 0.554818 0.319123 0.393840 0.466343 0.465153 0.442091 0.409430 0.418839 0.685245 0.414211 0.376907 0.352572 0.416372 0.399807 0.317387 0.472198 0.391595 0.392954 0.588175 0.428151 0.492450 0.319214 0.546894 0.293481 0.350904 0.405555 0.486292 0.360461 0.417399 0.653682 0.358849 0.341641 0.544691 0.326870 0.401787 0.436284 0.527669 0.466430 0.417893 0.464209 0.324826 0.416688 0.368911 0.373798 0.550080 0.486264 0.409492 0.376355 0.391405 0.549888 0.401387 0.355489 0.401960 0.399938 0.455570 0.430242 0.444796 0.281088 0.390241 0.425064 0.391998 0.482894 0.465170 0.387986 0.477704 0.440794 0.392850 0.481750 0.435689 0.554090 0.462044 0.615470 0.338764 0.497897 0.309936 0.409364 0.377539 0.387470 0.408248 0.375699 0.461653 0.336725 0.410828 0.384011 0.432704 0.434910 0.337727 0.379671 0.351878 0.417319 0.439741 0.321532 0.421786 0.655218 0.303565 0.297376 1.000000 0.480051 0.410452 0.453927 0.605324 0.331041 0.428990 0.434755 0.451392 0.430536 0.390685 0.376408 0.345442 0.449925 0.366856
0.306946 0.361753 0.324672 0.387980 0.464056 0.354504 0.338132 0.339353 0.305304 0.420860 0.357953 0.436342 0.340809 0.388077 0.288919 0.403016 0.288541 0.282549 0.395840 0.311569 0.442484 0.332699 0.430959 0.516219 0.512761 0.370649 0.439420 0.543229 0.463692 0.384684 0.330932 0.343098 0.253609 0.403044 0.311944 0.354971 0.348021 0.385429 0.458038 0.341423 0.409521 0.492700 0.352773 0.253431 0.462669 0.557310 0.303454 0.475762 0.437113 0.468844 0.300973 0.338039 0.322487 0.327578 0.347080 0.430821 0.433438 0.460323 0.435457 0.549405 0.352101 0.589291 0.335045 0.347028 0.479824 0.473251 0.439291 0.362008 0.275692 0.488917 0.353827 0.399108 0.293858 0.493050 0.366335 0.326090 0.473803 0.380038 0.471835 0.373766 0.280003 0.422568 0.521022 0.443829 0.365402 0.431406 0.399004 0.439373 0.373726 0.493417 0.396574 0.382261 0.410515 0.466010 0.300157 0.389276 0.430861 0.474925 0.391599 0.363489 0.401426 0.415626 0.432937 0.392153 0.399600 0.337941 0.269310 0.405246 0.346427 0.421907 0.399651 0.296891 0.390283 0.318118 0.292996 0.366122 0.480051 1.000000 0.581950 0.406171 0.432141 0.358653 0.328305 0.504380 0.475169 0.441902 0.422659 0.509652 0.309541 0.363578 0.379794
0.395517 0.409241 0.380200 0.417466 0.451242 0.400757 0.358263 0.296576 0.284324 0.351111 0.461402 0.504221 0.373056 0.393495 0.283176 0.397294 0.314961 0.353638 0.339652 0.303526 0.395277 0.378490 0.412433 0.421195 0.497925 0.316084 0.424194 0.440441 0.455040 0.379015 0.432962 0.327309 0.304882 0.396639 0.270055 0.392125 0.353425 0.340860 0.437831 0.359367 0.411733 0.407552 0.408335 0.336938 0.416442 0.497920 0.248200 0.489478 0.427218 0.449178 0.303139 0.268708 0.328509 0.304648 0.365465 0.368558 0.436510 0.445583 0.437392 0.378337 0.263755 0.387636 0.393455 0.398620 0.420753 0.476231 0.308477 0.267550 0.293504 0.427459 0.222156 0.356931 0.253798 0.314357 0.314711 0.265153 0.548297 0.469855 0.447413 0.308000 0.315041 0.244579 0.463248 0.384716 0.337418 0.501864 0.372604 0.306416 0.477534 0.401907 0.359371 0.330161 0.409608 0.371875 0.350821 0.355996 0.257963 0.398803 0.387135 0.314178 0.285203 0.273700 0.381518 0.328432 0.369845 0.382809 0.269332 0.452511 0.267083 0.280150 0.321633 0.305122 0.292066 0.335958 0.247652 0.313310 0.410452 0.581950 1.000000 0.422108 0.396963 0.376464 0.364560 0.609483 0.340446 0.305022 0.405623 0.366874 0.342680 0.361584 0.294253
0.368491 0.424673 0.383174 0.289700 0.459245 0.374284 0.426877 0.349228 0.411827 0.324341 0.395582 0.330635 0.495652 0.353550 0.291374 0.475592 0.367062 0.367185 0.340950 0.345456 0.404765 0.259556 0.406956 0.338531 0.363592 0.385225 0.347266 0.424959 0.446945 0.362968 0.300796 0.472972 0.362769 0.357821 0.336960 0.391979 0.368000 0.287280 0.386619 0.337712 0.396381 0.307440 0.408894 0.232428 0.449804 0.512565 0.317155 0.354970 0.387693 0.380060 0.391256 0.477712 0.373645 0.321621 0.405127 0.439245 0.435534 0.433349 0.441650 0.314387 0.404524 0.373848 0.382591 0.350482 0.363223 0.421886 0.318222 0.308441 0.345531 0.468323 0.304218 0.329729 0.399554 0.445797 0.300362 0.449900 0.333190 0.381232 0.430779 0.415355 0.460487 0.435903 0.339588 0.397293 0.318239 0.393264 0.444522 0.315350 0.386498 0.422186 0.338033 0.395127 0.332585 0.452774 0.380272 0.365179 0.414991 0.355851 0.344955 0.447994 0.449129 0.452168 0.337115 0.382417 0.406634 0.404178 0.293221 0.323887 0.336099 0.377292 0.353266 0.370124 0.417765 0.474799 0.340489 0.281778 0.453927 0.406171 0.422108 1.000000 0.419650 0.499554 0.480480 0.377886 0.429158 0.374570 0.348454 0.356284 0.385969 0.374896 0.333855
0.503042 0.471547 0.386588 0.356628 0.451319 0.442479 0.471348 0.431259 0.425393 0.569926 0.527947 0.318296 0.514117 0.536996 0.453470 0.528919 0.507982 0.453101 0.472944 0.518946 0.506173 0.400616 0.324636 0.476631 0.499862 0.554337 0.390597 0.441203 0.521931 0.438265 0.404784 0.502824 0.425333 0.373959 0.422192 0.468333 0.534483 0.453635 0.457479 0.453002 0.463548 0.393414 0.499048 0.290335 0.369360 0.401127 0.508756 0.323976 0.394286 0.561114 0.515062 0.439074 0.515349 0.424910 0.491815 0.523627 0.423517 0.549531 0.463409 0.415391 0.385107 0.341553 0.460481 0.462186 0.535518 0.491818 0.405742 0.517071 0.535718 0.521337 0.545943 0.319127 0.492659 0.490169 0.433881 0.555783 0.556595 0.347668 0.458484 0.520005 0.473313 0.476401 0.440283 0.384770 0.338823 0.395235 0.444064 0.497565 0.342293 0.432446 0.506861 0.488254 0.512109 0.617885 0.413374 0.498026 0.453718 0.452739 0.358444 0.485091 0.622549 0.427406 0.440397 0.509748 0.486388 0.510932 0.393986 0.362547 0.362231 0.439324 0.419079 0.464978 0.525924 0.630750 0.488402 0.455759 0.605324 0.432141 0.396963 0.419650 1.000000 0.425494 0.590167 0.467593 0.522379 0.459394 0.224864 0.553540 0.466175 0.556523 0.584901
0.703593 0.375395 0.330210 0.378378 0.364410 0.530217 0.498664 0.366416 0.683403 0.367501 0.672761 0.328936 0.745064 0.653772 0.621716 0.485125 0.765696 0.733070 0.431006 0.380110 0.436075 0.386831 0.248898 0.348544 0.363457 0.359614 0.274770 0.284199 0.421391 0.487574 0.503934 0.758271 0.323358 0.259017 0.594809 0.638176 0.712259 0.403440 0.414025 0.444539 0.479783 0.299372 0.559464 0.373559 0.437974 0.427390 0.404722 0.284962 0.263739 0.403041 0.690259 0.644417 0.324583 0.635947 0.421074 0.399321 0.402645 0.666490 0.760569 0.342676 0.443035 0.364282 0.602553 0.407442 0.441842 0.379364 0.236510 0.733781 0.730709 0.361979 0.350930 0.514985 0.515258 0.513219 0.335549 0.349291 0.399289 0.409815 0.466841 0.475766 0.592191 0.421480 0.461506 0.358004 0.216295 0.380013 0.435999 0.330571 0.262668 0.419445 0.439396 0.361124 0.391243 0.417141 0.505596 0.470535 0.619993 0.450618 0.180800 0.407780 0.410663 0.357145 0.247129 0.394121 0.601993 0.609863 0.259307 0.227506 0.448767 0.389240 0.605336 0.429251 0.428631 0.505075 0.638794 0.501005 0.331041 0.358653 0.376464 0.499554 0.425494 1.000000 0.730768 0.433187 0.261812 0.266574 0.238461 0.370068 0.727558 0.346025 0.311347
0.657574 0.404854 0.346618 0.367333 0.394450 0.519500 0.480204 0.401584 0.714279 0.418141 0.717956 0.346138 0.830786 0.669010 0.572347 0.605953 0.713123 0.626727 0.429539 0.422777 0.384536 0.375420 0.217729 0.370605 0.400020 0.434274 0.271108 0.269577 0.433417 0.571906 0.478009 0.704152 0.354730 0.325402 0.615995 0.620715 0.699144 0.514759 0.416621 0.495409 0.505747 0.276377 0.573437 0.313367 0.411365 0.553655 0.430080 0.248029 0.271795 0.437228 0.736922 0.633809 0.460273 0.595069 0.469723 0.409632 0.396367 0.711565 0.700828 0.347708 0.496457 0.329572 0.631116 0.411278 0.470539 0.448050 0.313153 0.649473 0.669404 0.402559 0.370231 0.431204 0.598584 0.465345 0.365324 0.460510 0.449423 0.298541 0.377147 0.567861 0.667575 0.476186 0.434124 0.335085 0.275696 0.374563 0.410532 0.309787 0.282389 0.353219 0.477216 0.406008 0.347577 0.540552 0.518631 0.429596 0.524430 0.471573 0.212547 0.431178 0.516780 0.347139 0.316860 0.499477 0.616945 0.633255 0.343771 0.269316 0.427107 0.331109 0.523499 0.496827 0.518698 0.675436 0.644869 0.507395 0.428990 0.328305 0.364560 0.480480 0.590167 0.730768 1.000000 0.462702 0.319873 0.262836 0.192690 0.366646 0.654056 0.403642 0.415496
0.474939 0.498153 0.411362 0.550111 0.480307 0.405925 0.504156 0.370132 0.415030 0.469255 0.499932 0.498912 0.447181 0.450325 0.433200 0.422619 0.426222 0.358904 0.505909 0.331850 0.502963 0.501187 0.396385 0.665153 0.686080 0.371602 0.364379 0.374782 0.562114 0.437888 0.445794 0.425504 0.380616 0.417497 0.404733 0.447839 0.454739 0.520223 0.500189 0.444604 0.500914 0.332637 0.417545 0.418471 0.318051 0.418863 0.412870 0.379777 0.402905 0.493707 0.418289 0.406814 0.446046 0.464337 0.467156 0.444797 0.517258 0.567495 0.501653 0.450851 0.380363 0.333559 0.440295 0.346103 0.483266 0.506203 0.346480 0.389774 0.414310 0.473720 0.296169 0.347250 0.350011 0.389712 0.406600 0.311592 0.618122 0.440960 0.555865 0.398957 0.472922 0.257632 0.509635 0.383095 0.389186 0.466027 0.488887 0.339071 0.385944 0.466227 0.528086 0.392152 0.342495 0.387353 0.492932 0.445442 0.314145 0.519779 0.349217 0.419798 0.326629 0.363341 0.423491 0.481328 0.449257 0.471797 0.339409 0.384757 0.374239 0.407350 0.357915 0.365130 0.441422 0.458742 0.362830 0.403237 0.434755 0.504380 0.609483 0.377886 0.467593 0.433187 0.462702 1.000000 0.386481 0.355873 0.390014 0.408819 0.389127 0.369283 0.432642
0.333983 0.488615 0.475052 0.306385 0.419382 0.266211 0.430733 0.379783 0.322174 0.450423 0.337054 0.391050 0.346649 0.471250 0.408497 0.450309 0.279437 0.368147 0.424508 0.446436 0.419278 0.398699 0.436954 0.449271 0.386078 0.423193 0.466778 0.468795 0.451199 0.414632 0.277173 0.379621 0.402054 0.395529 0.331786 0.270360 0.317466 0.365391 0.468486 0.394042 0.359478 0.464696 0.336355 0.262719 0.342261 0.395126 0.456144 0.374712 0.467271 0.419450 0.329921 0.419740 0.451412 0.333677 0.483961 0.471007 0.519696 0.355750 0.337086 0.409738 0.523018 0.436637 0.402101 0.540306 0.441767 0.537335 0.486919 0.346263 0.300721 0.544568 0.401635 0.315070 0.390724 0.458051 0.434779 0.431760 0.384829 0.354597 0.426527 0.418323 0.376421 0.463404 0.442775 0.444711 0.415367 0.491987 0.392319 0.387545 0.333724 0.417316 0.414306 0.469779 0.390962 0.456078 0.302381 0.480335 0.443817 0.436624 0.397332 0.401866 0.481523 0.476527 0.433327 0.488432 0.371749 0.357880 0.313555 0.413213 0.399290 0.318934 0.380354 0.280939 0.496861 0.304651 0.372162 0.294814 0.451392 0.475169 0.340446 0.429158 0.522379 0.261812 0.319873 0.386481 1.000000 0.523808 0.328267 0.436650 0.340536 0.492573 0.414434
0.318329 0.337907 0.454024 0.292388 0.400757 0.383246 0.363400 0.420815 0.348652 0.440829 0.340254 0.365719 0.334625 0.403017 0.313376 0.321030 0.260919 0.329210 0.466330 0.511601 0.389517 0.285735 0.414760 0.388925 0.387472 0.534625 0.356921 0.505755 0.485524 0.334677 0.358600 0.334989 0.329232 0.378882 0.241251 0.292509 0.345381 0.375097 0.417599 0.431600 0.432756 0.414160 0.304570 0.261391 0.381586 0.346374 0.363810 0.397088 0.484997 0.411116 0.365702 0.288322 0.330199 0.327293 0.328153 0.418410 0.397666 0.327845 0.351495 0.413487 0.416261 0.389498 0.386445 0.356570 0.412237 0.416828 0.439874 0.360373 0.269855 0.534080 0.388095 0.333309 0.392504 0.471074 0.484149 0.318759 0.386973 0.381298 0.465166 0.445601 0.361841 0.412890 0.355973 0.402839 0.335082 0.383070 0.326715 0.407052 0.362579 0.419411 0.394542 0.389345 0.491151 0.435055 0.364620 0.485098 0.395857 0.429788 0.411404 0.339126 0.459287 0.363794 0.380940 0.354562 0.418202 0.329915 0.354549 0.466887 0.403059 0.368657 0.350114 0.384320 0.363801 0.316251 0.330750 0.339281 0.430536 0.441902 0.305022 0.374570 0.459394 0.266574 0.262836 0.355873 0.523808 1.000000 0.292300 0.484080 0.322948 0.448923 0.467691
0.223403 0.311056 0.283009 0.246664 0.316451 0.312425 0.226147 0.248895 0.259776 0.278962 0.273891 0.455584 0.228330 0.245773 0.253201 0.236938 0.266115 0.227156 0.296905 0.183259 0.357678 0.222671 0.474353 0.290737 0.361194 0.200993 0.293530 0.267188 0.419386 0.339168 0.372059 0.326329 0.170521 0.560632 0.114330 0.286712 0.250575 0.224036 0.370005 0.336696 0.381103 0.202664 0.247363 0.368553 0.318203 0.367462 0.189077 0.550872 0.504867 0.359564 0.234368 0.217813 0.185081 0.182918 0.291901 0.256801 0.391793 0.285924 0.261237 0.443197 0.282523 0.355570 0.287709 0.209052 0.337882 0.338933 0.224590 0.202346 0.194853 0.483107 0.153637 0.403191 0.142057 0.275876 0.477276 0.120460 0.472241 0.407990 0.452738 0.240641 0.161874 0.353678 0.416141 0.575960 0.549345 0.514446 0.270189 0.334510 0.542298 0.372359 0.339141 0.183763 0.253870 0.256589 0.176570 0.282068 0.212969 0.330801 0.466257 0.195613 0.240710 0.365897 0.238694 0.201560 0.271967 0.258924 0.236169 0.493343 0.122599 0.334983 0.363687 0.232208 0.297747 0.209115 0.301145 0.211646 0.390685 0.422659 0.405623 0.348454 0.224864 0.238461 0.192690 0.390014 0.328267 0.292300 1.000000 0.294338 0.299336 0.271807 0.387030
0.332168 0.377156 0.384072 0.408878 0.417654 0.471103 0.326899 0.414077 0.332593 0.415843 0.332677 0.304713 0.408748 0.394885 0.363266 0.400938 0.352116 0.404741 0.347857 0.441989 0.382368 0.413113 0.375897 0.432381 0.467900 0.445228 0.436757 0.534060 0.396999 0.357505 0.341972 0.384611 0.370144 0.366568 0.406679 0.273409 0.399064 0.345917 0.457510 0.379666 0.392509 0.554758 0.377797 0.290687 0.390631 0.435789 0.349542 0.390304 0.456953 0.378651 0.329088 0.378766 0.383253 0.356463 0.368282 0.526649 0.382400 0.375784 0.381568 0.530841 0.364270 0.418430 0.334157 0.383743 0.464290 0.431292 0.427949 0.452453 0.410764 0.453013 0.595134 0.542340 0.392766 0.484986 0.402820 0.323633 0.503345 0.422838 0.503361 0.412129 0.364856 0.465714 0.398038 0.424805 0.339908 0.378080 0.425129 0.342057 0.325850 0.395356 0.361062 0.424538 0.393993 0.425966 0.394766 0.420536 0.430708 0.349789 0.382311 0.420765 0.508924 0.361516 0.394314 0.403633 0.370838 0.325480 0.331961 0.414941 0.398891 0.393873 0.424976 0.367947 0.449831 0.353160 0.403219 0.344589 0.376408 0.509652 0.366874 0.356284 0.553540 0.370068 0.366646 0.408819 0.436650 0.484080 0.294338 1.000000 0.349940 0.377630 0.583156
0.662910 0.324657 0.451439 0.259985 0.339042 0.404031 0.383276 0.356312 0.678460 0.363030 0.777815 0.321925 0.726532 0.715500 0.611720 0.429481 0.709903 0.763434 0.435496 0.392301 0.351642 0.310725 0.140273 0.292276 0.320490 0.333191 0.289041 0.296920 0.400887 0.506928 0.463721 0.702486 0.259371 0.398537 0.503807 0.666988 0.747757 0.364291 0.363856 0.410098 0.422397 0.305124 0.504297 0.300292 0.377508 0.352155 0.392824 0.242184 0.176903 0.411570 0.697329 0.546377 0.307106 0.611190 0.405242 0.375951 0.365852 0.625105 0.698775 0.328463 0.499944 0.290668 0.714990 0.452864 0.431120 0.419441 0.222771 0.773762 0.788398 0.379017 0.322344 0.455002 0.501562 0.422759 0.320463 0.363299 0.433340 0.288849 0.383284 0.565326 0.533523 0.462272 0.422455 0.503376 0.280556 0.463643 0.304488 0.350782 0.244821 0.320818 0.488855 0.335338 0.409398 0.453023 0.426750 0.449223 0.650191 0.463990 0.110204 0.318135 0.425642 0.344018 0.281497 0.362368 0.619785 0.599272 0.234786 0.181157 0.401444 0.323532 0.626644 0.394248 0.530002 0.487437 0.602707 0.448123 0.345442 0.309541 0.342680 0.385969 0.466175 0.727558 0.654056 0.389127 0.340536 0.322948 0.299336 0.349940 1.000000 0.412619 0.359127
0.408729 0.440636 0.388464 0.213800 0.299287 0.366716 0.358858 0.314604 0.441681 0.452024 0.395406 0.407335 0.402617 0.421493 0.358137 0.390237 0.331871 0.389711 0.525308 0.426298 0.441909 0.292820 0.340550 0.316296 0.330415 0.504435 0.321382 0.275021 0.450331 0.351397 0.489280 0.452258 0.318533 0.329621 0.309752 0.304392 0.411731 0.359248 0.359281 0.320583 0.318756 0.350117 0.376923 0.247574 0.376148 0.379061 0.483412 0.297550 0.286583 0.447034 0.474611 0.377355 0.369206 0.353862 0.455992 0.345725 0.404425 0.445123 0.395885 0.405181 0.323235 0.350881 0.453211 0.466721 0.444770 0.490740 0.303498 0.407901 0.464321 0.479645 0.424063 0.366980 0.447192 0.515691 0.458491 0.337409 0.396561 0.401657 0.400242 0.422931 0.422758 0.442920 0.359564 0.413412 0.358630 0.476498 0.316533 0.341617 0.355559 0.312063 0.431534 0.441510 0.341532 0.557527 0.380464 0.577226 0.359158 0.497792 0.181497 0.324318 0.525775 0.409114 0.305744 0.378851 0.360839 0.397505 0.285889 0.318264 0.300945 0.284105 0.338149 0.292117 0.471727 0.370065 0.400787 0.354105 0.449925 0.363578 0.361584 0.374896 0.556523 0.346025 0.403642 0.369283 0.492573 0.448923 0.271807 0.377630 0.412619 1.000000 0.439496
0.341827 0.448276 0.409905 0.495248 0.397385 0.355087 0.359315 0.368751 0.385302 0.400284 0.406204 0.354340 0.369406 0.364651 0.457328 0.388560 0.485536 0.318997 0.530258 0.390384 0.327390 0.436258 0.342707 0.405540 0.428741 0.561924 0.378098 0.355773 0.416059 0.369960 0.397469 0.428565 0.363943 0.407529 0.369882 0.402827 0.389842 0.396116 0.393434 0.501157 0.487981 0.347521 0.308958 0.420329 0.340299 0.355854 0.322021 0.417920 0.440369 0.378724 0.447162 0.305461 0.468542 0.349484 0.458553 0.444169 0.380972 0.404282 0.331703 0.461937 0.418009 0.367722 0.396454 0.299530 0.424898 0.424039 0.389619 0.380890 0.391327 0.499259 0.477134 0.411671 0.354220 0.502142 0.537864 0.393517 0.510346 0.466570 0.500715 0.445816 0.405841 0.348296 0.362089 0.471802 0.390109 0.419512 0.356348 0.358793 0.385292 0.360338 0.482559 0.395818 0.403535 0.478248 0.436830 0.550359 0.327104 0.440781 0.385825 0.363246 0.448569 0.426177 0.315105 0.513352 0.433874 0.401295 0.402565 0.410875 0.298985 0.384606 0.407103 0.307886 0.487690 0.408390 0.490544 0.463303 0.366856 0.379794 0.294253 0.333855 0.584901 0.311347 0.415496 0.432642 0.414434 0.467691 0.387030 0.583156 0.359127 0.439496 1.000000
