"drug_id","pathway_id","weight","evidence"
"0","381","1.0","pathway_prior_projection"
"0","382","1.0","pathway_prior_projection"
"0","518","1.0","pathway_prior_projection"
"0","524","1.0","pathway_prior_projection"
"0","528","1.0","pathway_prior_projection"
"0","530","1.0","pathway_prior_projection"
"0","607","1.0","pathway_prior_projection"
"0","682","1.0","pathway_prior_projection"
"0","740","1.0","pathway_prior_projection"
"0","866","1.0","pathway_prior_projection"
"0","867","1.0","pathway_prior_projection"
"0","872","1.0","pathway_prior_projection"
"0","1099","1.0","pathway_prior_projection"
"2","44","1.0","pathway_prior_projection"
"2","50","1.0","pathway_prior_projection"
"2","75","1.0","pathway_prior_projection"
"2","91","1.0","pathway_prior_projection"
"2","116","1.0","pathway_prior_projection"
"2","118","1.0","pathway_prior_projection"
"2","119","1.0","pathway_prior_projection"
"2","120","1.0","pathway_prior_projection"
"2","121","1.0","pathway_prior_projection"
"2","137","1.0","pathway_prior_projection"
"2","144","1.0","pathway_prior_projection"
"2","194","1.0","pathway_prior_projection"
"2","195","1.0","pathway_prior_projection"
"2","197","1.0","pathway_prior_projection"
"2","212","1.0","pathway_prior_projection"
"2","222","1.0","pathway_prior_projection"
"2","268","1.0","pathway_prior_projection"
"2","381","1.0","pathway_prior_projection"
"2","382","1.0","pathway_prior_projection"
"2","403","1.0","pathway_prior_projection"
"2","409","1.0","pathway_prior_projection"
"2","420","1.0","pathway_prior_projection"
"2","424","1.0","pathway_prior_projection"
"2","459","1.0","pathway_prior_projection"
"2","509","1.0","pathway_prior_projection"
"2","510","1.0","pathway_prior_projection"
"2","639","1.0","pathway_prior_projection"
"2","642","1.0","pathway_prior_projection"
"2","650","1.0","pathway_prior_projection"
"2","740","1.0","pathway_prior_projection"
"2","786","1.0","pathway_prior_projection"
"2","792","1.0","pathway_prior_projection"
"2","793","1.0","pathway_prior_projection"
"2","796","1.0","pathway_prior_projection"
"2","797","1.0","pathway_prior_projection"
"2","831","1.0","pathway_prior_projection"
"2","890","1.0","pathway_prior_projection"
"2","962","1.0","pathway_prior_projection"
"2","972","1.0","pathway_prior_projection"
"2","1018","1.0","pathway_prior_projection"
"2","1060","1.0","pathway_prior_projection"
"2","1090","1.0","pathway_prior_projection"
"2","1092","1.0","pathway_prior_projection"
"2","1096","1.0","pathway_prior_projection"
"2","1108","1.0","pathway_prior_projection"
"6","42","1.0","pathway_prior_projection"
"6","80","1.0","pathway_prior_projection"
"6","106","1.0","pathway_prior_projection"
"6","108","1.0","pathway_prior_projection"
"6","128","1.0","pathway_prior_projection"
"6","166","1.0","pathway_prior_projection"
"6","170","1.0","pathway_prior_projection"
"6","171","1.0","pathway_prior_projection"
"6","172","1.0","pathway_prior_projection"
"6","173","1.0","pathway_prior_projection"
"6","175","1.0","pathway_prior_projection"
"6","176","1.0","pathway_prior_projection"
"6","184","1.0","pathway_prior_projection"
"6","212","1.0","pathway_prior_projection"
"6","221","1.0","pathway_prior_projection"
"6","246","1.0","pathway_prior_projection"
"6","247","1.0","pathway_prior_projection"
"6","248","1.0","pathway_prior_projection"
"6","287","1.0","pathway_prior_projection"
"6","351","1.0","pathway_prior_projection"
"6","352","1.0","pathway_prior_projection"
"6","375","1.0","pathway_prior_projection"
"6","376","1.0","pathway_prior_projection"
"6","383","1.0","pathway_prior_projection"
"6","396","1.0","pathway_prior_projection"
"6","397","1.0","pathway_prior_projection"
"6","410","1.0","pathway_prior_projection"
"6","430","1.0","pathway_prior_projection"
"6","475","1.0","pathway_prior_projection"
"6","477","1.0","pathway_prior_projection"
"6","535","1.0","pathway_prior_projection"
"6","536","1.0","pathway_prior_projection"
"6","537","1.0","pathway_prior_projection"
"6","542","1.0","pathway_prior_projection"
"6","613","1.0","pathway_prior_projection"
"6","627","1.0","pathway_prior_projection"
"6","676","1.0","pathway_prior_projection"
"6","677","1.0","pathway_prior_projection"
"6","690","1.0","pathway_prior_projection"
"6","691","1.0","pathway_prior_projection"
"6","759","1.0","pathway_prior_projection"
"6","812","1.0","pathway_prior_projection"
"6","813","1.0","pathway_prior_projection"
"6","824","1.0","pathway_prior_projection"
"6","825","1.0","pathway_prior_projection"
"6","840","1.0","pathway_prior_projection"
"6","1004","1.0","pathway_prior_projection"
"6","1029","1.0","pathway_prior_projection"
"6","1030","1.0","pathway_prior_projection"
"6","1031","1.0","pathway_prior_projection"
"6","1032","1.0","pathway_prior_projection"
"6","1057","1.0","pathway_prior_projection"
"6","1074","1.0","pathway_prior_projection"
"7","44","1.0","pathway_prior_projection"
"7","50","1.0","pathway_prior_projection"
"7","57","1.0","pathway_prior_projection"
"7","75","1.0","pathway_prior_projection"
"7","76","1.0","pathway_prior_projection"
"7","91","1.0","pathway_prior_projection"
"7","92","1.0","pathway_prior_projection"
"7","111","1.0","pathway_prior_projection"
"7","116","1.0","pathway_prior_projection"
"7","118","1.0","pathway_prior_projection"
"7","119","1.0","pathway_prior_projection"
"7","120","1.0","pathway_prior_projection"
"7","121","1.0","pathway_prior_projection"
"7","137","1.0","pathway_prior_projection"
"7","138","1.0","pathway_prior_projection"
"7","144","1.0","pathway_prior_projection"
"7","145","1.0","pathway_prior_projection"
"7","146","1.0","pathway_prior_projection"
"7","147","1.0","pathway_prior_projection"
"7","159","1.0","pathway_prior_projection"
"7","162","1.0","pathway_prior_projection"
"7","163","1.0","pathway_prior_projection"
"7","193","1.0","pathway_prior_projection"
"7","194","1.0","pathway_prior_projection"
"7","195","1.0","pathway_prior_projection"
"7","197","1.0","pathway_prior_projection"
"7","201","1.0","pathway_prior_projection"
"7","212","1.0","pathway_prior_projection"
"7","222","1.0","pathway_prior_projection"
"7","231","1.0","pathway_prior_projection"
"7","232","1.0","pathway_prior_projection"
"7","234","1.0","pathway_prior_projection"
"7","235","1.0","pathway_prior_projection"
"7","236","1.0","pathway_prior_projection"
"7","237","1.0","pathway_prior_projection"
"7","265","1.0","pathway_prior_projection"
"7","268","1.0","pathway_prior_projection"
"7","276","1.0","pathway_prior_projection"
"7","288","1.0","pathway_prior_projection"
"7","298","1.0","pathway_prior_projection"
"7","310","1.0","pathway_prior_projection"
"7","313","1.0","pathway_prior_projection"
"7","322","1.0","pathway_prior_projection"
"7","323","1.0","pathway_prior_projection"
"7","338","1.0","pathway_prior_projection"
"7","343","1.0","pathway_prior_projection"
"7","347","1.0","pathway_prior_projection"
"7","354","1.0","pathway_prior_projection"
"7","360","1.0","pathway_prior_projection"
"7","361","1.0","pathway_prior_projection"
"7","364","1.0","pathway_prior_projection"
"7","381","1.0","pathway_prior_projection"
"7","382","1.0","pathway_prior_projection"
"7","403","1.0","pathway_prior_projection"
"7","408","1.0","pathway_prior_projection"
"7","409","1.0","pathway_prior_projection"
"7","412","1.0","pathway_prior_projection"
"7","416","1.0","pathway_prior_projection"
"7","417","1.0","pathway_prior_projection"
"7","420","1.0","pathway_prior_projection"
"7","424","1.0","pathway_prior_projection"
"7","433","1.0","pathway_prior_projection"
"7","435","1.0","pathway_prior_projection"
"7","445","1.0","pathway_prior_projection"
"7","452","1.0","pathway_prior_projection"
"7","453","1.0","pathway_prior_projection"
"7","454","1.0","pathway_prior_projection"
"7","456","1.0","pathway_prior_projection"
"7","459","1.0","pathway_prior_projection"
"7","494","1.0","pathway_prior_projection"
"7","497","1.0","pathway_prior_projection"
"7","501","1.0","pathway_prior_projection"
"7","509","1.0","pathway_prior_projection"
"7","510","1.0","pathway_prior_projection"
"7","518","1.0","pathway_prior_projection"
"7","524","1.0","pathway_prior_projection"
"7","584","1.0","pathway_prior_projection"
"7","586","1.0","pathway_prior_projection"
"7","631","1.0","pathway_prior_projection"
"7","632","1.0","pathway_prior_projection"
"7","633","1.0","pathway_prior_projection"
"7","634","1.0","pathway_prior_projection"
"7","635","1.0","pathway_prior_projection"
"7","636","1.0","pathway_prior_projection"
"7","637","1.0","pathway_prior_projection"
"7","638","1.0","pathway_prior_projection"
"7","639","1.0","pathway_prior_projection"
"7","640","1.0","pathway_prior_projection"
"7","641","1.0","pathway_prior_projection"
"7","642","1.0","pathway_prior_projection"
"7","650","1.0","pathway_prior_projection"
"7","668","1.0","pathway_prior_projection"
"7","672","1.0","pathway_prior_projection"
"7","703","1.0","pathway_prior_projection"
"7","704","1.0","pathway_prior_projection"
"7","705","1.0","pathway_prior_projection"
"7","708","1.0","pathway_prior_projection"
"7","710","1.0","pathway_prior_projection"
"7","712","1.0","pathway_prior_projection"
"7","720","1.0","pathway_prior_projection"
"7","721","1.0","pathway_prior_projection"
"7","724","1.0","pathway_prior_projection"
"7","725","1.0","pathway_prior_projection"
"7","726","1.0","pathway_prior_projection"
"7","727","1.0","pathway_prior_projection"
"7","729","1.0","pathway_prior_projection"
"7","731","1.0","pathway_prior_projection"
"7","732","1.0","pathway_prior_projection"
"7","740","1.0","pathway_prior_projection"
"7","742","1.0","pathway_prior_projection"
"7","743","1.0","pathway_prior_projection"
"7","744","1.0","pathway_prior_projection"
"7","786","1.0","pathway_prior_projection"
"7","792","1.0","pathway_prior_projection"
"7","793","1.0","pathway_prior_projection"
"7","796","1.0","pathway_prior_projection"
"7","797","1.0","pathway_prior_projection"
"7","811","1.0","pathway_prior_projection"
"7","831","1.0","pathway_prior_projection"
"7","838","1.0","pathway_prior_projection"
"7","839","1.0","pathway_prior_projection"
"7","890","1.0","pathway_prior_projection"
"7","894","1.0","pathway_prior_projection"
"7","895","1.0","pathway_prior_projection"
"7","896","1.0","pathway_prior_projection"
"7","899","1.0","pathway_prior_projection"
"7","900","1.0","pathway_prior_projection"
"7","901","1.0","pathway_prior_projection"
"7","902","1.0","pathway_prior_projection"
"7","903","1.0","pathway_prior_projection"
"7","904","1.0","pathway_prior_projection"
"7","906","1.0","pathway_prior_projection"
"7","907","1.0","pathway_prior_projection"
"7","908","1.0","pathway_prior_projection"
"7","909","1.0","pathway_prior_projection"
"7","910","1.0","pathway_prior_projection"
"7","911","1.0","pathway_prior_projection"
"7","913","1.0","pathway_prior_projection"
"7","914","1.0","pathway_prior_projection"
"7","918","1.0","pathway_prior_projection"
"7","919","1.0","pathway_prior_projection"
"7","921","1.0","pathway_prior_projection"
"7","922","1.0","pathway_prior_projection"
"7","923","1.0","pathway_prior_projection"
"7","924","1.0","pathway_prior_projection"
"7","925","1.0","pathway_prior_projection"
"7","926","1.0","pathway_prior_projection"
"7","929","1.0","pathway_prior_projection"
"7","930","1.0","pathway_prior_projection"
"7","931","1.0","pathway_prior_projection"
"7","932","1.0","pathway_prior_projection"
"7","933","1.0","pathway_prior_projection"
"7","934","1.0","pathway_prior_projection"
"7","936","1.0","pathway_prior_projection"
"7","947","1.0","pathway_prior_projection"
"7","950","1.0","pathway_prior_projection"
"7","952","1.0","pathway_prior_projection"
"7","954","1.0","pathway_prior_projection"
"7","955","1.0","pathway_prior_projection"
"7","956","1.0","pathway_prior_projection"
"7","957","1.0","pathway_prior_projection"
"7","962","1.0","pathway_prior_projection"
"7","964","1.0","pathway_prior_projection"
"7","965","1.0","pathway_prior_projection"
"7","966","1.0","pathway_prior_projection"
"7","971","1.0","pathway_prior_projection"
"7","972","1.0","pathway_prior_projection"
"7","976","1.0","pathway_prior_projection"
"7","983","1.0","pathway_prior_projection"
"7","985","1.0","pathway_prior_projection"
"7","1005","1.0","pathway_prior_projection"
"7","1008","1.0","pathway_prior_projection"
"7","1018","1.0","pathway_prior_projection"
"7","1040","1.0","pathway_prior_projection"
"7","1060","1.0","pathway_prior_projection"
"7","1090","1.0","pathway_prior_projection"
"7","1092","1.0","pathway_prior_projection"
"7","1096","1.0","pathway_prior_projection"
"7","1108","1.0","pathway_prior_projection"
"16","102","1.0","pathway_prior_projection"
"16","106","1.0","pathway_prior_projection"
"16","108","1.0","pathway_prior_projection"
"16","351","1.0","pathway_prior_projection"
"16","352","1.0","pathway_prior_projection"
"16","436","1.0","pathway_prior_projection"
"16","441","1.0","pathway_prior_projection"
"16","518","1.0","pathway_prior_projection"
"16","526","1.0","pathway_prior_projection"
"16","542","1.0","pathway_prior_projection"
"16","551","1.0","pathway_prior_projection"
"16","661","1.0","pathway_prior_projection"
"16","806","1.0","pathway_prior_projection"
"17","463","1.0","pathway_prior_projection"
"17","999","1.0","pathway_prior_projection"
"17","1024","1.0","pathway_prior_projection"
"17","1078","1.0","pathway_prior_projection"
"19","115","1.0","pathway_prior_projection"
"19","120","1.0","pathway_prior_projection"
"19","121","1.0","pathway_prior_projection"
"19","199","1.0","pathway_prior_projection"
"19","381","1.0","pathway_prior_projection"
"19","382","1.0","pathway_prior_projection"
"19","441","1.0","pathway_prior_projection"
"19","467","1.0","pathway_prior_projection"
"19","518","1.0","pathway_prior_projection"
"19","526","1.0","pathway_prior_projection"
"19","561","1.0","pathway_prior_projection"
"19","608","1.0","pathway_prior_projection"
"19","740","1.0","pathway_prior_projection"
"19","1018","1.0","pathway_prior_projection"
"19","1060","1.0","pathway_prior_projection"
"21","0","0.38552152670754497","pathway_prior_projection"
"21","1","0.42731252254320096","cisplatin_mechanism_bridge;pathway_prior_projection"
"21","2","0.16395055251336196","cisplatin_mechanism_bridge"
"21","3","0.45171656228481494","pathway_prior_projection"
"21","5","0.33517022166114696","cisplatin_mechanism_bridge;pathway_prior_projection"
"21","6","0.306531687543037","cisplatin_mechanism_bridge;pathway_prior_projection"
"21","7","0.6906744925730399","pathway_prior_projection"
"21","8","0.494245335606781","pathway_prior_projection"
"21","9","0.494245335606781","pathway_prior_projection"
"21","10","0.494245335606781","pathway_prior_projection"
"21","11","0.3641095845492999","pathway_prior_projection"
"21","12","0.5871889038266059","pathway_prior_projection"
"21","15","0.3412302849460603","pathway_prior_projection"
"21","16","0.3665770403646262","pathway_prior_projection"
"21","21","0.5483736105190675","pathway_prior_projection"
"21","26","0.46265206413745613","pathway_prior_projection"
"21","29","0.5871889038266059","pathway_prior_projection"
"21","32","0.494245335606781","pathway_prior_projection"
"21","33","0.494245335606781","pathway_prior_projection"
"21","36","0.35251008295897956","pathway_prior_projection"
"21","40","0.494245335606781","pathway_prior_projection"
"21","43","0.40710561694592917","pathway_prior_projection"
"21","44","0.4535528084729646","pathway_prior_projection"
"21","45","0.4129094665049021","pathway_prior_projection"
"21","46","0.41611469980653837","pathway_prior_projection"
"21","47","0.494245335606781","pathway_prior_projection"
"21","48","0.5323583740477206","pathway_prior_projection"
"21","49","0.5621208643473128","pathway_prior_projection"
"21","50","0.3736105190674493","pathway_prior_projection"
"21","51","0.3526740335114929","pathway_prior_projection"
"21","52","0.3526740335114929","pathway_prior_projection"
"21","53","0.9014493228842182","pathway_prior_projection"
"21","54","0.656466209791127","pathway_prior_projection"
"21","55","0.3665770403646262","pathway_prior_projection"
"21","56","0.463816113060301","pathway_prior_projection"
"21","58","0.3880381676886252","pathway_prior_projection"
"21","59","0.3650441026986261","pathway_prior_projection"
"21","60","0.5227522379250419","pathway_prior_projection"
"21","61","0.608895956979375","pathway_prior_projection"
"21","62","0.3340492507459751","pathway_prior_projection"
"21","63","0.494245335606781","pathway_prior_projection"
"21","64","0.470484801783782","pathway_prior_projection"
"21","65","0.448847427615831","pathway_prior_projection"
"21","66","0.463830458733646","pathway_prior_projection"
"21","67","0.6906744925730399","pathway_prior_projection"
"21","70","0.5943658392628782","pathway_prior_projection"
"21","72","0.3822015280191494","pathway_prior_projection"
"21","73","0.5194609305833361","pathway_prior_projection"
"21","75","0.49267141030265277","pathway_prior_projection"
"21","76","0.49108301877330274","pathway_prior_projection"
"21","79","0.5259570158084765","pathway_prior_projection"
"21","80","0.31330130832540903","cisplatin_mechanism_bridge;pathway_prior_projection"
"21","81","0.6063178345411024","pathway_prior_projection"
"21","82","0.4557071187329901","pathway_prior_projection"
"21","83","0.580270190510542","pathway_prior_projection"
"21","85","0.5194609305833361","pathway_prior_projection"
"21","86","0.48044397809620615","pathway_prior_projection"
"21","87","0.3523461324064662","pathway_prior_projection"
"21","89","0.4250800625198107","pathway_prior_projection"
"21","90","0.6296520969275666","pathway_prior_projection"
"21","92","0.4632329175235035","pathway_prior_projection"
"21","94","0.6889092916243128","pathway_prior_projection"
"21","95","0.5323583740477206","pathway_prior_projection"
"21","96","0.5323583740477206","pathway_prior_projection"
"21","97","0.4452651080434141","pathway_prior_projection"
"21","98","0.5123249827851919","pathway_prior_projection"
"21","99","0.4805677607633538","pathway_prior_projection"
"21","101","0.6222005443158345","pathway_prior_projection"
"21","102","0.48369019903597077","pathway_prior_projection"
"21","103","0.4452651080434141","pathway_prior_projection"
"21","104","0.4500811555234941","pathway_prior_projection"
"21","105","0.6222005443158345","pathway_prior_projection"
"21","106","0.4968275568088665","pathway_prior_projection"
"21","107","0.42463739602802464","pathway_prior_projection"
"21","108","0.4968275568088665","pathway_prior_projection"
"21","109","0.4898330163622651","pathway_prior_projection"
"21","110","0.8261058464767026","pathway_prior_projection"
"21","111","0.5524032808847709","pathway_prior_projection"
"21","112","0.4898330163622651","pathway_prior_projection"
"21","113","0.39528150309866544","pathway_prior_projection"
"21","114","0.4306194051873955","pathway_prior_projection"
"21","115","0.46714103026527193","pathway_prior_projection"
"21","116","0.35251008295897956","pathway_prior_projection"
"21","117","0.37933239335016555","pathway_prior_projection"
"21","118","0.3736105190674493","pathway_prior_projection"
"21","119","0.4869468035107278","pathway_prior_projection"
"21","120","0.464243874956404","pathway_prior_projection"
"21","121","0.45715206960247445","pathway_prior_projection"
"21","122","0.3665770403646262","pathway_prior_projection"
"21","124","0.494245335606781","pathway_prior_projection"
"21","125","0.3600682034298456","pathway_prior_projection"
"21","126","0.46935217671683555","pathway_prior_projection"
"21","127","0.43732170377414176","pathway_prior_projection"
"21","128","0.5249204839820311","pathway_prior_projection"
"21","129","0.6222005443158345","pathway_prior_projection"
"21","131","0.4519747844050235","pathway_prior_projection"
"21","132","0.44414204675869756","pathway_prior_projection"
"21","133","0.3727087910286258","pathway_prior_projection"
"21","134","0.4500811555234941","pathway_prior_projection"
"21","136","0.5390202314981801","pathway_prior_projection"
"21","139","0.41416778699544216","pathway_prior_projection"
"21","140","0.4841705741548349","pathway_prior_projection"
"21","141","0.5141325376266518","pathway_prior_projection"
"21","142","0.36030593173098996","pathway_prior_projection"
"21","143","0.46265206413745613","pathway_prior_projection"
"21","145","0.42976904832169277","pathway_prior_projection"
"21","146","0.39118601829688165","pathway_prior_projection"
"21","147","0.39118601829688165","pathway_prior_projection"
"21","151","0.494245335606781","pathway_prior_projection"
"21","153","0.38594779814407976","pathway_prior_projection"
"21","154","0.5871889038266059","pathway_prior_projection"
"21","155","0.5871889038266059","pathway_prior_projection"
"21","156","0.3340492507459751","pathway_prior_projection"
"21","157","0.5871889038266059","pathway_prior_projection"
"21","158","0.4511099452405155","pathway_prior_projection"
"21","159","0.5029912495632697","pathway_prior_projection"
"21","160","0.37856182575335273","pathway_prior_projection"
"21","168","0.49080237400400034","pathway_prior_projection"
"21","169","0.5920418401810014","pathway_prior_projection"
"21","170","0.5896153720038037","pathway_prior_projection"
"21","171","0.5472942693816878","pathway_prior_projection"
"21","172","0.5249204839820311","pathway_prior_projection"
"21","173","0.46265206413745613","pathway_prior_projection"
"21","179","0.4926550152474014","pathway_prior_projection"
"21","180","0.41714758828737253","pathway_prior_projection"
"21","182","0.3392546807882743","pathway_prior_projection"
"21","184","0.46265206413745613","pathway_prior_projection"
"21","192","0.5223956454733254","pathway_prior_projection"
"21","193","0.6782060530543988","pathway_prior_projection"
"21","194","0.5196494737187264","pathway_prior_projection"
"21","195","0.36109289438305403","pathway_prior_projection"
"21","196","0.3696757058071286","pathway_prior_projection"
"21","198","0.46265206413745613","pathway_prior_projection"
"21","199","0.39056300619733086","pathway_prior_projection"
"21","200","0.5399219595370036","pathway_prior_projection"
"21","201","0.5105788257526837","pathway_prior_projection"
"21","202","0.5380491970894306","pathway_prior_projection"
"21","203","0.6097143434873376","pathway_prior_projection"
"21","204","0.48923391371828917","pathway_prior_projection"
"21","205","0.4373626914122701","pathway_prior_projection"
"21","206","0.45956979375020496","pathway_prior_projection"
"21","207","0.4663846717163436","pathway_prior_projection"
"21","208","0.4661114207954881","pathway_prior_projection"
"21","209","0.6337747080934936","pathway_prior_projection"
"21","210","0.44980068297115877","pathway_prior_projection"
"21","211","0.5459990600168323","pathway_prior_projection"
"21","212","0.5004902902237066","pathway_prior_projection"
"21","213","0.41714758828737253","pathway_prior_projection"
"21","215","0.3340492507459751","pathway_prior_projection"
"21","217","0.3340492507459751","pathway_prior_projection"
"21","218","0.41714758828737253","pathway_prior_projection"
"21","219","0.4292225464799817","pathway_prior_projection"
"21","221","0.38038714190466816","pathway_prior_projection"
"21","222","0.42547627635505125","pathway_prior_projection"
"21","225","0.5733350821392268","pathway_prior_projection"
"21","226","0.5137472538282454","pathway_prior_projection"
"21","227","0.39118601829688165","pathway_prior_projection"
"21","230","0.5175918942846838","pathway_prior_projection"
"21","238","0.5364380102960947","pathway_prior_projection"
"21","249","0.3798187799892886","pathway_prior_projection"
"21","250","0.39118601829688165","pathway_prior_projection"
"21","251","0.4203145664600889","pathway_prior_projection"
"21","252","0.4665212971767714","pathway_prior_projection"
"21","253","0.6570482342525494","pathway_prior_projection"
"21","254","0.5323583740477206","pathway_prior_projection"
"21","255","0.532429419287143","pathway_prior_projection"
"21","256","0.532429419287143","pathway_prior_projection"
"21","257","0.532429419287143","pathway_prior_projection"
"21","259","0.48259079347383116","pathway_prior_projection"
"21","261","0.39118601829688165","pathway_prior_projection"
"21","262","0.39118601829688165","pathway_prior_projection"
"21","265","0.5542819785552677","pathway_prior_projection"
"21","266","0.42821916909859986","pathway_prior_projection"
"21","267","0.4511099452405155","pathway_prior_projection"
"21","268","0.3736105190674493","pathway_prior_projection"
"21","269","0.4250800625198107","pathway_prior_projection"
"21","271","0.4339279273371151","pathway_prior_projection"
"21","272","0.4339279273371151","pathway_prior_projection"
"21","273","0.4339279273371151","pathway_prior_projection"
"21","274","0.4339279273371151","pathway_prior_projection"
"21","278","0.4150654162704528","pathway_prior_projection"
"21","279","0.4665212971767714","pathway_prior_projection"
"21","281","0.3340492507459751","pathway_prior_projection"
"21","282","0.3340492507459751","pathway_prior_projection"
"21","283","0.3340492507459751","pathway_prior_projection"
"21","284","0.3340492507459751","pathway_prior_projection"
"21","285","0.3340492507459751","pathway_prior_projection"
"21","286","0.3340492507459751","pathway_prior_projection"
"21","287","0.5871889038266059","pathway_prior_projection"
"21","288","0.6006874993168726","pathway_prior_projection"
"21","289","0.46965620432035593","pathway_prior_projection"
"21","290","0.7078893005869429","pathway_prior_projection"
"21","296","0.4169754402072335","pathway_prior_projection"
"21","315","1.0","pathway_prior_projection"
"21","320","0.6657949962291373","pathway_prior_projection"
"21","321","0.4638587402039545","pathway_prior_projection"
"21","323","0.4169754402072335","pathway_prior_projection"
"21","324","0.7078893005869429","pathway_prior_projection"
"21","327","0.3412302849460603","pathway_prior_projection"
"21","329","0.46265206413745613","pathway_prior_projection"
"21","330","0.5189925004332978","pathway_prior_projection"
"21","331","0.5636182793936015","pathway_prior_projection"
"21","336","0.494245335606781","pathway_prior_projection"
"21","337","0.4887229344962893","pathway_prior_projection"
"21","338","0.5074925402498607","pathway_prior_projection"
"21","339","0.4400883693478047","pathway_prior_projection"
"21","340","0.5220021641472932","pathway_prior_projection"
"21","341","0.494245335606781","pathway_prior_projection"
"21","342","0.494245335606781","pathway_prior_projection"
"21","343","0.494245335606781","pathway_prior_projection"
"21","344","0.494245335606781","pathway_prior_projection"
"21","345","0.494245335606781","pathway_prior_projection"
"21","346","0.494245335606781","pathway_prior_projection"
"21","347","0.494245335606781","pathway_prior_projection"
"21","348","0.5871889038266059","pathway_prior_projection"
"21","349","0.3340492507459751","pathway_prior_projection"
"21","350","0.4606190772862904","pathway_prior_projection"
"21","351","0.5871889038266059","pathway_prior_projection"
"21","353","0.6105299974860916","pathway_prior_projection"
"21","354","0.4665212971767714","pathway_prior_projection"
"21","355","0.494245335606781","pathway_prior_projection"
"21","356","0.4418631340787618","pathway_prior_projection"
"21","357","0.5483736105190675","pathway_prior_projection"
"21","358","0.4233039315342493","pathway_prior_projection"
"21","361","0.45369544545365115","pathway_prior_projection"
"21","362","0.4480584155818605","pathway_prior_projection"
"21","363","0.4584931851220338","pathway_prior_projection"
"21","364","0.35626455061153556","pathway_prior_projection"
"21","365","0.4665212971767714","pathway_prior_projection"
"21","367","0.3869888841525396","pathway_prior_projection"
"21","372","0.5743078554174726","pathway_prior_projection"
"21","373","0.5743078554174726","pathway_prior_projection"
"21","374","0.5743078554174726","pathway_prior_projection"
"21","377","0.39118601829688165","pathway_prior_projection"
"21","378","0.3450503328196216","pathway_prior_projection"
"21","379","0.46265206413745613","pathway_prior_projection"
"21","380","0.3648227694527329","pathway_prior_projection"
"21","381","0.4866853233987705","pathway_prior_projection"
"21","382","0.4813417439966773","pathway_prior_projection"
"21","384","0.494245335606781","pathway_prior_projection"
"21","385","0.4559246264659912","pathway_prior_projection"
"21","386","0.494245335606781","pathway_prior_projection"
"21","387","0.5483736105190675","pathway_prior_projection"
"21","388","0.4490769583893498","pathway_prior_projection"
"21","389","0.38384103354428306","pathway_prior_projection"
"21","390","0.3279011050267239","pathway_prior_projection"
"21","392","0.6048504770961078","pathway_prior_projection"
"21","393","0.4970652851100108","pathway_prior_projection"
"21","394","0.4970652851100108","pathway_prior_projection"
"21","395","0.41266354067613215","pathway_prior_projection"
"21","397","0.5871889038266059","pathway_prior_projection"
"21","400","0.3810128865134275","pathway_prior_projection"
"21","401","0.3450503328196216","pathway_prior_projection"
"21","403","0.35251008295897956","pathway_prior_projection"
"21","404","0.5323583740477206","pathway_prior_projection"
"21","405","0.6222005443158345","pathway_prior_projection"
"21","407","0.37856182575335273","pathway_prior_projection"
"21","408","0.5248245425475973","pathway_prior_projection"
"21","409","0.4577881977462264","pathway_prior_projection"
"21","410","0.5871889038266059","pathway_prior_projection"
"21","411","0.4169754402072335","pathway_prior_projection"
"21","413","0.4111551955930091","pathway_prior_projection"
"21","414","0.5191931446808975","pathway_prior_projection"
"21","420","0.4766509190059047","pathway_prior_projection"
"21","421","0.38563629209430433","pathway_prior_projection"
"21","422","0.37087254484047616","pathway_prior_projection"
"21","423","0.4790119871275395","pathway_prior_projection"
"21","424","0.5333684602103315","pathway_prior_projection"
"21","428","0.494245335606781","pathway_prior_projection"
"21","429","0.4665212971767714","pathway_prior_projection"
"21","433","0.48247317359084496","pathway_prior_projection"
"21","434","0.3903990556448175","pathway_prior_projection"
"21","436","0.4559246264659912","pathway_prior_projection"
"21","437","0.43534492854098067","pathway_prior_projection"
"21","438","0.3831360461684756","pathway_prior_projection"
"21","439","0.38398858904154504","pathway_prior_projection"
"21","442","0.4931807500191276","pathway_prior_projection"
"21","443","0.489758555486332","pathway_prior_projection"
"21","444","0.46247827655179197","pathway_prior_projection"
"21","446","0.6068055874348297","pathway_prior_projection"
"21","447","0.38293930550545957","pathway_prior_projection"
"21","448","0.5692363183263927","pathway_prior_projection"
"21","449","0.3648227694527329","pathway_prior_projection"
"21","450","0.3648227694527329","pathway_prior_projection"
"21","454","0.5429714398137521","pathway_prior_projection"
"21","455","0.5191931446808975","pathway_prior_projection"
"21","457","0.540312708353827","pathway_prior_projection"
"21","458","0.41123717086926587","pathway_prior_projection"
"21","459","0.41316710308742305","pathway_prior_projection"
"21","460","0.6222005443158345","pathway_prior_projection"
"21","461","0.3340492507459751","pathway_prior_projection"
"21","462","0.494245335606781","pathway_prior_projection"
"21","463","0.4686799794515307","pathway_prior_projection"
"21","464","0.4686799794515307","pathway_prior_projection"
"21","465","0.4686799794515307","pathway_prior_projection"
"21","467","0.522193439791892","pathway_prior_projection"
"21","471","0.5189925004332978","pathway_prior_projection"
"21","473","0.6889092916243128","pathway_prior_projection"
"21","474","0.544321982490081","pathway_prior_projection"
"21","476","0.5148101999103736","pathway_prior_projection"
"21","478","0.5767725787235902","pathway_prior_projection"
"21","479","0.463816113060301","pathway_prior_projection"
"21","480","0.4169754402072335","pathway_prior_projection"
"21","484","0.4329606190772863","pathway_prior_projection"
"21","486","0.3665770403646262","pathway_prior_projection"
"21","488","0.3665770403646262","pathway_prior_projection"
"21","489","0.36547037413516087","pathway_prior_projection"
"21","490","0.5149317965701544","pathway_prior_projection"
"21","492","0.3869888841525396","pathway_prior_projection"
"21","494","0.5074564711283077","pathway_prior_projection"
"21","497","0.5074564711283077","pathway_prior_projection"
"21","502","0.474420981298707","pathway_prior_projection"
"21","504","0.474420981298707","pathway_prior_projection"
"21","505","0.48124405679247134","pathway_prior_projection"
"21","506","0.3619973549310862","pathway_prior_projection"
"21","507","0.3619973549310862","pathway_prior_projection"
"21","508","0.4339279273371151","pathway_prior_projection"
"21","509","0.3736105190674493","pathway_prior_projection"
"21","510","0.49267141030265277","pathway_prior_projection"
"21","516","0.47188657900777126","pathway_prior_projection"
"21","517","0.45337246286519994","pathway_prior_projection"
"21","518","0.47341268540074977","pathway_prior_projection"
"21","519","0.35835492015608095","pathway_prior_projection"
"21","520","0.5346066826245205","pathway_prior_projection"
"21","521","0.4661114207954881","pathway_prior_projection"
"21","524","0.4406949863921041","pathway_prior_projection"
"21","525","1.0","pathway_prior_projection"
"21","526","0.7230219365839263","pathway_prior_projection"
"21","527","0.37856182575335273","pathway_prior_projection"
"21","528","0.4839023978939379","pathway_prior_projection"
"21","530","0.580270190510542","pathway_prior_projection"
"21","531","0.5223956454733253","pathway_prior_projection"
"21","532","0.5329015968783815","pathway_prior_projection"
"21","533","0.4344033839394038","pathway_prior_projection"
"21","534","0.6222005443158345","pathway_prior_projection"
"21","541","0.5323583740477206","pathway_prior_projection"
"21","542","0.4606190772862904","pathway_prior_projection"
"21","543","0.6105299974860916","pathway_prior_projection"
"21","544","0.5323583740477206","pathway_prior_projection"
"21","546","0.5323583740477206","pathway_prior_projection"
"21","547","0.46265206413745613","pathway_prior_projection"
"21","548","0.3526740335114929","pathway_prior_projection"
"21","550","0.42821916909859986","pathway_prior_projection"
"21","551","0.462687196398709","pathway_prior_projection"
"21","552","0.38293930550545957","pathway_prior_projection"
"21","554","0.38293930550545957","pathway_prior_projection"
"21","555","0.4111551955930091","pathway_prior_projection"
"21","556","0.38293930550545957","pathway_prior_projection"
"21","557","0.5803029806210447","pathway_prior_projection"
"21","558","0.8647407941764763","pathway_prior_projection"
"21","559","0.8647407941764763","pathway_prior_projection"
"21","560","0.6906744925730399","pathway_prior_projection"
"21","562","0.5418565760566614","pathway_prior_projection"
"21","564","0.5712037249565531","pathway_prior_projection"
"21","565","0.46064366986916744","pathway_prior_projection"
"21","568","0.39118601829688165","pathway_prior_projection"
"21","570","0.448847427615831","pathway_prior_projection"
"21","571","0.37933239335016555","pathway_prior_projection"
"21","572","0.4058513952192019","pathway_prior_projection"
"21","573","0.46265206413745613","pathway_prior_projection"
"21","581","0.3279011050267239","pathway_prior_projection"
"21","584","0.4416786897071843","pathway_prior_projection"
"21","586","0.5085530414553286","pathway_prior_projection"
"21","587","0.3577401055841558","pathway_prior_projection"
"21","588","0.3577401055841558","pathway_prior_projection"
"21","589","0.35146079942289404","pathway_prior_projection"
"21","590","0.5711791323736761","pathway_prior_projection"
"21","591","0.46111195363478374","pathway_prior_projection"
"21","593","0.6902646161917566","pathway_prior_projection"
"21","594","0.46326961121858984","pathway_prior_projection"
"21","595","0.5137472538282454","pathway_prior_projection"
"21","596","0.48267128949698246","pathway_prior_projection"
"21","597","0.609289438305407","pathway_prior_projection"
"21","599","0.46265206413745613","pathway_prior_projection"
"21","600","0.5264780142309079","pathway_prior_projection"
"21","601","0.49423362485303","pathway_prior_projection"
"21","602","0.5483736105190675","pathway_prior_projection"
"21","604","0.6222005443158345","pathway_prior_projection"
"21","606","0.5712037249565531","pathway_prior_projection"
"21","607","0.4052037905367741","pathway_prior_projection"
"21","608","0.522193439791892","pathway_prior_projection"
"21","609","0.34905072630094763","pathway_prior_projection"
"21","611","0.7965045742204151","pathway_prior_projection"
"21","612","0.46265206413745613","pathway_prior_projection"
"21","615","0.46064366986916744","pathway_prior_projection"
"21","616","0.41714758828737253","pathway_prior_projection"
"21","617","0.3930441245586997","pathway_prior_projection"
"21","618","0.3340492507459751","pathway_prior_projection"
"21","619","0.373107737373075","pathway_prior_projection"
"21","620","0.494245335606781","pathway_prior_projection"
"21","621","0.5871889038266059","pathway_prior_projection"
"21","622","0.6222005443158345","pathway_prior_projection"
"21","623","0.5642276289471096","pathway_prior_projection"
"21","625","0.3811139893541442","pathway_prior_projection"
"21","626","0.37933239335016555","pathway_prior_projection"
"21","628","0.35626455061153556","pathway_prior_projection"
"21","631","0.3903990556448175","pathway_prior_projection"
"21","637","0.39118601829688165","pathway_prior_projection"
"21","639","0.42976904832169277","pathway_prior_projection"
"21","641","0.4416786897071843","pathway_prior_projection"
"21","642","0.41316710308742305","pathway_prior_projection"
"21","644","0.6222005443158345","pathway_prior_projection"
"21","648","0.41591795914352225","pathway_prior_projection"
"21","649","0.46265206413745613","pathway_prior_projection"
"21","650","0.37515165426107483","pathway_prior_projection"
"21","651","0.37933239335016555","pathway_prior_projection"
"21","653","0.39118601829688165","pathway_prior_projection"
"21","654","0.6906744925730399","pathway_prior_projection"
"21","655","0.3697494835557596","pathway_prior_projection"
"21","656","0.4169754402072335","pathway_prior_projection"
"21","657","0.5767725787235902","pathway_prior_projection"
"21","658","0.39244843755123454","pathway_prior_projection"
"21","659","0.4519747844050235","pathway_prior_projection"
"21","661","0.35251008295897956","pathway_prior_projection"
"21","663","0.4511099452405155","pathway_prior_projection"
"21","664","0.5","pathway_prior_projection"
"21","668","0.38515263796439","pathway_prior_projection"
"21","671","0.3831360461684756","pathway_prior_projection"
"21","672","0.4307195411402382","pathway_prior_projection"
"21","673","0.43059062275706533","pathway_prior_projection"
"21","674","0.494245335606781","pathway_prior_projection"
"21","678","0.46265206413745613","pathway_prior_projection"
"21","681","0.35664163688231626","pathway_prior_projection"
"21","682","0.47691576220611864","pathway_prior_projection"
"21","683","0.5670739927060222","pathway_prior_projection"
"21","684","0.4877364986720005","pathway_prior_projection"
"21","685","0.48873113202391494","pathway_prior_projection"
"21","689","0.494245335606781","pathway_prior_projection"
"21","692","0.5215021149621274","pathway_prior_projection"
"21","695","0.494245335606781","pathway_prior_projection"
"21","696","0.494245335606781","pathway_prior_projection"
"21","697","0.3611584746040594","pathway_prior_projection"
"21","699","0.8261058464767026","pathway_prior_projection"
"21","700","0.6296520969275666","pathway_prior_projection"
"21","701","0.42674142811861276","pathway_prior_projection"
"21","702","0.4504664393219005","pathway_prior_projection"
"21","703","0.48397500456719394","pathway_prior_projection"
"21","704","0.562387283995147","pathway_prior_projection"
"21","705","0.5423746598026035","pathway_prior_projection"
"21","706","0.35251008295897956","pathway_prior_projection"
"21","708","0.5074564711283077","pathway_prior_projection"
"21","711","0.4930602073271844","pathway_prior_projection"
"21","712","0.46204107507842296","pathway_prior_projection"
"21","713","0.5500459061547037","pathway_prior_projection"
"21","714","0.35626455061153556","pathway_prior_projection"
"21","718","0.6222005443158345","pathway_prior_projection"
"21","719","0.46265206413745613","pathway_prior_projection"
"21","720","0.5359543561661803","pathway_prior_projection"
"21","721","0.6938660633286334","pathway_prior_projection"
"21","724","0.8537806997409582","pathway_prior_projection"
"21","725","0.6646664699260036","pathway_prior_projection"
"21","726","1.0","pathway_prior_projection"
"21","727","0.5871315211332262","pathway_prior_projection"
"21","728","0.7276207495819261","pathway_prior_projection"
"21","729","0.5839153577947558","pathway_prior_projection"
"21","730","0.5839153577947558","pathway_prior_projection"
"21","731","0.532429419287143","pathway_prior_projection"
"21","732","0.532429419287143","pathway_prior_projection"
"21","733","0.4926550152474014","pathway_prior_projection"
"21","734","0.49769649473718724","pathway_prior_projection"
"21","735","0.46265206413745613","pathway_prior_projection"
"21","736","0.46265206413745613","pathway_prior_projection"
"21","737","0.5851067318096861","pathway_prior_projection"
"21","739","0.7075613994819162","pathway_prior_projection"
"21","740","0.47785028035544486","pathway_prior_projection"
"21","741","0.3940551529658656","pathway_prior_projection"
"21","742","0.6410849154561651","pathway_prior_projection"
"21","743","0.6410849154561651","pathway_prior_projection"
"21","744","0.6410849154561651","pathway_prior_projection"
"21","746","0.5214283372134965","pathway_prior_projection"
"21","748","0.44803860489009845","pathway_prior_projection"
"21","750","0.5819916713119323","pathway_prior_projection"
"21","754","0.6175580111704976","pathway_prior_projection"
"21","756","0.42674142811861276","pathway_prior_projection"
"21","757","0.3792832081844116","pathway_prior_projection"
"21","760","0.5920418401810014","pathway_prior_projection"
"21","761","0.6222005443158345","pathway_prior_projection"
"21","762","0.3665770403646262","pathway_prior_projection"
"21","763","0.48907269567498446","pathway_prior_projection"
"21","766","0.5839864030341783","pathway_prior_projection"
"21","767","0.5871889038266059","pathway_prior_projection"
"21","769","0.4058513952192019","pathway_prior_projection"
"21","771","0.4058513952192019","pathway_prior_projection"
"21","772","0.36030593173098996","pathway_prior_projection"
"21","773","0.4058513952192019","pathway_prior_projection"
"21","774","0.4129094665049021","pathway_prior_projection"
"21","775","0.546097976850182","pathway_prior_projection"
"21","779","0.3340492507459751","pathway_prior_projection"
"21","783","0.5390202314981801","pathway_prior_projection"
"21","784","0.5390202314981801","pathway_prior_projection"
"21","785","0.3665770403646262","pathway_prior_projection"
"21","786","0.37515165426107483","pathway_prior_projection"
"21","790","0.34905072630094763","pathway_prior_projection"
"21","791","0.3340492507459751","pathway_prior_projection"
"21","792","0.5390202314981801","pathway_prior_projection"
"21","793","0.4218994218010515","pathway_prior_projection"
"21","795","0.4658245073285897","pathway_prior_projection"
"21","796","0.4606190772862904","pathway_prior_projection"
"21","797","0.4606190772862904","pathway_prior_projection"
"21","798","0.4169754402072335","pathway_prior_projection"
"21","799","0.7623536741318817","pathway_prior_projection"
"21","801","0.46265206413745613","pathway_prior_projection"
"21","802","0.46265206413745613","pathway_prior_projection"
"21","806","0.4559246264659912","pathway_prior_projection"
"21","807","0.41591795914352225","pathway_prior_projection"
"21","808","0.3523461324064662","pathway_prior_projection"
"21","809","0.5871889038266059","pathway_prior_projection"
"21","810","0.4926550152474014","pathway_prior_projection"
"21","815","0.35140341672951436","pathway_prior_projection"
"21","826","0.5323583740477206","pathway_prior_projection"
"21","827","0.39118601829688165","pathway_prior_projection"
"21","828","0.39118601829688165","pathway_prior_projection"
"21","831","0.4869468035107278","pathway_prior_projection"
"21","832","0.43059062275706533","pathway_prior_projection"
"21","833","0.4344033839394038","pathway_prior_projection"
"21","834","0.3279011050267239","pathway_prior_projection"
"21","840","0.5871889038266059","pathway_prior_projection"
"21","841","0.572305472669443","pathway_prior_projection"
"21","842","1.0","pathway_prior_projection"
"21","844","1.0","pathway_prior_projection"
"21","846","0.39533396727546977","pathway_prior_projection"
"21","849","0.39533396727546977","pathway_prior_projection"
"21","850","0.5871889038266059","pathway_prior_projection"
"21","854","0.4665212971767714","pathway_prior_projection"
"21","855","0.39118601829688165","pathway_prior_projection"
"21","858","0.4863347214480113","pathway_prior_projection"
"21","859","0.5621208643473128","pathway_prior_projection"
"21","860","0.49025313965308065","pathway_prior_projection"
"21","861","0.5175918942846838","pathway_prior_projection"
"21","866","0.39190193570952336","pathway_prior_projection"
"21","867","0.39190193570952336","pathway_prior_projection"
"21","868","0.39190193570952336","pathway_prior_projection"
"21","871","0.3466406531790012","pathway_prior_projection"
"21","873","0.3466406531790012","pathway_prior_projection"
"21","874","0.3412302849460603","pathway_prior_projection"
"21","876","0.6222005443158345","pathway_prior_projection"
"21","877","0.5323583740477206","pathway_prior_projection"
"21","880","0.3640522018559203","pathway_prior_projection"
"21","882","0.3640522018559203","pathway_prior_projection"
"21","883","0.45976926692242953","pathway_prior_projection"
"21","884","0.4612967395700123","pathway_prior_projection"
"21","885","0.4203692166442601","pathway_prior_projection"
"21","888","0.5323583740477206","pathway_prior_projection"
"21","889","0.5124438469357642","pathway_prior_projection"
"21","890","0.4799566885409969","pathway_prior_projection"
"21","891","0.494245335606781","pathway_prior_projection"
"21","893","0.5466384671716343","pathway_prior_projection"
"21","895","0.3590899651331824","pathway_prior_projection"
"21","896","0.3590899651331824","pathway_prior_projection"
"21","897","0.373107737373075","pathway_prior_projection"
"21","899","0.41505311997901434","pathway_prior_projection"
"21","900","0.4665212971767714","pathway_prior_projection"
"21","901","0.39118601829688165","pathway_prior_projection"
"21","902","0.39118601829688165","pathway_prior_projection"
"21","903","0.39118601829688165","pathway_prior_projection"
"21","904","0.39118601829688165","pathway_prior_projection"
"21","905","0.39118601829688165","pathway_prior_projection"
"21","906","0.39118601829688165","pathway_prior_projection"
"21","907","0.5938452962586483","pathway_prior_projection"
"21","909","0.37982424500770573","pathway_prior_projection"
"21","914","0.37982424500770573","pathway_prior_projection"
"21","926","0.4491052771211475","pathway_prior_projection"
"21","927","0.6222005443158345","pathway_prior_projection"
"21","928","0.6570482342525494","pathway_prior_projection"
"21","930","0.5018157523690855","pathway_prior_projection"
"21","934","0.39118601829688165","pathway_prior_projection"
"21","936","0.4534895704027094","pathway_prior_projection"
"21","938","0.4754074171229957","pathway_prior_projection"
"21","939","0.39118601829688165","pathway_prior_projection"
"21","945","0.39118601829688165","pathway_prior_projection"
"21","947","0.49010285164661","pathway_prior_projection"
"21","950","0.49010285164661","pathway_prior_projection"
"21","951","0.39583128395142686","pathway_prior_projection"
"21","952","0.5449024129877983","pathway_prior_projection"
"21","953","0.4665212971767714","pathway_prior_projection"
"21","954","0.44914253861035514","pathway_prior_projection"
"21","958","0.39583128395142686","pathway_prior_projection"
"21","959","0.3697494835557596","pathway_prior_projection"
"21","960","0.3697494835557596","pathway_prior_projection"
"21","961","0.3450503328196216","pathway_prior_projection"
"21","962","0.5197232514673575","pathway_prior_projection"
"21","963","0.46986588844804406","pathway_prior_projection"
"21","964","0.47113322621897236","pathway_prior_projection"
"21","965","0.47113322621897236","pathway_prior_projection"
"21","967","0.4694232219562581","pathway_prior_projection"
"21","968","0.4329606190772863","pathway_prior_projection"
"21","969","0.48709006506494784","pathway_prior_projection"
"21","970","0.5213750532839295","pathway_prior_projection"
"21","972","0.7082390617656381","pathway_prior_projection"
"21","973","0.5580098042430403","pathway_prior_projection"
"21","978","0.3869888841525396","pathway_prior_projection"
"21","982","0.3697494835557596","pathway_prior_projection"
"21","986","0.3697494835557596","pathway_prior_projection"
"21","991","0.41017968980555464","pathway_prior_projection"
"21","995","0.35140341672951436","pathway_prior_projection"
"21","1002","0.5871889038266059","pathway_prior_projection"
"21","1003","0.4421951339476014","pathway_prior_projection"
"21","1004","0.5871889038266059","pathway_prior_projection"
"21","1005","0.3903990556448175","pathway_prior_projection"
"21","1006","0.5231826081253894","pathway_prior_projection"
"21","1007","0.7285142800931239","pathway_prior_projection"
"21","1009","0.39118601829688165","pathway_prior_projection"
"21","1011","0.45336699784678275","pathway_prior_projection"
"21","1012","0.4329606190772863","pathway_prior_projection"
"21","1013","0.4329606190772863","pathway_prior_projection"
"21","1014","0.5803029806210447","pathway_prior_projection"
"21","1015","0.48603141292586155","pathway_prior_projection"
"21","1016","0.5836229793094403","pathway_prior_projection"
"21","1017","0.5836229793094403","pathway_prior_projection"
"21","1018","0.3736105190674493","pathway_prior_projection"
"21","1019","0.4427430020439169","pathway_prior_projection"
"21","1020","0.37052005115257236","pathway_prior_projection"
"21","1021","0.38293930550545957","pathway_prior_projection"
"21","1022","0.4111551955930091","pathway_prior_projection"
"21","1031","0.5249204839820311","pathway_prior_projection"
"21","1036","0.37087254484047616","pathway_prior_projection"
"21","1037","0.6222005443158345","pathway_prior_projection"
"21","1038","0.494245335606781","pathway_prior_projection"
"21","1039","0.494245335606781","pathway_prior_projection"
"21","1041","0.39533396727546977","pathway_prior_projection"
"21","1042","0.38293930550545957","pathway_prior_projection"
"21","1043","0.38293930550545957","pathway_prior_projection"
"21","1044","0.4111551955930091","pathway_prior_projection"
"21","1045","0.4017498988971592","pathway_prior_projection"
"21","1046","0.38293930550545957","pathway_prior_projection"
"21","1047","0.38293930550545957","pathway_prior_projection"
"21","1048","0.38293930550545957","pathway_prior_projection"
"21","1049","0.38293930550545957","pathway_prior_projection"
"21","1050","0.38293930550545957","pathway_prior_projection"
"21","1051","0.4017498988971592","pathway_prior_projection"
"21","1052","0.6902646161917566","pathway_prior_projection"
"21","1053","0.6902646161917566","pathway_prior_projection"
"21","1054","0.4490769583893498","pathway_prior_projection"
"21","1059","0.448847427615831","pathway_prior_projection"
"21","1060","0.43723035989488424","pathway_prior_projection"
"21","1061","0.3340492507459751","pathway_prior_projection"
"21","1062","0.5175918942846838","pathway_prior_projection"
"21","1064","0.4841131914614552","pathway_prior_projection"
"21","1065","0.38470997147260383","pathway_prior_projection"
"21","1066","0.546680821064367","pathway_prior_projection"
"21","1067","0.39118601829688165","pathway_prior_projection"
"21","1071","0.37933239335016555","pathway_prior_projection"
"21","1072","0.41611469980653837","pathway_prior_projection"
"21","1076","0.47320749880018004","pathway_prior_projection"
"21","1077","0.6222005443158345","pathway_prior_projection"
"21","1078","0.5055715862762457","pathway_prior_projection"
"21","1079","0.463830458733646","pathway_prior_projection"
"21","1080","0.5161054092752292","pathway_prior_projection"
"21","1081","0.647418871801598","pathway_prior_projection"
"21","1082","0.5399219595370036","pathway_prior_projection"
"21","1085","0.6902646161917566","pathway_prior_projection"
"21","1090","0.7082390617656381","pathway_prior_projection"
"21","1092","1.0","pathway_prior_projection"
"21","1093","0.494245335606781","pathway_prior_projection"
"21","1094","0.47188657900777126","pathway_prior_projection"
"21","1096","0.5126941447792679","pathway_prior_projection"
"21","1097","0.4203692166442601","pathway_prior_projection"
"21","1098","0.418319834737843","pathway_prior_projection"
"21","1100","0.40912220874184346","pathway_prior_projection"
"21","1101","0.6175580111704976","pathway_prior_projection"
"21","1104","1.0","pathway_prior_projection"
"21","1108","0.3736105190674493","pathway_prior_projection"
"21","1110","0.3869888841525396","pathway_prior_projection"
"21","1112","0.4606190772862904","pathway_prior_projection"
"21","1113","0.4606190772862904","pathway_prior_projection"
"21","1126","0.36547037413516087","pathway_prior_projection"
"22","5","1.0","pathway_prior_projection"
"22","11","1.0","pathway_prior_projection"
"22","60","1.0","pathway_prior_projection"
"22","76","1.0","pathway_prior_projection"
"22","79","1.0","pathway_prior_projection"
"22","106","1.0","pathway_prior_projection"
"22","108","1.0","pathway_prior_projection"
"22","128","1.0","pathway_prior_projection"
"22","145","1.0","pathway_prior_projection"
"22","159","1.0","pathway_prior_projection"
"22","198","1.0","pathway_prior_projection"
"22","201","1.0","pathway_prior_projection"
"22","212","1.0","pathway_prior_projection"
"22","222","1.0","pathway_prior_projection"
"22","254","1.0","pathway_prior_projection"
"22","381","1.0","pathway_prior_projection"
"22","382","1.0","pathway_prior_projection"
"22","400","1.0","pathway_prior_projection"
"22","411","1.0","pathway_prior_projection"
"22","420","1.0","pathway_prior_projection"
"22","424","1.0","pathway_prior_projection"
"22","432","1.0","pathway_prior_projection"
"22","440","1.0","pathway_prior_projection"
"22","442","1.0","pathway_prior_projection"
"22","459","1.0","pathway_prior_projection"
"22","481","1.0","pathway_prior_projection"
"22","490","1.0","pathway_prior_projection"
"22","494","1.0","pathway_prior_projection"
"22","497","1.0","pathway_prior_projection"
"22","499","1.0","pathway_prior_projection"
"22","501","1.0","pathway_prior_projection"
"22","502","1.0","pathway_prior_projection"
"22","503","1.0","pathway_prior_projection"
"22","504","1.0","pathway_prior_projection"
"22","506","1.0","pathway_prior_projection"
"22","507","1.0","pathway_prior_projection"
"22","528","1.0","pathway_prior_projection"
"22","546","1.0","pathway_prior_projection"
"22","581","1.0","pathway_prior_projection"
"22","584","1.0","pathway_prior_projection"
"22","586","1.0","pathway_prior_projection"
"22","609","1.0","pathway_prior_projection"
"22","610","1.0","pathway_prior_projection"
"22","612","1.0","pathway_prior_projection"
"22","639","1.0","pathway_prior_projection"
"22","641","1.0","pathway_prior_projection"
"22","642","1.0","pathway_prior_projection"
"22","644","1.0","pathway_prior_projection"
"22","682","1.0","pathway_prior_projection"
"22","708","1.0","pathway_prior_projection"
"22","740","1.0","pathway_prior_projection"
"22","779","1.0","pathway_prior_projection"
"22","841","1.0","pathway_prior_projection"
"22","842","1.0","pathway_prior_projection"
"22","844","1.0","pathway_prior_projection"
"22","866","1.0","pathway_prior_projection"
"22","867","1.0","pathway_prior_projection"
"22","873","1.0","pathway_prior_projection"
"22","880","1.0","pathway_prior_projection"
"22","882","1.0","pathway_prior_projection"
"22","883","1.0","pathway_prior_projection"
"22","890","1.0","pathway_prior_projection"
"22","894","1.0","pathway_prior_projection"
"22","895","1.0","pathway_prior_projection"
"22","896","1.0","pathway_prior_projection"
"22","936","1.0","pathway_prior_projection"
"22","938","1.0","pathway_prior_projection"
"22","962","1.0","pathway_prior_projection"
"22","1010","1.0","pathway_prior_projection"
"22","1019","1.0","pathway_prior_projection"
"22","1020","1.0","pathway_prior_projection"
"22","1058","1.0","pathway_prior_projection"
"22","1060","1.0","pathway_prior_projection"
"22","1067","1.0","pathway_prior_projection"
"22","1096","1.0","pathway_prior_projection"
"28","76","1.0","pathway_prior_projection"
"28","92","1.0","pathway_prior_projection"
"28","106","1.0","pathway_prior_projection"
"28","108","1.0","pathway_prior_projection"
"28","119","1.0","pathway_prior_projection"
"28","120","1.0","pathway_prior_projection"
"28","156","1.0","pathway_prior_projection"
"28","169","1.0","pathway_prior_projection"
"28","170","1.0","pathway_prior_projection"
"28","171","1.0","pathway_prior_projection"
"28","201","1.0","pathway_prior_projection"
"28","212","1.0","pathway_prior_projection"
"28","222","1.0","pathway_prior_projection"
"28","271","1.0","pathway_prior_projection"
"28","272","1.0","pathway_prior_projection"
"28","273","1.0","pathway_prior_projection"
"28","274","1.0","pathway_prior_projection"
"28","296","1.0","pathway_prior_projection"
"28","298","1.0","pathway_prior_projection"
"28","323","1.0","pathway_prior_projection"
"28","349","1.0","pathway_prior_projection"
"28","381","1.0","pathway_prior_projection"
"28","382","1.0","pathway_prior_projection"
"28","397","1.0","pathway_prior_projection"
"28","399","1.0","pathway_prior_projection"
"28","410","1.0","pathway_prior_projection"
"28","420","1.0","pathway_prior_projection"
"28","424","1.0","pathway_prior_projection"
"28","433","1.0","pathway_prior_projection"
"28","478","1.0","pathway_prior_projection"
"28","480","1.0","pathway_prior_projection"
"28","508","1.0","pathway_prior_projection"
"28","542","1.0","pathway_prior_projection"
"28","557","1.0","pathway_prior_projection"
"28","586","1.0","pathway_prior_projection"
"28","656","1.0","pathway_prior_projection"
"28","657","1.0","pathway_prior_projection"
"28","703","1.0","pathway_prior_projection"
"28","704","1.0","pathway_prior_projection"
"28","705","1.0","pathway_prior_projection"
"28","711","1.0","pathway_prior_projection"
"28","712","1.0","pathway_prior_projection"
"28","716","1.0","pathway_prior_projection"
"28","720","1.0","pathway_prior_projection"
"28","721","1.0","pathway_prior_projection"
"28","724","1.0","pathway_prior_projection"
"28","740","1.0","pathway_prior_projection"
"28","750","1.0","pathway_prior_projection"
"28","760","1.0","pathway_prior_projection"
"28","798","1.0","pathway_prior_projection"
"28","831","1.0","pathway_prior_projection"
"28","837","1.0","pathway_prior_projection"
"28","890","1.0","pathway_prior_projection"
"28","910","1.0","pathway_prior_projection"
"28","913","1.0","pathway_prior_projection"
"28","961","1.0","pathway_prior_projection"
"28","964","1.0","pathway_prior_projection"
"28","965","1.0","pathway_prior_projection"
"28","976","1.0","pathway_prior_projection"
"28","1064","1.0","pathway_prior_projection"
"28","1080","1.0","pathway_prior_projection"
"29","106","1.0","pathway_prior_projection"
"29","108","1.0","pathway_prior_projection"
"29","348","1.0","pathway_prior_projection"
"29","528","1.0","pathway_prior_projection"
"29","542","1.0","pathway_prior_projection"
"29","682","1.0","pathway_prior_projection"
"29","866","1.0","pathway_prior_projection"
"29","867","1.0","pathway_prior_projection"
"29","870","1.0","pathway_prior_projection"
"29","1055","1.0","pathway_prior_projection"
"30","120","1.0","pathway_prior_projection"
"30","121","1.0","pathway_prior_projection"
"30","212","1.0","pathway_prior_projection"
"30","381","1.0","pathway_prior_projection"
"30","382","1.0","pathway_prior_projection"
"30","404","1.0","pathway_prior_projection"
"30","424","1.0","pathway_prior_projection"
"30","528","1.0","pathway_prior_projection"
"30","607","1.0","pathway_prior_projection"
"30","651","1.0","pathway_prior_projection"
"30","682","1.0","pathway_prior_projection"
"30","685","1.0","pathway_prior_projection"
"30","740","1.0","pathway_prior_projection"
"30","841","1.0","pathway_prior_projection"
"30","866","1.0","pathway_prior_projection"
"30","867","1.0","pathway_prior_projection"
"30","872","1.0","pathway_prior_projection"
"30","890","1.0","pathway_prior_projection"
"30","951","1.0","pathway_prior_projection"
"30","958","1.0","pathway_prior_projection"
"30","1096","1.0","pathway_prior_projection"
"31","6","1.0","pathway_prior_projection"
"31","16","1.0","pathway_prior_projection"
"31","44","1.0","pathway_prior_projection"
"31","48","1.0","pathway_prior_projection"
"31","55","1.0","pathway_prior_projection"
"31","60","1.0","pathway_prior_projection"
"31","66","1.0","pathway_prior_projection"
"31","75","1.0","pathway_prior_projection"
"31","76","1.0","pathway_prior_projection"
"31","94","1.0","pathway_prior_projection"
"31","95","1.0","pathway_prior_projection"
"31","96","1.0","pathway_prior_projection"
"31","101","1.0","pathway_prior_projection"
"31","105","1.0","pathway_prior_projection"
"31","106","1.0","pathway_prior_projection"
"31","108","1.0","pathway_prior_projection"
"31","120","1.0","pathway_prior_projection"
"31","121","1.0","pathway_prior_projection"
"31","122","1.0","pathway_prior_projection"
"31","129","1.0","pathway_prior_projection"
"31","159","1.0","pathway_prior_projection"
"31","201","1.0","pathway_prior_projection"
"31","212","1.0","pathway_prior_projection"
"31","254","1.0","pathway_prior_projection"
"31","259","1.0","pathway_prior_projection"
"31","320","1.0","pathway_prior_projection"
"31","353","1.0","pathway_prior_projection"
"31","372","1.0","pathway_prior_projection"
"31","373","1.0","pathway_prior_projection"
"31","374","1.0","pathway_prior_projection"
"31","392","1.0","pathway_prior_projection"
"31","393","1.0","pathway_prior_projection"
"31","394","1.0","pathway_prior_projection"
"31","404","1.0","pathway_prior_projection"
"31","405","1.0","pathway_prior_projection"
"31","408","1.0","pathway_prior_projection"
"31","420","1.0","pathway_prior_projection"
"31","424","1.0","pathway_prior_projection"
"31","433","1.0","pathway_prior_projection"
"31","442","1.0","pathway_prior_projection"
"31","457","1.0","pathway_prior_projection"
"31","460","1.0","pathway_prior_projection"
"31","473","1.0","pathway_prior_projection"
"31","474","1.0","pathway_prior_projection"
"31","486","1.0","pathway_prior_projection"
"31","488","1.0","pathway_prior_projection"
"31","490","1.0","pathway_prior_projection"
"31","505","1.0","pathway_prior_projection"
"31","510","1.0","pathway_prior_projection"
"31","516","1.0","pathway_prior_projection"
"31","528","1.0","pathway_prior_projection"
"31","534","1.0","pathway_prior_projection"
"31","541","1.0","pathway_prior_projection"
"31","543","1.0","pathway_prior_projection"
"31","544","1.0","pathway_prior_projection"
"31","546","1.0","pathway_prior_projection"
"31","586","1.0","pathway_prior_projection"
"31","596","1.0","pathway_prior_projection"
"31","604","1.0","pathway_prior_projection"
"31","622","1.0","pathway_prior_projection"
"31","644","1.0","pathway_prior_projection"
"31","672","1.0","pathway_prior_projection"
"31","673","1.0","pathway_prior_projection"
"31","682","1.0","pathway_prior_projection"
"31","685","1.0","pathway_prior_projection"
"31","711","1.0","pathway_prior_projection"
"31","712","1.0","pathway_prior_projection"
"31","713","1.0","pathway_prior_projection"
"31","718","1.0","pathway_prior_projection"
"31","728","1.0","pathway_prior_projection"
"31","761","1.0","pathway_prior_projection"
"31","762","1.0","pathway_prior_projection"
"31","763","1.0","pathway_prior_projection"
"31","785","1.0","pathway_prior_projection"
"31","826","1.0","pathway_prior_projection"
"31","832","1.0","pathway_prior_projection"
"31","841","1.0","pathway_prior_projection"
"31","876","1.0","pathway_prior_projection"
"31","877","1.0","pathway_prior_projection"
"31","888","1.0","pathway_prior_projection"
"31","890","1.0","pathway_prior_projection"
"31","927","1.0","pathway_prior_projection"
"31","964","1.0","pathway_prior_projection"
"31","965","1.0","pathway_prior_projection"
"31","1037","1.0","pathway_prior_projection"
"31","1077","1.0","pathway_prior_projection"
"31","1079","1.0","pathway_prior_projection"
"31","1094","1.0","pathway_prior_projection"
"31","1096","1.0","pathway_prior_projection"
"32","26","1.0","pathway_prior_projection"
"32","120","1.0","pathway_prior_projection"
"32","121","1.0","pathway_prior_projection"
"32","200","1.0","pathway_prior_projection"
"32","381","1.0","pathway_prior_projection"
"32","382","1.0","pathway_prior_projection"
"32","404","1.0","pathway_prior_projection"
"32","518","1.0","pathway_prior_projection"
"32","521","1.0","pathway_prior_projection"
"32","524","1.0","pathway_prior_projection"
"32","528","1.0","pathway_prior_projection"
"32","529","1.0","pathway_prior_projection"
"32","530","1.0","pathway_prior_projection"
"32","607","1.0","pathway_prior_projection"
"32","682","1.0","pathway_prior_projection"
"32","711","1.0","pathway_prior_projection"
"32","719","1.0","pathway_prior_projection"
"32","740","1.0","pathway_prior_projection"
"32","751","1.0","pathway_prior_projection"
"32","752","1.0","pathway_prior_projection"
"32","866","1.0","pathway_prior_projection"
"32","867","1.0","pathway_prior_projection"
"32","872","1.0","pathway_prior_projection"
"32","890","1.0","pathway_prior_projection"
"32","964","1.0","pathway_prior_projection"
"32","965","1.0","pathway_prior_projection"
"32","1065","1.0","pathway_prior_projection"
"32","1082","1.0","pathway_prior_projection"
"35","106","1.0","pathway_prior_projection"
"35","108","1.0","pathway_prior_projection"
"35","348","1.0","pathway_prior_projection"
"35","528","1.0","pathway_prior_projection"
"35","542","1.0","pathway_prior_projection"
"35","682","1.0","pathway_prior_projection"
"35","866","1.0","pathway_prior_projection"
"35","867","1.0","pathway_prior_projection"
"35","870","1.0","pathway_prior_projection"
"35","1055","1.0","pathway_prior_projection"
"36","44","1.0","pathway_prior_projection"
"36","100","1.0","pathway_prior_projection"
"36","212","1.0","pathway_prior_projection"
"36","222","1.0","pathway_prior_projection"
"36","233","1.0","pathway_prior_projection"
"36","420","1.0","pathway_prior_projection"
"36","424","1.0","pathway_prior_projection"
"36","484","1.0","pathway_prior_projection"
"36","509","1.0","pathway_prior_projection"
"36","685","1.0","pathway_prior_projection"
"36","841","1.0","pathway_prior_projection"
"36","842","1.0","pathway_prior_projection"
"36","843","1.0","pathway_prior_projection"
"36","844","1.0","pathway_prior_projection"
"36","890","1.0","pathway_prior_projection"
"36","967","1.0","pathway_prior_projection"
"36","968","1.0","pathway_prior_projection"
"36","969","1.0","pathway_prior_projection"
"36","985","1.0","pathway_prior_projection"
"36","1011","1.0","pathway_prior_projection"
"36","1013","1.0","pathway_prior_projection"
"36","1096","1.0","pathway_prior_projection"
"36","1108","1.0","pathway_prior_projection"
"37","131","1.0","pathway_prior_projection"
"37","159","1.0","pathway_prior_projection"
"37","337","1.0","pathway_prior_projection"
"37","346","1.0","pathway_prior_projection"
"37","361","1.0","pathway_prior_projection"
"37","362","1.0","pathway_prior_projection"
"37","420","1.0","pathway_prior_projection"
"37","454","1.0","pathway_prior_projection"
"37","518","1.0","pathway_prior_projection"
"37","528","1.0","pathway_prior_projection"
"37","620","1.0","pathway_prior_projection"
"37","659","1.0","pathway_prior_projection"
"37","890","1.0","pathway_prior_projection"
"37","926","1.0","pathway_prior_projection"
"37","930","1.0","pathway_prior_projection"
"39","102","1.0","pathway_prior_projection"
"39","106","1.0","pathway_prior_projection"
"39","108","1.0","pathway_prior_projection"
"39","351","1.0","pathway_prior_projection"
"39","352","1.0","pathway_prior_projection"
"39","436","1.0","pathway_prior_projection"
"39","441","1.0","pathway_prior_projection"
"39","518","1.0","pathway_prior_projection"
"39","526","1.0","pathway_prior_projection"
"39","542","1.0","pathway_prior_projection"
"39","551","1.0","pathway_prior_projection"
"39","661","1.0","pathway_prior_projection"
"39","806","1.0","pathway_prior_projection"
"40","120","1.0","pathway_prior_projection"
"40","121","1.0","pathway_prior_projection"
"40","145","1.0","pathway_prior_projection"
"40","200","1.0","pathway_prior_projection"
"40","201","1.0","pathway_prior_projection"
"40","202","1.0","pathway_prior_projection"
"40","204","1.0","pathway_prior_projection"
"40","205","1.0","pathway_prior_projection"
"40","206","1.0","pathway_prior_projection"
"40","210","1.0","pathway_prior_projection"
"40","212","1.0","pathway_prior_projection"
"40","222","1.0","pathway_prior_projection"
"40","265","1.0","pathway_prior_projection"
"40","278","1.0","pathway_prior_projection"
"40","288","1.0","pathway_prior_projection"
"40","381","1.0","pathway_prior_projection"
"40","382","1.0","pathway_prior_projection"
"40","459","1.0","pathway_prior_projection"
"40","528","1.0","pathway_prior_projection"
"40","539","1.0","pathway_prior_projection"
"40","584","1.0","pathway_prior_projection"
"40","607","1.0","pathway_prior_projection"
"40","611","1.0","pathway_prior_projection"
"40","624","1.0","pathway_prior_projection"
"40","639","1.0","pathway_prior_projection"
"40","641","1.0","pathway_prior_projection"
"40","642","1.0","pathway_prior_projection"
"40","682","1.0","pathway_prior_projection"
"40","740","1.0","pathway_prior_projection"
"40","747","1.0","pathway_prior_projection"
"40","749","1.0","pathway_prior_projection"
"40","790","1.0","pathway_prior_projection"
"40","866","1.0","pathway_prior_projection"
"40","867","1.0","pathway_prior_projection"
"40","872","1.0","pathway_prior_projection"
"40","890","1.0","pathway_prior_projection"
"40","907","1.0","pathway_prior_projection"
"40","952","1.0","pathway_prior_projection"
"40","962","1.0","pathway_prior_projection"
"40","1009","1.0","pathway_prior_projection"
"40","1064","1.0","pathway_prior_projection"
"40","1065","1.0","pathway_prior_projection"
"40","1067","1.0","pathway_prior_projection"
"41","5","1.0","pathway_prior_projection"
"41","76","1.0","pathway_prior_projection"
"41","104","1.0","pathway_prior_projection"
"41","134","1.0","pathway_prior_projection"
"41","145","1.0","pathway_prior_projection"
"41","146","1.0","pathway_prior_projection"
"41","147","1.0","pathway_prior_projection"
"41","201","1.0","pathway_prior_projection"
"41","202","1.0","pathway_prior_projection"
"41","204","1.0","pathway_prior_projection"
"41","207","1.0","pathway_prior_projection"
"41","210","1.0","pathway_prior_projection"
"41","212","1.0","pathway_prior_projection"
"41","222","1.0","pathway_prior_projection"
"41","227","1.0","pathway_prior_projection"
"41","250","1.0","pathway_prior_projection"
"41","251","1.0","pathway_prior_projection"
"41","252","1.0","pathway_prior_projection"
"41","261","1.0","pathway_prior_projection"
"41","262","1.0","pathway_prior_projection"
"41","265","1.0","pathway_prior_projection"
"41","279","1.0","pathway_prior_projection"
"41","288","1.0","pathway_prior_projection"
"41","338","1.0","pathway_prior_projection"
"41","354","1.0","pathway_prior_projection"
"41","361","1.0","pathway_prior_projection"
"41","365","1.0","pathway_prior_projection"
"41","377","1.0","pathway_prior_projection"
"41","381","1.0","pathway_prior_projection"
"41","382","1.0","pathway_prior_projection"
"41","393","1.0","pathway_prior_projection"
"41","394","1.0","pathway_prior_projection"
"41","424","1.0","pathway_prior_projection"
"41","429","1.0","pathway_prior_projection"
"41","459","1.0","pathway_prior_projection"
"41","474","1.0","pathway_prior_projection"
"41","494","1.0","pathway_prior_projection"
"41","497","1.0","pathway_prior_projection"
"41","516","1.0","pathway_prior_projection"
"41","568","1.0","pathway_prior_projection"
"41","584","1.0","pathway_prior_projection"
"41","586","1.0","pathway_prior_projection"
"41","637","1.0","pathway_prior_projection"
"41","639","1.0","pathway_prior_projection"
"41","641","1.0","pathway_prior_projection"
"41","642","1.0","pathway_prior_projection"
"41","653","1.0","pathway_prior_projection"
"41","708","1.0","pathway_prior_projection"
"41","740","1.0","pathway_prior_projection"
"41","827","1.0","pathway_prior_projection"
"41","828","1.0","pathway_prior_projection"
"41","854","1.0","pathway_prior_projection"
"41","855","1.0","pathway_prior_projection"
"41","890","1.0","pathway_prior_projection"
"41","893","1.0","pathway_prior_projection"
"41","899","1.0","pathway_prior_projection"
"41","900","1.0","pathway_prior_projection"
"41","901","1.0","pathway_prior_projection"
"41","902","1.0","pathway_prior_projection"
"41","903","1.0","pathway_prior_projection"
"41","904","1.0","pathway_prior_projection"
"41","905","1.0","pathway_prior_projection"
"41","906","1.0","pathway_prior_projection"
"41","907","1.0","pathway_prior_projection"
"41","926","1.0","pathway_prior_projection"
"41","934","1.0","pathway_prior_projection"
"41","939","1.0","pathway_prior_projection"
"41","945","1.0","pathway_prior_projection"
"41","951","1.0","pathway_prior_projection"
"41","952","1.0","pathway_prior_projection"
"41","953","1.0","pathway_prior_projection"
"41","958","1.0","pathway_prior_projection"
"41","962","1.0","pathway_prior_projection"
"41","1009","1.0","pathway_prior_projection"
"41","1067","1.0","pathway_prior_projection"
"41","1094","1.0","pathway_prior_projection"
"41","1096","1.0","pathway_prior_projection"
"44","44","1.0","pathway_prior_projection"
"44","57","1.0","pathway_prior_projection"
"44","58","1.0","pathway_prior_projection"
"44","133","1.0","pathway_prior_projection"
"44","162","1.0","pathway_prior_projection"
"44","163","1.0","pathway_prior_projection"
"44","212","1.0","pathway_prior_projection"
"44","214","1.0","pathway_prior_projection"
"44","216","1.0","pathway_prior_projection"
"44","260","1.0","pathway_prior_projection"
"44","293","1.0","pathway_prior_projection"
"44","296","1.0","pathway_prior_projection"
"44","322","1.0","pathway_prior_projection"
"44","323","1.0","pathway_prior_projection"
"44","336","1.0","pathway_prior_projection"
"44","338","1.0","pathway_prior_projection"
"44","341","1.0","pathway_prior_projection"
"44","347","1.0","pathway_prior_projection"
"44","361","1.0","pathway_prior_projection"
"44","415","1.0","pathway_prior_projection"
"44","420","1.0","pathway_prior_projection"
"44","424","1.0","pathway_prior_projection"
"44","433","1.0","pathway_prior_projection"
"44","478","1.0","pathway_prior_projection"
"44","480","1.0","pathway_prior_projection"
"44","553","1.0","pathway_prior_projection"
"44","556","1.0","pathway_prior_projection"
"44","656","1.0","pathway_prior_projection"
"44","657","1.0","pathway_prior_projection"
"44","685","1.0","pathway_prior_projection"
"44","711","1.0","pathway_prior_projection"
"44","716","1.0","pathway_prior_projection"
"44","798","1.0","pathway_prior_projection"
"44","841","1.0","pathway_prior_projection"
"44","890","1.0","pathway_prior_projection"
"44","926","1.0","pathway_prior_projection"
"44","964","1.0","pathway_prior_projection"
"44","965","1.0","pathway_prior_projection"
"44","985","1.0","pathway_prior_projection"
"44","1043","1.0","pathway_prior_projection"
"44","1045","1.0","pathway_prior_projection"
"44","1049","1.0","pathway_prior_projection"
"44","1050","1.0","pathway_prior_projection"
"44","1051","1.0","pathway_prior_projection"
"44","1096","1.0","pathway_prior_projection"
"52","106","1.0","pathway_prior_projection"
"52","108","1.0","pathway_prior_projection"
"52","351","1.0","pathway_prior_projection"
"52","352","1.0","pathway_prior_projection"
"52","518","1.0","pathway_prior_projection"
"52","531","1.0","pathway_prior_projection"
"52","532","1.0","pathway_prior_projection"
"52","542","1.0","pathway_prior_projection"
"55","5","1.0","pathway_prior_projection"
"55","76","1.0","pathway_prior_projection"
"55","104","1.0","pathway_prior_projection"
"55","134","1.0","pathway_prior_projection"
"55","145","1.0","pathway_prior_projection"
"55","146","1.0","pathway_prior_projection"
"55","147","1.0","pathway_prior_projection"
"55","150","1.0","pathway_prior_projection"
"55","201","1.0","pathway_prior_projection"
"55","202","1.0","pathway_prior_projection"
"55","204","1.0","pathway_prior_projection"
"55","206","1.0","pathway_prior_projection"
"55","207","1.0","pathway_prior_projection"
"55","208","1.0","pathway_prior_projection"
"55","210","1.0","pathway_prior_projection"
"55","212","1.0","pathway_prior_projection"
"55","222","1.0","pathway_prior_projection"
"55","227","1.0","pathway_prior_projection"
"55","228","1.0","pathway_prior_projection"
"55","229","1.0","pathway_prior_projection"
"55","239","1.0","pathway_prior_projection"
"55","240","1.0","pathway_prior_projection"
"55","245","1.0","pathway_prior_projection"
"55","250","1.0","pathway_prior_projection"
"55","251","1.0","pathway_prior_projection"
"55","252","1.0","pathway_prior_projection"
"55","261","1.0","pathway_prior_projection"
"55","262","1.0","pathway_prior_projection"
"55","265","1.0","pathway_prior_projection"
"55","278","1.0","pathway_prior_projection"
"55","279","1.0","pathway_prior_projection"
"55","288","1.0","pathway_prior_projection"
"55","338","1.0","pathway_prior_projection"
"55","354","1.0","pathway_prior_projection"
"55","361","1.0","pathway_prior_projection"
"55","365","1.0","pathway_prior_projection"
"55","366","1.0","pathway_prior_projection"
"55","368","1.0","pathway_prior_projection"
"55","377","1.0","pathway_prior_projection"
"55","381","1.0","pathway_prior_projection"
"55","382","1.0","pathway_prior_projection"
"55","393","1.0","pathway_prior_projection"
"55","394","1.0","pathway_prior_projection"
"55","424","1.0","pathway_prior_projection"
"55","429","1.0","pathway_prior_projection"
"55","459","1.0","pathway_prior_projection"
"55","474","1.0","pathway_prior_projection"
"55","494","1.0","pathway_prior_projection"
"55","497","1.0","pathway_prior_projection"
"55","516","1.0","pathway_prior_projection"
"55","568","1.0","pathway_prior_projection"
"55","584","1.0","pathway_prior_projection"
"55","586","1.0","pathway_prior_projection"
"55","611","1.0","pathway_prior_projection"
"55","637","1.0","pathway_prior_projection"
"55","638","1.0","pathway_prior_projection"
"55","639","1.0","pathway_prior_projection"
"55","641","1.0","pathway_prior_projection"
"55","642","1.0","pathway_prior_projection"
"55","653","1.0","pathway_prior_projection"
"55","708","1.0","pathway_prior_projection"
"55","740","1.0","pathway_prior_projection"
"55","816","1.0","pathway_prior_projection"
"55","817","1.0","pathway_prior_projection"
"55","818","1.0","pathway_prior_projection"
"55","819","1.0","pathway_prior_projection"
"55","820","1.0","pathway_prior_projection"
"55","821","1.0","pathway_prior_projection"
"55","822","1.0","pathway_prior_projection"
"55","823","1.0","pathway_prior_projection"
"55","827","1.0","pathway_prior_projection"
"55","828","1.0","pathway_prior_projection"
"55","854","1.0","pathway_prior_projection"
"55","855","1.0","pathway_prior_projection"
"55","856","1.0","pathway_prior_projection"
"55","880","1.0","pathway_prior_projection"
"55","881","1.0","pathway_prior_projection"
"55","883","1.0","pathway_prior_projection"
"55","890","1.0","pathway_prior_projection"
"55","893","1.0","pathway_prior_projection"
"55","899","1.0","pathway_prior_projection"
"55","900","1.0","pathway_prior_projection"
"55","901","1.0","pathway_prior_projection"
"55","902","1.0","pathway_prior_projection"
"55","903","1.0","pathway_prior_projection"
"55","904","1.0","pathway_prior_projection"
"55","905","1.0","pathway_prior_projection"
"55","906","1.0","pathway_prior_projection"
"55","907","1.0","pathway_prior_projection"
"55","926","1.0","pathway_prior_projection"
"55","934","1.0","pathway_prior_projection"
"55","939","1.0","pathway_prior_projection"
"55","945","1.0","pathway_prior_projection"
"55","951","1.0","pathway_prior_projection"
"55","952","1.0","pathway_prior_projection"
"55","953","1.0","pathway_prior_projection"
"55","958","1.0","pathway_prior_projection"
"55","962","1.0","pathway_prior_projection"
"55","1009","1.0","pathway_prior_projection"
"55","1067","1.0","pathway_prior_projection"
"55","1094","1.0","pathway_prior_projection"
"55","1096","1.0","pathway_prior_projection"
"56","80","1.0","pathway_prior_projection"
"56","167","1.0","pathway_prior_projection"
"56","170","1.0","pathway_prior_projection"
"56","171","1.0","pathway_prior_projection"
"56","212","1.0","pathway_prior_projection"
"56","230","1.0","pathway_prior_projection"
"56","246","1.0","pathway_prior_projection"
"56","325","1.0","pathway_prior_projection"
"56","381","1.0","pathway_prior_projection"
"56","382","1.0","pathway_prior_projection"
"56","383","1.0","pathway_prior_projection"
"56","398","1.0","pathway_prior_projection"
"56","410","1.0","pathway_prior_projection"
"56","424","1.0","pathway_prior_projection"
"56","426","1.0","pathway_prior_projection"
"56","427","1.0","pathway_prior_projection"
"56","528","1.0","pathway_prior_projection"
"56","613","1.0","pathway_prior_projection"
"56","647","1.0","pathway_prior_projection"
"56","682","1.0","pathway_prior_projection"
"56","740","1.0","pathway_prior_projection"
"56","824","1.0","pathway_prior_projection"
"56","825","1.0","pathway_prior_projection"
"56","866","1.0","pathway_prior_projection"
"56","867","1.0","pathway_prior_projection"
"56","868","1.0","pathway_prior_projection"
"56","890","1.0","pathway_prior_projection"
"56","967","1.0","pathway_prior_projection"
"56","969","1.0","pathway_prior_projection"
"56","1062","1.0","pathway_prior_projection"
"56","1096","1.0","pathway_prior_projection"
"56","1127","1.0","pathway_prior_projection"
"57","5","1.0","pathway_prior_projection"
"57","76","1.0","pathway_prior_projection"
"57","104","1.0","pathway_prior_projection"
"57","134","1.0","pathway_prior_projection"
"57","145","1.0","pathway_prior_projection"
"57","146","1.0","pathway_prior_projection"
"57","147","1.0","pathway_prior_projection"
"57","201","1.0","pathway_prior_projection"
"57","202","1.0","pathway_prior_projection"
"57","204","1.0","pathway_prior_projection"
"57","207","1.0","pathway_prior_projection"
"57","210","1.0","pathway_prior_projection"
"57","212","1.0","pathway_prior_projection"
"57","222","1.0","pathway_prior_projection"
"57","227","1.0","pathway_prior_projection"
"57","250","1.0","pathway_prior_projection"
"57","251","1.0","pathway_prior_projection"
"57","252","1.0","pathway_prior_projection"
"57","261","1.0","pathway_prior_projection"
"57","262","1.0","pathway_prior_projection"
"57","265","1.0","pathway_prior_projection"
"57","279","1.0","pathway_prior_projection"
"57","288","1.0","pathway_prior_projection"
"57","338","1.0","pathway_prior_projection"
"57","354","1.0","pathway_prior_projection"
"57","361","1.0","pathway_prior_projection"
"57","365","1.0","pathway_prior_projection"
"57","377","1.0","pathway_prior_projection"
"57","381","1.0","pathway_prior_projection"
"57","382","1.0","pathway_prior_projection"
"57","393","1.0","pathway_prior_projection"
"57","394","1.0","pathway_prior_projection"
"57","424","1.0","pathway_prior_projection"
"57","429","1.0","pathway_prior_projection"
"57","459","1.0","pathway_prior_projection"
"57","474","1.0","pathway_prior_projection"
"57","494","1.0","pathway_prior_projection"
"57","497","1.0","pathway_prior_projection"
"57","516","1.0","pathway_prior_projection"
"57","568","1.0","pathway_prior_projection"
"57","584","1.0","pathway_prior_projection"
"57","586","1.0","pathway_prior_projection"
"57","637","1.0","pathway_prior_projection"
"57","639","1.0","pathway_prior_projection"
"57","641","1.0","pathway_prior_projection"
"57","642","1.0","pathway_prior_projection"
"57","653","1.0","pathway_prior_projection"
"57","708","1.0","pathway_prior_projection"
"57","740","1.0","pathway_prior_projection"
"57","827","1.0","pathway_prior_projection"
"57","828","1.0","pathway_prior_projection"
"57","854","1.0","pathway_prior_projection"
"57","855","1.0","pathway_prior_projection"
"57","890","1.0","pathway_prior_projection"
"57","893","1.0","pathway_prior_projection"
"57","899","1.0","pathway_prior_projection"
"57","900","1.0","pathway_prior_projection"
"57","901","1.0","pathway_prior_projection"
"57","902","1.0","pathway_prior_projection"
"57","903","1.0","pathway_prior_projection"
"57","904","1.0","pathway_prior_projection"
"57","905","1.0","pathway_prior_projection"
"57","906","1.0","pathway_prior_projection"
"57","907","1.0","pathway_prior_projection"
"57","926","1.0","pathway_prior_projection"
"57","934","1.0","pathway_prior_projection"
"57","939","1.0","pathway_prior_projection"
"57","945","1.0","pathway_prior_projection"
"57","951","1.0","pathway_prior_projection"
"57","952","1.0","pathway_prior_projection"
"57","953","1.0","pathway_prior_projection"
"57","958","1.0","pathway_prior_projection"
"57","962","1.0","pathway_prior_projection"
"57","1009","1.0","pathway_prior_projection"
"57","1067","1.0","pathway_prior_projection"
"57","1094","1.0","pathway_prior_projection"
"57","1096","1.0","pathway_prior_projection"
"60","6","1.0","pathway_prior_projection"
"60","16","1.0","pathway_prior_projection"
"60","44","1.0","pathway_prior_projection"
"60","48","1.0","pathway_prior_projection"
"60","55","1.0","pathway_prior_projection"
"60","60","1.0","pathway_prior_projection"
"60","66","1.0","pathway_prior_projection"
"60","75","1.0","pathway_prior_projection"
"60","76","1.0","pathway_prior_projection"
"60","94","1.0","pathway_prior_projection"
"60","95","1.0","pathway_prior_projection"
"60","96","1.0","pathway_prior_projection"
"60","101","1.0","pathway_prior_projection"
"60","105","1.0","pathway_prior_projection"
"60","106","1.0","pathway_prior_projection"
"60","108","1.0","pathway_prior_projection"
"60","120","1.0","pathway_prior_projection"
"60","121","1.0","pathway_prior_projection"
"60","122","1.0","pathway_prior_projection"
"60","129","1.0","pathway_prior_projection"
"60","159","1.0","pathway_prior_projection"
"60","201","1.0","pathway_prior_projection"
"60","212","1.0","pathway_prior_projection"
"60","254","1.0","pathway_prior_projection"
"60","259","1.0","pathway_prior_projection"
"60","320","1.0","pathway_prior_projection"
"60","353","1.0","pathway_prior_projection"
"60","372","1.0","pathway_prior_projection"
"60","373","1.0","pathway_prior_projection"
"60","374","1.0","pathway_prior_projection"
"60","392","1.0","pathway_prior_projection"
"60","393","1.0","pathway_prior_projection"
"60","394","1.0","pathway_prior_projection"
"60","404","1.0","pathway_prior_projection"
"60","405","1.0","pathway_prior_projection"
"60","408","1.0","pathway_prior_projection"
"60","420","1.0","pathway_prior_projection"
"60","424","1.0","pathway_prior_projection"
"60","433","1.0","pathway_prior_projection"
"60","442","1.0","pathway_prior_projection"
"60","457","1.0","pathway_prior_projection"
"60","460","1.0","pathway_prior_projection"
"60","473","1.0","pathway_prior_projection"
"60","474","1.0","pathway_prior_projection"
"60","486","1.0","pathway_prior_projection"
"60","488","1.0","pathway_prior_projection"
"60","490","1.0","pathway_prior_projection"
"60","505","1.0","pathway_prior_projection"
"60","510","1.0","pathway_prior_projection"
"60","516","1.0","pathway_prior_projection"
"60","528","1.0","pathway_prior_projection"
"60","534","1.0","pathway_prior_projection"
"60","541","1.0","pathway_prior_projection"
"60","543","1.0","pathway_prior_projection"
"60","544","1.0","pathway_prior_projection"
"60","546","1.0","pathway_prior_projection"
"60","586","1.0","pathway_prior_projection"
"60","596","1.0","pathway_prior_projection"
"60","604","1.0","pathway_prior_projection"
"60","622","1.0","pathway_prior_projection"
"60","644","1.0","pathway_prior_projection"
"60","672","1.0","pathway_prior_projection"
"60","673","1.0","pathway_prior_projection"
"60","682","1.0","pathway_prior_projection"
"60","685","1.0","pathway_prior_projection"
"60","711","1.0","pathway_prior_projection"
"60","712","1.0","pathway_prior_projection"
"60","713","1.0","pathway_prior_projection"
"60","718","1.0","pathway_prior_projection"
"60","728","1.0","pathway_prior_projection"
"60","761","1.0","pathway_prior_projection"
"60","762","1.0","pathway_prior_projection"
"60","763","1.0","pathway_prior_projection"
"60","785","1.0","pathway_prior_projection"
"60","826","1.0","pathway_prior_projection"
"60","832","1.0","pathway_prior_projection"
"60","841","1.0","pathway_prior_projection"
"60","876","1.0","pathway_prior_projection"
"60","877","1.0","pathway_prior_projection"
"60","888","1.0","pathway_prior_projection"
"60","890","1.0","pathway_prior_projection"
"60","927","1.0","pathway_prior_projection"
"60","964","1.0","pathway_prior_projection"
"60","965","1.0","pathway_prior_projection"
"60","1037","1.0","pathway_prior_projection"
"60","1077","1.0","pathway_prior_projection"
"60","1079","1.0","pathway_prior_projection"
"60","1094","1.0","pathway_prior_projection"
"60","1096","1.0","pathway_prior_projection"
"65","120","1.0","pathway_prior_projection"
"65","121","1.0","pathway_prior_projection"
"65","212","1.0","pathway_prior_projection"
"65","381","1.0","pathway_prior_projection"
"65","382","1.0","pathway_prior_projection"
"65","404","1.0","pathway_prior_projection"
"65","424","1.0","pathway_prior_projection"
"65","528","1.0","pathway_prior_projection"
"65","607","1.0","pathway_prior_projection"
"65","651","1.0","pathway_prior_projection"
"65","682","1.0","pathway_prior_projection"
"65","685","1.0","pathway_prior_projection"
"65","740","1.0","pathway_prior_projection"
"65","841","1.0","pathway_prior_projection"
"65","866","1.0","pathway_prior_projection"
"65","867","1.0","pathway_prior_projection"
"65","872","1.0","pathway_prior_projection"
"65","890","1.0","pathway_prior_projection"
"65","951","1.0","pathway_prior_projection"
"65","958","1.0","pathway_prior_projection"
"65","1096","1.0","pathway_prior_projection"
"66","5","1.0","pathway_prior_projection"
"66","6","1.0","pathway_prior_projection"
"66","356","1.0","pathway_prior_projection"
"66","591","1.0","pathway_prior_projection"
"66","594","1.0","pathway_prior_projection"
"66","1076","1.0","pathway_prior_projection"
"67","45","1.0","pathway_prior_projection"
"67","46","1.0","pathway_prior_projection"
"67","48","1.0","pathway_prior_projection"
"67","75","1.0","pathway_prior_projection"
"67","105","1.0","pathway_prior_projection"
"67","106","1.0","pathway_prior_projection"
"67","108","1.0","pathway_prior_projection"
"67","109","1.0","pathway_prior_projection"
"67","112","1.0","pathway_prior_projection"
"67","113","1.0","pathway_prior_projection"
"67","115","1.0","pathway_prior_projection"
"67","116","1.0","pathway_prior_projection"
"67","120","1.0","pathway_prior_projection"
"67","121","1.0","pathway_prior_projection"
"67","126","1.0","pathway_prior_projection"
"67","127","1.0","pathway_prior_projection"
"67","129","1.0","pathway_prior_projection"
"67","130","1.0","pathway_prior_projection"
"67","148","1.0","pathway_prior_projection"
"67","149","1.0","pathway_prior_projection"
"67","160","1.0","pathway_prior_projection"
"67","178","1.0","pathway_prior_projection"
"67","191","1.0","pathway_prior_projection"
"67","201","1.0","pathway_prior_projection"
"67","212","1.0","pathway_prior_projection"
"67","222","1.0","pathway_prior_projection"
"67","223","1.0","pathway_prior_projection"
"67","224","1.0","pathway_prior_projection"
"67","230","1.0","pathway_prior_projection"
"67","253","1.0","pathway_prior_projection"
"67","265","1.0","pathway_prior_projection"
"67","271","1.0","pathway_prior_projection"
"67","272","1.0","pathway_prior_projection"
"67","273","1.0","pathway_prior_projection"
"67","274","1.0","pathway_prior_projection"
"67","278","1.0","pathway_prior_projection"
"67","320","1.0","pathway_prior_projection"
"67","329","1.0","pathway_prior_projection"
"67","348","1.0","pathway_prior_projection"
"67","381","1.0","pathway_prior_projection"
"67","382","1.0","pathway_prior_projection"
"67","393","1.0","pathway_prior_projection"
"67","394","1.0","pathway_prior_projection"
"67","395","1.0","pathway_prior_projection"
"67","402","1.0","pathway_prior_projection"
"67","408","1.0","pathway_prior_projection"
"67","424","1.0","pathway_prior_projection"
"67","459","1.0","pathway_prior_projection"
"67","485","1.0","pathway_prior_projection"
"67","487","1.0","pathway_prior_projection"
"67","490","1.0","pathway_prior_projection"
"67","506","1.0","pathway_prior_projection"
"67","507","1.0","pathway_prior_projection"
"67","508","1.0","pathway_prior_projection"
"67","510","1.0","pathway_prior_projection"
"67","518","1.0","pathway_prior_projection"
"67","524","1.0","pathway_prior_projection"
"67","528","1.0","pathway_prior_projection"
"67","541","1.0","pathway_prior_projection"
"67","542","1.0","pathway_prior_projection"
"67","544","1.0","pathway_prior_projection"
"67","546","1.0","pathway_prior_projection"
"67","572","1.0","pathway_prior_projection"
"67","586","1.0","pathway_prior_projection"
"67","603","1.0","pathway_prior_projection"
"67","609","1.0","pathway_prior_projection"
"67","622","1.0","pathway_prior_projection"
"67","642","1.0","pathway_prior_projection"
"67","648","1.0","pathway_prior_projection"
"67","650","1.0","pathway_prior_projection"
"67","660","1.0","pathway_prior_projection"
"67","682","1.0","pathway_prior_projection"
"67","685","1.0","pathway_prior_projection"
"67","735","1.0","pathway_prior_projection"
"67","737","1.0","pathway_prior_projection"
"67","738","1.0","pathway_prior_projection"
"67","740","1.0","pathway_prior_projection"
"67","748","1.0","pathway_prior_projection"
"67","755","1.0","pathway_prior_projection"
"67","769","1.0","pathway_prior_projection"
"67","771","1.0","pathway_prior_projection"
"67","773","1.0","pathway_prior_projection"
"67","774","1.0","pathway_prior_projection"
"67","777","1.0","pathway_prior_projection"
"67","778","1.0","pathway_prior_projection"
"67","779","1.0","pathway_prior_projection"
"67","786","1.0","pathway_prior_projection"
"67","793","1.0","pathway_prior_projection"
"67","794","1.0","pathway_prior_projection"
"67","807","1.0","pathway_prior_projection"
"67","814","1.0","pathway_prior_projection"
"67","826","1.0","pathway_prior_projection"
"67","841","1.0","pathway_prior_projection"
"67","861","1.0","pathway_prior_projection"
"67","863","1.0","pathway_prior_projection"
"67","866","1.0","pathway_prior_projection"
"67","867","1.0","pathway_prior_projection"
"67","868","1.0","pathway_prior_projection"
"67","871","1.0","pathway_prior_projection"
"67","872","1.0","pathway_prior_projection"
"67","877","1.0","pathway_prior_projection"
"67","888","1.0","pathway_prior_projection"
"67","890","1.0","pathway_prior_projection"
"67","894","1.0","pathway_prior_projection"
"67","895","1.0","pathway_prior_projection"
"67","896","1.0","pathway_prior_projection"
"67","941","1.0","pathway_prior_projection"
"67","942","1.0","pathway_prior_projection"
"67","943","1.0","pathway_prior_projection"
"67","952","1.0","pathway_prior_projection"
"67","962","1.0","pathway_prior_projection"
"67","967","1.0","pathway_prior_projection"
"67","969","1.0","pathway_prior_projection"
"67","973","1.0","pathway_prior_projection"
"67","1007","1.0","pathway_prior_projection"
"67","1058","1.0","pathway_prior_projection"
"67","1060","1.0","pathway_prior_projection"
"67","1062","1.0","pathway_prior_projection"
"67","1063","1.0","pathway_prior_projection"
"67","1064","1.0","pathway_prior_projection"
"67","1065","1.0","pathway_prior_projection"
"67","1066","1.0","pathway_prior_projection"
"67","1072","1.0","pathway_prior_projection"
"67","1096","1.0","pathway_prior_projection"
"68","44","1.0","pathway_prior_projection"
"68","100","1.0","pathway_prior_projection"
"68","212","1.0","pathway_prior_projection"
"68","222","1.0","pathway_prior_projection"
"68","233","1.0","pathway_prior_projection"
"68","420","1.0","pathway_prior_projection"
"68","424","1.0","pathway_prior_projection"
"68","484","1.0","pathway_prior_projection"
"68","509","1.0","pathway_prior_projection"
"68","685","1.0","pathway_prior_projection"
"68","841","1.0","pathway_prior_projection"
"68","842","1.0","pathway_prior_projection"
"68","843","1.0","pathway_prior_projection"
"68","844","1.0","pathway_prior_projection"
"68","890","1.0","pathway_prior_projection"
"68","967","1.0","pathway_prior_projection"
"68","968","1.0","pathway_prior_projection"
"68","969","1.0","pathway_prior_projection"
"68","985","1.0","pathway_prior_projection"
"68","1011","1.0","pathway_prior_projection"
"68","1013","1.0","pathway_prior_projection"
"68","1096","1.0","pathway_prior_projection"
"68","1108","1.0","pathway_prior_projection"
"69","9","1.0","pathway_prior_projection"
"69","25","1.0","pathway_prior_projection"
"69","44","1.0","pathway_prior_projection"
"69","45","1.0","pathway_prior_projection"
"69","56","1.0","pathway_prior_projection"
"69","75","1.0","pathway_prior_projection"
"69","76","1.0","pathway_prior_projection"
"69","79","1.0","pathway_prior_projection"
"69","88","1.0","pathway_prior_projection"
"69","93","1.0","pathway_prior_projection"
"69","106","1.0","pathway_prior_projection"
"69","108","1.0","pathway_prior_projection"
"69","109","1.0","pathway_prior_projection"
"69","111","1.0","pathway_prior_projection"
"69","112","1.0","pathway_prior_projection"
"69","113","1.0","pathway_prior_projection"
"69","119","1.0","pathway_prior_projection"
"69","120","1.0","pathway_prior_projection"
"69","135","1.0","pathway_prior_projection"
"69","137","1.0","pathway_prior_projection"
"69","145","1.0","pathway_prior_projection"
"69","156","1.0","pathway_prior_projection"
"69","164","1.0","pathway_prior_projection"
"69","169","1.0","pathway_prior_projection"
"69","170","1.0","pathway_prior_projection"
"69","171","1.0","pathway_prior_projection"
"69","185","1.0","pathway_prior_projection"
"69","201","1.0","pathway_prior_projection"
"69","212","1.0","pathway_prior_projection"
"69","222","1.0","pathway_prior_projection"
"69","229","1.0","pathway_prior_projection"
"69","232","1.0","pathway_prior_projection"
"69","255","1.0","pathway_prior_projection"
"69","256","1.0","pathway_prior_projection"
"69","257","1.0","pathway_prior_projection"
"69","258","1.0","pathway_prior_projection"
"69","265","1.0","pathway_prior_projection"
"69","270","1.0","pathway_prior_projection"
"69","271","1.0","pathway_prior_projection"
"69","272","1.0","pathway_prior_projection"
"69","273","1.0","pathway_prior_projection"
"69","274","1.0","pathway_prior_projection"
"69","288","1.0","pathway_prior_projection"
"69","294","1.0","pathway_prior_projection"
"69","295","1.0","pathway_prior_projection"
"69","296","1.0","pathway_prior_projection"
"69","323","1.0","pathway_prior_projection"
"69","337","1.0","pathway_prior_projection"
"69","339","1.0","pathway_prior_projection"
"69","349","1.0","pathway_prior_projection"
"69","354","1.0","pathway_prior_projection"
"69","360","1.0","pathway_prior_projection"
"69","361","1.0","pathway_prior_projection"
"69","363","1.0","pathway_prior_projection"
"69","367","1.0","pathway_prior_projection"
"69","374","1.0","pathway_prior_projection"
"69","381","1.0","pathway_prior_projection"
"69","382","1.0","pathway_prior_projection"
"69","397","1.0","pathway_prior_projection"
"69","399","1.0","pathway_prior_projection"
"69","408","1.0","pathway_prior_projection"
"69","410","1.0","pathway_prior_projection"
"69","420","1.0","pathway_prior_projection"
"69","424","1.0","pathway_prior_projection"
"69","431","1.0","pathway_prior_projection"
"69","433","1.0","pathway_prior_projection"
"69","438","1.0","pathway_prior_projection"
"69","459","1.0","pathway_prior_projection"
"69","474","1.0","pathway_prior_projection"
"69","478","1.0","pathway_prior_projection"
"69","479","1.0","pathway_prior_projection"
"69","480","1.0","pathway_prior_projection"
"69","481","1.0","pathway_prior_projection"
"69","492","1.0","pathway_prior_projection"
"69","494","1.0","pathway_prior_projection"
"69","497","1.0","pathway_prior_projection"
"69","502","1.0","pathway_prior_projection"
"69","504","1.0","pathway_prior_projection"
"69","508","1.0","pathway_prior_projection"
"69","510","1.0","pathway_prior_projection"
"69","516","1.0","pathway_prior_projection"
"69","540","1.0","pathway_prior_projection"
"69","542","1.0","pathway_prior_projection"
"69","557","1.0","pathway_prior_projection"
"69","575","1.0","pathway_prior_projection"
"69","576","1.0","pathway_prior_projection"
"69","577","1.0","pathway_prior_projection"
"69","578","1.0","pathway_prior_projection"
"69","584","1.0","pathway_prior_projection"
"69","586","1.0","pathway_prior_projection"
"69","588","1.0","pathway_prior_projection"
"69","611","1.0","pathway_prior_projection"
"69","619","1.0","pathway_prior_projection"
"69","630","1.0","pathway_prior_projection"
"69","639","1.0","pathway_prior_projection"
"69","641","1.0","pathway_prior_projection"
"69","642","1.0","pathway_prior_projection"
"69","655","1.0","pathway_prior_projection"
"69","656","1.0","pathway_prior_projection"
"69","657","1.0","pathway_prior_projection"
"69","671","1.0","pathway_prior_projection"
"69","672","1.0","pathway_prior_projection"
"69","706","1.0","pathway_prior_projection"
"69","708","1.0","pathway_prior_projection"
"69","710","1.0","pathway_prior_projection"
"69","711","1.0","pathway_prior_projection"
"69","713","1.0","pathway_prior_projection"
"69","716","1.0","pathway_prior_projection"
"69","740","1.0","pathway_prior_projection"
"69","750","1.0","pathway_prior_projection"
"69","758","1.0","pathway_prior_projection"
"69","760","1.0","pathway_prior_projection"
"69","763","1.0","pathway_prior_projection"
"69","769","1.0","pathway_prior_projection"
"69","770","1.0","pathway_prior_projection"
"69","773","1.0","pathway_prior_projection"
"69","774","1.0","pathway_prior_projection"
"69","776","1.0","pathway_prior_projection"
"69","791","1.0","pathway_prior_projection"
"69","792","1.0","pathway_prior_projection"
"69","798","1.0","pathway_prior_projection"
"69","805","1.0","pathway_prior_projection"
"69","831","1.0","pathway_prior_projection"
"69","837","1.0","pathway_prior_projection"
"69","877","1.0","pathway_prior_projection"
"69","890","1.0","pathway_prior_projection"
"69","891","1.0","pathway_prior_projection"
"69","897","1.0","pathway_prior_projection"
"69","899","1.0","pathway_prior_projection"
"69","902","1.0","pathway_prior_projection"
"69","907","1.0","pathway_prior_projection"
"69","909","1.0","pathway_prior_projection"
"69","911","1.0","pathway_prior_projection"
"69","914","1.0","pathway_prior_projection"
"69","919","1.0","pathway_prior_projection"
"69","922","1.0","pathway_prior_projection"
"69","926","1.0","pathway_prior_projection"
"69","931","1.0","pathway_prior_projection"
"69","936","1.0","pathway_prior_projection"
"69","949","1.0","pathway_prior_projection"
"69","950","1.0","pathway_prior_projection"
"69","952","1.0","pathway_prior_projection"
"69","954","1.0","pathway_prior_projection"
"69","959","1.0","pathway_prior_projection"
"69","960","1.0","pathway_prior_projection"
"69","961","1.0","pathway_prior_projection"
"69","962","1.0","pathway_prior_projection"
"69","964","1.0","pathway_prior_projection"
"69","965","1.0","pathway_prior_projection"
"69","966","1.0","pathway_prior_projection"
"69","972","1.0","pathway_prior_projection"
"69","978","1.0","pathway_prior_projection"
"69","982","1.0","pathway_prior_projection"
"69","983","1.0","pathway_prior_projection"
"69","986","1.0","pathway_prior_projection"
"69","998","1.0","pathway_prior_projection"
"69","1038","1.0","pathway_prior_projection"
"69","1064","1.0","pathway_prior_projection"
"69","1066","1.0","pathway_prior_projection"
"69","1080","1.0","pathway_prior_projection"
"69","1090","1.0","pathway_prior_projection"
"69","1091","1.0","pathway_prior_projection"
"69","1094","1.0","pathway_prior_projection"
"69","1110","1.0","pathway_prior_projection"
"72","76","1.0","pathway_prior_projection"
"72","106","1.0","pathway_prior_projection"
"72","108","1.0","pathway_prior_projection"
"72","145","1.0","pathway_prior_projection"
"72","154","1.0","pathway_prior_projection"
"72","155","1.0","pathway_prior_projection"
"72","156","1.0","pathway_prior_projection"
"72","157","1.0","pathway_prior_projection"
"72","159","1.0","pathway_prior_projection"
"72","171","1.0","pathway_prior_projection"
"72","177","1.0","pathway_prior_projection"
"72","201","1.0","pathway_prior_projection"
"72","202","1.0","pathway_prior_projection"
"72","204","1.0","pathway_prior_projection"
"72","205","1.0","pathway_prior_projection"
"72","206","1.0","pathway_prior_projection"
"72","210","1.0","pathway_prior_projection"
"72","212","1.0","pathway_prior_projection"
"72","222","1.0","pathway_prior_projection"
"72","232","1.0","pathway_prior_projection"
"72","241","1.0","pathway_prior_projection"
"72","242","1.0","pathway_prior_projection"
"72","243","1.0","pathway_prior_projection"
"72","247","1.0","pathway_prior_projection"
"72","289","1.0","pathway_prior_projection"
"72","290","1.0","pathway_prior_projection"
"72","310","1.0","pathway_prior_projection"
"72","311","1.0","pathway_prior_projection"
"72","312","1.0","pathway_prior_projection"
"72","313","1.0","pathway_prior_projection"
"72","314","1.0","pathway_prior_projection"
"72","324","1.0","pathway_prior_projection"
"72","325","1.0","pathway_prior_projection"
"72","326","1.0","pathway_prior_projection"
"72","349","1.0","pathway_prior_projection"
"72","351","1.0","pathway_prior_projection"
"72","353","1.0","pathway_prior_projection"
"72","376","1.0","pathway_prior_projection"
"72","381","1.0","pathway_prior_projection"
"72","382","1.0","pathway_prior_projection"
"72","383","1.0","pathway_prior_projection"
"72","408","1.0","pathway_prior_projection"
"72","412","1.0","pathway_prior_projection"
"72","416","1.0","pathway_prior_projection"
"72","417","1.0","pathway_prior_projection"
"72","418","1.0","pathway_prior_projection"
"72","419","1.0","pathway_prior_projection"
"72","420","1.0","pathway_prior_projection"
"72","435","1.0","pathway_prior_projection"
"72","437","1.0","pathway_prior_projection"
"72","459","1.0","pathway_prior_projection"
"72","468","1.0","pathway_prior_projection"
"72","470","1.0","pathway_prior_projection"
"72","494","1.0","pathway_prior_projection"
"72","497","1.0","pathway_prior_projection"
"72","507","1.0","pathway_prior_projection"
"72","511","1.0","pathway_prior_projection"
"72","519","1.0","pathway_prior_projection"
"72","528","1.0","pathway_prior_projection"
"72","542","1.0","pathway_prior_projection"
"72","543","1.0","pathway_prior_projection"
"72","570","1.0","pathway_prior_projection"
"72","579","1.0","pathway_prior_projection"
"72","584","1.0","pathway_prior_projection"
"72","586","1.0","pathway_prior_projection"
"72","592","1.0","pathway_prior_projection"
"72","598","1.0","pathway_prior_projection"
"72","613","1.0","pathway_prior_projection"
"72","623","1.0","pathway_prior_projection"
"72","629","1.0","pathway_prior_projection"
"72","636","1.0","pathway_prior_projection"
"72","639","1.0","pathway_prior_projection"
"72","641","1.0","pathway_prior_projection"
"72","642","1.0","pathway_prior_projection"
"72","682","1.0","pathway_prior_projection"
"72","708","1.0","pathway_prior_projection"
"72","710","1.0","pathway_prior_projection"
"72","735","1.0","pathway_prior_projection"
"72","736","1.0","pathway_prior_projection"
"72","737","1.0","pathway_prior_projection"
"72","738","1.0","pathway_prior_projection"
"72","739","1.0","pathway_prior_projection"
"72","740","1.0","pathway_prior_projection"
"72","741","1.0","pathway_prior_projection"
"72","750","1.0","pathway_prior_projection"
"72","764","1.0","pathway_prior_projection"
"72","765","1.0","pathway_prior_projection"
"72","776","1.0","pathway_prior_projection"
"72","840","1.0","pathway_prior_projection"
"72","865","1.0","pathway_prior_projection"
"72","890","1.0","pathway_prior_projection"
"72","924","1.0","pathway_prior_projection"
"72","929","1.0","pathway_prior_projection"
"72","930","1.0","pathway_prior_projection"
"72","931","1.0","pathway_prior_projection"
"72","954","1.0","pathway_prior_projection"
"72","955","1.0","pathway_prior_projection"
"72","956","1.0","pathway_prior_projection"
"72","957","1.0","pathway_prior_projection"
"72","962","1.0","pathway_prior_projection"
"72","966","1.0","pathway_prior_projection"
"72","971","1.0","pathway_prior_projection"
"72","972","1.0","pathway_prior_projection"
"72","977","1.0","pathway_prior_projection"
"72","979","1.0","pathway_prior_projection"
"72","980","1.0","pathway_prior_projection"
"72","981","1.0","pathway_prior_projection"
"72","983","1.0","pathway_prior_projection"
"72","993","1.0","pathway_prior_projection"
"72","994","1.0","pathway_prior_projection"
"72","1000","1.0","pathway_prior_projection"
"72","1001","1.0","pathway_prior_projection"
"72","1009","1.0","pathway_prior_projection"
"72","1057","1.0","pathway_prior_projection"
"72","1059","1.0","pathway_prior_projection"
"72","1060","1.0","pathway_prior_projection"
"72","1061","1.0","pathway_prior_projection"
"72","1063","1.0","pathway_prior_projection"
"72","1064","1.0","pathway_prior_projection"
"72","1067","1.0","pathway_prior_projection"
"72","1088","1.0","pathway_prior_projection"
"72","1089","1.0","pathway_prior_projection"
"72","1090","1.0","pathway_prior_projection"
"72","1091","1.0","pathway_prior_projection"
"72","1103","1.0","pathway_prior_projection"
"72","1105","1.0","pathway_prior_projection"
"72","1106","1.0","pathway_prior_projection"
"72","1107","1.0","pathway_prior_projection"
"72","1109","1.0","pathway_prior_projection"
"72","1117","1.0","pathway_prior_projection"
"72","1118","1.0","pathway_prior_projection"
"72","1119","1.0","pathway_prior_projection"
"72","1120","1.0","pathway_prior_projection"
"72","1121","1.0","pathway_prior_projection"
"72","1122","1.0","pathway_prior_projection"
"72","1124","1.0","pathway_prior_projection"
"72","1125","1.0","pathway_prior_projection"
"76","44","1.0","pathway_prior_projection"
"76","100","1.0","pathway_prior_projection"
"76","212","1.0","pathway_prior_projection"
"76","222","1.0","pathway_prior_projection"
"76","233","1.0","pathway_prior_projection"
"76","420","1.0","pathway_prior_projection"
"76","424","1.0","pathway_prior_projection"
"76","484","1.0","pathway_prior_projection"
"76","509","1.0","pathway_prior_projection"
"76","685","1.0","pathway_prior_projection"
"76","841","1.0","pathway_prior_projection"
"76","842","1.0","pathway_prior_projection"
"76","843","1.0","pathway_prior_projection"
"76","844","1.0","pathway_prior_projection"
"76","890","1.0","pathway_prior_projection"
"76","967","1.0","pathway_prior_projection"
"76","968","1.0","pathway_prior_projection"
"76","969","1.0","pathway_prior_projection"
"76","985","1.0","pathway_prior_projection"
"76","1011","1.0","pathway_prior_projection"
"76","1013","1.0","pathway_prior_projection"
"76","1096","1.0","pathway_prior_projection"
"76","1108","1.0","pathway_prior_projection"
"77","106","1.0","pathway_prior_projection"
"77","108","1.0","pathway_prior_projection"
"77","348","1.0","pathway_prior_projection"
"77","528","1.0","pathway_prior_projection"
"77","542","1.0","pathway_prior_projection"
"77","682","1.0","pathway_prior_projection"
"77","866","1.0","pathway_prior_projection"
"77","867","1.0","pathway_prior_projection"
"77","870","1.0","pathway_prior_projection"
"77","1055","1.0","pathway_prior_projection"
"78","44","1.0","pathway_prior_projection"
"78","59","1.0","pathway_prior_projection"
"78","106","1.0","pathway_prior_projection"
"78","107","1.0","pathway_prior_projection"
"78","108","1.0","pathway_prior_projection"
"78","115","1.0","pathway_prior_projection"
"78","117","1.0","pathway_prior_projection"
"78","120","1.0","pathway_prior_projection"
"78","121","1.0","pathway_prior_projection"
"78","133","1.0","pathway_prior_projection"
"78","136","1.0","pathway_prior_projection"
"78","148","1.0","pathway_prior_projection"
"78","149","1.0","pathway_prior_projection"
"78","159","1.0","pathway_prior_projection"
"78","166","1.0","pathway_prior_projection"
"78","167","1.0","pathway_prior_projection"
"78","171","1.0","pathway_prior_projection"
"78","172","1.0","pathway_prior_projection"
"78","187","1.0","pathway_prior_projection"
"78","189","1.0","pathway_prior_projection"
"78","191","1.0","pathway_prior_projection"
"78","212","1.0","pathway_prior_projection"
"78","222","1.0","pathway_prior_projection"
"78","246","1.0","pathway_prior_projection"
"78","247","1.0","pathway_prior_projection"
"78","280","1.0","pathway_prior_projection"
"78","291","1.0","pathway_prior_projection"
"78","292","1.0","pathway_prior_projection"
"78","325","1.0","pathway_prior_projection"
"78","326","1.0","pathway_prior_projection"
"78","350","1.0","pathway_prior_projection"
"78","353","1.0","pathway_prior_projection"
"78","359","1.0","pathway_prior_projection"
"78","369","1.0","pathway_prior_projection"
"78","370","1.0","pathway_prior_projection"
"78","376","1.0","pathway_prior_projection"
"78","381","1.0","pathway_prior_projection"
"78","382","1.0","pathway_prior_projection"
"78","383","1.0","pathway_prior_projection"
"78","400","1.0","pathway_prior_projection"
"78","405","1.0","pathway_prior_projection"
"78","406","1.0","pathway_prior_projection"
"78","411","1.0","pathway_prior_projection"
"78","420","1.0","pathway_prior_projection"
"78","424","1.0","pathway_prior_projection"
"78","446","1.0","pathway_prior_projection"
"78","447","1.0","pathway_prior_projection"
"78","467","1.0","pathway_prior_projection"
"78","483","1.0","pathway_prior_projection"
"78","494","1.0","pathway_prior_projection"
"78","497","1.0","pathway_prior_projection"
"78","528","1.0","pathway_prior_projection"
"78","543","1.0","pathway_prior_projection"
"78","571","1.0","pathway_prior_projection"
"78","608","1.0","pathway_prior_projection"
"78","609","1.0","pathway_prior_projection"
"78","613","1.0","pathway_prior_projection"
"78","621","1.0","pathway_prior_projection"
"78","626","1.0","pathway_prior_projection"
"78","682","1.0","pathway_prior_projection"
"78","685","1.0","pathway_prior_projection"
"78","693","1.0","pathway_prior_projection"
"78","708","1.0","pathway_prior_projection"
"78","740","1.0","pathway_prior_projection"
"78","745","1.0","pathway_prior_projection"
"78","759","1.0","pathway_prior_projection"
"78","768","1.0","pathway_prior_projection"
"78","782","1.0","pathway_prior_projection"
"78","783","1.0","pathway_prior_projection"
"78","788","1.0","pathway_prior_projection"
"78","790","1.0","pathway_prior_projection"
"78","792","1.0","pathway_prior_projection"
"78","827","1.0","pathway_prior_projection"
"78","835","1.0","pathway_prior_projection"
"78","836","1.0","pathway_prior_projection"
"78","840","1.0","pathway_prior_projection"
"78","841","1.0","pathway_prior_projection"
"78","862","1.0","pathway_prior_projection"
"78","890","1.0","pathway_prior_projection"
"78","895","1.0","pathway_prior_projection"
"78","896","1.0","pathway_prior_projection"
"78","927","1.0","pathway_prior_projection"
"78","930","1.0","pathway_prior_projection"
"78","941","1.0","pathway_prior_projection"
"78","942","1.0","pathway_prior_projection"
"78","943","1.0","pathway_prior_projection"
"78","973","1.0","pathway_prior_projection"
"78","1002","1.0","pathway_prior_projection"
"78","1004","1.0","pathway_prior_projection"
"78","1007","1.0","pathway_prior_projection"
"78","1057","1.0","pathway_prior_projection"
"78","1065","1.0","pathway_prior_projection"
"78","1073","1.0","pathway_prior_projection"
"78","1083","1.0","pathway_prior_projection"
"78","1095","1.0","pathway_prior_projection"
"78","1096","1.0","pathway_prior_projection"
"78","1114","1.0","pathway_prior_projection"
"79","60","1.0","pathway_prior_projection"
"79","62","1.0","pathway_prior_projection"
"79","159","1.0","pathway_prior_projection"
"79","212","1.0","pathway_prior_projection"
"79","358","1.0","pathway_prior_projection"
"79","420","1.0","pathway_prior_projection"
"79","422","1.0","pathway_prior_projection"
"79","424","1.0","pathway_prior_projection"
"79","442","1.0","pathway_prior_projection"
"79","494","1.0","pathway_prior_projection"
"79","497","1.0","pathway_prior_projection"
"79","685","1.0","pathway_prior_projection"
"79","692","1.0","pathway_prior_projection"
"79","708","1.0","pathway_prior_projection"
"79","709","1.0","pathway_prior_projection"
"79","841","1.0","pathway_prior_projection"
"79","885","1.0","pathway_prior_projection"
"79","890","1.0","pathway_prior_projection"
"79","1036","1.0","pathway_prior_projection"
"79","1096","1.0","pathway_prior_projection"
"79","1097","1.0","pathway_prior_projection"
"80","76","1.0","pathway_prior_projection"
"80","79","1.0","pathway_prior_projection"
"80","145","1.0","pathway_prior_projection"
"80","201","1.0","pathway_prior_projection"
"80","212","1.0","pathway_prior_projection"
"80","222","1.0","pathway_prior_projection"
"80","381","1.0","pathway_prior_projection"
"80","382","1.0","pathway_prior_projection"
"80","424","1.0","pathway_prior_projection"
"80","432","1.0","pathway_prior_projection"
"80","459","1.0","pathway_prior_projection"
"80","481","1.0","pathway_prior_projection"
"80","494","1.0","pathway_prior_projection"
"80","497","1.0","pathway_prior_projection"
"80","499","1.0","pathway_prior_projection"
"80","501","1.0","pathway_prior_projection"
"80","502","1.0","pathway_prior_projection"
"80","503","1.0","pathway_prior_projection"
"80","504","1.0","pathway_prior_projection"
"80","506","1.0","pathway_prior_projection"
"80","507","1.0","pathway_prior_projection"
"80","581","1.0","pathway_prior_projection"
"80","584","1.0","pathway_prior_projection"
"80","586","1.0","pathway_prior_projection"
"80","639","1.0","pathway_prior_projection"
"80","641","1.0","pathway_prior_projection"
"80","642","1.0","pathway_prior_projection"
"80","708","1.0","pathway_prior_projection"
"80","740","1.0","pathway_prior_projection"
"80","779","1.0","pathway_prior_projection"
"80","880","1.0","pathway_prior_projection"
"80","882","1.0","pathway_prior_projection"
"80","883","1.0","pathway_prior_projection"
"80","890","1.0","pathway_prior_projection"
"80","936","1.0","pathway_prior_projection"
"80","962","1.0","pathway_prior_projection"
"80","1058","1.0","pathway_prior_projection"
"82","80","1.0","pathway_prior_projection"
"82","167","1.0","pathway_prior_projection"
"82","170","1.0","pathway_prior_projection"
"82","171","1.0","pathway_prior_projection"
"82","212","1.0","pathway_prior_projection"
"82","230","1.0","pathway_prior_projection"
"82","246","1.0","pathway_prior_projection"
"82","325","1.0","pathway_prior_projection"
"82","381","1.0","pathway_prior_projection"
"82","382","1.0","pathway_prior_projection"
"82","383","1.0","pathway_prior_projection"
"82","398","1.0","pathway_prior_projection"
"82","410","1.0","pathway_prior_projection"
"82","424","1.0","pathway_prior_projection"
"82","426","1.0","pathway_prior_projection"
"82","427","1.0","pathway_prior_projection"
"82","528","1.0","pathway_prior_projection"
"82","613","1.0","pathway_prior_projection"
"82","647","1.0","pathway_prior_projection"
"82","682","1.0","pathway_prior_projection"
"82","740","1.0","pathway_prior_projection"
"82","824","1.0","pathway_prior_projection"
"82","825","1.0","pathway_prior_projection"
"82","866","1.0","pathway_prior_projection"
"82","867","1.0","pathway_prior_projection"
"82","868","1.0","pathway_prior_projection"
"82","890","1.0","pathway_prior_projection"
"82","967","1.0","pathway_prior_projection"
"82","969","1.0","pathway_prior_projection"
"82","1062","1.0","pathway_prior_projection"
"82","1096","1.0","pathway_prior_projection"
"82","1127","1.0","pathway_prior_projection"
"83","212","1.0","pathway_prior_projection"
"83","222","1.0","pathway_prior_projection"
"83","335","1.0","pathway_prior_projection"
"83","371","1.0","pathway_prior_projection"
"83","492","1.0","pathway_prior_projection"
"83","494","1.0","pathway_prior_projection"
"83","497","1.0","pathway_prior_projection"
"83","574","1.0","pathway_prior_projection"
"83","575","1.0","pathway_prior_projection"
"83","576","1.0","pathway_prior_projection"
"83","577","1.0","pathway_prior_projection"
"83","578","1.0","pathway_prior_projection"
"83","580","1.0","pathway_prior_projection"
"83","619","1.0","pathway_prior_projection"
"83","655","1.0","pathway_prior_projection"
"83","694","1.0","pathway_prior_projection"
"83","706","1.0","pathway_prior_projection"
"83","708","1.0","pathway_prior_projection"
"83","857","1.0","pathway_prior_projection"
"83","890","1.0","pathway_prior_projection"
"83","897","1.0","pathway_prior_projection"
"83","909","1.0","pathway_prior_projection"
"83","911","1.0","pathway_prior_projection"
"83","914","1.0","pathway_prior_projection"
"83","919","1.0","pathway_prior_projection"
"83","922","1.0","pathway_prior_projection"
"83","937","1.0","pathway_prior_projection"
"83","947","1.0","pathway_prior_projection"
"83","950","1.0","pathway_prior_projection"
"83","959","1.0","pathway_prior_projection"
"83","960","1.0","pathway_prior_projection"
"83","962","1.0","pathway_prior_projection"
"83","978","1.0","pathway_prior_projection"
"83","982","1.0","pathway_prior_projection"
"83","986","1.0","pathway_prior_projection"
"83","987","1.0","pathway_prior_projection"
"83","998","1.0","pathway_prior_projection"
"87","102","1.0","pathway_prior_projection"
"87","106","1.0","pathway_prior_projection"
"87","108","1.0","pathway_prior_projection"
"87","351","1.0","pathway_prior_projection"
"87","352","1.0","pathway_prior_projection"
"87","436","1.0","pathway_prior_projection"
"87","441","1.0","pathway_prior_projection"
"87","518","1.0","pathway_prior_projection"
"87","526","1.0","pathway_prior_projection"
"87","531","1.0","pathway_prior_projection"
"87","532","1.0","pathway_prior_projection"
"87","542","1.0","pathway_prior_projection"
"87","551","1.0","pathway_prior_projection"
"87","614","1.0","pathway_prior_projection"
"87","661","1.0","pathway_prior_projection"
"87","698","1.0","pathway_prior_projection"
"87","806","1.0","pathway_prior_projection"
"88","5","1.0","pathway_prior_projection"
"88","6","1.0","pathway_prior_projection"
"88","102","1.0","pathway_prior_projection"
"88","356","1.0","pathway_prior_projection"
"88","551","1.0","pathway_prior_projection"
"88","591","1.0","pathway_prior_projection"
"88","594","1.0","pathway_prior_projection"
"88","662","1.0","pathway_prior_projection"
"88","684","1.0","pathway_prior_projection"
"88","1025","1.0","pathway_prior_projection"
"88","1026","1.0","pathway_prior_projection"
"88","1027","1.0","pathway_prior_projection"
"88","1028","1.0","pathway_prior_projection"
"88","1076","1.0","pathway_prior_projection"
"91","131","1.0","pathway_prior_projection"
"91","362","1.0","pathway_prior_projection"
"91","890","1.0","pathway_prior_projection"
"91","926","1.0","pathway_prior_projection"
"93","6","1.0","pathway_prior_projection"
"93","16","1.0","pathway_prior_projection"
"93","44","1.0","pathway_prior_projection"
"93","48","1.0","pathway_prior_projection"
"93","55","1.0","pathway_prior_projection"
"93","60","1.0","pathway_prior_projection"
"93","66","1.0","pathway_prior_projection"
"93","75","1.0","pathway_prior_projection"
"93","76","1.0","pathway_prior_projection"
"93","94","1.0","pathway_prior_projection"
"93","95","1.0","pathway_prior_projection"
"93","96","1.0","pathway_prior_projection"
"93","101","1.0","pathway_prior_projection"
"93","105","1.0","pathway_prior_projection"
"93","106","1.0","pathway_prior_projection"
"93","108","1.0","pathway_prior_projection"
"93","120","1.0","pathway_prior_projection"
"93","121","1.0","pathway_prior_projection"
"93","122","1.0","pathway_prior_projection"
"93","129","1.0","pathway_prior_projection"
"93","159","1.0","pathway_prior_projection"
"93","201","1.0","pathway_prior_projection"
"93","212","1.0","pathway_prior_projection"
"93","254","1.0","pathway_prior_projection"
"93","259","1.0","pathway_prior_projection"
"93","320","1.0","pathway_prior_projection"
"93","353","1.0","pathway_prior_projection"
"93","372","1.0","pathway_prior_projection"
"93","373","1.0","pathway_prior_projection"
"93","374","1.0","pathway_prior_projection"
"93","392","1.0","pathway_prior_projection"
"93","393","1.0","pathway_prior_projection"
"93","394","1.0","pathway_prior_projection"
"93","404","1.0","pathway_prior_projection"
"93","405","1.0","pathway_prior_projection"
"93","408","1.0","pathway_prior_projection"
"93","420","1.0","pathway_prior_projection"
"93","424","1.0","pathway_prior_projection"
"93","433","1.0","pathway_prior_projection"
"93","442","1.0","pathway_prior_projection"
"93","457","1.0","pathway_prior_projection"
"93","460","1.0","pathway_prior_projection"
"93","473","1.0","pathway_prior_projection"
"93","474","1.0","pathway_prior_projection"
"93","486","1.0","pathway_prior_projection"
"93","488","1.0","pathway_prior_projection"
"93","490","1.0","pathway_prior_projection"
"93","505","1.0","pathway_prior_projection"
"93","510","1.0","pathway_prior_projection"
"93","516","1.0","pathway_prior_projection"
"93","528","1.0","pathway_prior_projection"
"93","534","1.0","pathway_prior_projection"
"93","541","1.0","pathway_prior_projection"
"93","543","1.0","pathway_prior_projection"
"93","544","1.0","pathway_prior_projection"
"93","546","1.0","pathway_prior_projection"
"93","586","1.0","pathway_prior_projection"
"93","596","1.0","pathway_prior_projection"
"93","604","1.0","pathway_prior_projection"
"93","622","1.0","pathway_prior_projection"
"93","644","1.0","pathway_prior_projection"
"93","672","1.0","pathway_prior_projection"
"93","673","1.0","pathway_prior_projection"
"93","682","1.0","pathway_prior_projection"
"93","685","1.0","pathway_prior_projection"
"93","711","1.0","pathway_prior_projection"
"93","712","1.0","pathway_prior_projection"
"93","713","1.0","pathway_prior_projection"
"93","718","1.0","pathway_prior_projection"
"93","728","1.0","pathway_prior_projection"
"93","761","1.0","pathway_prior_projection"
"93","762","1.0","pathway_prior_projection"
"93","763","1.0","pathway_prior_projection"
"93","785","1.0","pathway_prior_projection"
"93","826","1.0","pathway_prior_projection"
"93","832","1.0","pathway_prior_projection"
"93","841","1.0","pathway_prior_projection"
"93","876","1.0","pathway_prior_projection"
"93","877","1.0","pathway_prior_projection"
"93","888","1.0","pathway_prior_projection"
"93","890","1.0","pathway_prior_projection"
"93","927","1.0","pathway_prior_projection"
"93","964","1.0","pathway_prior_projection"
"93","965","1.0","pathway_prior_projection"
"93","1037","1.0","pathway_prior_projection"
"93","1077","1.0","pathway_prior_projection"
"93","1079","1.0","pathway_prior_projection"
"93","1094","1.0","pathway_prior_projection"
"93","1096","1.0","pathway_prior_projection"
"94","120","1.0","pathway_prior_projection"
"94","121","1.0","pathway_prior_projection"
"94","201","1.0","pathway_prior_projection"
"94","202","1.0","pathway_prior_projection"
"94","204","1.0","pathway_prior_projection"
"94","205","1.0","pathway_prior_projection"
"94","206","1.0","pathway_prior_projection"
"94","210","1.0","pathway_prior_projection"
"94","265","1.0","pathway_prior_projection"
"94","278","1.0","pathway_prior_projection"
"94","381","1.0","pathway_prior_projection"
"94","382","1.0","pathway_prior_projection"
"94","404","1.0","pathway_prior_projection"
"94","528","1.0","pathway_prior_projection"
"94","607","1.0","pathway_prior_projection"
"94","611","1.0","pathway_prior_projection"
"94","682","1.0","pathway_prior_projection"
"94","740","1.0","pathway_prior_projection"
"94","866","1.0","pathway_prior_projection"
"94","867","1.0","pathway_prior_projection"
"94","872","1.0","pathway_prior_projection"
"94","890","1.0","pathway_prior_projection"
"94","907","1.0","pathway_prior_projection"
"94","952","1.0","pathway_prior_projection"
"94","962","1.0","pathway_prior_projection"
"95","11","1.0","pathway_prior_projection"
"95","60","1.0","pathway_prior_projection"
"95","106","1.0","pathway_prior_projection"
"95","108","1.0","pathway_prior_projection"
"95","128","1.0","pathway_prior_projection"
"95","159","1.0","pathway_prior_projection"
"95","198","1.0","pathway_prior_projection"
"95","212","1.0","pathway_prior_projection"
"95","222","1.0","pathway_prior_projection"
"95","254","1.0","pathway_prior_projection"
"95","381","1.0","pathway_prior_projection"
"95","382","1.0","pathway_prior_projection"
"95","400","1.0","pathway_prior_projection"
"95","411","1.0","pathway_prior_projection"
"95","420","1.0","pathway_prior_projection"
"95","424","1.0","pathway_prior_projection"
"95","440","1.0","pathway_prior_projection"
"95","442","1.0","pathway_prior_projection"
"95","490","1.0","pathway_prior_projection"
"95","528","1.0","pathway_prior_projection"
"95","546","1.0","pathway_prior_projection"
"95","609","1.0","pathway_prior_projection"
"95","610","1.0","pathway_prior_projection"
"95","612","1.0","pathway_prior_projection"
"95","644","1.0","pathway_prior_projection"
"95","682","1.0","pathway_prior_projection"
"95","740","1.0","pathway_prior_projection"
"95","841","1.0","pathway_prior_projection"
"95","842","1.0","pathway_prior_projection"
"95","844","1.0","pathway_prior_projection"
"95","866","1.0","pathway_prior_projection"
"95","867","1.0","pathway_prior_projection"
"95","873","1.0","pathway_prior_projection"
"95","890","1.0","pathway_prior_projection"
"95","894","1.0","pathway_prior_projection"
"95","895","1.0","pathway_prior_projection"
"95","896","1.0","pathway_prior_projection"
"95","962","1.0","pathway_prior_projection"
"95","1010","1.0","pathway_prior_projection"
"95","1019","1.0","pathway_prior_projection"
"95","1020","1.0","pathway_prior_projection"
"95","1060","1.0","pathway_prior_projection"
"95","1067","1.0","pathway_prior_projection"
"95","1096","1.0","pathway_prior_projection"
"96","5","1.0","pathway_prior_projection"
"96","14","1.0","pathway_prior_projection"
"96","27","1.0","pathway_prior_projection"
"96","38","1.0","pathway_prior_projection"
"96","41","1.0","pathway_prior_projection"
"96","44","1.0","pathway_prior_projection"
"96","53","1.0","pathway_prior_projection"
"96","76","1.0","pathway_prior_projection"
"96","88","1.0","pathway_prior_projection"
"96","106","1.0","pathway_prior_projection"
"96","107","1.0","pathway_prior_projection"
"96","108","1.0","pathway_prior_projection"
"96","111","1.0","pathway_prior_projection"
"96","114","1.0","pathway_prior_projection"
"96","119","1.0","pathway_prior_projection"
"96","120","1.0","pathway_prior_projection"
"96","121","1.0","pathway_prior_projection"
"96","145","1.0","pathway_prior_projection"
"96","148","1.0","pathway_prior_projection"
"96","149","1.0","pathway_prior_projection"
"96","156","1.0","pathway_prior_projection"
"96","159","1.0","pathway_prior_projection"
"96","169","1.0","pathway_prior_projection"
"96","170","1.0","pathway_prior_projection"
"96","171","1.0","pathway_prior_projection"
"96","177","1.0","pathway_prior_projection"
"96","192","1.0","pathway_prior_projection"
"96","201","1.0","pathway_prior_projection"
"96","202","1.0","pathway_prior_projection"
"96","204","1.0","pathway_prior_projection"
"96","205","1.0","pathway_prior_projection"
"96","206","1.0","pathway_prior_projection"
"96","210","1.0","pathway_prior_projection"
"96","212","1.0","pathway_prior_projection"
"96","222","1.0","pathway_prior_projection"
"96","232","1.0","pathway_prior_projection"
"96","234","1.0","pathway_prior_projection"
"96","235","1.0","pathway_prior_projection"
"96","242","1.0","pathway_prior_projection"
"96","243","1.0","pathway_prior_projection"
"96","255","1.0","pathway_prior_projection"
"96","256","1.0","pathway_prior_projection"
"96","257","1.0","pathway_prior_projection"
"96","264","1.0","pathway_prior_projection"
"96","271","1.0","pathway_prior_projection"
"96","272","1.0","pathway_prior_projection"
"96","273","1.0","pathway_prior_projection"
"96","274","1.0","pathway_prior_projection"
"96","289","1.0","pathway_prior_projection"
"96","290","1.0","pathway_prior_projection"
"96","296","1.0","pathway_prior_projection"
"96","297","1.0","pathway_prior_projection"
"96","298","1.0","pathway_prior_projection"
"96","299","1.0","pathway_prior_projection"
"96","300","1.0","pathway_prior_projection"
"96","301","1.0","pathway_prior_projection"
"96","302","1.0","pathway_prior_projection"
"96","303","1.0","pathway_prior_projection"
"96","304","1.0","pathway_prior_projection"
"96","305","1.0","pathway_prior_projection"
"96","317","1.0","pathway_prior_projection"
"96","318","1.0","pathway_prior_projection"
"96","323","1.0","pathway_prior_projection"
"96","324","1.0","pathway_prior_projection"
"96","335","1.0","pathway_prior_projection"
"96","349","1.0","pathway_prior_projection"
"96","350","1.0","pathway_prior_projection"
"96","360","1.0","pathway_prior_projection"
"96","371","1.0","pathway_prior_projection"
"96","381","1.0","pathway_prior_projection"
"96","382","1.0","pathway_prior_projection"
"96","397","1.0","pathway_prior_projection"
"96","399","1.0","pathway_prior_projection"
"96","408","1.0","pathway_prior_projection"
"96","410","1.0","pathway_prior_projection"
"96","412","1.0","pathway_prior_projection"
"96","416","1.0","pathway_prior_projection"
"96","417","1.0","pathway_prior_projection"
"96","418","1.0","pathway_prior_projection"
"96","419","1.0","pathway_prior_projection"
"96","420","1.0","pathway_prior_projection"
"96","424","1.0","pathway_prior_projection"
"96","433","1.0","pathway_prior_projection"
"96","435","1.0","pathway_prior_projection"
"96","437","1.0","pathway_prior_projection"
"96","442","1.0","pathway_prior_projection"
"96","444","1.0","pathway_prior_projection"
"96","451","1.0","pathway_prior_projection"
"96","459","1.0","pathway_prior_projection"
"96","463","1.0","pathway_prior_projection"
"96","468","1.0","pathway_prior_projection"
"96","474","1.0","pathway_prior_projection"
"96","478","1.0","pathway_prior_projection"
"96","480","1.0","pathway_prior_projection"
"96","491","1.0","pathway_prior_projection"
"96","492","1.0","pathway_prior_projection"
"96","494","1.0","pathway_prior_projection"
"96","495","1.0","pathway_prior_projection"
"96","497","1.0","pathway_prior_projection"
"96","507","1.0","pathway_prior_projection"
"96","508","1.0","pathway_prior_projection"
"96","511","1.0","pathway_prior_projection"
"96","528","1.0","pathway_prior_projection"
"96","542","1.0","pathway_prior_projection"
"96","552","1.0","pathway_prior_projection"
"96","554","1.0","pathway_prior_projection"
"96","555","1.0","pathway_prior_projection"
"96","556","1.0","pathway_prior_projection"
"96","557","1.0","pathway_prior_projection"
"96","565","1.0","pathway_prior_projection"
"96","568","1.0","pathway_prior_projection"
"96","570","1.0","pathway_prior_projection"
"96","574","1.0","pathway_prior_projection"
"96","575","1.0","pathway_prior_projection"
"96","576","1.0","pathway_prior_projection"
"96","577","1.0","pathway_prior_projection"
"96","578","1.0","pathway_prior_projection"
"96","580","1.0","pathway_prior_projection"
"96","584","1.0","pathway_prior_projection"
"96","586","1.0","pathway_prior_projection"
"96","592","1.0","pathway_prior_projection"
"96","596","1.0","pathway_prior_projection"
"96","598","1.0","pathway_prior_projection"
"96","601","1.0","pathway_prior_projection"
"96","606","1.0","pathway_prior_projection"
"96","615","1.0","pathway_prior_projection"
"96","619","1.0","pathway_prior_projection"
"96","625","1.0","pathway_prior_projection"
"96","629","1.0","pathway_prior_projection"
"96","632","1.0","pathway_prior_projection"
"96","633","1.0","pathway_prior_projection"
"96","636","1.0","pathway_prior_projection"
"96","639","1.0","pathway_prior_projection"
"96","640","1.0","pathway_prior_projection"
"96","641","1.0","pathway_prior_projection"
"96","642","1.0","pathway_prior_projection"
"96","650","1.0","pathway_prior_projection"
"96","655","1.0","pathway_prior_projection"
"96","656","1.0","pathway_prior_projection"
"96","657","1.0","pathway_prior_projection"
"96","665","1.0","pathway_prior_projection"
"96","666","1.0","pathway_prior_projection"
"96","672","1.0","pathway_prior_projection"
"96","682","1.0","pathway_prior_projection"
"96","683","1.0","pathway_prior_projection"
"96","694","1.0","pathway_prior_projection"
"96","703","1.0","pathway_prior_projection"
"96","704","1.0","pathway_prior_projection"
"96","705","1.0","pathway_prior_projection"
"96","706","1.0","pathway_prior_projection"
"96","708","1.0","pathway_prior_projection"
"96","710","1.0","pathway_prior_projection"
"96","711","1.0","pathway_prior_projection"
"96","712","1.0","pathway_prior_projection"
"96","714","1.0","pathway_prior_projection"
"96","716","1.0","pathway_prior_projection"
"96","727","1.0","pathway_prior_projection"
"96","731","1.0","pathway_prior_projection"
"96","732","1.0","pathway_prior_projection"
"96","740","1.0","pathway_prior_projection"
"96","742","1.0","pathway_prior_projection"
"96","743","1.0","pathway_prior_projection"
"96","744","1.0","pathway_prior_projection"
"96","750","1.0","pathway_prior_projection"
"96","757","1.0","pathway_prior_projection"
"96","760","1.0","pathway_prior_projection"
"96","764","1.0","pathway_prior_projection"
"96","765","1.0","pathway_prior_projection"
"96","775","1.0","pathway_prior_projection"
"96","776","1.0","pathway_prior_projection"
"96","787","1.0","pathway_prior_projection"
"96","793","1.0","pathway_prior_projection"
"96","795","1.0","pathway_prior_projection"
"96","798","1.0","pathway_prior_projection"
"96","831","1.0","pathway_prior_projection"
"96","834","1.0","pathway_prior_projection"
"96","837","1.0","pathway_prior_projection"
"96","851","1.0","pathway_prior_projection"
"96","852","1.0","pathway_prior_projection"
"96","857","1.0","pathway_prior_projection"
"96","890","1.0","pathway_prior_projection"
"96","893","1.0","pathway_prior_projection"
"96","897","1.0","pathway_prior_projection"
"96","909","1.0","pathway_prior_projection"
"96","910","1.0","pathway_prior_projection"
"96","911","1.0","pathway_prior_projection"
"96","912","1.0","pathway_prior_projection"
"96","913","1.0","pathway_prior_projection"
"96","914","1.0","pathway_prior_projection"
"96","916","1.0","pathway_prior_projection"
"96","917","1.0","pathway_prior_projection"
"96","918","1.0","pathway_prior_projection"
"96","919","1.0","pathway_prior_projection"
"96","922","1.0","pathway_prior_projection"
"96","929","1.0","pathway_prior_projection"
"96","930","1.0","pathway_prior_projection"
"96","931","1.0","pathway_prior_projection"
"96","937","1.0","pathway_prior_projection"
"96","939","1.0","pathway_prior_projection"
"96","941","1.0","pathway_prior_projection"
"96","942","1.0","pathway_prior_projection"
"96","943","1.0","pathway_prior_projection"
"96","945","1.0","pathway_prior_projection"
"96","947","1.0","pathway_prior_projection"
"96","950","1.0","pathway_prior_projection"
"96","954","1.0","pathway_prior_projection"
"96","955","1.0","pathway_prior_projection"
"96","956","1.0","pathway_prior_projection"
"96","957","1.0","pathway_prior_projection"
"96","959","1.0","pathway_prior_projection"
"96","960","1.0","pathway_prior_projection"
"96","961","1.0","pathway_prior_projection"
"96","962","1.0","pathway_prior_projection"
"96","964","1.0","pathway_prior_projection"
"96","965","1.0","pathway_prior_projection"
"96","966","1.0","pathway_prior_projection"
"96","971","1.0","pathway_prior_projection"
"96","972","1.0","pathway_prior_projection"
"96","974","1.0","pathway_prior_projection"
"96","977","1.0","pathway_prior_projection"
"96","978","1.0","pathway_prior_projection"
"96","979","1.0","pathway_prior_projection"
"96","980","1.0","pathway_prior_projection"
"96","981","1.0","pathway_prior_projection"
"96","982","1.0","pathway_prior_projection"
"96","983","1.0","pathway_prior_projection"
"96","984","1.0","pathway_prior_projection"
"96","986","1.0","pathway_prior_projection"
"96","987","1.0","pathway_prior_projection"
"96","988","1.0","pathway_prior_projection"
"96","993","1.0","pathway_prior_projection"
"96","994","1.0","pathway_prior_projection"
"96","998","1.0","pathway_prior_projection"
"96","999","1.0","pathway_prior_projection"
"96","1000","1.0","pathway_prior_projection"
"96","1001","1.0","pathway_prior_projection"
"96","1009","1.0","pathway_prior_projection"
"96","1021","1.0","pathway_prior_projection"
"96","1022","1.0","pathway_prior_projection"
"96","1023","1.0","pathway_prior_projection"
"96","1040","1.0","pathway_prior_projection"
"96","1042","1.0","pathway_prior_projection"
"96","1043","1.0","pathway_prior_projection"
"96","1044","1.0","pathway_prior_projection"
"96","1045","1.0","pathway_prior_projection"
"96","1046","1.0","pathway_prior_projection"
"96","1047","1.0","pathway_prior_projection"
"96","1048","1.0","pathway_prior_projection"
"96","1049","1.0","pathway_prior_projection"
"96","1050","1.0","pathway_prior_projection"
"96","1051","1.0","pathway_prior_projection"
"96","1059","1.0","pathway_prior_projection"
"96","1060","1.0","pathway_prior_projection"
"96","1063","1.0","pathway_prior_projection"
"96","1064","1.0","pathway_prior_projection"
"96","1067","1.0","pathway_prior_projection"
"96","1078","1.0","pathway_prior_projection"
"96","1080","1.0","pathway_prior_projection"
"96","1083","1.0","pathway_prior_projection"
"96","1088","1.0","pathway_prior_projection"
"96","1089","1.0","pathway_prior_projection"
"96","1090","1.0","pathway_prior_projection"
"96","1091","1.0","pathway_prior_projection"
"96","1102","1.0","pathway_prior_projection"
"96","1111","1.0","pathway_prior_projection"
"96","1114","1.0","pathway_prior_projection"
"97","84","1.0","pathway_prior_projection"
"97","126","1.0","pathway_prior_projection"
"97","127","1.0","pathway_prior_projection"
"97","184","1.0","pathway_prior_projection"
"97","212","1.0","pathway_prior_projection"
"97","221","1.0","pathway_prior_projection"
"97","222","1.0","pathway_prior_projection"
"97","273","1.0","pathway_prior_projection"
"97","381","1.0","pathway_prior_projection"
"97","528","1.0","pathway_prior_projection"
"97","609","1.0","pathway_prior_projection"
"97","649","1.0","pathway_prior_projection"
"97","682","1.0","pathway_prior_projection"
"97","734","1.0","pathway_prior_projection"
"97","863","1.0","pathway_prior_projection"
"97","866","1.0","pathway_prior_projection"
"97","867","1.0","pathway_prior_projection"
"97","869","1.0","pathway_prior_projection"
"97","890","1.0","pathway_prior_projection"
"97","894","1.0","pathway_prior_projection"
"97","895","1.0","pathway_prior_projection"
"97","896","1.0","pathway_prior_projection"
"97","962","1.0","pathway_prior_projection"
"97","1094","1.0","pathway_prior_projection"
"98","76","1.0","pathway_prior_projection"
"98","79","1.0","pathway_prior_projection"
"98","201","1.0","pathway_prior_projection"
"98","212","1.0","pathway_prior_projection"
"98","222","1.0","pathway_prior_projection"
"98","335","1.0","pathway_prior_projection"
"98","424","1.0","pathway_prior_projection"
"98","474","1.0","pathway_prior_projection"
"98","492","1.0","pathway_prior_projection"
"98","494","1.0","pathway_prior_projection"
"98","496","1.0","pathway_prior_projection"
"98","497","1.0","pathway_prior_projection"
"98","498","1.0","pathway_prior_projection"
"98","574","1.0","pathway_prior_projection"
"98","580","1.0","pathway_prior_projection"
"98","586","1.0","pathway_prior_projection"
"98","619","1.0","pathway_prior_projection"
"98","655","1.0","pathway_prior_projection"
"98","694","1.0","pathway_prior_projection"
"98","706","1.0","pathway_prior_projection"
"98","707","1.0","pathway_prior_projection"
"98","708","1.0","pathway_prior_projection"
"98","890","1.0","pathway_prior_projection"
"98","893","1.0","pathway_prior_projection"
"98","897","1.0","pathway_prior_projection"
"98","935","1.0","pathway_prior_projection"
"98","947","1.0","pathway_prior_projection"
"98","950","1.0","pathway_prior_projection"
"98","959","1.0","pathway_prior_projection"
"98","960","1.0","pathway_prior_projection"
"98","962","1.0","pathway_prior_projection"
"98","978","1.0","pathway_prior_projection"
"98","982","1.0","pathway_prior_projection"
"98","986","1.0","pathway_prior_projection"
"98","987","1.0","pathway_prior_projection"
"98","1085","1.0","pathway_prior_projection"
"98","1086","1.0","pathway_prior_projection"
"100","11","1.0","pathway_prior_projection"
"100","106","1.0","pathway_prior_projection"
"100","108","1.0","pathway_prior_projection"
"100","212","1.0","pathway_prior_projection"
"100","222","1.0","pathway_prior_projection"
"100","254","1.0","pathway_prior_projection"
"100","490","1.0","pathway_prior_projection"
"100","546","1.0","pathway_prior_projection"
"100","890","1.0","pathway_prior_projection"
"100","894","1.0","pathway_prior_projection"
"100","895","1.0","pathway_prior_projection"
"100","896","1.0","pathway_prior_projection"
"100","962","1.0","pathway_prior_projection"
"101","2","1.0","pathway_prior_projection"
"101","30","1.0","pathway_prior_projection"
"101","31","1.0","pathway_prior_projection"
"101","62","1.0","pathway_prior_projection"
"101","78","1.0","pathway_prior_projection"
"101","115","1.0","pathway_prior_projection"
"101","120","1.0","pathway_prior_projection"
"101","121","1.0","pathway_prior_projection"
"101","159","1.0","pathway_prior_projection"
"101","201","1.0","pathway_prior_projection"
"101","212","1.0","pathway_prior_projection"
"101","222","1.0","pathway_prior_projection"
"101","265","1.0","pathway_prior_projection"
"101","278","1.0","pathway_prior_projection"
"101","279","1.0","pathway_prior_projection"
"101","288","1.0","pathway_prior_projection"
"101","313","1.0","pathway_prior_projection"
"101","420","1.0","pathway_prior_projection"
"101","424","1.0","pathway_prior_projection"
"101","425","1.0","pathway_prior_projection"
"101","433","1.0","pathway_prior_projection"
"101","454","1.0","pathway_prior_projection"
"101","461","1.0","pathway_prior_projection"
"101","467","1.0","pathway_prior_projection"
"101","494","1.0","pathway_prior_projection"
"101","497","1.0","pathway_prior_projection"
"101","506","1.0","pathway_prior_projection"
"101","507","1.0","pathway_prior_projection"
"101","562","1.0","pathway_prior_projection"
"101","608","1.0","pathway_prior_projection"
"101","615","1.0","pathway_prior_projection"
"101","692","1.0","pathway_prior_projection"
"101","708","1.0","pathway_prior_projection"
"101","709","1.0","pathway_prior_projection"
"101","778","1.0","pathway_prior_projection"
"101","841","1.0","pathway_prior_projection"
"101","842","1.0","pathway_prior_projection"
"101","844","1.0","pathway_prior_projection"
"101","845","1.0","pathway_prior_projection"
"101","865","1.0","pathway_prior_projection"
"101","890","1.0","pathway_prior_projection"
"101","924","1.0","pathway_prior_projection"
"101","930","1.0","pathway_prior_projection"
"101","952","1.0","pathway_prior_projection"
"101","1034","1.0","pathway_prior_projection"
"101","1096","1.0","pathway_prior_projection"
"104","212","1.0","pathway_prior_projection"
"104","222","1.0","pathway_prior_projection"
"104","289","1.0","pathway_prior_projection"
"104","437","1.0","pathway_prior_projection"
"104","592","1.0","pathway_prior_projection"
"104","890","1.0","pathway_prior_projection"
"104","955","1.0","pathway_prior_projection"
"104","962","1.0","pathway_prior_projection"
"104","972","1.0","pathway_prior_projection"
"104","981","1.0","pathway_prior_projection"
"104","1088","1.0","pathway_prior_projection"
"104","1089","1.0","pathway_prior_projection"
"104","1090","1.0","pathway_prior_projection"
"104","1091","1.0","pathway_prior_projection"
"106","45","1.0","pathway_prior_projection"
"106","46","1.0","pathway_prior_projection"
"106","48","1.0","pathway_prior_projection"
"106","75","1.0","pathway_prior_projection"
"106","105","1.0","pathway_prior_projection"
"106","106","1.0","pathway_prior_projection"
"106","108","1.0","pathway_prior_projection"
"106","109","1.0","pathway_prior_projection"
"106","112","1.0","pathway_prior_projection"
"106","113","1.0","pathway_prior_projection"
"106","115","1.0","pathway_prior_projection"
"106","116","1.0","pathway_prior_projection"
"106","120","1.0","pathway_prior_projection"
"106","121","1.0","pathway_prior_projection"
"106","126","1.0","pathway_prior_projection"
"106","127","1.0","pathway_prior_projection"
"106","129","1.0","pathway_prior_projection"
"106","130","1.0","pathway_prior_projection"
"106","148","1.0","pathway_prior_projection"
"106","149","1.0","pathway_prior_projection"
"106","160","1.0","pathway_prior_projection"
"106","178","1.0","pathway_prior_projection"
"106","191","1.0","pathway_prior_projection"
"106","201","1.0","pathway_prior_projection"
"106","212","1.0","pathway_prior_projection"
"106","222","1.0","pathway_prior_projection"
"106","223","1.0","pathway_prior_projection"
"106","224","1.0","pathway_prior_projection"
"106","230","1.0","pathway_prior_projection"
"106","253","1.0","pathway_prior_projection"
"106","265","1.0","pathway_prior_projection"
"106","271","1.0","pathway_prior_projection"
"106","272","1.0","pathway_prior_projection"
"106","273","1.0","pathway_prior_projection"
"106","274","1.0","pathway_prior_projection"
"106","278","1.0","pathway_prior_projection"
"106","320","1.0","pathway_prior_projection"
"106","329","1.0","pathway_prior_projection"
"106","348","1.0","pathway_prior_projection"
"106","381","1.0","pathway_prior_projection"
"106","382","1.0","pathway_prior_projection"
"106","393","1.0","pathway_prior_projection"
"106","394","1.0","pathway_prior_projection"
"106","395","1.0","pathway_prior_projection"
"106","402","1.0","pathway_prior_projection"
"106","408","1.0","pathway_prior_projection"
"106","424","1.0","pathway_prior_projection"
"106","459","1.0","pathway_prior_projection"
"106","485","1.0","pathway_prior_projection"
"106","487","1.0","pathway_prior_projection"
"106","506","1.0","pathway_prior_projection"
"106","507","1.0","pathway_prior_projection"
"106","508","1.0","pathway_prior_projection"
"106","510","1.0","pathway_prior_projection"
"106","518","1.0","pathway_prior_projection"
"106","524","1.0","pathway_prior_projection"
"106","528","1.0","pathway_prior_projection"
"106","542","1.0","pathway_prior_projection"
"106","572","1.0","pathway_prior_projection"
"106","586","1.0","pathway_prior_projection"
"106","603","1.0","pathway_prior_projection"
"106","609","1.0","pathway_prior_projection"
"106","622","1.0","pathway_prior_projection"
"106","642","1.0","pathway_prior_projection"
"106","648","1.0","pathway_prior_projection"
"106","650","1.0","pathway_prior_projection"
"106","660","1.0","pathway_prior_projection"
"106","682","1.0","pathway_prior_projection"
"106","685","1.0","pathway_prior_projection"
"106","735","1.0","pathway_prior_projection"
"106","737","1.0","pathway_prior_projection"
"106","738","1.0","pathway_prior_projection"
"106","740","1.0","pathway_prior_projection"
"106","748","1.0","pathway_prior_projection"
"106","769","1.0","pathway_prior_projection"
"106","771","1.0","pathway_prior_projection"
"106","773","1.0","pathway_prior_projection"
"106","774","1.0","pathway_prior_projection"
"106","777","1.0","pathway_prior_projection"
"106","778","1.0","pathway_prior_projection"
"106","779","1.0","pathway_prior_projection"
"106","786","1.0","pathway_prior_projection"
"106","793","1.0","pathway_prior_projection"
"106","794","1.0","pathway_prior_projection"
"106","807","1.0","pathway_prior_projection"
"106","814","1.0","pathway_prior_projection"
"106","841","1.0","pathway_prior_projection"
"106","861","1.0","pathway_prior_projection"
"106","863","1.0","pathway_prior_projection"
"106","866","1.0","pathway_prior_projection"
"106","867","1.0","pathway_prior_projection"
"106","871","1.0","pathway_prior_projection"
"106","877","1.0","pathway_prior_projection"
"106","890","1.0","pathway_prior_projection"
"106","894","1.0","pathway_prior_projection"
"106","895","1.0","pathway_prior_projection"
"106","896","1.0","pathway_prior_projection"
"106","941","1.0","pathway_prior_projection"
"106","942","1.0","pathway_prior_projection"
"106","943","1.0","pathway_prior_projection"
"106","952","1.0","pathway_prior_projection"
"106","962","1.0","pathway_prior_projection"
"106","967","1.0","pathway_prior_projection"
"106","969","1.0","pathway_prior_projection"
"106","973","1.0","pathway_prior_projection"
"106","1007","1.0","pathway_prior_projection"
"106","1058","1.0","pathway_prior_projection"
"106","1060","1.0","pathway_prior_projection"
"106","1062","1.0","pathway_prior_projection"
"106","1063","1.0","pathway_prior_projection"
"106","1064","1.0","pathway_prior_projection"
"106","1065","1.0","pathway_prior_projection"
"106","1072","1.0","pathway_prior_projection"
"106","1096","1.0","pathway_prior_projection"
"107","19","1.0","pathway_prior_projection"
"107","20","1.0","pathway_prior_projection"
"107","44","1.0","pathway_prior_projection"
"107","46","1.0","pathway_prior_projection"
"107","106","1.0","pathway_prior_projection"
"107","108","1.0","pathway_prior_projection"
"107","114","1.0","pathway_prior_projection"
"107","120","1.0","pathway_prior_projection"
"107","121","1.0","pathway_prior_projection"
"107","126","1.0","pathway_prior_projection"
"107","127","1.0","pathway_prior_projection"
"107","136","1.0","pathway_prior_projection"
"107","155","1.0","pathway_prior_projection"
"107","156","1.0","pathway_prior_projection"
"107","157","1.0","pathway_prior_projection"
"107","159","1.0","pathway_prior_projection"
"107","183","1.0","pathway_prior_projection"
"107","201","1.0","pathway_prior_projection"
"107","212","1.0","pathway_prior_projection"
"107","215","1.0","pathway_prior_projection"
"107","217","1.0","pathway_prior_projection"
"107","220","1.0","pathway_prior_projection"
"107","244","1.0","pathway_prior_projection"
"107","265","1.0","pathway_prior_projection"
"107","278","1.0","pathway_prior_projection"
"107","279","1.0","pathway_prior_projection"
"107","281","1.0","pathway_prior_projection"
"107","282","1.0","pathway_prior_projection"
"107","283","1.0","pathway_prior_projection"
"107","284","1.0","pathway_prior_projection"
"107","285","1.0","pathway_prior_projection"
"107","286","1.0","pathway_prior_projection"
"107","288","1.0","pathway_prior_projection"
"107","349","1.0","pathway_prior_projection"
"107","351","1.0","pathway_prior_projection"
"107","381","1.0","pathway_prior_projection"
"107","382","1.0","pathway_prior_projection"
"107","420","1.0","pathway_prior_projection"
"107","454","1.0","pathway_prior_projection"
"107","506","1.0","pathway_prior_projection"
"107","507","1.0","pathway_prior_projection"
"107","542","1.0","pathway_prior_projection"
"107","618","1.0","pathway_prior_projection"
"107","625","1.0","pathway_prior_projection"
"107","652","1.0","pathway_prior_projection"
"107","734","1.0","pathway_prior_projection"
"107","740","1.0","pathway_prior_projection"
"107","753","1.0","pathway_prior_projection"
"107","755","1.0","pathway_prior_projection"
"107","779","1.0","pathway_prior_projection"
"107","782","1.0","pathway_prior_projection"
"107","783","1.0","pathway_prior_projection"
"107","789","1.0","pathway_prior_projection"
"107","792","1.0","pathway_prior_projection"
"107","840","1.0","pathway_prior_projection"
"107","850","1.0","pathway_prior_projection"
"107","862","1.0","pathway_prior_projection"
"107","884","1.0","pathway_prior_projection"
"107","890","1.0","pathway_prior_projection"
"107","930","1.0","pathway_prior_projection"
"107","951","1.0","pathway_prior_projection"
"107","952","1.0","pathway_prior_projection"
"107","958","1.0","pathway_prior_projection"
"107","1061","1.0","pathway_prior_projection"
"107","1064","1.0","pathway_prior_projection"
"107","1065","1.0","pathway_prior_projection"
"107","1066","1.0","pathway_prior_projection"
"107","1070","1.0","pathway_prior_projection"
"107","1072","1.0","pathway_prior_projection"
"107","1084","1.0","pathway_prior_projection"
"110","116","1.0","pathway_prior_projection"
"110","120","1.0","pathway_prior_projection"
"110","121","1.0","pathway_prior_projection"
"110","201","1.0","pathway_prior_projection"
"110","381","1.0","pathway_prior_projection"
"110","382","1.0","pathway_prior_projection"
"110","528","1.0","pathway_prior_projection"
"110","607","1.0","pathway_prior_projection"
"110","682","1.0","pathway_prior_projection"
"110","740","1.0","pathway_prior_projection"
"110","866","1.0","pathway_prior_projection"
"110","867","1.0","pathway_prior_projection"
"110","872","1.0","pathway_prior_projection"
"110","890","1.0","pathway_prior_projection"
"110","952","1.0","pathway_prior_projection"
"110","963","1.0","pathway_prior_projection"
"110","969","1.0","pathway_prior_projection"
"110","970","1.0","pathway_prior_projection"
"110","1014","1.0","pathway_prior_projection"
"110","1070","1.0","pathway_prior_projection"
"112","44","1.0","pathway_prior_projection"
"112","76","1.0","pathway_prior_projection"
"112","91","1.0","pathway_prior_projection"
"112","111","1.0","pathway_prior_projection"
"112","137","1.0","pathway_prior_projection"
"112","138","1.0","pathway_prior_projection"
"112","145","1.0","pathway_prior_projection"
"112","146","1.0","pathway_prior_projection"
"112","147","1.0","pathway_prior_projection"
"112","159","1.0","pathway_prior_projection"
"112","162","1.0","pathway_prior_projection"
"112","163","1.0","pathway_prior_projection"
"112","201","1.0","pathway_prior_projection"
"112","212","1.0","pathway_prior_projection"
"112","222","1.0","pathway_prior_projection"
"112","231","1.0","pathway_prior_projection"
"112","232","1.0","pathway_prior_projection"
"112","234","1.0","pathway_prior_projection"
"112","235","1.0","pathway_prior_projection"
"112","236","1.0","pathway_prior_projection"
"112","237","1.0","pathway_prior_projection"
"112","265","1.0","pathway_prior_projection"
"112","276","1.0","pathway_prior_projection"
"112","288","1.0","pathway_prior_projection"
"112","298","1.0","pathway_prior_projection"
"112","310","1.0","pathway_prior_projection"
"112","313","1.0","pathway_prior_projection"
"112","322","1.0","pathway_prior_projection"
"112","323","1.0","pathway_prior_projection"
"112","338","1.0","pathway_prior_projection"
"112","354","1.0","pathway_prior_projection"
"112","361","1.0","pathway_prior_projection"
"112","364","1.0","pathway_prior_projection"
"112","408","1.0","pathway_prior_projection"
"112","412","1.0","pathway_prior_projection"
"112","416","1.0","pathway_prior_projection"
"112","417","1.0","pathway_prior_projection"
"112","420","1.0","pathway_prior_projection"
"112","433","1.0","pathway_prior_projection"
"112","435","1.0","pathway_prior_projection"
"112","445","1.0","pathway_prior_projection"
"112","452","1.0","pathway_prior_projection"
"112","453","1.0","pathway_prior_projection"
"112","459","1.0","pathway_prior_projection"
"112","494","1.0","pathway_prior_projection"
"112","497","1.0","pathway_prior_projection"
"112","501","1.0","pathway_prior_projection"
"112","518","1.0","pathway_prior_projection"
"112","524","1.0","pathway_prior_projection"
"112","584","1.0","pathway_prior_projection"
"112","586","1.0","pathway_prior_projection"
"112","631","1.0","pathway_prior_projection"
"112","632","1.0","pathway_prior_projection"
"112","633","1.0","pathway_prior_projection"
"112","634","1.0","pathway_prior_projection"
"112","635","1.0","pathway_prior_projection"
"112","636","1.0","pathway_prior_projection"
"112","637","1.0","pathway_prior_projection"
"112","638","1.0","pathway_prior_projection"
"112","639","1.0","pathway_prior_projection"
"112","640","1.0","pathway_prior_projection"
"112","641","1.0","pathway_prior_projection"
"112","642","1.0","pathway_prior_projection"
"112","668","1.0","pathway_prior_projection"
"112","672","1.0","pathway_prior_projection"
"112","703","1.0","pathway_prior_projection"
"112","704","1.0","pathway_prior_projection"
"112","708","1.0","pathway_prior_projection"
"112","710","1.0","pathway_prior_projection"
"112","712","1.0","pathway_prior_projection"
"112","792","1.0","pathway_prior_projection"
"112","811","1.0","pathway_prior_projection"
"112","838","1.0","pathway_prior_projection"
"112","839","1.0","pathway_prior_projection"
"112","890","1.0","pathway_prior_projection"
"112","894","1.0","pathway_prior_projection"
"112","895","1.0","pathway_prior_projection"
"112","896","1.0","pathway_prior_projection"
"112","899","1.0","pathway_prior_projection"
"112","900","1.0","pathway_prior_projection"
"112","901","1.0","pathway_prior_projection"
"112","902","1.0","pathway_prior_projection"
"112","903","1.0","pathway_prior_projection"
"112","904","1.0","pathway_prior_projection"
"112","906","1.0","pathway_prior_projection"
"112","907","1.0","pathway_prior_projection"
"112","908","1.0","pathway_prior_projection"
"112","909","1.0","pathway_prior_projection"
"112","910","1.0","pathway_prior_projection"
"112","911","1.0","pathway_prior_projection"
"112","913","1.0","pathway_prior_projection"
"112","914","1.0","pathway_prior_projection"
"112","918","1.0","pathway_prior_projection"
"112","919","1.0","pathway_prior_projection"
"112","921","1.0","pathway_prior_projection"
"112","922","1.0","pathway_prior_projection"
"112","923","1.0","pathway_prior_projection"
"112","924","1.0","pathway_prior_projection"
"112","925","1.0","pathway_prior_projection"
"112","926","1.0","pathway_prior_projection"
"112","929","1.0","pathway_prior_projection"
"112","930","1.0","pathway_prior_projection"
"112","931","1.0","pathway_prior_projection"
"112","932","1.0","pathway_prior_projection"
"112","933","1.0","pathway_prior_projection"
"112","934","1.0","pathway_prior_projection"
"112","936","1.0","pathway_prior_projection"
"112","947","1.0","pathway_prior_projection"
"112","950","1.0","pathway_prior_projection"
"112","952","1.0","pathway_prior_projection"
"112","954","1.0","pathway_prior_projection"
"112","955","1.0","pathway_prior_projection"
"112","956","1.0","pathway_prior_projection"
"112","957","1.0","pathway_prior_projection"
"112","962","1.0","pathway_prior_projection"
"112","964","1.0","pathway_prior_projection"
"112","965","1.0","pathway_prior_projection"
"112","966","1.0","pathway_prior_projection"
"112","971","1.0","pathway_prior_projection"
"112","972","1.0","pathway_prior_projection"
"112","976","1.0","pathway_prior_projection"
"112","983","1.0","pathway_prior_projection"
"112","1005","1.0","pathway_prior_projection"
"112","1008","1.0","pathway_prior_projection"
"112","1040","1.0","pathway_prior_projection"
"112","1090","1.0","pathway_prior_projection"
"113","19","1.0","pathway_prior_projection"
"113","20","1.0","pathway_prior_projection"
"113","44","1.0","pathway_prior_projection"
"113","46","1.0","pathway_prior_projection"
"113","106","1.0","pathway_prior_projection"
"113","108","1.0","pathway_prior_projection"
"113","114","1.0","pathway_prior_projection"
"113","120","1.0","pathway_prior_projection"
"113","121","1.0","pathway_prior_projection"
"113","126","1.0","pathway_prior_projection"
"113","127","1.0","pathway_prior_projection"
"113","136","1.0","pathway_prior_projection"
"113","155","1.0","pathway_prior_projection"
"113","156","1.0","pathway_prior_projection"
"113","157","1.0","pathway_prior_projection"
"113","183","1.0","pathway_prior_projection"
"113","201","1.0","pathway_prior_projection"
"113","212","1.0","pathway_prior_projection"
"113","215","1.0","pathway_prior_projection"
"113","217","1.0","pathway_prior_projection"
"113","220","1.0","pathway_prior_projection"
"113","244","1.0","pathway_prior_projection"
"113","281","1.0","pathway_prior_projection"
"113","282","1.0","pathway_prior_projection"
"113","283","1.0","pathway_prior_projection"
"113","284","1.0","pathway_prior_projection"
"113","285","1.0","pathway_prior_projection"
"113","286","1.0","pathway_prior_projection"
"113","349","1.0","pathway_prior_projection"
"113","351","1.0","pathway_prior_projection"
"113","381","1.0","pathway_prior_projection"
"113","382","1.0","pathway_prior_projection"
"113","420","1.0","pathway_prior_projection"
"113","542","1.0","pathway_prior_projection"
"113","618","1.0","pathway_prior_projection"
"113","625","1.0","pathway_prior_projection"
"113","652","1.0","pathway_prior_projection"
"113","734","1.0","pathway_prior_projection"
"113","740","1.0","pathway_prior_projection"
"113","782","1.0","pathway_prior_projection"
"113","783","1.0","pathway_prior_projection"
"113","789","1.0","pathway_prior_projection"
"113","792","1.0","pathway_prior_projection"
"113","840","1.0","pathway_prior_projection"
"113","850","1.0","pathway_prior_projection"
"113","862","1.0","pathway_prior_projection"
"113","884","1.0","pathway_prior_projection"
"113","890","1.0","pathway_prior_projection"
"113","951","1.0","pathway_prior_projection"
"113","958","1.0","pathway_prior_projection"
"113","1064","1.0","pathway_prior_projection"
"113","1065","1.0","pathway_prior_projection"
"113","1070","1.0","pathway_prior_projection"
"113","1072","1.0","pathway_prior_projection"
"113","1084","1.0","pathway_prior_projection"
"114","86","1.0","pathway_prior_projection"
"114","158","1.0","pathway_prior_projection"
"114","181","1.0","pathway_prior_projection"
"114","212","1.0","pathway_prior_projection"
"114","219","1.0","pathway_prior_projection"
"114","267","1.0","pathway_prior_projection"
"114","277","1.0","pathway_prior_projection"
"114","517","1.0","pathway_prior_projection"
"114","518","1.0","pathway_prior_projection"
"114","524","1.0","pathway_prior_projection"
"114","529","1.0","pathway_prior_projection"
"114","530","1.0","pathway_prior_projection"
"114","663","1.0","pathway_prior_projection"
"115","86","1.0","pathway_prior_projection"
"115","158","1.0","pathway_prior_projection"
"115","181","1.0","pathway_prior_projection"
"115","212","1.0","pathway_prior_projection"
"115","219","1.0","pathway_prior_projection"
"115","267","1.0","pathway_prior_projection"
"115","277","1.0","pathway_prior_projection"
"115","517","1.0","pathway_prior_projection"
"115","518","1.0","pathway_prior_projection"
"115","524","1.0","pathway_prior_projection"
"115","529","1.0","pathway_prior_projection"
"115","530","1.0","pathway_prior_projection"
"115","663","1.0","pathway_prior_projection"
"116","86","1.0","pathway_prior_projection"
"116","158","1.0","pathway_prior_projection"
"116","181","1.0","pathway_prior_projection"
"116","212","1.0","pathway_prior_projection"
"116","219","1.0","pathway_prior_projection"
"116","267","1.0","pathway_prior_projection"
"116","277","1.0","pathway_prior_projection"
"116","517","1.0","pathway_prior_projection"
"116","518","1.0","pathway_prior_projection"
"116","524","1.0","pathway_prior_projection"
"116","529","1.0","pathway_prior_projection"
"116","530","1.0","pathway_prior_projection"
"116","663","1.0","pathway_prior_projection"
"117","84","1.0","pathway_prior_projection"
"117","126","1.0","pathway_prior_projection"
"117","127","1.0","pathway_prior_projection"
"117","184","1.0","pathway_prior_projection"
"117","212","1.0","pathway_prior_projection"
"117","221","1.0","pathway_prior_projection"
"117","222","1.0","pathway_prior_projection"
"117","273","1.0","pathway_prior_projection"
"117","381","1.0","pathway_prior_projection"
"117","528","1.0","pathway_prior_projection"
"117","609","1.0","pathway_prior_projection"
"117","649","1.0","pathway_prior_projection"
"117","682","1.0","pathway_prior_projection"
"117","734","1.0","pathway_prior_projection"
"117","863","1.0","pathway_prior_projection"
"117","866","1.0","pathway_prior_projection"
"117","867","1.0","pathway_prior_projection"
"117","869","1.0","pathway_prior_projection"
"117","890","1.0","pathway_prior_projection"
"117","894","1.0","pathway_prior_projection"
"117","895","1.0","pathway_prior_projection"
"117","896","1.0","pathway_prior_projection"
"117","962","1.0","pathway_prior_projection"
"117","1094","1.0","pathway_prior_projection"
"118","16","1.0","pathway_prior_projection"
"118","55","1.0","pathway_prior_projection"
"118","65","1.0","pathway_prior_projection"
"118","69","1.0","pathway_prior_projection"
"118","74","1.0","pathway_prior_projection"
"118","76","1.0","pathway_prior_projection"
"118","79","1.0","pathway_prior_projection"
"118","84","1.0","pathway_prior_projection"
"118","86","1.0","pathway_prior_projection"
"118","106","1.0","pathway_prior_projection"
"118","108","1.0","pathway_prior_projection"
"118","110","1.0","pathway_prior_projection"
"118","116","1.0","pathway_prior_projection"
"118","120","1.0","pathway_prior_projection"
"118","121","1.0","pathway_prior_projection"
"118","122","1.0","pathway_prior_projection"
"118","129","1.0","pathway_prior_projection"
"118","146","1.0","pathway_prior_projection"
"118","147","1.0","pathway_prior_projection"
"118","150","1.0","pathway_prior_projection"
"118","159","1.0","pathway_prior_projection"
"118","165","1.0","pathway_prior_projection"
"118","194","1.0","pathway_prior_projection"
"118","195","1.0","pathway_prior_projection"
"118","196","1.0","pathway_prior_projection"
"118","201","1.0","pathway_prior_projection"
"118","212","1.0","pathway_prior_projection"
"118","222","1.0","pathway_prior_projection"
"118","227","1.0","pathway_prior_projection"
"118","239","1.0","pathway_prior_projection"
"118","240","1.0","pathway_prior_projection"
"118","245","1.0","pathway_prior_projection"
"118","265","1.0","pathway_prior_projection"
"118","278","1.0","pathway_prior_projection"
"118","288","1.0","pathway_prior_projection"
"118","323","1.0","pathway_prior_projection"
"118","353","1.0","pathway_prior_projection"
"118","402","1.0","pathway_prior_projection"
"118","403","1.0","pathway_prior_projection"
"118","404","1.0","pathway_prior_projection"
"118","420","1.0","pathway_prior_projection"
"118","424","1.0","pathway_prior_projection"
"118","425","1.0","pathway_prior_projection"
"118","426","1.0","pathway_prior_projection"
"118","427","1.0","pathway_prior_projection"
"118","433","1.0","pathway_prior_projection"
"118","454","1.0","pathway_prior_projection"
"118","478","1.0","pathway_prior_projection"
"118","486","1.0","pathway_prior_projection"
"118","488","1.0","pathway_prior_projection"
"118","490","1.0","pathway_prior_projection"
"118","518","1.0","pathway_prior_projection"
"118","522","1.0","pathway_prior_projection"
"118","525","1.0","pathway_prior_projection"
"118","531","1.0","pathway_prior_projection"
"118","543","1.0","pathway_prior_projection"
"118","546","1.0","pathway_prior_projection"
"118","586","1.0","pathway_prior_projection"
"118","596","1.0","pathway_prior_projection"
"118","615","1.0","pathway_prior_projection"
"118","622","1.0","pathway_prior_projection"
"118","657","1.0","pathway_prior_projection"
"118","663","1.0","pathway_prior_projection"
"118","685","1.0","pathway_prior_projection"
"118","692","1.0","pathway_prior_projection"
"118","699","1.0","pathway_prior_projection"
"118","712","1.0","pathway_prior_projection"
"118","722","1.0","pathway_prior_projection"
"118","723","1.0","pathway_prior_projection"
"118","733","1.0","pathway_prior_projection"
"118","761","1.0","pathway_prior_projection"
"118","762","1.0","pathway_prior_projection"
"118","766","1.0","pathway_prior_projection"
"118","785","1.0","pathway_prior_projection"
"118","798","1.0","pathway_prior_projection"
"118","810","1.0","pathway_prior_projection"
"118","816","1.0","pathway_prior_projection"
"118","817","1.0","pathway_prior_projection"
"118","818","1.0","pathway_prior_projection"
"118","819","1.0","pathway_prior_projection"
"118","820","1.0","pathway_prior_projection"
"118","821","1.0","pathway_prior_projection"
"118","822","1.0","pathway_prior_projection"
"118","823","1.0","pathway_prior_projection"
"118","827","1.0","pathway_prior_projection"
"118","829","1.0","pathway_prior_projection"
"118","830","1.0","pathway_prior_projection"
"118","841","1.0","pathway_prior_projection"
"118","846","1.0","pathway_prior_projection"
"118","847","1.0","pathway_prior_projection"
"118","849","1.0","pathway_prior_projection"
"118","875","1.0","pathway_prior_projection"
"118","879","1.0","pathway_prior_projection"
"118","883","1.0","pathway_prior_projection"
"118","890","1.0","pathway_prior_projection"
"118","900","1.0","pathway_prior_projection"
"118","901","1.0","pathway_prior_projection"
"118","902","1.0","pathway_prior_projection"
"118","903","1.0","pathway_prior_projection"
"118","904","1.0","pathway_prior_projection"
"118","905","1.0","pathway_prior_projection"
"118","906","1.0","pathway_prior_projection"
"118","930","1.0","pathway_prior_projection"
"118","934","1.0","pathway_prior_projection"
"118","952","1.0","pathway_prior_projection"
"118","962","1.0","pathway_prior_projection"
"118","964","1.0","pathway_prior_projection"
"118","965","1.0","pathway_prior_projection"
"118","972","1.0","pathway_prior_projection"
"118","1033","1.0","pathway_prior_projection"
"118","1035","1.0","pathway_prior_projection"
"118","1037","1.0","pathway_prior_projection"
"118","1085","1.0","pathway_prior_projection"
"118","1087","1.0","pathway_prior_projection"
"118","1090","1.0","pathway_prior_projection"
"118","1092","1.0","pathway_prior_projection"
"118","1094","1.0","pathway_prior_projection"
"118","1096","1.0","pathway_prior_projection"
"118","1104","1.0","pathway_prior_projection"
"118","1128","1.0","pathway_prior_projection"
"119","120","1.0","pathway_prior_projection"
"119","121","1.0","pathway_prior_projection"
"119","145","1.0","pathway_prior_projection"
"119","200","1.0","pathway_prior_projection"
"119","201","1.0","pathway_prior_projection"
"119","202","1.0","pathway_prior_projection"
"119","204","1.0","pathway_prior_projection"
"119","205","1.0","pathway_prior_projection"
"119","206","1.0","pathway_prior_projection"
"119","210","1.0","pathway_prior_projection"
"119","212","1.0","pathway_prior_projection"
"119","222","1.0","pathway_prior_projection"
"119","265","1.0","pathway_prior_projection"
"119","278","1.0","pathway_prior_projection"
"119","288","1.0","pathway_prior_projection"
"119","381","1.0","pathway_prior_projection"
"119","382","1.0","pathway_prior_projection"
"119","459","1.0","pathway_prior_projection"
"119","528","1.0","pathway_prior_projection"
"119","539","1.0","pathway_prior_projection"
"119","584","1.0","pathway_prior_projection"
"119","607","1.0","pathway_prior_projection"
"119","611","1.0","pathway_prior_projection"
"119","624","1.0","pathway_prior_projection"
"119","639","1.0","pathway_prior_projection"
"119","641","1.0","pathway_prior_projection"
"119","642","1.0","pathway_prior_projection"
"119","682","1.0","pathway_prior_projection"
"119","740","1.0","pathway_prior_projection"
"119","747","1.0","pathway_prior_projection"
"119","749","1.0","pathway_prior_projection"
"119","790","1.0","pathway_prior_projection"
"119","866","1.0","pathway_prior_projection"
"119","867","1.0","pathway_prior_projection"
"119","872","1.0","pathway_prior_projection"
"119","890","1.0","pathway_prior_projection"
"119","907","1.0","pathway_prior_projection"
"119","952","1.0","pathway_prior_projection"
"119","962","1.0","pathway_prior_projection"
"119","1009","1.0","pathway_prior_projection"
"119","1064","1.0","pathway_prior_projection"
"119","1065","1.0","pathway_prior_projection"
"119","1067","1.0","pathway_prior_projection"
"123","77","1.0","pathway_prior_projection"
"123","212","1.0","pathway_prior_projection"
"123","238","1.0","pathway_prior_projection"
"123","420","1.0","pathway_prior_projection"
"123","424","1.0","pathway_prior_projection"
"123","433","1.0","pathway_prior_projection"
"123","518","1.0","pathway_prior_projection"
"123","526","1.0","pathway_prior_projection"
"123","596","1.0","pathway_prior_projection"
"123","614","1.0","pathway_prior_projection"
"123","685","1.0","pathway_prior_projection"
"123","698","1.0","pathway_prior_projection"
"123","841","1.0","pathway_prior_projection"
"123","1096","1.0","pathway_prior_projection"
"127","120","1.0","pathway_prior_projection"
"127","121","1.0","pathway_prior_projection"
"127","212","1.0","pathway_prior_projection"
"127","381","1.0","pathway_prior_projection"
"127","382","1.0","pathway_prior_projection"
"127","404","1.0","pathway_prior_projection"
"127","424","1.0","pathway_prior_projection"
"127","528","1.0","pathway_prior_projection"
"127","607","1.0","pathway_prior_projection"
"127","651","1.0","pathway_prior_projection"
"127","682","1.0","pathway_prior_projection"
"127","685","1.0","pathway_prior_projection"
"127","740","1.0","pathway_prior_projection"
"127","841","1.0","pathway_prior_projection"
"127","866","1.0","pathway_prior_projection"
"127","867","1.0","pathway_prior_projection"
"127","872","1.0","pathway_prior_projection"
"127","890","1.0","pathway_prior_projection"
"127","951","1.0","pathway_prior_projection"
"127","958","1.0","pathway_prior_projection"
"127","1096","1.0","pathway_prior_projection"
"130","44","1.0","pathway_prior_projection"
"130","50","1.0","pathway_prior_projection"
"130","57","1.0","pathway_prior_projection"
"130","75","1.0","pathway_prior_projection"
"130","76","1.0","pathway_prior_projection"
"130","91","1.0","pathway_prior_projection"
"130","92","1.0","pathway_prior_projection"
"130","111","1.0","pathway_prior_projection"
"130","116","1.0","pathway_prior_projection"
"130","118","1.0","pathway_prior_projection"
"130","119","1.0","pathway_prior_projection"
"130","120","1.0","pathway_prior_projection"
"130","121","1.0","pathway_prior_projection"
"130","137","1.0","pathway_prior_projection"
"130","138","1.0","pathway_prior_projection"
"130","144","1.0","pathway_prior_projection"
"130","145","1.0","pathway_prior_projection"
"130","146","1.0","pathway_prior_projection"
"130","147","1.0","pathway_prior_projection"
"130","159","1.0","pathway_prior_projection"
"130","162","1.0","pathway_prior_projection"
"130","163","1.0","pathway_prior_projection"
"130","193","1.0","pathway_prior_projection"
"130","194","1.0","pathway_prior_projection"
"130","195","1.0","pathway_prior_projection"
"130","197","1.0","pathway_prior_projection"
"130","201","1.0","pathway_prior_projection"
"130","212","1.0","pathway_prior_projection"
"130","222","1.0","pathway_prior_projection"
"130","231","1.0","pathway_prior_projection"
"130","232","1.0","pathway_prior_projection"
"130","234","1.0","pathway_prior_projection"
"130","235","1.0","pathway_prior_projection"
"130","236","1.0","pathway_prior_projection"
"130","237","1.0","pathway_prior_projection"
"130","265","1.0","pathway_prior_projection"
"130","268","1.0","pathway_prior_projection"
"130","276","1.0","pathway_prior_projection"
"130","288","1.0","pathway_prior_projection"
"130","298","1.0","pathway_prior_projection"
"130","310","1.0","pathway_prior_projection"
"130","313","1.0","pathway_prior_projection"
"130","322","1.0","pathway_prior_projection"
"130","323","1.0","pathway_prior_projection"
"130","338","1.0","pathway_prior_projection"
"130","343","1.0","pathway_prior_projection"
"130","347","1.0","pathway_prior_projection"
"130","354","1.0","pathway_prior_projection"
"130","360","1.0","pathway_prior_projection"
"130","361","1.0","pathway_prior_projection"
"130","364","1.0","pathway_prior_projection"
"130","381","1.0","pathway_prior_projection"
"130","382","1.0","pathway_prior_projection"
"130","403","1.0","pathway_prior_projection"
"130","408","1.0","pathway_prior_projection"
"130","409","1.0","pathway_prior_projection"
"130","412","1.0","pathway_prior_projection"
"130","416","1.0","pathway_prior_projection"
"130","417","1.0","pathway_prior_projection"
"130","420","1.0","pathway_prior_projection"
"130","424","1.0","pathway_prior_projection"
"130","433","1.0","pathway_prior_projection"
"130","435","1.0","pathway_prior_projection"
"130","445","1.0","pathway_prior_projection"
"130","452","1.0","pathway_prior_projection"
"130","453","1.0","pathway_prior_projection"
"130","454","1.0","pathway_prior_projection"
"130","456","1.0","pathway_prior_projection"
"130","459","1.0","pathway_prior_projection"
"130","494","1.0","pathway_prior_projection"
"130","497","1.0","pathway_prior_projection"
"130","501","1.0","pathway_prior_projection"
"130","509","1.0","pathway_prior_projection"
"130","510","1.0","pathway_prior_projection"
"130","518","1.0","pathway_prior_projection"
"130","524","1.0","pathway_prior_projection"
"130","584","1.0","pathway_prior_projection"
"130","586","1.0","pathway_prior_projection"
"130","631","1.0","pathway_prior_projection"
"130","632","1.0","pathway_prior_projection"
"130","633","1.0","pathway_prior_projection"
"130","634","1.0","pathway_prior_projection"
"130","635","1.0","pathway_prior_projection"
"130","636","1.0","pathway_prior_projection"
"130","637","1.0","pathway_prior_projection"
"130","638","1.0","pathway_prior_projection"
"130","639","1.0","pathway_prior_projection"
"130","640","1.0","pathway_prior_projection"
"130","641","1.0","pathway_prior_projection"
"130","642","1.0","pathway_prior_projection"
"130","650","1.0","pathway_prior_projection"
"130","668","1.0","pathway_prior_projection"
"130","672","1.0","pathway_prior_projection"
"130","703","1.0","pathway_prior_projection"
"130","704","1.0","pathway_prior_projection"
"130","705","1.0","pathway_prior_projection"
"130","708","1.0","pathway_prior_projection"
"130","710","1.0","pathway_prior_projection"
"130","712","1.0","pathway_prior_projection"
"130","720","1.0","pathway_prior_projection"
"130","721","1.0","pathway_prior_projection"
"130","724","1.0","pathway_prior_projection"
"130","725","1.0","pathway_prior_projection"
"130","726","1.0","pathway_prior_projection"
"130","727","1.0","pathway_prior_projection"
"130","729","1.0","pathway_prior_projection"
"130","731","1.0","pathway_prior_projection"
"130","732","1.0","pathway_prior_projection"
"130","740","1.0","pathway_prior_projection"
"130","742","1.0","pathway_prior_projection"
"130","743","1.0","pathway_prior_projection"
"130","744","1.0","pathway_prior_projection"
"130","786","1.0","pathway_prior_projection"
"130","792","1.0","pathway_prior_projection"
"130","793","1.0","pathway_prior_projection"
"130","796","1.0","pathway_prior_projection"
"130","797","1.0","pathway_prior_projection"
"130","811","1.0","pathway_prior_projection"
"130","831","1.0","pathway_prior_projection"
"130","838","1.0","pathway_prior_projection"
"130","839","1.0","pathway_prior_projection"
"130","890","1.0","pathway_prior_projection"
"130","894","1.0","pathway_prior_projection"
"130","895","1.0","pathway_prior_projection"
"130","896","1.0","pathway_prior_projection"
"130","899","1.0","pathway_prior_projection"
"130","900","1.0","pathway_prior_projection"
"130","901","1.0","pathway_prior_projection"
"130","902","1.0","pathway_prior_projection"
"130","903","1.0","pathway_prior_projection"
"130","904","1.0","pathway_prior_projection"
"130","906","1.0","pathway_prior_projection"
"130","907","1.0","pathway_prior_projection"
"130","908","1.0","pathway_prior_projection"
"130","909","1.0","pathway_prior_projection"
"130","910","1.0","pathway_prior_projection"
"130","911","1.0","pathway_prior_projection"
"130","913","1.0","pathway_prior_projection"
"130","914","1.0","pathway_prior_projection"
"130","918","1.0","pathway_prior_projection"
"130","919","1.0","pathway_prior_projection"
"130","921","1.0","pathway_prior_projection"
"130","922","1.0","pathway_prior_projection"
"130","923","1.0","pathway_prior_projection"
"130","924","1.0","pathway_prior_projection"
"130","925","1.0","pathway_prior_projection"
"130","926","1.0","pathway_prior_projection"
"130","929","1.0","pathway_prior_projection"
"130","930","1.0","pathway_prior_projection"
"130","931","1.0","pathway_prior_projection"
"130","932","1.0","pathway_prior_projection"
"130","933","1.0","pathway_prior_projection"
"130","934","1.0","pathway_prior_projection"
"130","936","1.0","pathway_prior_projection"
"130","947","1.0","pathway_prior_projection"
"130","950","1.0","pathway_prior_projection"
"130","952","1.0","pathway_prior_projection"
"130","954","1.0","pathway_prior_projection"
"130","955","1.0","pathway_prior_projection"
"130","956","1.0","pathway_prior_projection"
"130","957","1.0","pathway_prior_projection"
"130","962","1.0","pathway_prior_projection"
"130","964","1.0","pathway_prior_projection"
"130","965","1.0","pathway_prior_projection"
"130","966","1.0","pathway_prior_projection"
"130","971","1.0","pathway_prior_projection"
"130","972","1.0","pathway_prior_projection"
"130","976","1.0","pathway_prior_projection"
"130","983","1.0","pathway_prior_projection"
"130","985","1.0","pathway_prior_projection"
"130","1005","1.0","pathway_prior_projection"
"130","1008","1.0","pathway_prior_projection"
"130","1018","1.0","pathway_prior_projection"
"130","1040","1.0","pathway_prior_projection"
"130","1060","1.0","pathway_prior_projection"
"130","1090","1.0","pathway_prior_projection"
"130","1092","1.0","pathway_prior_projection"
"130","1096","1.0","pathway_prior_projection"
"130","1108","1.0","pathway_prior_projection"
"131","76","1.0","pathway_prior_projection"
"131","79","1.0","pathway_prior_projection"
"131","201","1.0","pathway_prior_projection"
"131","212","1.0","pathway_prior_projection"
"131","222","1.0","pathway_prior_projection"
"131","335","1.0","pathway_prior_projection"
"131","424","1.0","pathway_prior_projection"
"131","474","1.0","pathway_prior_projection"
"131","492","1.0","pathway_prior_projection"
"131","494","1.0","pathway_prior_projection"
"131","496","1.0","pathway_prior_projection"
"131","497","1.0","pathway_prior_projection"
"131","498","1.0","pathway_prior_projection"
"131","574","1.0","pathway_prior_projection"
"131","580","1.0","pathway_prior_projection"
"131","586","1.0","pathway_prior_projection"
"131","619","1.0","pathway_prior_projection"
"131","655","1.0","pathway_prior_projection"
"131","694","1.0","pathway_prior_projection"
"131","706","1.0","pathway_prior_projection"
"131","707","1.0","pathway_prior_projection"
"131","708","1.0","pathway_prior_projection"
"131","890","1.0","pathway_prior_projection"
"131","893","1.0","pathway_prior_projection"
"131","897","1.0","pathway_prior_projection"
"131","935","1.0","pathway_prior_projection"
"131","947","1.0","pathway_prior_projection"
"131","950","1.0","pathway_prior_projection"
"131","959","1.0","pathway_prior_projection"
"131","960","1.0","pathway_prior_projection"
"131","962","1.0","pathway_prior_projection"
"131","978","1.0","pathway_prior_projection"
"131","982","1.0","pathway_prior_projection"
"131","986","1.0","pathway_prior_projection"
"131","987","1.0","pathway_prior_projection"
"131","1085","1.0","pathway_prior_projection"
"131","1086","1.0","pathway_prior_projection"
"132","120","1.0","pathway_prior_projection"
"132","121","1.0","pathway_prior_projection"
"132","212","1.0","pathway_prior_projection"
"132","381","1.0","pathway_prior_projection"
"132","382","1.0","pathway_prior_projection"
"132","404","1.0","pathway_prior_projection"
"132","424","1.0","pathway_prior_projection"
"132","528","1.0","pathway_prior_projection"
"132","607","1.0","pathway_prior_projection"
"132","651","1.0","pathway_prior_projection"
"132","682","1.0","pathway_prior_projection"
"132","685","1.0","pathway_prior_projection"
"132","740","1.0","pathway_prior_projection"
"132","841","1.0","pathway_prior_projection"
"132","866","1.0","pathway_prior_projection"
"132","867","1.0","pathway_prior_projection"
"132","872","1.0","pathway_prior_projection"
"132","890","1.0","pathway_prior_projection"
"132","951","1.0","pathway_prior_projection"
"132","958","1.0","pathway_prior_projection"
"132","1096","1.0","pathway_prior_projection"
"133","12","1.0","pathway_prior_projection"
"133","13","1.0","pathway_prior_projection"
"133","16","1.0","pathway_prior_projection"
"133","29","1.0","pathway_prior_projection"
"133","35","1.0","pathway_prior_projection"
"133","51","1.0","pathway_prior_projection"
"133","52","1.0","pathway_prior_projection"
"133","55","1.0","pathway_prior_projection"
"133","106","1.0","pathway_prior_projection"
"133","107","1.0","pathway_prior_projection"
"133","108","1.0","pathway_prior_projection"
"133","122","1.0","pathway_prior_projection"
"133","129","1.0","pathway_prior_projection"
"133","143","1.0","pathway_prior_projection"
"133","154","1.0","pathway_prior_projection"
"133","201","1.0","pathway_prior_projection"
"133","254","1.0","pathway_prior_projection"
"133","353","1.0","pathway_prior_projection"
"133","391","1.0","pathway_prior_projection"
"133","486","1.0","pathway_prior_projection"
"133","488","1.0","pathway_prior_projection"
"133","490","1.0","pathway_prior_projection"
"133","506","1.0","pathway_prior_projection"
"133","507","1.0","pathway_prior_projection"
"133","541","1.0","pathway_prior_projection"
"133","543","1.0","pathway_prior_projection"
"133","544","1.0","pathway_prior_projection"
"133","545","1.0","pathway_prior_projection"
"133","546","1.0","pathway_prior_projection"
"133","547","1.0","pathway_prior_projection"
"133","548","1.0","pathway_prior_projection"
"133","549","1.0","pathway_prior_projection"
"133","605","1.0","pathway_prior_projection"
"133","622","1.0","pathway_prior_projection"
"133","669","1.0","pathway_prior_projection"
"133","670","1.0","pathway_prior_projection"
"133","675","1.0","pathway_prior_projection"
"133","711","1.0","pathway_prior_projection"
"133","713","1.0","pathway_prior_projection"
"133","761","1.0","pathway_prior_projection"
"133","762","1.0","pathway_prior_projection"
"133","767","1.0","pathway_prior_projection"
"133","779","1.0","pathway_prior_projection"
"133","785","1.0","pathway_prior_projection"
"133","809","1.0","pathway_prior_projection"
"133","826","1.0","pathway_prior_projection"
"133","888","1.0","pathway_prior_projection"
"133","890","1.0","pathway_prior_projection"
"133","964","1.0","pathway_prior_projection"
"133","965","1.0","pathway_prior_projection"
"133","1037","1.0","pathway_prior_projection"
"138","6","1.0","pathway_prior_projection"
"138","16","1.0","pathway_prior_projection"
"138","44","1.0","pathway_prior_projection"
"138","48","1.0","pathway_prior_projection"
"138","55","1.0","pathway_prior_projection"
"138","60","1.0","pathway_prior_projection"
"138","66","1.0","pathway_prior_projection"
"138","75","1.0","pathway_prior_projection"
"138","76","1.0","pathway_prior_projection"
"138","94","1.0","pathway_prior_projection"
"138","95","1.0","pathway_prior_projection"
"138","96","1.0","pathway_prior_projection"
"138","101","1.0","pathway_prior_projection"
"138","105","1.0","pathway_prior_projection"
"138","106","1.0","pathway_prior_projection"
"138","108","1.0","pathway_prior_projection"
"138","120","1.0","pathway_prior_projection"
"138","121","1.0","pathway_prior_projection"
"138","122","1.0","pathway_prior_projection"
"138","129","1.0","pathway_prior_projection"
"138","159","1.0","pathway_prior_projection"
"138","201","1.0","pathway_prior_projection"
"138","212","1.0","pathway_prior_projection"
"138","254","1.0","pathway_prior_projection"
"138","259","1.0","pathway_prior_projection"
"138","320","1.0","pathway_prior_projection"
"138","353","1.0","pathway_prior_projection"
"138","372","1.0","pathway_prior_projection"
"138","373","1.0","pathway_prior_projection"
"138","374","1.0","pathway_prior_projection"
"138","392","1.0","pathway_prior_projection"
"138","393","1.0","pathway_prior_projection"
"138","394","1.0","pathway_prior_projection"
"138","404","1.0","pathway_prior_projection"
"138","405","1.0","pathway_prior_projection"
"138","408","1.0","pathway_prior_projection"
"138","420","1.0","pathway_prior_projection"
"138","424","1.0","pathway_prior_projection"
"138","433","1.0","pathway_prior_projection"
"138","442","1.0","pathway_prior_projection"
"138","457","1.0","pathway_prior_projection"
"138","460","1.0","pathway_prior_projection"
"138","473","1.0","pathway_prior_projection"
"138","474","1.0","pathway_prior_projection"
"138","486","1.0","pathway_prior_projection"
"138","488","1.0","pathway_prior_projection"
"138","490","1.0","pathway_prior_projection"
"138","505","1.0","pathway_prior_projection"
"138","510","1.0","pathway_prior_projection"
"138","516","1.0","pathway_prior_projection"
"138","528","1.0","pathway_prior_projection"
"138","534","1.0","pathway_prior_projection"
"138","541","1.0","pathway_prior_projection"
"138","543","1.0","pathway_prior_projection"
"138","544","1.0","pathway_prior_projection"
"138","546","1.0","pathway_prior_projection"
"138","586","1.0","pathway_prior_projection"
"138","596","1.0","pathway_prior_projection"
"138","604","1.0","pathway_prior_projection"
"138","622","1.0","pathway_prior_projection"
"138","644","1.0","pathway_prior_projection"
"138","672","1.0","pathway_prior_projection"
"138","673","1.0","pathway_prior_projection"
"138","682","1.0","pathway_prior_projection"
"138","685","1.0","pathway_prior_projection"
"138","711","1.0","pathway_prior_projection"
"138","712","1.0","pathway_prior_projection"
"138","713","1.0","pathway_prior_projection"
"138","718","1.0","pathway_prior_projection"
"138","728","1.0","pathway_prior_projection"
"138","761","1.0","pathway_prior_projection"
"138","762","1.0","pathway_prior_projection"
"138","763","1.0","pathway_prior_projection"
"138","785","1.0","pathway_prior_projection"
"138","826","1.0","pathway_prior_projection"
"138","832","1.0","pathway_prior_projection"
"138","841","1.0","pathway_prior_projection"
"138","876","1.0","pathway_prior_projection"
"138","877","1.0","pathway_prior_projection"
"138","888","1.0","pathway_prior_projection"
"138","890","1.0","pathway_prior_projection"
"138","927","1.0","pathway_prior_projection"
"138","964","1.0","pathway_prior_projection"
"138","965","1.0","pathway_prior_projection"
"138","1037","1.0","pathway_prior_projection"
"138","1077","1.0","pathway_prior_projection"
"138","1079","1.0","pathway_prior_projection"
"138","1094","1.0","pathway_prior_projection"
"138","1096","1.0","pathway_prior_projection"
"140","381","1.0","pathway_prior_projection"
"140","382","1.0","pathway_prior_projection"
"140","528","1.0","pathway_prior_projection"
"140","607","1.0","pathway_prior_projection"
"140","682","1.0","pathway_prior_projection"
"140","740","1.0","pathway_prior_projection"
"140","866","1.0","pathway_prior_projection"
"140","867","1.0","pathway_prior_projection"
"140","872","1.0","pathway_prior_projection"
"142","106","1.0","pathway_prior_projection"
"142","108","1.0","pathway_prior_projection"
"142","145","1.0","pathway_prior_projection"
"142","154","1.0","pathway_prior_projection"
"142","155","1.0","pathway_prior_projection"
"142","156","1.0","pathway_prior_projection"
"142","157","1.0","pathway_prior_projection"
"142","159","1.0","pathway_prior_projection"
"142","171","1.0","pathway_prior_projection"
"142","177","1.0","pathway_prior_projection"
"142","201","1.0","pathway_prior_projection"
"142","202","1.0","pathway_prior_projection"
"142","204","1.0","pathway_prior_projection"
"142","205","1.0","pathway_prior_projection"
"142","206","1.0","pathway_prior_projection"
"142","210","1.0","pathway_prior_projection"
"142","212","1.0","pathway_prior_projection"
"142","222","1.0","pathway_prior_projection"
"142","232","1.0","pathway_prior_projection"
"142","236","1.0","pathway_prior_projection"
"142","241","1.0","pathway_prior_projection"
"142","242","1.0","pathway_prior_projection"
"142","243","1.0","pathway_prior_projection"
"142","247","1.0","pathway_prior_projection"
"142","289","1.0","pathway_prior_projection"
"142","306","1.0","pathway_prior_projection"
"142","307","1.0","pathway_prior_projection"
"142","308","1.0","pathway_prior_projection"
"142","309","1.0","pathway_prior_projection"
"142","310","1.0","pathway_prior_projection"
"142","311","1.0","pathway_prior_projection"
"142","312","1.0","pathway_prior_projection"
"142","313","1.0","pathway_prior_projection"
"142","314","1.0","pathway_prior_projection"
"142","319","1.0","pathway_prior_projection"
"142","325","1.0","pathway_prior_projection"
"142","326","1.0","pathway_prior_projection"
"142","349","1.0","pathway_prior_projection"
"142","351","1.0","pathway_prior_projection"
"142","353","1.0","pathway_prior_projection"
"142","376","1.0","pathway_prior_projection"
"142","381","1.0","pathway_prior_projection"
"142","382","1.0","pathway_prior_projection"
"142","383","1.0","pathway_prior_projection"
"142","412","1.0","pathway_prior_projection"
"142","416","1.0","pathway_prior_projection"
"142","417","1.0","pathway_prior_projection"
"142","418","1.0","pathway_prior_projection"
"142","419","1.0","pathway_prior_projection"
"142","420","1.0","pathway_prior_projection"
"142","435","1.0","pathway_prior_projection"
"142","437","1.0","pathway_prior_projection"
"142","459","1.0","pathway_prior_projection"
"142","468","1.0","pathway_prior_projection"
"142","470","1.0","pathway_prior_projection"
"142","494","1.0","pathway_prior_projection"
"142","497","1.0","pathway_prior_projection"
"142","507","1.0","pathway_prior_projection"
"142","511","1.0","pathway_prior_projection"
"142","519","1.0","pathway_prior_projection"
"142","542","1.0","pathway_prior_projection"
"142","543","1.0","pathway_prior_projection"
"142","577","1.0","pathway_prior_projection"
"142","579","1.0","pathway_prior_projection"
"142","584","1.0","pathway_prior_projection"
"142","592","1.0","pathway_prior_projection"
"142","598","1.0","pathway_prior_projection"
"142","613","1.0","pathway_prior_projection"
"142","629","1.0","pathway_prior_projection"
"142","634","1.0","pathway_prior_projection"
"142","636","1.0","pathway_prior_projection"
"142","639","1.0","pathway_prior_projection"
"142","641","1.0","pathway_prior_projection"
"142","642","1.0","pathway_prior_projection"
"142","667","1.0","pathway_prior_projection"
"142","708","1.0","pathway_prior_projection"
"142","735","1.0","pathway_prior_projection"
"142","736","1.0","pathway_prior_projection"
"142","737","1.0","pathway_prior_projection"
"142","738","1.0","pathway_prior_projection"
"142","739","1.0","pathway_prior_projection"
"142","740","1.0","pathway_prior_projection"
"142","741","1.0","pathway_prior_projection"
"142","750","1.0","pathway_prior_projection"
"142","764","1.0","pathway_prior_projection"
"142","765","1.0","pathway_prior_projection"
"142","776","1.0","pathway_prior_projection"
"142","840","1.0","pathway_prior_projection"
"142","853","1.0","pathway_prior_projection"
"142","865","1.0","pathway_prior_projection"
"142","890","1.0","pathway_prior_projection"
"142","909","1.0","pathway_prior_projection"
"142","910","1.0","pathway_prior_projection"
"142","919","1.0","pathway_prior_projection"
"142","920","1.0","pathway_prior_projection"
"142","921","1.0","pathway_prior_projection"
"142","924","1.0","pathway_prior_projection"
"142","929","1.0","pathway_prior_projection"
"142","931","1.0","pathway_prior_projection"
"142","954","1.0","pathway_prior_projection"
"142","955","1.0","pathway_prior_projection"
"142","956","1.0","pathway_prior_projection"
"142","957","1.0","pathway_prior_projection"
"142","962","1.0","pathway_prior_projection"
"142","966","1.0","pathway_prior_projection"
"142","971","1.0","pathway_prior_projection"
"142","972","1.0","pathway_prior_projection"
"142","975","1.0","pathway_prior_projection"
"142","977","1.0","pathway_prior_projection"
"142","979","1.0","pathway_prior_projection"
"142","980","1.0","pathway_prior_projection"
"142","981","1.0","pathway_prior_projection"
"142","983","1.0","pathway_prior_projection"
"142","993","1.0","pathway_prior_projection"
"142","994","1.0","pathway_prior_projection"
"142","1000","1.0","pathway_prior_projection"
"142","1001","1.0","pathway_prior_projection"
"142","1009","1.0","pathway_prior_projection"
"142","1057","1.0","pathway_prior_projection"
"142","1060","1.0","pathway_prior_projection"
"142","1063","1.0","pathway_prior_projection"
"142","1064","1.0","pathway_prior_projection"
"142","1067","1.0","pathway_prior_projection"
"142","1088","1.0","pathway_prior_projection"
"142","1089","1.0","pathway_prior_projection"
"142","1090","1.0","pathway_prior_projection"
"142","1091","1.0","pathway_prior_projection"
"142","1103","1.0","pathway_prior_projection"
"142","1105","1.0","pathway_prior_projection"
"142","1106","1.0","pathway_prior_projection"
"142","1107","1.0","pathway_prior_projection"
"142","1109","1.0","pathway_prior_projection"
"142","1117","1.0","pathway_prior_projection"
"142","1118","1.0","pathway_prior_projection"
"142","1119","1.0","pathway_prior_projection"
"142","1120","1.0","pathway_prior_projection"
"142","1121","1.0","pathway_prior_projection"
"142","1122","1.0","pathway_prior_projection"
"142","1123","1.0","pathway_prior_projection"
"142","1124","1.0","pathway_prior_projection"
"142","1125","1.0","pathway_prior_projection"
"143","102","1.0","pathway_prior_projection"
"143","106","1.0","pathway_prior_projection"
"143","108","1.0","pathway_prior_projection"
"143","351","1.0","pathway_prior_projection"
"143","352","1.0","pathway_prior_projection"
"143","436","1.0","pathway_prior_projection"
"143","441","1.0","pathway_prior_projection"
"143","518","1.0","pathway_prior_projection"
"143","526","1.0","pathway_prior_projection"
"143","542","1.0","pathway_prior_projection"
"143","551","1.0","pathway_prior_projection"
"143","661","1.0","pathway_prior_projection"
"143","806","1.0","pathway_prior_projection"
"147","188","1.0","pathway_prior_projection"
"147","357","1.0","pathway_prior_projection"
"147","591","1.0","pathway_prior_projection"
"147","595","1.0","pathway_prior_projection"
"147","1076","1.0","pathway_prior_projection"
"148","145","1.0","pathway_prior_projection"
"148","177","1.0","pathway_prior_projection"
"148","201","1.0","pathway_prior_projection"
"148","202","1.0","pathway_prior_projection"
"148","204","1.0","pathway_prior_projection"
"148","205","1.0","pathway_prior_projection"
"148","206","1.0","pathway_prior_projection"
"148","210","1.0","pathway_prior_projection"
"148","212","1.0","pathway_prior_projection"
"148","222","1.0","pathway_prior_projection"
"148","232","1.0","pathway_prior_projection"
"148","242","1.0","pathway_prior_projection"
"148","289","1.0","pathway_prior_projection"
"148","381","1.0","pathway_prior_projection"
"148","382","1.0","pathway_prior_projection"
"148","418","1.0","pathway_prior_projection"
"148","437","1.0","pathway_prior_projection"
"148","459","1.0","pathway_prior_projection"
"148","468","1.0","pathway_prior_projection"
"148","494","1.0","pathway_prior_projection"
"148","497","1.0","pathway_prior_projection"
"148","507","1.0","pathway_prior_projection"
"148","511","1.0","pathway_prior_projection"
"148","584","1.0","pathway_prior_projection"
"148","592","1.0","pathway_prior_projection"
"148","598","1.0","pathway_prior_projection"
"148","639","1.0","pathway_prior_projection"
"148","641","1.0","pathway_prior_projection"
"148","642","1.0","pathway_prior_projection"
"148","708","1.0","pathway_prior_projection"
"148","740","1.0","pathway_prior_projection"
"148","764","1.0","pathway_prior_projection"
"148","776","1.0","pathway_prior_projection"
"148","890","1.0","pathway_prior_projection"
"148","931","1.0","pathway_prior_projection"
"148","954","1.0","pathway_prior_projection"
"148","955","1.0","pathway_prior_projection"
"148","962","1.0","pathway_prior_projection"
"148","966","1.0","pathway_prior_projection"
"148","972","1.0","pathway_prior_projection"
"148","977","1.0","pathway_prior_projection"
"148","979","1.0","pathway_prior_projection"
"148","980","1.0","pathway_prior_projection"
"148","981","1.0","pathway_prior_projection"
"148","983","1.0","pathway_prior_projection"
"148","993","1.0","pathway_prior_projection"
"148","1000","1.0","pathway_prior_projection"
"148","1009","1.0","pathway_prior_projection"
"148","1063","1.0","pathway_prior_projection"
"148","1067","1.0","pathway_prior_projection"
"148","1088","1.0","pathway_prior_projection"
"148","1089","1.0","pathway_prior_projection"
"148","1090","1.0","pathway_prior_projection"
"148","1091","1.0","pathway_prior_projection"
